date,stock,symbol,sentence,traded,reason
2026-03-13,794369,SHREECEM,"SHREECEM, daily: when VWAP is in its lowest 20% → it tends to go UP over the next 20 days.",True,three lights green -> paper order
2026-03-23,794369,SHREECEM,"SHREECEM, daily: when VWAP is in its lowest 20% → it tends to go UP over the next 20 days.",True,three lights green -> paper order
2026-03-24,794369,SHREECEM,"SHREECEM, daily: when VWAP is in its lowest 20% → it tends to go UP over the next 20 days.",False,stock already has a position
2026-04-02,794369,SHREECEM,"SHREECEM, daily: when VWAP is in its lowest 20% → it tends to go UP over the next 20 days.",True,three lights green -> paper order
2026-09-09,794369,SHREECEM,"SHREECEM, daily: when VWAP is in its lowest 20% → it tends to go UP over the next 20 days.",True,three lights green -> paper order
2026-09-10,794369,SHREECEM,"SHREECEM, daily: when VWAP is in its lowest 20% → it tends to go UP over the next 20 days.",False,stock already has a position
2026-01-09,4879617,MANAPPURAM,"MANAPPURAM, daily: when VWAP is in its highest 20% → it tends to go DOWN over the next 20 days.",True,three lights green -> paper order
2026-01-12,4879617,MANAPPURAM,"MANAPPURAM, daily: when VWAP is in its highest 20% → it tends to go DOWN over the next 20 days.",False,stock already has a position
2026-01-13,4879617,MANAPPURAM,"MANAPPURAM, daily: when VWAP is in its highest 20% → it tends to go DOWN over the next 20 days.",False,stock already has a position
2026-01-14,4879617,MANAPPURAM,"MANAPPURAM, daily: when VWAP is in its highest 20% → it tends to go DOWN over the next 20 days.",True,three lights green -> paper order
2026-01-16,4879617,MANAPPURAM,"MANAPPURAM, daily: when VWAP is in its highest 20% → it tends to go DOWN over the next 20 days.",False,stock already has a position
2026-01-19,4879617,MANAPPURAM,"MANAPPURAM, daily: when VWAP is in its highest 20% → it tends to go DOWN over the next 20 days.",False,stock already has a position
2026-01-20,4879617,MANAPPURAM,"MANAPPURAM, daily: when VWAP is in its highest 20% → it tends to go DOWN over the next 20 days.",True,three lights green -> paper order
2026-01-21,4879617,MANAPPURAM,"MANAPPURAM, daily: when VWAP is in its highest 20% → it tends to go DOWN over the next 20 days.",False,stock already has a position
2026-01-22,4879617,MANAPPURAM,"MANAPPURAM, daily: when VWAP is in its highest 20% → it tends to go DOWN over the next 20 days.",False,stock already has a position
2026-01-23,4879617,MANAPPURAM,"MANAPPURAM, daily: when VWAP is in its highest 20% → it tends to go DOWN over the next 20 days.",False,stock already has a position
2026-01-27,4879617,MANAPPURAM,"MANAPPURAM, daily: when VWAP is in its highest 20% → it tends to go DOWN over the next 20 days.",False,stock already has a position
2026-01-28,4879617,MANAPPURAM,"MANAPPURAM, daily: when VWAP is in its highest 20% → it tends to go DOWN over the next 20 days.",False,stock already has a position
2026-01-29,4879617,MANAPPURAM,"MANAPPURAM, daily: when VWAP is in its highest 20% → it tends to go DOWN over the next 20 days.",False,stock already has a position
2026-01-30,4879617,MANAPPURAM,"MANAPPURAM, daily: when VWAP is in its highest 20% → it tends to go DOWN over the next 20 days.",False,stock already has a position
2026-02-01,4879617,MANAPPURAM,"MANAPPURAM, daily: when VWAP is in its highest 20% → it tends to go DOWN over the next 20 days.",True,three lights green -> paper order
2026-02-02,4879617,MANAPPURAM,"MANAPPURAM, daily: when VWAP is in its highest 20% → it tends to go DOWN over the next 20 days.",False,stock already has a position
2026-02-03,4879617,MANAPPURAM,"MANAPPURAM, daily: when VWAP is in its highest 20% → it tends to go DOWN over the next 20 days.",False,stock already has a position
2026-02-04,4879617,MANAPPURAM,"MANAPPURAM, daily: when VWAP is in its highest 20% → it tends to go DOWN over the next 20 days.",True,three lights green -> paper order
2026-02-05,4879617,MANAPPURAM,"MANAPPURAM, daily: when VWAP is in its highest 20% → it tends to go DOWN over the next 20 days.",False,stock already has a position
2026-02-06,4879617,MANAPPURAM,"MANAPPURAM, daily: when VWAP is in its highest 20% → it tends to go DOWN over the next 20 days.",False,stock already has a position
2026-02-09,4879617,MANAPPURAM,"MANAPPURAM, daily: when VWAP is in its highest 20% → it tends to go DOWN over the next 20 days.",False,stock already has a position
2026-02-10,4879617,MANAPPURAM,"MANAPPURAM, daily: when VWAP is in its highest 20% → it tends to go DOWN over the next 20 days.",True,three lights green -> paper order
2026-02-11,4879617,MANAPPURAM,"MANAPPURAM, daily: when VWAP is in its highest 20% → it tends to go DOWN over the next 20 days.",False,stock already has a position
2026-02-12,4879617,MANAPPURAM,"MANAPPURAM, daily: when VWAP is in its highest 20% → it tends to go DOWN over the next 20 days.",False,stock already has a position
2026-02-13,4879617,MANAPPURAM,"MANAPPURAM, daily: when VWAP is in its highest 20% → it tends to go DOWN over the next 20 days.",False,stock already has a position
2026-02-16,4879617,MANAPPURAM,"MANAPPURAM, daily: when VWAP is in its highest 20% → it tends to go DOWN over the next 20 days.",False,stock already has a position
2026-02-17,4879617,MANAPPURAM,"MANAPPURAM, daily: when VWAP is in its highest 20% → it tends to go DOWN over the next 20 days.",False,stock already has a position
2026-02-18,4879617,MANAPPURAM,"MANAPPURAM, daily: when VWAP is in its highest 20% → it tends to go DOWN over the next 20 days.",False,stock already has a position
2026-02-19,4879617,MANAPPURAM,"MANAPPURAM, daily: when VWAP is in its highest 20% → it tends to go DOWN over the next 20 days.",False,stock already has a position
2026-02-20,4879617,MANAPPURAM,"MANAPPURAM, daily: when VWAP is in its highest 20% → it tends to go DOWN over the next 20 days.",False,stock already has a position
2026-02-23,4879617,MANAPPURAM,"MANAPPURAM, daily: when VWAP is in its highest 20% → it tends to go DOWN over the next 20 days.",False,stock already has a position
2026-02-24,4879617,MANAPPURAM,"MANAPPURAM, daily: when VWAP is in its highest 20% → it tends to go DOWN over the next 20 days.",False,stock already has a position
2026-02-25,4879617,MANAPPURAM,"MANAPPURAM, daily: when VWAP is in its highest 20% → it tends to go DOWN over the next 20 days.",False,stock already has a position
2026-02-26,4879617,MANAPPURAM,"MANAPPURAM, daily: when VWAP is in its highest 20% → it tends to go DOWN over the next 20 days.",False,stock already has a position
2026-02-27,4879617,MANAPPURAM,"MANAPPURAM, daily: when VWAP is in its highest 20% → it tends to go DOWN over the next 20 days.",True,three lights green -> paper order
2026-03-02,4879617,MANAPPURAM,"MANAPPURAM, daily: when VWAP is in its highest 20% → it tends to go DOWN over the next 20 days.",False,stock already has a position
2026-03-04,4879617,MANAPPURAM,"MANAPPURAM, daily: when VWAP is in its highest 20% → it tends to go DOWN over the next 20 days.",False,stock already has a position
2026-03-05,4879617,MANAPPURAM,"MANAPPURAM, daily: when VWAP is in its highest 20% → it tends to go DOWN over the next 20 days.",False,stock already has a position
2026-03-06,4879617,MANAPPURAM,"MANAPPURAM, daily: when VWAP is in its highest 20% → it tends to go DOWN over the next 20 days.",True,three lights green -> paper order
2026-03-09,4879617,MANAPPURAM,"MANAPPURAM, daily: when VWAP is in its highest 20% → it tends to go DOWN over the next 20 days.",False,stock already has a position
2026-03-10,4879617,MANAPPURAM,"MANAPPURAM, daily: when VWAP is in its highest 20% → it tends to go DOWN over the next 20 days.",False,stock already has a position
2026-03-11,4879617,MANAPPURAM,"MANAPPURAM, daily: when VWAP is in its highest 20% → it tends to go DOWN over the next 20 days.",False,stock already has a position
2026-03-12,4879617,MANAPPURAM,"MANAPPURAM, daily: when VWAP is in its highest 20% → it tends to go DOWN over the next 20 days.",True,three lights green -> paper order
2026-03-13,4879617,MANAPPURAM,"MANAPPURAM, daily: when VWAP is in its highest 20% → it tends to go DOWN over the next 20 days.",False,stock already has a position
2026-03-16,4879617,MANAPPURAM,"MANAPPURAM, daily: when VWAP is in its highest 20% → it tends to go DOWN over the next 20 days.",False,stock already has a position
2026-03-17,4879617,MANAPPURAM,"MANAPPURAM, daily: when VWAP is in its highest 20% → it tends to go DOWN over the next 20 days.",False,stock already has a position
2026-03-18,4879617,MANAPPURAM,"MANAPPURAM, daily: when VWAP is in its highest 20% → it tends to go DOWN over the next 20 days.",False,stock already has a position
2026-03-19,4879617,MANAPPURAM,"MANAPPURAM, daily: when VWAP is in its highest 20% → it tends to go DOWN over the next 20 days.",True,three lights green -> paper order
2026-03-20,4879617,MANAPPURAM,"MANAPPURAM, daily: when VWAP is in its highest 20% → it tends to go DOWN over the next 20 days.",False,stock already has a position
2026-03-23,4879617,MANAPPURAM,"MANAPPURAM, daily: when VWAP is in its highest 20% → it tends to go DOWN over the next 20 days.",False,stock already has a position
2026-03-24,4879617,MANAPPURAM,"MANAPPURAM, daily: when VWAP is in its highest 20% → it tends to go DOWN over the next 20 days.",True,three lights green -> paper order
2026-03-25,4879617,MANAPPURAM,"MANAPPURAM, daily: when VWAP is in its highest 20% → it tends to go DOWN over the next 20 days.",False,stock already has a position
2026-03-27,4879617,MANAPPURAM,"MANAPPURAM, daily: when VWAP is in its highest 20% → it tends to go DOWN over the next 20 days.",False,stock already has a position
2026-03-30,4879617,MANAPPURAM,"MANAPPURAM, daily: when VWAP is in its highest 20% → it tends to go DOWN over the next 20 days.",False,stock already has a position
2026-04-01,4879617,MANAPPURAM,"MANAPPURAM, daily: when VWAP is in its highest 20% → it tends to go DOWN over the next 20 days.",False,stock already has a position
2026-04-02,4879617,MANAPPURAM,"MANAPPURAM, daily: when VWAP is in its highest 20% → it tends to go DOWN over the next 20 days.",False,stock already has a position
2026-04-06,4879617,MANAPPURAM,"MANAPPURAM, daily: when VWAP is in its highest 20% → it tends to go DOWN over the next 20 days.",False,stock already has a position
2026-04-07,4879617,MANAPPURAM,"MANAPPURAM, daily: when VWAP is in its highest 20% → it tends to go DOWN over the next 20 days.",False,stock already has a position
2026-04-08,4879617,MANAPPURAM,"MANAPPURAM, daily: when VWAP is in its highest 20% → it tends to go DOWN over the next 20 days.",False,stock already has a position
2026-04-09,4879617,MANAPPURAM,"MANAPPURAM, daily: when VWAP is in its highest 20% → it tends to go DOWN over the next 20 days.",True,three lights green -> paper order
2026-04-10,4879617,MANAPPURAM,"MANAPPURAM, daily: when VWAP is in its highest 20% → it tends to go DOWN over the next 20 days.",False,stock already has a position
2026-04-13,4879617,MANAPPURAM,"MANAPPURAM, daily: when VWAP is in its highest 20% → it tends to go DOWN over the next 20 days.",False,stock already has a position
2026-04-15,4879617,MANAPPURAM,"MANAPPURAM, daily: when VWAP is in its highest 20% → it tends to go DOWN over the next 20 days.",False,stock already has a position
2026-04-16,4879617,MANAPPURAM,"MANAPPURAM, daily: when VWAP is in its highest 20% → it tends to go DOWN over the next 20 days.",False,stock already has a position
2026-04-17,4879617,MANAPPURAM,"MANAPPURAM, daily: when VWAP is in its highest 20% → it tends to go DOWN over the next 20 days.",False,stock already has a position
2026-04-20,4879617,MANAPPURAM,"MANAPPURAM, daily: when VWAP is in its highest 20% → it tends to go DOWN over the next 20 days.",False,stock already has a position
2026-04-21,4879617,MANAPPURAM,"MANAPPURAM, daily: when VWAP is in its highest 20% → it tends to go DOWN over the next 20 days.",False,stock already has a position
2026-04-22,4879617,MANAPPURAM,"MANAPPURAM, daily: when VWAP is in its highest 20% → it tends to go DOWN over the next 20 days.",True,three lights green -> paper order
2026-04-23,4879617,MANAPPURAM,"MANAPPURAM, daily: when VWAP is in its highest 20% → it tends to go DOWN over the next 20 days.",False,stock already has a position
2026-04-24,4879617,MANAPPURAM,"MANAPPURAM, daily: when VWAP is in its highest 20% → it tends to go DOWN over the next 20 days.",False,stock already has a position
2026-04-27,4879617,MANAPPURAM,"MANAPPURAM, daily: when VWAP is in its highest 20% → it tends to go DOWN over the next 20 days.",False,stock already has a position
2026-04-28,4879617,MANAPPURAM,"MANAPPURAM, daily: when VWAP is in its highest 20% → it tends to go DOWN over the next 20 days.",False,stock already has a position
2026-04-29,4879617,MANAPPURAM,"MANAPPURAM, daily: when VWAP is in its highest 20% → it tends to go DOWN over the next 20 days.",False,stock already has a position
2026-04-30,4879617,MANAPPURAM,"MANAPPURAM, daily: when VWAP is in its highest 20% → it tends to go DOWN over the next 20 days.",False,stock already has a position
2026-05-04,4879617,MANAPPURAM,"MANAPPURAM, daily: when VWAP is in its highest 20% → it tends to go DOWN over the next 20 days.",False,stock already has a position
2026-05-05,4879617,MANAPPURAM,"MANAPPURAM, daily: when VWAP is in its highest 20% → it tends to go DOWN over the next 20 days.",True,three lights green -> paper order
2026-05-06,4879617,MANAPPURAM,"MANAPPURAM, daily: when VWAP is in its highest 20% → it tends to go DOWN over the next 20 days.",False,stock already has a position
2026-05-07,4879617,MANAPPURAM,"MANAPPURAM, daily: when VWAP is in its highest 20% → it tends to go DOWN over the next 20 days.",False,stock already has a position
2026-05-08,4879617,MANAPPURAM,"MANAPPURAM, daily: when VWAP is in its highest 20% → it tends to go DOWN over the next 20 days.",False,stock already has a position
2026-05-11,4879617,MANAPPURAM,"MANAPPURAM, daily: when VWAP is in its highest 20% → it tends to go DOWN over the next 20 days.",False,stock already has a position
2026-05-12,4879617,MANAPPURAM,"MANAPPURAM, daily: when VWAP is in its highest 20% → it tends to go DOWN over the next 20 days.",False,stock already has a position
2026-05-13,4879617,MANAPPURAM,"MANAPPURAM, daily: when VWAP is in its highest 20% → it tends to go DOWN over the next 20 days.",True,three lights green -> paper order
2026-05-14,4879617,MANAPPURAM,"MANAPPURAM, daily: when VWAP is in its highest 20% → it tends to go DOWN over the next 20 days.",False,stock already has a position
2026-05-15,4879617,MANAPPURAM,"MANAPPURAM, daily: when VWAP is in its highest 20% → it tends to go DOWN over the next 20 days.",False,stock already has a position
2026-05-18,4879617,MANAPPURAM,"MANAPPURAM, daily: when VWAP is in its highest 20% → it tends to go DOWN over the next 20 days.",False,stock already has a position
2026-05-19,4879617,MANAPPURAM,"MANAPPURAM, daily: when VWAP is in its highest 20% → it tends to go DOWN over the next 20 days.",True,three lights green -> paper order
2026-05-20,4879617,MANAPPURAM,"MANAPPURAM, daily: when VWAP is in its highest 20% → it tends to go DOWN over the next 20 days.",False,stock already has a position
2026-05-21,4879617,MANAPPURAM,"MANAPPURAM, daily: when VWAP is in its highest 20% → it tends to go DOWN over the next 20 days.",False,stock already has a position
2026-05-22,4879617,MANAPPURAM,"MANAPPURAM, daily: when VWAP is in its highest 20% → it tends to go DOWN over the next 20 days.",True,three lights green -> paper order
2026-05-25,4879617,MANAPPURAM,"MANAPPURAM, daily: when VWAP is in its highest 20% → it tends to go DOWN over the next 20 days.",False,stock already has a position
2026-05-26,4879617,MANAPPURAM,"MANAPPURAM, daily: when VWAP is in its highest 20% → it tends to go DOWN over the next 20 days.",False,stock already has a position
2026-05-27,4879617,MANAPPURAM,"MANAPPURAM, daily: when VWAP is in its highest 20% → it tends to go DOWN over the next 20 days.",False,stock already has a position
2026-05-29,4879617,MANAPPURAM,"MANAPPURAM, daily: when VWAP is in its highest 20% → it tends to go DOWN over the next 20 days.",False,stock already has a position
2026-06-01,4879617,MANAPPURAM,"MANAPPURAM, daily: when VWAP is in its highest 20% → it tends to go DOWN over the next 20 days.",False,stock already has a position
2026-06-02,4879617,MANAPPURAM,"MANAPPURAM, daily: when VWAP is in its highest 20% → it tends to go DOWN over the next 20 days.",False,stock already has a position
2026-06-03,4879617,MANAPPURAM,"MANAPPURAM, daily: when VWAP is in its highest 20% → it tends to go DOWN over the next 20 days.",True,three lights green -> paper order
2026-06-04,4879617,MANAPPURAM,"MANAPPURAM, daily: when VWAP is in its highest 20% → it tends to go DOWN over the next 20 days.",False,stock already has a position
2026-06-05,4879617,MANAPPURAM,"MANAPPURAM, daily: when VWAP is in its highest 20% → it tends to go DOWN over the next 20 days.",False,stock already has a position
2026-06-08,4879617,MANAPPURAM,"MANAPPURAM, daily: when VWAP is in its highest 20% → it tends to go DOWN over the next 20 days.",False,stock already has a position
2026-06-09,4879617,MANAPPURAM,"MANAPPURAM, daily: when VWAP is in its highest 20% → it tends to go DOWN over the next 20 days.",True,three lights green -> paper order
2026-06-10,4879617,MANAPPURAM,"MANAPPURAM, daily: when VWAP is in its highest 20% → it tends to go DOWN over the next 20 days.",False,stock already has a position
2026-06-11,4879617,MANAPPURAM,"MANAPPURAM, daily: when VWAP is in its highest 20% → it tends to go DOWN over the next 20 days.",False,stock already has a position
2026-06-12,4879617,MANAPPURAM,"MANAPPURAM, daily: when VWAP is in its highest 20% → it tends to go DOWN over the next 20 days.",True,three lights green -> paper order
2026-06-15,4879617,MANAPPURAM,"MANAPPURAM, daily: when VWAP is in its highest 20% → it tends to go DOWN over the next 20 days.",False,stock already has a position
2026-06-16,4879617,MANAPPURAM,"MANAPPURAM, daily: when VWAP is in its highest 20% → it tends to go DOWN over the next 20 days.",False,stock already has a position
2026-06-17,4879617,MANAPPURAM,"MANAPPURAM, daily: when VWAP is in its highest 20% → it tends to go DOWN over the next 20 days.",False,stock already has a position
2026-06-18,4879617,MANAPPURAM,"MANAPPURAM, daily: when VWAP is in its highest 20% → it tends to go DOWN over the next 20 days.",True,three lights green -> paper order
2026-06-19,4879617,MANAPPURAM,"MANAPPURAM, daily: when VWAP is in its highest 20% → it tends to go DOWN over the next 20 days.",False,stock already has a position
2026-06-22,4879617,MANAPPURAM,"MANAPPURAM, daily: when VWAP is in its highest 20% → it tends to go DOWN over the next 20 days.",False,stock already has a position
2026-06-23,4879617,MANAPPURAM,"MANAPPURAM, daily: when VWAP is in its highest 20% → it tends to go DOWN over the next 20 days.",True,three lights green -> paper order
2026-06-24,4879617,MANAPPURAM,"MANAPPURAM, daily: when VWAP is in its highest 20% → it tends to go DOWN over the next 20 days.",False,stock already has a position
2026-06-25,4879617,MANAPPURAM,"MANAPPURAM, daily: when VWAP is in its highest 20% → it tends to go DOWN over the next 20 days.",False,stock already has a position
2026-06-29,4879617,MANAPPURAM,"MANAPPURAM, daily: when VWAP is in its highest 20% → it tends to go DOWN over the next 20 days.",False,stock already has a position
2026-06-30,4879617,MANAPPURAM,"MANAPPURAM, daily: when VWAP is in its highest 20% → it tends to go DOWN over the next 20 days.",False,stock already has a position
2026-07-01,4879617,MANAPPURAM,"MANAPPURAM, daily: when VWAP is in its highest 20% → it tends to go DOWN over the next 20 days.",True,three lights green -> paper order
2026-07-02,4879617,MANAPPURAM,"MANAPPURAM, daily: when VWAP is in its highest 20% → it tends to go DOWN over the next 20 days.",False,stock already has a position
2026-07-03,4879617,MANAPPURAM,"MANAPPURAM, daily: when VWAP is in its highest 20% → it tends to go DOWN over the next 20 days.",False,stock already has a position
2026-07-06,4879617,MANAPPURAM,"MANAPPURAM, daily: when VWAP is in its highest 20% → it tends to go DOWN over the next 20 days.",True,three lights green -> paper order
2026-07-07,4879617,MANAPPURAM,"MANAPPURAM, daily: when VWAP is in its highest 20% → it tends to go DOWN over the next 20 days.",False,stock already has a position
2026-07-08,4879617,MANAPPURAM,"MANAPPURAM, daily: when VWAP is in its highest 20% → it tends to go DOWN over the next 20 days.",False,stock already has a position
2026-07-09,4879617,MANAPPURAM,"MANAPPURAM, daily: when VWAP is in its highest 20% → it tends to go DOWN over the next 20 days.",False,stock already has a position
2026-07-10,4879617,MANAPPURAM,"MANAPPURAM, daily: when VWAP is in its highest 20% → it tends to go DOWN over the next 20 days.",False,stock already has a position
2026-07-13,4879617,MANAPPURAM,"MANAPPURAM, daily: when VWAP is in its highest 20% → it tends to go DOWN over the next 20 days.",False,stock already has a position
2026-07-14,4879617,MANAPPURAM,"MANAPPURAM, daily: when VWAP is in its highest 20% → it tends to go DOWN over the next 20 days.",False,stock already has a position
2026-07-15,4879617,MANAPPURAM,"MANAPPURAM, daily: when VWAP is in its highest 20% → it tends to go DOWN over the next 20 days.",True,three lights green -> paper order
2026-07-16,4879617,MANAPPURAM,"MANAPPURAM, daily: when VWAP is in its highest 20% → it tends to go DOWN over the next 20 days.",False,stock already has a position
2026-07-17,4879617,MANAPPURAM,"MANAPPURAM, daily: when VWAP is in its highest 20% → it tends to go DOWN over the next 20 days.",False,stock already has a position
2026-07-20,4879617,MANAPPURAM,"MANAPPURAM, daily: when VWAP is in its highest 20% → it tends to go DOWN over the next 20 days.",False,stock already has a position
2026-07-21,4879617,MANAPPURAM,"MANAPPURAM, daily: when VWAP is in its highest 20% → it tends to go DOWN over the next 20 days.",True,three lights green -> paper order
2026-07-22,4879617,MANAPPURAM,"MANAPPURAM, daily: when VWAP is in its highest 20% → it tends to go DOWN over the next 20 days.",False,stock already has a position
2026-07-23,4879617,MANAPPURAM,"MANAPPURAM, daily: when VWAP is in its highest 20% → it tends to go DOWN over the next 20 days.",False,stock already has a position
2026-07-24,4879617,MANAPPURAM,"MANAPPURAM, daily: when VWAP is in its highest 20% → it tends to go DOWN over the next 20 days.",False,stock already has a position
2026-07-27,4879617,MANAPPURAM,"MANAPPURAM, daily: when VWAP is in its highest 20% → it tends to go DOWN over the next 20 days.",False,stock already has a position
2026-07-28,4879617,MANAPPURAM,"MANAPPURAM, daily: when VWAP is in its highest 20% → it tends to go DOWN over the next 20 days.",False,stock already has a position
2026-07-29,4879617,MANAPPURAM,"MANAPPURAM, daily: when VWAP is in its highest 20% → it tends to go DOWN over the next 20 days.",True,three lights green -> paper order
2026-07-30,4879617,MANAPPURAM,"MANAPPURAM, daily: when VWAP is in its highest 20% → it tends to go DOWN over the next 20 days.",False,stock already has a position
2026-08-03,4879617,MANAPPURAM,"MANAPPURAM, daily: when VWAP is in its highest 20% → it tends to go DOWN over the next 20 days.",False,stock already has a position
2026-08-04,4879617,MANAPPURAM,"MANAPPURAM, daily: when VWAP is in its highest 20% → it tends to go DOWN over the next 20 days.",False,stock already has a position
2026-08-05,4879617,MANAPPURAM,"MANAPPURAM, daily: when VWAP is in its highest 20% → it tends to go DOWN over the next 20 days.",True,three lights green -> paper order
2026-08-06,4879617,MANAPPURAM,"MANAPPURAM, daily: when VWAP is in its highest 20% → it tends to go DOWN over the next 20 days.",False,stock already has a position
2026-08-07,4879617,MANAPPURAM,"MANAPPURAM, daily: when VWAP is in its highest 20% → it tends to go DOWN over the next 20 days.",False,stock already has a position
2026-08-10,4879617,MANAPPURAM,"MANAPPURAM, daily: when VWAP is in its highest 20% → it tends to go DOWN over the next 20 days.",False,stock already has a position
2026-08-11,4879617,MANAPPURAM,"MANAPPURAM, daily: when VWAP is in its highest 20% → it tends to go DOWN over the next 20 days.",False,stock already has a position
2026-08-12,4879617,MANAPPURAM,"MANAPPURAM, daily: when VWAP is in its highest 20% → it tends to go DOWN over the next 20 days.",False,stock already has a position
2026-08-13,4879617,MANAPPURAM,"MANAPPURAM, daily: when VWAP is in its highest 20% → it tends to go DOWN over the next 20 days.",True,three lights green -> paper order
2026-08-14,4879617,MANAPPURAM,"MANAPPURAM, daily: when VWAP is in its highest 20% → it tends to go DOWN over the next 20 days.",False,stock already has a position
2026-08-17,4879617,MANAPPURAM,"MANAPPURAM, daily: when VWAP is in its highest 20% → it tends to go DOWN over the next 20 days.",False,stock already has a position
2026-08-18,4879617,MANAPPURAM,"MANAPPURAM, daily: when VWAP is in its highest 20% → it tends to go DOWN over the next 20 days.",False,stock already has a position
2026-08-19,4879617,MANAPPURAM,"MANAPPURAM, daily: when VWAP is in its highest 20% → it tends to go DOWN over the next 20 days.",False,stock already has a position
2026-08-20,4879617,MANAPPURAM,"MANAPPURAM, daily: when VWAP is in its highest 20% → it tends to go DOWN over the next 20 days.",False,stock already has a position
2026-08-21,4879617,MANAPPURAM,"MANAPPURAM, daily: when VWAP is in its highest 20% → it tends to go DOWN over the next 20 days.",False,stock already has a position
2026-08-24,4879617,MANAPPURAM,"MANAPPURAM, daily: when VWAP is in its highest 20% → it tends to go DOWN over the next 20 days.",False,stock already has a position
2026-08-25,4879617,MANAPPURAM,"MANAPPURAM, daily: when VWAP is in its highest 20% → it tends to go DOWN over the next 20 days.",True,three lights green -> paper order
2026-08-26,4879617,MANAPPURAM,"MANAPPURAM, daily: when VWAP is in its highest 20% → it tends to go DOWN over the next 20 days.",False,stock already has a position
2026-08-27,4879617,MANAPPURAM,"MANAPPURAM, daily: when VWAP is in its highest 20% → it tends to go DOWN over the next 20 days.",False,stock already has a position
2026-08-28,4879617,MANAPPURAM,"MANAPPURAM, daily: when VWAP is in its highest 20% → it tends to go DOWN over the next 20 days.",True,three lights green -> paper order
2026-08-31,4879617,MANAPPURAM,"MANAPPURAM, daily: when VWAP is in its highest 20% → it tends to go DOWN over the next 20 days.",False,stock already has a position
2026-09-01,4879617,MANAPPURAM,"MANAPPURAM, daily: when VWAP is in its highest 20% → it tends to go DOWN over the next 20 days.",False,stock already has a position
2026-09-02,4879617,MANAPPURAM,"MANAPPURAM, daily: when VWAP is in its highest 20% → it tends to go DOWN over the next 20 days.",False,stock already has a position
2026-09-03,4879617,MANAPPURAM,"MANAPPURAM, daily: when VWAP is in its highest 20% → it tends to go DOWN over the next 20 days.",False,stock already has a position
2026-09-04,4879617,MANAPPURAM,"MANAPPURAM, daily: when VWAP is in its highest 20% → it tends to go DOWN over the next 20 days.",False,stock already has a position
2026-09-07,4879617,MANAPPURAM,"MANAPPURAM, daily: when VWAP is in its highest 20% → it tends to go DOWN over the next 20 days.",False,stock already has a position
2026-09-08,4879617,MANAPPURAM,"MANAPPURAM, daily: when VWAP is in its highest 20% → it tends to go DOWN over the next 20 days.",True,three lights green -> paper order
2026-09-09,4879617,MANAPPURAM,"MANAPPURAM, daily: when VWAP is in its highest 20% → it tends to go DOWN over the next 20 days.",False,stock already has a position
2026-09-10,4879617,MANAPPURAM,"MANAPPURAM, daily: when VWAP is in its highest 20% → it tends to go DOWN over the next 20 days.",False,stock already has a position
2026-02-04,794369,SHREECEM,"SHREECEM, daily: when volume flow (OBV) is in its highest 20% → it tends to go DOWN over the next 20 days.",False,stock already has a position
2026-01-20,912129,ADANIGREEN,"ADANIGREEN, daily: when VWAP is in its lowest 20% → it tends to go UP over the next 20 days.",True,three lights green -> paper order
2026-01-21,912129,ADANIGREEN,"ADANIGREEN, daily: when VWAP is in its lowest 20% → it tends to go UP over the next 20 days.",False,stock already has a position
2026-01-23,912129,ADANIGREEN,"ADANIGREEN, daily: when VWAP is in its lowest 20% → it tends to go UP over the next 20 days.",False,stock already has a position
2026-01-27,912129,ADANIGREEN,"ADANIGREEN, daily: when VWAP is in its lowest 20% → it tends to go UP over the next 20 days.",True,three lights green -> paper order
2026-01-28,912129,ADANIGREEN,"ADANIGREEN, daily: when VWAP is in its lowest 20% → it tends to go UP over the next 20 days.",False,stock already has a position
2026-01-29,912129,ADANIGREEN,"ADANIGREEN, daily: when VWAP is in its lowest 20% → it tends to go UP over the next 20 days.",False,stock already has a position
2026-01-30,912129,ADANIGREEN,"ADANIGREEN, daily: when VWAP is in its lowest 20% → it tends to go UP over the next 20 days.",True,three lights green -> paper order
2026-02-01,912129,ADANIGREEN,"ADANIGREEN, daily: when VWAP is in its lowest 20% → it tends to go UP over the next 20 days.",False,stock already has a position
2026-02-02,912129,ADANIGREEN,"ADANIGREEN, daily: when VWAP is in its lowest 20% → it tends to go UP over the next 20 days.",False,stock already has a position
2026-03-04,912129,ADANIGREEN,"ADANIGREEN, daily: when VWAP is in its lowest 20% → it tends to go UP over the next 20 days.",True,three lights green -> paper order
2026-03-05,912129,ADANIGREEN,"ADANIGREEN, daily: when VWAP is in its lowest 20% → it tends to go UP over the next 20 days.",False,stock already has a position
2026-03-06,912129,ADANIGREEN,"ADANIGREEN, daily: when VWAP is in its lowest 20% → it tends to go UP over the next 20 days.",False,stock already has a position
2026-03-09,912129,ADANIGREEN,"ADANIGREEN, daily: when VWAP is in its lowest 20% → it tends to go UP over the next 20 days.",False,stock already has a position
2026-03-10,912129,ADANIGREEN,"ADANIGREEN, daily: when VWAP is in its lowest 20% → it tends to go UP over the next 20 days.",True,three lights green -> paper order
2026-03-11,912129,ADANIGREEN,"ADANIGREEN, daily: when VWAP is in its lowest 20% → it tends to go UP over the next 20 days.",False,stock already has a position
2026-03-12,912129,ADANIGREEN,"ADANIGREEN, daily: when VWAP is in its lowest 20% → it tends to go UP over the next 20 days.",False,stock already has a position
2026-03-13,912129,ADANIGREEN,"ADANIGREEN, daily: when VWAP is in its lowest 20% → it tends to go UP over the next 20 days.",False,stock already has a position
2026-03-16,912129,ADANIGREEN,"ADANIGREEN, daily: when VWAP is in its lowest 20% → it tends to go UP over the next 20 days.",False,stock already has a position
2026-03-17,912129,ADANIGREEN,"ADANIGREEN, daily: when VWAP is in its lowest 20% → it tends to go UP over the next 20 days.",False,stock already has a position
2026-03-18,912129,ADANIGREEN,"ADANIGREEN, daily: when VWAP is in its lowest 20% → it tends to go UP over the next 20 days.",False,stock already has a position
2026-03-19,912129,ADANIGREEN,"ADANIGREEN, daily: when VWAP is in its lowest 20% → it tends to go UP over the next 20 days.",False,stock already has a position
2026-03-20,912129,ADANIGREEN,"ADANIGREEN, daily: when VWAP is in its lowest 20% → it tends to go UP over the next 20 days.",False,stock already has a position
2026-03-23,912129,ADANIGREEN,"ADANIGREEN, daily: when VWAP is in its lowest 20% → it tends to go UP over the next 20 days.",False,stock already has a position
2026-03-24,912129,ADANIGREEN,"ADANIGREEN, daily: when VWAP is in its lowest 20% → it tends to go UP over the next 20 days.",True,three lights green -> paper order
2026-03-25,912129,ADANIGREEN,"ADANIGREEN, daily: when VWAP is in its lowest 20% → it tends to go UP over the next 20 days.",False,stock already has a position
2026-03-27,912129,ADANIGREEN,"ADANIGREEN, daily: when VWAP is in its lowest 20% → it tends to go UP over the next 20 days.",False,stock already has a position
2026-03-30,912129,ADANIGREEN,"ADANIGREEN, daily: when VWAP is in its lowest 20% → it tends to go UP over the next 20 days.",False,stock already has a position
2026-04-01,912129,ADANIGREEN,"ADANIGREEN, daily: when VWAP is in its lowest 20% → it tends to go UP over the next 20 days.",True,three lights green -> paper order
2026-04-02,912129,ADANIGREEN,"ADANIGREEN, daily: when VWAP is in its lowest 20% → it tends to go UP over the next 20 days.",False,stock already has a position
2026-04-06,912129,ADANIGREEN,"ADANIGREEN, daily: when VWAP is in its lowest 20% → it tends to go UP over the next 20 days.",False,stock already has a position
2026-03-09,356865,HINDUNILVR,"HINDUNILVR, daily: when VWAP is in its lowest 20% → it tends to go UP over the next 20 days.",True,three lights green -> paper order
2026-03-11,356865,HINDUNILVR,"HINDUNILVR, daily: when VWAP is in its lowest 20% → it tends to go UP over the next 20 days.",False,stock already has a position
2026-03-12,356865,HINDUNILVR,"HINDUNILVR, daily: when VWAP is in its lowest 20% → it tends to go UP over the next 20 days.",True,three lights green -> paper order
2026-03-13,356865,HINDUNILVR,"HINDUNILVR, daily: when VWAP is in its lowest 20% → it tends to go UP over the next 20 days.",False,stock already has a position
2026-03-16,356865,HINDUNILVR,"HINDUNILVR, daily: when VWAP is in its lowest 20% → it tends to go UP over the next 20 days.",False,stock already has a position
2026-03-17,356865,HINDUNILVR,"HINDUNILVR, daily: when VWAP is in its lowest 20% → it tends to go UP over the next 20 days.",False,stock already has a position
2026-03-18,356865,HINDUNILVR,"HINDUNILVR, daily: when VWAP is in its lowest 20% → it tends to go UP over the next 20 days.",False,stock already has a position
2026-03-19,356865,HINDUNILVR,"HINDUNILVR, daily: when VWAP is in its lowest 20% → it tends to go UP over the next 20 days.",False,stock already has a position
2026-03-20,356865,HINDUNILVR,"HINDUNILVR, daily: when VWAP is in its lowest 20% → it tends to go UP over the next 20 days.",True,three lights green -> paper order
2026-03-23,356865,HINDUNILVR,"HINDUNILVR, daily: when VWAP is in its lowest 20% → it tends to go UP over the next 20 days.",False,stock already has a position
2026-03-24,356865,HINDUNILVR,"HINDUNILVR, daily: when VWAP is in its lowest 20% → it tends to go UP over the next 20 days.",False,stock already has a position
2026-03-25,356865,HINDUNILVR,"HINDUNILVR, daily: when VWAP is in its lowest 20% → it tends to go UP over the next 20 days.",False,stock already has a position
2026-03-27,356865,HINDUNILVR,"HINDUNILVR, daily: when VWAP is in its lowest 20% → it tends to go UP over the next 20 days.",True,three lights green -> paper order
2026-03-30,356865,HINDUNILVR,"HINDUNILVR, daily: when VWAP is in its lowest 20% → it tends to go UP over the next 20 days.",False,stock already has a position
2026-04-01,356865,HINDUNILVR,"HINDUNILVR, daily: when VWAP is in its lowest 20% → it tends to go UP over the next 20 days.",False,stock already has a position
2026-04-02,356865,HINDUNILVR,"HINDUNILVR, daily: when VWAP is in its lowest 20% → it tends to go UP over the next 20 days.",False,stock already has a position
2026-04-06,356865,HINDUNILVR,"HINDUNILVR, daily: when VWAP is in its lowest 20% → it tends to go UP over the next 20 days.",False,stock already has a position
2026-04-07,356865,HINDUNILVR,"HINDUNILVR, daily: when VWAP is in its lowest 20% → it tends to go UP over the next 20 days.",False,stock already has a position
2026-04-08,356865,HINDUNILVR,"HINDUNILVR, daily: when VWAP is in its lowest 20% → it tends to go UP over the next 20 days.",False,stock already has a position
2026-04-09,356865,HINDUNILVR,"HINDUNILVR, daily: when VWAP is in its lowest 20% → it tends to go UP over the next 20 days.",True,three lights green -> paper order
2026-04-10,356865,HINDUNILVR,"HINDUNILVR, daily: when VWAP is in its lowest 20% → it tends to go UP over the next 20 days.",False,stock already has a position
2026-04-13,356865,HINDUNILVR,"HINDUNILVR, daily: when VWAP is in its lowest 20% → it tends to go UP over the next 20 days.",False,stock already has a position
2026-04-15,356865,HINDUNILVR,"HINDUNILVR, daily: when VWAP is in its lowest 20% → it tends to go UP over the next 20 days.",False,stock already has a position
2026-04-16,356865,HINDUNILVR,"HINDUNILVR, daily: when VWAP is in its lowest 20% → it tends to go UP over the next 20 days.",False,stock already has a position
2026-05-29,356865,HINDUNILVR,"HINDUNILVR, daily: when VWAP is in its lowest 20% → it tends to go UP over the next 20 days.",True,three lights green -> paper order
2026-06-01,356865,HINDUNILVR,"HINDUNILVR, daily: when VWAP is in its lowest 20% → it tends to go UP over the next 20 days.",False,stock already has a position
2026-06-02,356865,HINDUNILVR,"HINDUNILVR, daily: when VWAP is in its lowest 20% → it tends to go UP over the next 20 days.",False,stock already has a position
2026-06-03,356865,HINDUNILVR,"HINDUNILVR, daily: when VWAP is in its lowest 20% → it tends to go UP over the next 20 days.",True,three lights green -> paper order
2026-06-04,356865,HINDUNILVR,"HINDUNILVR, daily: when VWAP is in its lowest 20% → it tends to go UP over the next 20 days.",False,stock already has a position
2026-06-05,356865,HINDUNILVR,"HINDUNILVR, daily: when VWAP is in its lowest 20% → it tends to go UP over the next 20 days.",False,stock already has a position
2026-06-08,356865,HINDUNILVR,"HINDUNILVR, daily: when VWAP is in its lowest 20% → it tends to go UP over the next 20 days.",False,stock already has a position
2026-06-09,356865,HINDUNILVR,"HINDUNILVR, daily: when VWAP is in its lowest 20% → it tends to go UP over the next 20 days.",False,stock already has a position
2026-06-10,356865,HINDUNILVR,"HINDUNILVR, daily: when VWAP is in its lowest 20% → it tends to go UP over the next 20 days.",False,stock already has a position
2026-06-11,356865,HINDUNILVR,"HINDUNILVR, daily: when VWAP is in its lowest 20% → it tends to go UP over the next 20 days.",True,three lights green -> paper order
2026-06-12,356865,HINDUNILVR,"HINDUNILVR, daily: when VWAP is in its lowest 20% → it tends to go UP over the next 20 days.",False,stock already has a position
2026-06-15,356865,HINDUNILVR,"HINDUNILVR, daily: when VWAP is in its lowest 20% → it tends to go UP over the next 20 days.",False,stock already has a position
2026-06-16,356865,HINDUNILVR,"HINDUNILVR, daily: when VWAP is in its lowest 20% → it tends to go UP over the next 20 days.",False,stock already has a position
2026-06-23,356865,HINDUNILVR,"HINDUNILVR, daily: when VWAP is in its lowest 20% → it tends to go UP over the next 20 days.",False,stock already has a position
2026-06-24,356865,HINDUNILVR,"HINDUNILVR, daily: when VWAP is in its lowest 20% → it tends to go UP over the next 20 days.",False,stock already has a position
2026-06-25,356865,HINDUNILVR,"HINDUNILVR, daily: when VWAP is in its lowest 20% → it tends to go UP over the next 20 days.",False,stock already has a position
2026-06-29,356865,HINDUNILVR,"HINDUNILVR, daily: when VWAP is in its lowest 20% → it tends to go UP over the next 20 days.",False,stock already has a position
2026-06-30,356865,HINDUNILVR,"HINDUNILVR, daily: when VWAP is in its lowest 20% → it tends to go UP over the next 20 days.",False,stock already has a position
2026-07-01,356865,HINDUNILVR,"HINDUNILVR, daily: when VWAP is in its lowest 20% → it tends to go UP over the next 20 days.",False,stock already has a position
2026-07-08,356865,HINDUNILVR,"HINDUNILVR, daily: when VWAP is in its lowest 20% → it tends to go UP over the next 20 days.",True,three lights green -> paper order
2026-07-09,356865,HINDUNILVR,"HINDUNILVR, daily: when VWAP is in its lowest 20% → it tends to go UP over the next 20 days.",False,stock already has a position
2026-07-10,356865,HINDUNILVR,"HINDUNILVR, daily: when VWAP is in its lowest 20% → it tends to go UP over the next 20 days.",False,stock already has a position
2026-07-13,356865,HINDUNILVR,"HINDUNILVR, daily: when VWAP is in its lowest 20% → it tends to go UP over the next 20 days.",False,stock already has a position
2026-07-14,356865,HINDUNILVR,"HINDUNILVR, daily: when VWAP is in its lowest 20% → it tends to go UP over the next 20 days.",False,stock already has a position
2026-07-15,356865,HINDUNILVR,"HINDUNILVR, daily: when VWAP is in its lowest 20% → it tends to go UP over the next 20 days.",False,stock already has a position
2026-07-16,356865,HINDUNILVR,"HINDUNILVR, daily: when VWAP is in its lowest 20% → it tends to go UP over the next 20 days.",True,three lights green -> paper order
2026-07-17,356865,HINDUNILVR,"HINDUNILVR, daily: when VWAP is in its lowest 20% → it tends to go UP over the next 20 days.",False,stock already has a position
2026-07-20,356865,HINDUNILVR,"HINDUNILVR, daily: when VWAP is in its lowest 20% → it tends to go UP over the next 20 days.",False,stock already has a position
2026-07-21,356865,HINDUNILVR,"HINDUNILVR, daily: when VWAP is in its lowest 20% → it tends to go UP over the next 20 days.",False,stock already has a position
2026-07-22,356865,HINDUNILVR,"HINDUNILVR, daily: when VWAP is in its lowest 20% → it tends to go UP over the next 20 days.",False,stock already has a position
2026-07-23,356865,HINDUNILVR,"HINDUNILVR, daily: when VWAP is in its lowest 20% → it tends to go UP over the next 20 days.",True,three lights green -> paper order
2026-07-24,356865,HINDUNILVR,"HINDUNILVR, daily: when VWAP is in its lowest 20% → it tends to go UP over the next 20 days.",False,stock already has a position
2026-07-27,356865,HINDUNILVR,"HINDUNILVR, daily: when VWAP is in its lowest 20% → it tends to go UP over the next 20 days.",False,stock already has a position
2026-07-28,356865,HINDUNILVR,"HINDUNILVR, daily: when VWAP is in its lowest 20% → it tends to go UP over the next 20 days.",False,stock already has a position
2026-07-29,356865,HINDUNILVR,"HINDUNILVR, daily: when VWAP is in its lowest 20% → it tends to go UP over the next 20 days.",True,three lights green -> paper order
2026-07-30,356865,HINDUNILVR,"HINDUNILVR, daily: when VWAP is in its lowest 20% → it tends to go UP over the next 20 days.",False,stock already has a position
2026-07-31,356865,HINDUNILVR,"HINDUNILVR, daily: when VWAP is in its lowest 20% → it tends to go UP over the next 20 days.",False,stock already has a position
2026-08-03,356865,HINDUNILVR,"HINDUNILVR, daily: when VWAP is in its lowest 20% → it tends to go UP over the next 20 days.",False,stock already has a position
2026-08-04,356865,HINDUNILVR,"HINDUNILVR, daily: when VWAP is in its lowest 20% → it tends to go UP over the next 20 days.",False,stock already has a position
2026-08-05,356865,HINDUNILVR,"HINDUNILVR, daily: when VWAP is in its lowest 20% → it tends to go UP over the next 20 days.",False,stock already has a position
2026-08-06,356865,HINDUNILVR,"HINDUNILVR, daily: when VWAP is in its lowest 20% → it tends to go UP over the next 20 days.",False,stock already has a position
2026-08-07,356865,HINDUNILVR,"HINDUNILVR, daily: when VWAP is in its lowest 20% → it tends to go UP over the next 20 days.",False,stock already has a position
2026-08-10,356865,HINDUNILVR,"HINDUNILVR, daily: when VWAP is in its lowest 20% → it tends to go UP over the next 20 days.",False,stock already has a position
2026-08-11,356865,HINDUNILVR,"HINDUNILVR, daily: when VWAP is in its lowest 20% → it tends to go UP over the next 20 days.",False,stock already has a position
2026-08-12,356865,HINDUNILVR,"HINDUNILVR, daily: when VWAP is in its lowest 20% → it tends to go UP over the next 20 days.",True,three lights green -> paper order
2026-08-13,356865,HINDUNILVR,"HINDUNILVR, daily: when VWAP is in its lowest 20% → it tends to go UP over the next 20 days.",False,stock already has a position
2026-08-14,356865,HINDUNILVR,"HINDUNILVR, daily: when VWAP is in its lowest 20% → it tends to go UP over the next 20 days.",False,stock already has a position
2026-08-17,356865,HINDUNILVR,"HINDUNILVR, daily: when VWAP is in its lowest 20% → it tends to go UP over the next 20 days.",False,stock already has a position
2026-08-18,356865,HINDUNILVR,"HINDUNILVR, daily: when VWAP is in its lowest 20% → it tends to go UP over the next 20 days.",False,stock already has a position
2026-08-19,356865,HINDUNILVR,"HINDUNILVR, daily: when VWAP is in its lowest 20% → it tends to go UP over the next 20 days.",False,stock already has a position
2026-08-20,356865,HINDUNILVR,"HINDUNILVR, daily: when VWAP is in its lowest 20% → it tends to go UP over the next 20 days.",True,three lights green -> paper order
2026-08-21,356865,HINDUNILVR,"HINDUNILVR, daily: when VWAP is in its lowest 20% → it tends to go UP over the next 20 days.",False,stock already has a position
2026-08-24,356865,HINDUNILVR,"HINDUNILVR, daily: when VWAP is in its lowest 20% → it tends to go UP over the next 20 days.",False,stock already has a position
2026-08-25,356865,HINDUNILVR,"HINDUNILVR, daily: when VWAP is in its lowest 20% → it tends to go UP over the next 20 days.",False,stock already has a position
2026-08-26,356865,HINDUNILVR,"HINDUNILVR, daily: when VWAP is in its lowest 20% → it tends to go UP over the next 20 days.",False,stock already has a position
2026-08-27,356865,HINDUNILVR,"HINDUNILVR, daily: when VWAP is in its lowest 20% → it tends to go UP over the next 20 days.",False,stock already has a position
2026-08-28,356865,HINDUNILVR,"HINDUNILVR, daily: when VWAP is in its lowest 20% → it tends to go UP over the next 20 days.",False,stock already has a position
2026-08-31,356865,HINDUNILVR,"HINDUNILVR, daily: when VWAP is in its lowest 20% → it tends to go UP over the next 20 days.",False,stock already has a position
2026-09-01,356865,HINDUNILVR,"HINDUNILVR, daily: when VWAP is in its lowest 20% → it tends to go UP over the next 20 days.",True,three lights green -> paper order
2026-09-02,356865,HINDUNILVR,"HINDUNILVR, daily: when VWAP is in its lowest 20% → it tends to go UP over the next 20 days.",False,stock already has a position
2026-09-03,356865,HINDUNILVR,"HINDUNILVR, daily: when VWAP is in its lowest 20% → it tends to go UP over the next 20 days.",False,stock already has a position
2026-09-04,356865,HINDUNILVR,"HINDUNILVR, daily: when VWAP is in its lowest 20% → it tends to go UP over the next 20 days.",False,stock already has a position
2026-09-07,356865,HINDUNILVR,"HINDUNILVR, daily: when VWAP is in its lowest 20% → it tends to go UP over the next 20 days.",True,three lights green -> paper order
2026-09-08,356865,HINDUNILVR,"HINDUNILVR, daily: when VWAP is in its lowest 20% → it tends to go UP over the next 20 days.",False,stock already has a position
2026-09-09,356865,HINDUNILVR,"HINDUNILVR, daily: when VWAP is in its lowest 20% → it tends to go UP over the next 20 days.",False,stock already has a position
2026-09-10,356865,HINDUNILVR,"HINDUNILVR, daily: when VWAP is in its lowest 20% → it tends to go UP over the next 20 days.",True,three lights green -> paper order
2026-01-09,1041153,MARICO,"MARICO, daily: when VWAP is in its highest 20% → it tends to go DOWN over the next 20 days.",True,three lights green -> paper order
2026-01-12,1041153,MARICO,"MARICO, daily: when VWAP is in its highest 20% → it tends to go DOWN over the next 20 days.",False,stock already has a position
2026-01-13,1041153,MARICO,"MARICO, daily: when VWAP is in its highest 20% → it tends to go DOWN over the next 20 days.",False,stock already has a position
2026-01-14,1041153,MARICO,"MARICO, daily: when VWAP is in its highest 20% → it tends to go DOWN over the next 20 days.",False,stock already has a position
2026-01-16,1041153,MARICO,"MARICO, daily: when VWAP is in its highest 20% → it tends to go DOWN over the next 20 days.",False,stock already has a position
2026-01-19,1041153,MARICO,"MARICO, daily: when VWAP is in its highest 20% → it tends to go DOWN over the next 20 days.",False,stock already has a position
2026-01-20,1041153,MARICO,"MARICO, daily: when VWAP is in its highest 20% → it tends to go DOWN over the next 20 days.",False,stock already has a position
2026-01-21,1041153,MARICO,"MARICO, daily: when VWAP is in its highest 20% → it tends to go DOWN over the next 20 days.",False,stock already has a position
2026-01-22,1041153,MARICO,"MARICO, daily: when VWAP is in its highest 20% → it tends to go DOWN over the next 20 days.",False,stock already has a position
2026-01-23,1041153,MARICO,"MARICO, daily: when VWAP is in its highest 20% → it tends to go DOWN over the next 20 days.",False,stock already has a position
2026-01-27,1041153,MARICO,"MARICO, daily: when VWAP is in its highest 20% → it tends to go DOWN over the next 20 days.",False,stock already has a position
2026-01-28,1041153,MARICO,"MARICO, daily: when VWAP is in its highest 20% → it tends to go DOWN over the next 20 days.",False,stock already has a position
2026-01-29,1041153,MARICO,"MARICO, daily: when VWAP is in its highest 20% → it tends to go DOWN over the next 20 days.",True,three lights green -> paper order
2026-01-30,1041153,MARICO,"MARICO, daily: when VWAP is in its highest 20% → it tends to go DOWN over the next 20 days.",False,stock already has a position
2026-02-01,1041153,MARICO,"MARICO, daily: when VWAP is in its highest 20% → it tends to go DOWN over the next 20 days.",False,stock already has a position
2026-02-02,1041153,MARICO,"MARICO, daily: when VWAP is in its highest 20% → it tends to go DOWN over the next 20 days.",False,stock already has a position
2026-02-03,1041153,MARICO,"MARICO, daily: when VWAP is in its highest 20% → it tends to go DOWN over the next 20 days.",False,stock already has a position
2026-02-04,1041153,MARICO,"MARICO, daily: when VWAP is in its highest 20% → it tends to go DOWN over the next 20 days.",True,three lights green -> paper order
2026-02-05,1041153,MARICO,"MARICO, daily: when VWAP is in its highest 20% → it tends to go DOWN over the next 20 days.",False,stock already has a position
2026-02-06,1041153,MARICO,"MARICO, daily: when VWAP is in its highest 20% → it tends to go DOWN over the next 20 days.",False,stock already has a position
2026-02-09,1041153,MARICO,"MARICO, daily: when VWAP is in its highest 20% → it tends to go DOWN over the next 20 days.",False,stock already has a position
2026-02-10,1041153,MARICO,"MARICO, daily: when VWAP is in its highest 20% → it tends to go DOWN over the next 20 days.",True,three lights green -> paper order
2026-02-11,1041153,MARICO,"MARICO, daily: when VWAP is in its highest 20% → it tends to go DOWN over the next 20 days.",False,stock already has a position
2026-02-12,1041153,MARICO,"MARICO, daily: when VWAP is in its highest 20% → it tends to go DOWN over the next 20 days.",False,stock already has a position
2026-02-13,1041153,MARICO,"MARICO, daily: when VWAP is in its highest 20% → it tends to go DOWN over the next 20 days.",False,stock already has a position
2026-02-16,1041153,MARICO,"MARICO, daily: when VWAP is in its highest 20% → it tends to go DOWN over the next 20 days.",False,stock already has a position
2026-02-17,1041153,MARICO,"MARICO, daily: when VWAP is in its highest 20% → it tends to go DOWN over the next 20 days.",False,stock already has a position
2026-02-18,1041153,MARICO,"MARICO, daily: when VWAP is in its highest 20% → it tends to go DOWN over the next 20 days.",False,stock already has a position
2026-02-19,1041153,MARICO,"MARICO, daily: when VWAP is in its highest 20% → it tends to go DOWN over the next 20 days.",True,three lights green -> paper order
2026-02-20,1041153,MARICO,"MARICO, daily: when VWAP is in its highest 20% → it tends to go DOWN over the next 20 days.",False,stock already has a position
2026-02-23,1041153,MARICO,"MARICO, daily: when VWAP is in its highest 20% → it tends to go DOWN over the next 20 days.",False,stock already has a position
2026-02-24,1041153,MARICO,"MARICO, daily: when VWAP is in its highest 20% → it tends to go DOWN over the next 20 days.",True,three lights green -> paper order
2026-02-25,1041153,MARICO,"MARICO, daily: when VWAP is in its highest 20% → it tends to go DOWN over the next 20 days.",False,stock already has a position
2026-02-26,1041153,MARICO,"MARICO, daily: when VWAP is in its highest 20% → it tends to go DOWN over the next 20 days.",False,stock already has a position
2026-02-27,1041153,MARICO,"MARICO, daily: when VWAP is in its highest 20% → it tends to go DOWN over the next 20 days.",False,stock already has a position
2026-03-02,1041153,MARICO,"MARICO, daily: when VWAP is in its highest 20% → it tends to go DOWN over the next 20 days.",True,three lights green -> paper order
2026-03-04,1041153,MARICO,"MARICO, daily: when VWAP is in its highest 20% → it tends to go DOWN over the next 20 days.",False,stock already has a position
2026-03-05,1041153,MARICO,"MARICO, daily: when VWAP is in its highest 20% → it tends to go DOWN over the next 20 days.",False,stock already has a position
2026-03-06,1041153,MARICO,"MARICO, daily: when VWAP is in its highest 20% → it tends to go DOWN over the next 20 days.",False,stock already has a position
2026-03-09,1041153,MARICO,"MARICO, daily: when VWAP is in its highest 20% → it tends to go DOWN over the next 20 days.",False,stock already has a position
2026-03-10,1041153,MARICO,"MARICO, daily: when VWAP is in its highest 20% → it tends to go DOWN over the next 20 days.",False,stock already has a position
2026-03-11,1041153,MARICO,"MARICO, daily: when VWAP is in its highest 20% → it tends to go DOWN over the next 20 days.",False,stock already has a position
2026-03-12,1041153,MARICO,"MARICO, daily: when VWAP is in its highest 20% → it tends to go DOWN over the next 20 days.",False,stock already has a position
2026-03-13,1041153,MARICO,"MARICO, daily: when VWAP is in its highest 20% → it tends to go DOWN over the next 20 days.",True,three lights green -> paper order
2026-03-16,1041153,MARICO,"MARICO, daily: when VWAP is in its highest 20% → it tends to go DOWN over the next 20 days.",False,stock already has a position
2026-03-17,1041153,MARICO,"MARICO, daily: when VWAP is in its highest 20% → it tends to go DOWN over the next 20 days.",False,stock already has a position
2026-03-18,1041153,MARICO,"MARICO, daily: when VWAP is in its highest 20% → it tends to go DOWN over the next 20 days.",False,stock already has a position
2026-03-19,1041153,MARICO,"MARICO, daily: when VWAP is in its highest 20% → it tends to go DOWN over the next 20 days.",False,stock already has a position
2026-03-20,1041153,MARICO,"MARICO, daily: when VWAP is in its highest 20% → it tends to go DOWN over the next 20 days.",False,stock already has a position
2026-03-23,1041153,MARICO,"MARICO, daily: when VWAP is in its highest 20% → it tends to go DOWN over the next 20 days.",False,stock already has a position
2026-03-24,1041153,MARICO,"MARICO, daily: when VWAP is in its highest 20% → it tends to go DOWN over the next 20 days.",True,three lights green -> paper order
2026-03-25,1041153,MARICO,"MARICO, daily: when VWAP is in its highest 20% → it tends to go DOWN over the next 20 days.",False,stock already has a position
2026-03-27,1041153,MARICO,"MARICO, daily: when VWAP is in its highest 20% → it tends to go DOWN over the next 20 days.",False,stock already has a position
2026-03-30,1041153,MARICO,"MARICO, daily: when VWAP is in its highest 20% → it tends to go DOWN over the next 20 days.",False,stock already has a position
2026-04-01,1041153,MARICO,"MARICO, daily: when VWAP is in its highest 20% → it tends to go DOWN over the next 20 days.",False,stock already has a position
2026-04-02,1041153,MARICO,"MARICO, daily: when VWAP is in its highest 20% → it tends to go DOWN over the next 20 days.",False,stock already has a position
2026-04-06,1041153,MARICO,"MARICO, daily: when VWAP is in its highest 20% → it tends to go DOWN over the next 20 days.",True,three lights green -> paper order
2026-04-07,1041153,MARICO,"MARICO, daily: when VWAP is in its highest 20% → it tends to go DOWN over the next 20 days.",False,stock already has a position
2026-04-08,1041153,MARICO,"MARICO, daily: when VWAP is in its highest 20% → it tends to go DOWN over the next 20 days.",False,stock already has a position
2026-04-09,1041153,MARICO,"MARICO, daily: when VWAP is in its highest 20% → it tends to go DOWN over the next 20 days.",True,three lights green -> paper order
2026-04-10,1041153,MARICO,"MARICO, daily: when VWAP is in its highest 20% → it tends to go DOWN over the next 20 days.",False,stock already has a position
2026-04-13,1041153,MARICO,"MARICO, daily: when VWAP is in its highest 20% → it tends to go DOWN over the next 20 days.",False,stock already has a position
2026-04-15,1041153,MARICO,"MARICO, daily: when VWAP is in its highest 20% → it tends to go DOWN over the next 20 days.",False,stock already has a position
2026-04-16,1041153,MARICO,"MARICO, daily: when VWAP is in its highest 20% → it tends to go DOWN over the next 20 days.",False,stock already has a position
2026-04-17,1041153,MARICO,"MARICO, daily: when VWAP is in its highest 20% → it tends to go DOWN over the next 20 days.",False,stock already has a position
2026-04-20,1041153,MARICO,"MARICO, daily: when VWAP is in its highest 20% → it tends to go DOWN over the next 20 days.",False,stock already has a position
2026-04-21,1041153,MARICO,"MARICO, daily: when VWAP is in its highest 20% → it tends to go DOWN over the next 20 days.",False,stock already has a position
2026-04-22,1041153,MARICO,"MARICO, daily: when VWAP is in its highest 20% → it tends to go DOWN over the next 20 days.",False,stock already has a position
2026-04-23,1041153,MARICO,"MARICO, daily: when VWAP is in its highest 20% → it tends to go DOWN over the next 20 days.",True,three lights green -> paper order
2026-04-24,1041153,MARICO,"MARICO, daily: when VWAP is in its highest 20% → it tends to go DOWN over the next 20 days.",False,stock already has a position
2026-04-27,1041153,MARICO,"MARICO, daily: when VWAP is in its highest 20% → it tends to go DOWN over the next 20 days.",False,stock already has a position
2026-04-28,1041153,MARICO,"MARICO, daily: when VWAP is in its highest 20% → it tends to go DOWN over the next 20 days.",False,stock already has a position
2026-04-29,1041153,MARICO,"MARICO, daily: when VWAP is in its highest 20% → it tends to go DOWN over the next 20 days.",False,stock already has a position
2026-04-30,1041153,MARICO,"MARICO, daily: when VWAP is in its highest 20% → it tends to go DOWN over the next 20 days.",False,stock already has a position
2026-05-04,1041153,MARICO,"MARICO, daily: when VWAP is in its highest 20% → it tends to go DOWN over the next 20 days.",False,stock already has a position
2026-05-05,1041153,MARICO,"MARICO, daily: when VWAP is in its highest 20% → it tends to go DOWN over the next 20 days.",False,stock already has a position
2026-05-06,1041153,MARICO,"MARICO, daily: when VWAP is in its highest 20% → it tends to go DOWN over the next 20 days.",True,three lights green -> paper order
2026-05-07,1041153,MARICO,"MARICO, daily: when VWAP is in its highest 20% → it tends to go DOWN over the next 20 days.",False,stock already has a position
2026-05-08,1041153,MARICO,"MARICO, daily: when VWAP is in its highest 20% → it tends to go DOWN over the next 20 days.",False,stock already has a position
2026-05-11,1041153,MARICO,"MARICO, daily: when VWAP is in its highest 20% → it tends to go DOWN over the next 20 days.",False,stock already has a position
2026-05-12,1041153,MARICO,"MARICO, daily: when VWAP is in its highest 20% → it tends to go DOWN over the next 20 days.",True,three lights green -> paper order
2026-05-13,1041153,MARICO,"MARICO, daily: when VWAP is in its highest 20% → it tends to go DOWN over the next 20 days.",False,stock already has a position
2026-05-14,1041153,MARICO,"MARICO, daily: when VWAP is in its highest 20% → it tends to go DOWN over the next 20 days.",False,stock already has a position
2026-05-15,1041153,MARICO,"MARICO, daily: when VWAP is in its highest 20% → it tends to go DOWN over the next 20 days.",False,stock already has a position
2026-05-18,1041153,MARICO,"MARICO, daily: when VWAP is in its highest 20% → it tends to go DOWN over the next 20 days.",True,three lights green -> paper order
2026-05-19,1041153,MARICO,"MARICO, daily: when VWAP is in its highest 20% → it tends to go DOWN over the next 20 days.",False,stock already has a position
2026-05-20,1041153,MARICO,"MARICO, daily: when VWAP is in its highest 20% → it tends to go DOWN over the next 20 days.",False,stock already has a position
2026-05-21,1041153,MARICO,"MARICO, daily: when VWAP is in its highest 20% → it tends to go DOWN over the next 20 days.",False,stock already has a position
2026-05-22,1041153,MARICO,"MARICO, daily: when VWAP is in its highest 20% → it tends to go DOWN over the next 20 days.",False,stock already has a position
2026-05-25,1041153,MARICO,"MARICO, daily: when VWAP is in its highest 20% → it tends to go DOWN over the next 20 days.",False,stock already has a position
2026-05-26,1041153,MARICO,"MARICO, daily: when VWAP is in its highest 20% → it tends to go DOWN over the next 20 days.",False,stock already has a position
2026-05-27,1041153,MARICO,"MARICO, daily: when VWAP is in its highest 20% → it tends to go DOWN over the next 20 days.",False,stock already has a position
2026-05-29,1041153,MARICO,"MARICO, daily: when VWAP is in its highest 20% → it tends to go DOWN over the next 20 days.",False,stock already has a position
2026-06-01,1041153,MARICO,"MARICO, daily: when VWAP is in its highest 20% → it tends to go DOWN over the next 20 days.",False,stock already has a position
2026-06-02,1041153,MARICO,"MARICO, daily: when VWAP is in its highest 20% → it tends to go DOWN over the next 20 days.",True,three lights green -> paper order
2026-06-03,1041153,MARICO,"MARICO, daily: when VWAP is in its highest 20% → it tends to go DOWN over the next 20 days.",False,stock already has a position
2026-06-04,1041153,MARICO,"MARICO, daily: when VWAP is in its highest 20% → it tends to go DOWN over the next 20 days.",False,stock already has a position
2026-06-05,1041153,MARICO,"MARICO, daily: when VWAP is in its highest 20% → it tends to go DOWN over the next 20 days.",True,three lights green -> paper order
2026-06-08,1041153,MARICO,"MARICO, daily: when VWAP is in its highest 20% → it tends to go DOWN over the next 20 days.",False,stock already has a position
2026-06-09,1041153,MARICO,"MARICO, daily: when VWAP is in its highest 20% → it tends to go DOWN over the next 20 days.",False,stock already has a position
2026-06-10,1041153,MARICO,"MARICO, daily: when VWAP is in its highest 20% → it tends to go DOWN over the next 20 days.",False,stock already has a position
2026-06-11,1041153,MARICO,"MARICO, daily: when VWAP is in its highest 20% → it tends to go DOWN over the next 20 days.",True,three lights green -> paper order
2026-06-12,1041153,MARICO,"MARICO, daily: when VWAP is in its highest 20% → it tends to go DOWN over the next 20 days.",False,stock already has a position
2026-06-15,1041153,MARICO,"MARICO, daily: when VWAP is in its highest 20% → it tends to go DOWN over the next 20 days.",False,stock already has a position
2026-06-16,1041153,MARICO,"MARICO, daily: when VWAP is in its highest 20% → it tends to go DOWN over the next 20 days.",False,stock already has a position
2026-06-17,1041153,MARICO,"MARICO, daily: when VWAP is in its highest 20% → it tends to go DOWN over the next 20 days.",False,stock already has a position
2026-06-18,1041153,MARICO,"MARICO, daily: when VWAP is in its highest 20% → it tends to go DOWN over the next 20 days.",False,stock already has a position
2026-06-19,1041153,MARICO,"MARICO, daily: when VWAP is in its highest 20% → it tends to go DOWN over the next 20 days.",False,stock already has a position
2026-06-22,1041153,MARICO,"MARICO, daily: when VWAP is in its highest 20% → it tends to go DOWN over the next 20 days.",False,stock already has a position
2026-06-23,1041153,MARICO,"MARICO, daily: when VWAP is in its highest 20% → it tends to go DOWN over the next 20 days.",False,stock already has a position
2026-06-24,1041153,MARICO,"MARICO, daily: when VWAP is in its highest 20% → it tends to go DOWN over the next 20 days.",False,stock already has a position
2026-06-25,1041153,MARICO,"MARICO, daily: when VWAP is in its highest 20% → it tends to go DOWN over the next 20 days.",False,stock already has a position
2026-06-29,1041153,MARICO,"MARICO, daily: when VWAP is in its highest 20% → it tends to go DOWN over the next 20 days.",True,three lights green -> paper order
2026-06-30,1041153,MARICO,"MARICO, daily: when VWAP is in its highest 20% → it tends to go DOWN over the next 20 days.",False,stock already has a position
2026-07-01,1041153,MARICO,"MARICO, daily: when VWAP is in its highest 20% → it tends to go DOWN over the next 20 days.",False,stock already has a position
2026-07-02,1041153,MARICO,"MARICO, daily: when VWAP is in its highest 20% → it tends to go DOWN over the next 20 days.",False,stock already has a position
2026-07-03,1041153,MARICO,"MARICO, daily: when VWAP is in its highest 20% → it tends to go DOWN over the next 20 days.",True,three lights green -> paper order
2026-07-06,1041153,MARICO,"MARICO, daily: when VWAP is in its highest 20% → it tends to go DOWN over the next 20 days.",False,stock already has a position
2026-07-07,1041153,MARICO,"MARICO, daily: when VWAP is in its highest 20% → it tends to go DOWN over the next 20 days.",False,stock already has a position
2026-07-08,1041153,MARICO,"MARICO, daily: when VWAP is in its highest 20% → it tends to go DOWN over the next 20 days.",False,stock already has a position
2026-07-09,1041153,MARICO,"MARICO, daily: when VWAP is in its highest 20% → it tends to go DOWN over the next 20 days.",False,stock already has a position
2026-07-10,1041153,MARICO,"MARICO, daily: when VWAP is in its highest 20% → it tends to go DOWN over the next 20 days.",True,three lights green -> paper order
2026-07-13,1041153,MARICO,"MARICO, daily: when VWAP is in its highest 20% → it tends to go DOWN over the next 20 days.",False,stock already has a position
2026-07-14,1041153,MARICO,"MARICO, daily: when VWAP is in its highest 20% → it tends to go DOWN over the next 20 days.",False,stock already has a position
2026-07-15,1041153,MARICO,"MARICO, daily: when VWAP is in its highest 20% → it tends to go DOWN over the next 20 days.",False,stock already has a position
2026-07-16,1041153,MARICO,"MARICO, daily: when VWAP is in its highest 20% → it tends to go DOWN over the next 20 days.",False,stock already has a position
2026-07-17,1041153,MARICO,"MARICO, daily: when VWAP is in its highest 20% → it tends to go DOWN over the next 20 days.",False,stock already has a position
2026-07-20,1041153,MARICO,"MARICO, daily: when VWAP is in its highest 20% → it tends to go DOWN over the next 20 days.",False,stock already has a position
2026-07-21,1041153,MARICO,"MARICO, daily: when VWAP is in its highest 20% → it tends to go DOWN over the next 20 days.",False,stock already has a position
2026-07-22,1041153,MARICO,"MARICO, daily: when VWAP is in its highest 20% → it tends to go DOWN over the next 20 days.",False,stock already has a position
2026-07-23,1041153,MARICO,"MARICO, daily: when VWAP is in its highest 20% → it tends to go DOWN over the next 20 days.",False,stock already has a position
2026-07-24,1041153,MARICO,"MARICO, daily: when VWAP is in its highest 20% → it tends to go DOWN over the next 20 days.",True,three lights green -> paper order
2026-07-27,1041153,MARICO,"MARICO, daily: when VWAP is in its highest 20% → it tends to go DOWN over the next 20 days.",False,stock already has a position
2026-07-28,1041153,MARICO,"MARICO, daily: when VWAP is in its highest 20% → it tends to go DOWN over the next 20 days.",False,stock already has a position
2026-07-29,1041153,MARICO,"MARICO, daily: when VWAP is in its highest 20% → it tends to go DOWN over the next 20 days.",True,three lights green -> paper order
2026-07-31,1041153,MARICO,"MARICO, daily: when VWAP is in its highest 20% → it tends to go DOWN over the next 20 days.",False,stock already has a position
2026-08-03,1041153,MARICO,"MARICO, daily: when VWAP is in its highest 20% → it tends to go DOWN over the next 20 days.",False,stock already has a position
2026-08-04,1041153,MARICO,"MARICO, daily: when VWAP is in its highest 20% → it tends to go DOWN over the next 20 days.",False,stock already has a position
2026-08-05,1041153,MARICO,"MARICO, daily: when VWAP is in its highest 20% → it tends to go DOWN over the next 20 days.",False,stock already has a position
2026-08-06,1041153,MARICO,"MARICO, daily: when VWAP is in its highest 20% → it tends to go DOWN over the next 20 days.",True,three lights green -> paper order
2026-08-07,1041153,MARICO,"MARICO, daily: when VWAP is in its highest 20% → it tends to go DOWN over the next 20 days.",False,stock already has a position
2026-08-10,1041153,MARICO,"MARICO, daily: when VWAP is in its highest 20% → it tends to go DOWN over the next 20 days.",False,stock already has a position
2026-08-11,1041153,MARICO,"MARICO, daily: when VWAP is in its highest 20% → it tends to go DOWN over the next 20 days.",False,stock already has a position
2026-08-12,1041153,MARICO,"MARICO, daily: when VWAP is in its highest 20% → it tends to go DOWN over the next 20 days.",False,stock already has a position
2026-08-13,1041153,MARICO,"MARICO, daily: when VWAP is in its highest 20% → it tends to go DOWN over the next 20 days.",False,stock already has a position
2026-08-14,1041153,MARICO,"MARICO, daily: when VWAP is in its highest 20% → it tends to go DOWN over the next 20 days.",False,stock already has a position
2026-08-17,1041153,MARICO,"MARICO, daily: when VWAP is in its highest 20% → it tends to go DOWN over the next 20 days.",False,stock already has a position
2026-08-18,1041153,MARICO,"MARICO, daily: when VWAP is in its highest 20% → it tends to go DOWN over the next 20 days.",False,stock already has a position
2026-08-19,1041153,MARICO,"MARICO, daily: when VWAP is in its highest 20% → it tends to go DOWN over the next 20 days.",False,stock already has a position
2026-08-20,1041153,MARICO,"MARICO, daily: when VWAP is in its highest 20% → it tends to go DOWN over the next 20 days.",False,stock already has a position
2026-08-21,1041153,MARICO,"MARICO, daily: when VWAP is in its highest 20% → it tends to go DOWN over the next 20 days.",False,stock already has a position
2026-08-24,1041153,MARICO,"MARICO, daily: when VWAP is in its highest 20% → it tends to go DOWN over the next 20 days.",False,stock already has a position
2026-08-25,1041153,MARICO,"MARICO, daily: when VWAP is in its highest 20% → it tends to go DOWN over the next 20 days.",False,stock already has a position
2026-08-26,1041153,MARICO,"MARICO, daily: when VWAP is in its highest 20% → it tends to go DOWN over the next 20 days.",False,stock already has a position
2026-08-27,1041153,MARICO,"MARICO, daily: when VWAP is in its highest 20% → it tends to go DOWN over the next 20 days.",True,three lights green -> paper order
2026-08-28,1041153,MARICO,"MARICO, daily: when VWAP is in its highest 20% → it tends to go DOWN over the next 20 days.",False,stock already has a position
2026-08-31,1041153,MARICO,"MARICO, daily: when VWAP is in its highest 20% → it tends to go DOWN over the next 20 days.",False,stock already has a position
2026-09-01,1041153,MARICO,"MARICO, daily: when VWAP is in its highest 20% → it tends to go DOWN over the next 20 days.",False,stock already has a position
2026-09-02,1041153,MARICO,"MARICO, daily: when VWAP is in its highest 20% → it tends to go DOWN over the next 20 days.",False,stock already has a position
2026-09-03,1041153,MARICO,"MARICO, daily: when VWAP is in its highest 20% → it tends to go DOWN over the next 20 days.",False,stock already has a position
2026-09-04,1041153,MARICO,"MARICO, daily: when VWAP is in its highest 20% → it tends to go DOWN over the next 20 days.",False,stock already has a position
2026-09-07,1041153,MARICO,"MARICO, daily: when VWAP is in its highest 20% → it tends to go DOWN over the next 20 days.",False,stock already has a position
2026-09-08,1041153,MARICO,"MARICO, daily: when VWAP is in its highest 20% → it tends to go DOWN over the next 20 days.",True,three lights green -> paper order
2026-09-09,1041153,MARICO,"MARICO, daily: when VWAP is in its highest 20% → it tends to go DOWN over the next 20 days.",False,stock already has a position
2026-09-10,1041153,MARICO,"MARICO, daily: when VWAP is in its highest 20% → it tends to go DOWN over the next 20 days.",False,stock already has a position
2026-01-09,364545,HINDZINC,"HINDZINC, daily: when VWAP is in its highest 20% → it tends to go DOWN over the next 20 days.",True,three lights green -> paper order
2026-01-12,364545,HINDZINC,"HINDZINC, daily: when VWAP is in its highest 20% → it tends to go DOWN over the next 20 days.",False,stock already has a position
2026-01-13,364545,HINDZINC,"HINDZINC, daily: when VWAP is in its highest 20% → it tends to go DOWN over the next 20 days.",False,stock already has a position
2026-01-14,364545,HINDZINC,"HINDZINC, daily: when VWAP is in its highest 20% → it tends to go DOWN over the next 20 days.",False,stock already has a position
2026-01-16,364545,HINDZINC,"HINDZINC, daily: when VWAP is in its highest 20% → it tends to go DOWN over the next 20 days.",True,three lights green -> paper order
2026-01-19,364545,HINDZINC,"HINDZINC, daily: when VWAP is in its highest 20% → it tends to go DOWN over the next 20 days.",False,stock already has a position
2026-01-20,364545,HINDZINC,"HINDZINC, daily: when VWAP is in its highest 20% → it tends to go DOWN over the next 20 days.",False,stock already has a position
2026-01-21,364545,HINDZINC,"HINDZINC, daily: when VWAP is in its highest 20% → it tends to go DOWN over the next 20 days.",True,three lights green -> paper order
2026-01-22,364545,HINDZINC,"HINDZINC, daily: when VWAP is in its highest 20% → it tends to go DOWN over the next 20 days.",False,stock already has a position
2026-01-23,364545,HINDZINC,"HINDZINC, daily: when VWAP is in its highest 20% → it tends to go DOWN over the next 20 days.",False,stock already has a position
2026-01-27,364545,HINDZINC,"HINDZINC, daily: when VWAP is in its highest 20% → it tends to go DOWN over the next 20 days.",False,stock already has a position
2026-01-28,364545,HINDZINC,"HINDZINC, daily: when VWAP is in its highest 20% → it tends to go DOWN over the next 20 days.",True,three lights green -> paper order
2026-01-29,364545,HINDZINC,"HINDZINC, daily: when VWAP is in its highest 20% → it tends to go DOWN over the next 20 days.",False,stock already has a position
2026-01-30,364545,HINDZINC,"HINDZINC, daily: when VWAP is in its highest 20% → it tends to go DOWN over the next 20 days.",False,stock already has a position
2026-02-01,364545,HINDZINC,"HINDZINC, daily: when VWAP is in its highest 20% → it tends to go DOWN over the next 20 days.",True,three lights green -> paper order
2026-02-02,364545,HINDZINC,"HINDZINC, daily: when VWAP is in its highest 20% → it tends to go DOWN over the next 20 days.",False,stock already has a position
2026-02-03,364545,HINDZINC,"HINDZINC, daily: when VWAP is in its highest 20% → it tends to go DOWN over the next 20 days.",False,stock already has a position
2026-02-04,364545,HINDZINC,"HINDZINC, daily: when VWAP is in its highest 20% → it tends to go DOWN over the next 20 days.",True,three lights green -> paper order
2026-02-05,364545,HINDZINC,"HINDZINC, daily: when VWAP is in its highest 20% → it tends to go DOWN over the next 20 days.",False,stock already has a position
2026-02-06,364545,HINDZINC,"HINDZINC, daily: when VWAP is in its highest 20% → it tends to go DOWN over the next 20 days.",False,stock already has a position
2026-02-09,364545,HINDZINC,"HINDZINC, daily: when VWAP is in its highest 20% → it tends to go DOWN over the next 20 days.",False,stock already has a position
2026-02-10,364545,HINDZINC,"HINDZINC, daily: when VWAP is in its highest 20% → it tends to go DOWN over the next 20 days.",False,stock already has a position
2026-02-11,364545,HINDZINC,"HINDZINC, daily: when VWAP is in its highest 20% → it tends to go DOWN over the next 20 days.",False,stock already has a position
2026-02-12,364545,HINDZINC,"HINDZINC, daily: when VWAP is in its highest 20% → it tends to go DOWN over the next 20 days.",False,stock already has a position
2026-02-13,364545,HINDZINC,"HINDZINC, daily: when VWAP is in its highest 20% → it tends to go DOWN over the next 20 days.",False,stock already has a position
2026-02-16,364545,HINDZINC,"HINDZINC, daily: when VWAP is in its highest 20% → it tends to go DOWN over the next 20 days.",False,stock already has a position
2026-02-17,364545,HINDZINC,"HINDZINC, daily: when VWAP is in its highest 20% → it tends to go DOWN over the next 20 days.",False,stock already has a position
2026-02-18,364545,HINDZINC,"HINDZINC, daily: when VWAP is in its highest 20% → it tends to go DOWN over the next 20 days.",False,stock already has a position
2026-02-19,364545,HINDZINC,"HINDZINC, daily: when VWAP is in its highest 20% → it tends to go DOWN over the next 20 days.",False,stock already has a position
2026-02-20,364545,HINDZINC,"HINDZINC, daily: when VWAP is in its highest 20% → it tends to go DOWN over the next 20 days.",False,stock already has a position
2026-02-23,364545,HINDZINC,"HINDZINC, daily: when VWAP is in its highest 20% → it tends to go DOWN over the next 20 days.",False,stock already has a position
2026-02-24,364545,HINDZINC,"HINDZINC, daily: when VWAP is in its highest 20% → it tends to go DOWN over the next 20 days.",False,stock already has a position
2026-02-25,364545,HINDZINC,"HINDZINC, daily: when VWAP is in its highest 20% → it tends to go DOWN over the next 20 days.",False,stock already has a position
2026-02-26,364545,HINDZINC,"HINDZINC, daily: when VWAP is in its highest 20% → it tends to go DOWN over the next 20 days.",False,stock already has a position
2026-02-27,364545,HINDZINC,"HINDZINC, daily: when VWAP is in its highest 20% → it tends to go DOWN over the next 20 days.",False,stock already has a position
2026-03-02,364545,HINDZINC,"HINDZINC, daily: when VWAP is in its highest 20% → it tends to go DOWN over the next 20 days.",False,stock already has a position
2026-03-04,364545,HINDZINC,"HINDZINC, daily: when VWAP is in its highest 20% → it tends to go DOWN over the next 20 days.",False,stock already has a position
2026-03-05,364545,HINDZINC,"HINDZINC, daily: when VWAP is in its highest 20% → it tends to go DOWN over the next 20 days.",False,stock already has a position
2026-03-06,364545,HINDZINC,"HINDZINC, daily: when VWAP is in its highest 20% → it tends to go DOWN over the next 20 days.",False,stock already has a position
2026-03-09,364545,HINDZINC,"HINDZINC, daily: when VWAP is in its highest 20% → it tends to go DOWN over the next 20 days.",False,stock already has a position
2026-03-10,364545,HINDZINC,"HINDZINC, daily: when VWAP is in its highest 20% → it tends to go DOWN over the next 20 days.",False,stock already has a position
2026-03-11,364545,HINDZINC,"HINDZINC, daily: when VWAP is in its highest 20% → it tends to go DOWN over the next 20 days.",False,stock already has a position
2026-03-12,364545,HINDZINC,"HINDZINC, daily: when VWAP is in its highest 20% → it tends to go DOWN over the next 20 days.",False,stock already has a position
2026-03-13,364545,HINDZINC,"HINDZINC, daily: when VWAP is in its highest 20% → it tends to go DOWN over the next 20 days.",False,stock already has a position
2026-03-16,364545,HINDZINC,"HINDZINC, daily: when VWAP is in its highest 20% → it tends to go DOWN over the next 20 days.",True,three lights green -> paper order
2026-03-17,364545,HINDZINC,"HINDZINC, daily: when VWAP is in its highest 20% → it tends to go DOWN over the next 20 days.",False,stock already has a position
2026-03-18,364545,HINDZINC,"HINDZINC, daily: when VWAP is in its highest 20% → it tends to go DOWN over the next 20 days.",False,stock already has a position
2026-03-19,364545,HINDZINC,"HINDZINC, daily: when VWAP is in its highest 20% → it tends to go DOWN over the next 20 days.",False,stock already has a position
2026-03-20,364545,HINDZINC,"HINDZINC, daily: when VWAP is in its highest 20% → it tends to go DOWN over the next 20 days.",True,three lights green -> paper order
2026-03-25,364545,HINDZINC,"HINDZINC, daily: when VWAP is in its highest 20% → it tends to go DOWN over the next 20 days.",False,stock already has a position
2026-03-27,364545,HINDZINC,"HINDZINC, daily: when VWAP is in its highest 20% → it tends to go DOWN over the next 20 days.",True,three lights green -> paper order
2026-03-30,364545,HINDZINC,"HINDZINC, daily: when VWAP is in its highest 20% → it tends to go DOWN over the next 20 days.",False,stock already has a position
2026-04-01,364545,HINDZINC,"HINDZINC, daily: when VWAP is in its highest 20% → it tends to go DOWN over the next 20 days.",False,stock already has a position
2026-04-02,364545,HINDZINC,"HINDZINC, daily: when VWAP is in its highest 20% → it tends to go DOWN over the next 20 days.",True,three lights green -> paper order
2026-04-06,364545,HINDZINC,"HINDZINC, daily: when VWAP is in its highest 20% → it tends to go DOWN over the next 20 days.",False,stock already has a position
2026-04-07,364545,HINDZINC,"HINDZINC, daily: when VWAP is in its highest 20% → it tends to go DOWN over the next 20 days.",False,stock already has a position
2026-04-08,364545,HINDZINC,"HINDZINC, daily: when VWAP is in its highest 20% → it tends to go DOWN over the next 20 days.",True,three lights green -> paper order
2026-04-09,364545,HINDZINC,"HINDZINC, daily: when VWAP is in its highest 20% → it tends to go DOWN over the next 20 days.",False,stock already has a position
2026-04-10,364545,HINDZINC,"HINDZINC, daily: when VWAP is in its highest 20% → it tends to go DOWN over the next 20 days.",False,stock already has a position
2026-04-13,364545,HINDZINC,"HINDZINC, daily: when VWAP is in its highest 20% → it tends to go DOWN over the next 20 days.",False,stock already has a position
2026-04-15,364545,HINDZINC,"HINDZINC, daily: when VWAP is in its highest 20% → it tends to go DOWN over the next 20 days.",False,stock already has a position
2026-04-16,364545,HINDZINC,"HINDZINC, daily: when VWAP is in its highest 20% → it tends to go DOWN over the next 20 days.",True,three lights green -> paper order
2026-04-17,364545,HINDZINC,"HINDZINC, daily: when VWAP is in its highest 20% → it tends to go DOWN over the next 20 days.",False,stock already has a position
2026-04-20,364545,HINDZINC,"HINDZINC, daily: when VWAP is in its highest 20% → it tends to go DOWN over the next 20 days.",False,stock already has a position
2026-04-21,364545,HINDZINC,"HINDZINC, daily: when VWAP is in its highest 20% → it tends to go DOWN over the next 20 days.",False,stock already has a position
2026-04-22,364545,HINDZINC,"HINDZINC, daily: when VWAP is in its highest 20% → it tends to go DOWN over the next 20 days.",False,stock already has a position
2026-04-23,364545,HINDZINC,"HINDZINC, daily: when VWAP is in its highest 20% → it tends to go DOWN over the next 20 days.",False,stock already has a position
2026-04-24,364545,HINDZINC,"HINDZINC, daily: when VWAP is in its highest 20% → it tends to go DOWN over the next 20 days.",False,stock already has a position
2026-04-27,364545,HINDZINC,"HINDZINC, daily: when VWAP is in its highest 20% → it tends to go DOWN over the next 20 days.",False,stock already has a position
2026-04-28,364545,HINDZINC,"HINDZINC, daily: when VWAP is in its highest 20% → it tends to go DOWN over the next 20 days.",True,three lights green -> paper order
2026-04-29,364545,HINDZINC,"HINDZINC, daily: when VWAP is in its highest 20% → it tends to go DOWN over the next 20 days.",False,stock already has a position
2026-04-30,364545,HINDZINC,"HINDZINC, daily: when VWAP is in its highest 20% → it tends to go DOWN over the next 20 days.",False,stock already has a position
2026-05-04,364545,HINDZINC,"HINDZINC, daily: when VWAP is in its highest 20% → it tends to go DOWN over the next 20 days.",True,three lights green -> paper order
2026-05-05,364545,HINDZINC,"HINDZINC, daily: when VWAP is in its highest 20% → it tends to go DOWN over the next 20 days.",False,stock already has a position
2026-05-06,364545,HINDZINC,"HINDZINC, daily: when VWAP is in its highest 20% → it tends to go DOWN over the next 20 days.",False,stock already has a position
2026-05-07,364545,HINDZINC,"HINDZINC, daily: when VWAP is in its highest 20% → it tends to go DOWN over the next 20 days.",True,three lights green -> paper order
2026-05-08,364545,HINDZINC,"HINDZINC, daily: when VWAP is in its highest 20% → it tends to go DOWN over the next 20 days.",False,stock already has a position
2026-05-11,364545,HINDZINC,"HINDZINC, daily: when VWAP is in its highest 20% → it tends to go DOWN over the next 20 days.",False,stock already has a position
2026-05-12,364545,HINDZINC,"HINDZINC, daily: when VWAP is in its highest 20% → it tends to go DOWN over the next 20 days.",False,stock already has a position
2026-05-13,364545,HINDZINC,"HINDZINC, daily: when VWAP is in its highest 20% → it tends to go DOWN over the next 20 days.",False,stock already has a position
2026-05-14,364545,HINDZINC,"HINDZINC, daily: when VWAP is in its highest 20% → it tends to go DOWN over the next 20 days.",True,three lights green -> paper order
2026-05-15,364545,HINDZINC,"HINDZINC, daily: when VWAP is in its highest 20% → it tends to go DOWN over the next 20 days.",False,stock already has a position
2026-05-18,364545,HINDZINC,"HINDZINC, daily: when VWAP is in its highest 20% → it tends to go DOWN over the next 20 days.",False,stock already has a position
2026-05-19,364545,HINDZINC,"HINDZINC, daily: when VWAP is in its highest 20% → it tends to go DOWN over the next 20 days.",True,three lights green -> paper order
2026-05-20,364545,HINDZINC,"HINDZINC, daily: when VWAP is in its highest 20% → it tends to go DOWN over the next 20 days.",False,stock already has a position
2026-05-21,364545,HINDZINC,"HINDZINC, daily: when VWAP is in its highest 20% → it tends to go DOWN over the next 20 days.",False,stock already has a position
2026-05-22,364545,HINDZINC,"HINDZINC, daily: when VWAP is in its highest 20% → it tends to go DOWN over the next 20 days.",False,stock already has a position
2026-05-25,364545,HINDZINC,"HINDZINC, daily: when VWAP is in its highest 20% → it tends to go DOWN over the next 20 days.",True,three lights green -> paper order
2026-05-26,364545,HINDZINC,"HINDZINC, daily: when VWAP is in its highest 20% → it tends to go DOWN over the next 20 days.",False,stock already has a position
2026-05-27,364545,HINDZINC,"HINDZINC, daily: when VWAP is in its highest 20% → it tends to go DOWN over the next 20 days.",False,stock already has a position
2026-05-29,364545,HINDZINC,"HINDZINC, daily: when VWAP is in its highest 20% → it tends to go DOWN over the next 20 days.",True,three lights green -> paper order
2026-06-01,364545,HINDZINC,"HINDZINC, daily: when VWAP is in its highest 20% → it tends to go DOWN over the next 20 days.",False,stock already has a position
2026-06-02,364545,HINDZINC,"HINDZINC, daily: when VWAP is in its highest 20% → it tends to go DOWN over the next 20 days.",False,stock already has a position
2026-06-03,364545,HINDZINC,"HINDZINC, daily: when VWAP is in its highest 20% → it tends to go DOWN over the next 20 days.",False,stock already has a position
2026-06-04,364545,HINDZINC,"HINDZINC, daily: when VWAP is in its highest 20% → it tends to go DOWN over the next 20 days.",True,three lights green -> paper order
2026-06-05,364545,HINDZINC,"HINDZINC, daily: when VWAP is in its highest 20% → it tends to go DOWN over the next 20 days.",False,stock already has a position
2026-06-08,364545,HINDZINC,"HINDZINC, daily: when VWAP is in its highest 20% → it tends to go DOWN over the next 20 days.",False,stock already has a position
2026-06-09,364545,HINDZINC,"HINDZINC, daily: when VWAP is in its highest 20% → it tends to go DOWN over the next 20 days.",True,three lights green -> paper order
2026-06-10,364545,HINDZINC,"HINDZINC, daily: when VWAP is in its highest 20% → it tends to go DOWN over the next 20 days.",False,stock already has a position
2026-06-11,364545,HINDZINC,"HINDZINC, daily: when VWAP is in its highest 20% → it tends to go DOWN over the next 20 days.",False,stock already has a position
2026-06-12,364545,HINDZINC,"HINDZINC, daily: when VWAP is in its highest 20% → it tends to go DOWN over the next 20 days.",False,stock already has a position
2026-06-15,364545,HINDZINC,"HINDZINC, daily: when VWAP is in its highest 20% → it tends to go DOWN over the next 20 days.",False,stock already has a position
2026-06-16,364545,HINDZINC,"HINDZINC, daily: when VWAP is in its highest 20% → it tends to go DOWN over the next 20 days.",True,three lights green -> paper order
2026-06-17,364545,HINDZINC,"HINDZINC, daily: when VWAP is in its highest 20% → it tends to go DOWN over the next 20 days.",False,stock already has a position
2026-06-18,364545,HINDZINC,"HINDZINC, daily: when VWAP is in its highest 20% → it tends to go DOWN over the next 20 days.",False,stock already has a position
2026-06-19,364545,HINDZINC,"HINDZINC, daily: when VWAP is in its highest 20% → it tends to go DOWN over the next 20 days.",False,stock already has a position
2026-06-22,364545,HINDZINC,"HINDZINC, daily: when VWAP is in its highest 20% → it tends to go DOWN over the next 20 days.",False,stock already has a position
2026-06-23,364545,HINDZINC,"HINDZINC, daily: when VWAP is in its highest 20% → it tends to go DOWN over the next 20 days.",False,stock already has a position
2026-06-24,364545,HINDZINC,"HINDZINC, daily: when VWAP is in its highest 20% → it tends to go DOWN over the next 20 days.",False,stock already has a position
2026-06-25,364545,HINDZINC,"HINDZINC, daily: when VWAP is in its highest 20% → it tends to go DOWN over the next 20 days.",True,three lights green -> paper order
2026-06-29,364545,HINDZINC,"HINDZINC, daily: when VWAP is in its highest 20% → it tends to go DOWN over the next 20 days.",False,stock already has a position
2026-06-30,364545,HINDZINC,"HINDZINC, daily: when VWAP is in its highest 20% → it tends to go DOWN over the next 20 days.",False,stock already has a position
2026-07-01,364545,HINDZINC,"HINDZINC, daily: when VWAP is in its highest 20% → it tends to go DOWN over the next 20 days.",False,stock already has a position
2026-07-02,364545,HINDZINC,"HINDZINC, daily: when VWAP is in its highest 20% → it tends to go DOWN over the next 20 days.",False,stock already has a position
2026-07-03,364545,HINDZINC,"HINDZINC, daily: when VWAP is in its highest 20% → it tends to go DOWN over the next 20 days.",False,stock already has a position
2026-07-06,364545,HINDZINC,"HINDZINC, daily: when VWAP is in its highest 20% → it tends to go DOWN over the next 20 days.",True,three lights green -> paper order
2026-07-07,364545,HINDZINC,"HINDZINC, daily: when VWAP is in its highest 20% → it tends to go DOWN over the next 20 days.",False,stock already has a position
2026-07-08,364545,HINDZINC,"HINDZINC, daily: when VWAP is in its highest 20% → it tends to go DOWN over the next 20 days.",False,stock already has a position
2026-07-09,364545,HINDZINC,"HINDZINC, daily: when VWAP is in its highest 20% → it tends to go DOWN over the next 20 days.",False,stock already has a position
2026-07-10,364545,HINDZINC,"HINDZINC, daily: when VWAP is in its highest 20% → it tends to go DOWN over the next 20 days.",False,stock already has a position
2026-07-13,364545,HINDZINC,"HINDZINC, daily: when VWAP is in its highest 20% → it tends to go DOWN over the next 20 days.",False,stock already has a position
2026-07-14,364545,HINDZINC,"HINDZINC, daily: when VWAP is in its highest 20% → it tends to go DOWN over the next 20 days.",False,stock already has a position
2026-07-15,364545,HINDZINC,"HINDZINC, daily: when VWAP is in its highest 20% → it tends to go DOWN over the next 20 days.",False,stock already has a position
2026-07-16,364545,HINDZINC,"HINDZINC, daily: when VWAP is in its highest 20% → it tends to go DOWN over the next 20 days.",False,stock already has a position
2026-07-17,364545,HINDZINC,"HINDZINC, daily: when VWAP is in its highest 20% → it tends to go DOWN over the next 20 days.",False,stock already has a position
2026-07-20,364545,HINDZINC,"HINDZINC, daily: when VWAP is in its highest 20% → it tends to go DOWN over the next 20 days.",False,stock already has a position
2026-07-21,364545,HINDZINC,"HINDZINC, daily: when VWAP is in its highest 20% → it tends to go DOWN over the next 20 days.",False,stock already has a position
2026-07-22,364545,HINDZINC,"HINDZINC, daily: when VWAP is in its highest 20% → it tends to go DOWN over the next 20 days.",False,stock already has a position
2026-07-23,364545,HINDZINC,"HINDZINC, daily: when VWAP is in its highest 20% → it tends to go DOWN over the next 20 days.",False,stock already has a position
2026-07-24,364545,HINDZINC,"HINDZINC, daily: when VWAP is in its highest 20% → it tends to go DOWN over the next 20 days.",False,stock already has a position
2026-07-27,364545,HINDZINC,"HINDZINC, daily: when VWAP is in its highest 20% → it tends to go DOWN over the next 20 days.",False,stock already has a position
2026-07-28,364545,HINDZINC,"HINDZINC, daily: when VWAP is in its highest 20% → it tends to go DOWN over the next 20 days.",False,stock already has a position
2026-07-29,364545,HINDZINC,"HINDZINC, daily: when VWAP is in its highest 20% → it tends to go DOWN over the next 20 days.",False,stock already has a position
2026-07-30,364545,HINDZINC,"HINDZINC, daily: when VWAP is in its highest 20% → it tends to go DOWN over the next 20 days.",False,stock already has a position
2026-07-31,364545,HINDZINC,"HINDZINC, daily: when VWAP is in its highest 20% → it tends to go DOWN over the next 20 days.",False,stock already has a position
2026-08-03,364545,HINDZINC,"HINDZINC, daily: when VWAP is in its highest 20% → it tends to go DOWN over the next 20 days.",False,stock already has a position
2026-08-04,364545,HINDZINC,"HINDZINC, daily: when VWAP is in its highest 20% → it tends to go DOWN over the next 20 days.",False,stock already has a position
2026-08-05,364545,HINDZINC,"HINDZINC, daily: when VWAP is in its highest 20% → it tends to go DOWN over the next 20 days.",True,three lights green -> paper order
2026-08-06,364545,HINDZINC,"HINDZINC, daily: when VWAP is in its highest 20% → it tends to go DOWN over the next 20 days.",False,stock already has a position
2026-08-07,364545,HINDZINC,"HINDZINC, daily: when VWAP is in its highest 20% → it tends to go DOWN over the next 20 days.",False,stock already has a position
2026-08-10,364545,HINDZINC,"HINDZINC, daily: when VWAP is in its highest 20% → it tends to go DOWN over the next 20 days.",False,stock already has a position
2026-08-11,364545,HINDZINC,"HINDZINC, daily: when VWAP is in its highest 20% → it tends to go DOWN over the next 20 days.",False,stock already has a position
2026-08-12,364545,HINDZINC,"HINDZINC, daily: when VWAP is in its highest 20% → it tends to go DOWN over the next 20 days.",False,stock already has a position
2026-08-13,364545,HINDZINC,"HINDZINC, daily: when VWAP is in its highest 20% → it tends to go DOWN over the next 20 days.",True,three lights green -> paper order
2026-08-14,364545,HINDZINC,"HINDZINC, daily: when VWAP is in its highest 20% → it tends to go DOWN over the next 20 days.",False,stock already has a position
2026-08-17,364545,HINDZINC,"HINDZINC, daily: when VWAP is in its highest 20% → it tends to go DOWN over the next 20 days.",False,stock already has a position
2026-08-18,364545,HINDZINC,"HINDZINC, daily: when VWAP is in its highest 20% → it tends to go DOWN over the next 20 days.",False,stock already has a position
2026-08-19,364545,HINDZINC,"HINDZINC, daily: when VWAP is in its highest 20% → it tends to go DOWN over the next 20 days.",False,stock already has a position
2026-08-20,364545,HINDZINC,"HINDZINC, daily: when VWAP is in its highest 20% → it tends to go DOWN over the next 20 days.",True,three lights green -> paper order
2026-08-21,364545,HINDZINC,"HINDZINC, daily: when VWAP is in its highest 20% → it tends to go DOWN over the next 20 days.",False,stock already has a position
2026-08-24,364545,HINDZINC,"HINDZINC, daily: when VWAP is in its highest 20% → it tends to go DOWN over the next 20 days.",False,stock already has a position
2026-08-25,364545,HINDZINC,"HINDZINC, daily: when VWAP is in its highest 20% → it tends to go DOWN over the next 20 days.",True,three lights green -> paper order
2026-08-26,364545,HINDZINC,"HINDZINC, daily: when VWAP is in its highest 20% → it tends to go DOWN over the next 20 days.",False,stock already has a position
2026-08-27,364545,HINDZINC,"HINDZINC, daily: when VWAP is in its highest 20% → it tends to go DOWN over the next 20 days.",False,stock already has a position
2026-08-28,364545,HINDZINC,"HINDZINC, daily: when VWAP is in its highest 20% → it tends to go DOWN over the next 20 days.",True,three lights green -> paper order
2026-08-31,364545,HINDZINC,"HINDZINC, daily: when VWAP is in its highest 20% → it tends to go DOWN over the next 20 days.",False,stock already has a position
2026-09-01,364545,HINDZINC,"HINDZINC, daily: when VWAP is in its highest 20% → it tends to go DOWN over the next 20 days.",False,stock already has a position
2026-09-02,364545,HINDZINC,"HINDZINC, daily: when VWAP is in its highest 20% → it tends to go DOWN over the next 20 days.",False,stock already has a position
2026-09-03,364545,HINDZINC,"HINDZINC, daily: when VWAP is in its highest 20% → it tends to go DOWN over the next 20 days.",False,stock already has a position
2026-09-04,364545,HINDZINC,"HINDZINC, daily: when VWAP is in its highest 20% → it tends to go DOWN over the next 20 days.",False,stock already has a position
2026-09-07,364545,HINDZINC,"HINDZINC, daily: when VWAP is in its highest 20% → it tends to go DOWN over the next 20 days.",False,stock already has a position
2026-09-08,364545,HINDZINC,"HINDZINC, daily: when VWAP is in its highest 20% → it tends to go DOWN over the next 20 days.",False,stock already has a position
2026-09-09,364545,HINDZINC,"HINDZINC, daily: when VWAP is in its highest 20% → it tends to go DOWN over the next 20 days.",False,stock already has a position
2026-09-10,364545,HINDZINC,"HINDZINC, daily: when VWAP is in its highest 20% → it tends to go DOWN over the next 20 days.",False,stock already has a position
2026-03-13,1346049,INDUSINDBK,"INDUSINDBK, daily: when VWAP is in its lowest 20% → it tends to go UP over the next 20 days.",True,three lights green -> paper order
2026-03-16,1346049,INDUSINDBK,"INDUSINDBK, daily: when VWAP is in its lowest 20% → it tends to go UP over the next 20 days.",False,stock already has a position
2026-03-17,1346049,INDUSINDBK,"INDUSINDBK, daily: when VWAP is in its lowest 20% → it tends to go UP over the next 20 days.",False,stock already has a position
2026-03-19,1346049,INDUSINDBK,"INDUSINDBK, daily: when VWAP is in its lowest 20% → it tends to go UP over the next 20 days.",False,stock already has a position
2026-03-20,1346049,INDUSINDBK,"INDUSINDBK, daily: when VWAP is in its lowest 20% → it tends to go UP over the next 20 days.",False,stock already has a position
2026-03-23,1346049,INDUSINDBK,"INDUSINDBK, daily: when VWAP is in its lowest 20% → it tends to go UP over the next 20 days.",False,stock already has a position
2026-03-24,1346049,INDUSINDBK,"INDUSINDBK, daily: when VWAP is in its lowest 20% → it tends to go UP over the next 20 days.",True,three lights green -> paper order
2026-03-25,1346049,INDUSINDBK,"INDUSINDBK, daily: when VWAP is in its lowest 20% → it tends to go UP over the next 20 days.",False,stock already has a position
2026-03-27,1346049,INDUSINDBK,"INDUSINDBK, daily: when VWAP is in its lowest 20% → it tends to go UP over the next 20 days.",False,stock already has a position
2026-03-30,1346049,INDUSINDBK,"INDUSINDBK, daily: when VWAP is in its lowest 20% → it tends to go UP over the next 20 days.",False,stock already has a position
2026-04-01,1346049,INDUSINDBK,"INDUSINDBK, daily: when VWAP is in its lowest 20% → it tends to go UP over the next 20 days.",True,three lights green -> paper order
2026-04-02,1346049,INDUSINDBK,"INDUSINDBK, daily: when VWAP is in its lowest 20% → it tends to go UP over the next 20 days.",False,stock already has a position
2026-04-06,1346049,INDUSINDBK,"INDUSINDBK, daily: when VWAP is in its lowest 20% → it tends to go UP over the next 20 days.",False,stock already has a position
2026-04-07,1346049,INDUSINDBK,"INDUSINDBK, daily: when VWAP is in its lowest 20% → it tends to go UP over the next 20 days.",False,stock already has a position
2026-04-09,1346049,INDUSINDBK,"INDUSINDBK, daily: when VWAP is in its lowest 20% → it tends to go UP over the next 20 days.",True,three lights green -> paper order
2026-04-13,1346049,INDUSINDBK,"INDUSINDBK, daily: when VWAP is in its lowest 20% → it tends to go UP over the next 20 days.",False,stock already has a position
2026-01-09,2863105,IDFCFIRSTB,"IDFCFIRSTB, daily: when VWAP is in its highest 20% → it tends to go DOWN over the next 20 days.",True,three lights green -> paper order
2026-01-12,2863105,IDFCFIRSTB,"IDFCFIRSTB, daily: when VWAP is in its highest 20% → it tends to go DOWN over the next 20 days.",False,stock already has a position
2026-01-13,2863105,IDFCFIRSTB,"IDFCFIRSTB, daily: when VWAP is in its highest 20% → it tends to go DOWN over the next 20 days.",False,stock already has a position
2026-01-14,2863105,IDFCFIRSTB,"IDFCFIRSTB, daily: when VWAP is in its highest 20% → it tends to go DOWN over the next 20 days.",True,three lights green -> paper order
2026-01-16,2863105,IDFCFIRSTB,"IDFCFIRSTB, daily: when VWAP is in its highest 20% → it tends to go DOWN over the next 20 days.",False,stock already has a position
2026-01-19,2863105,IDFCFIRSTB,"IDFCFIRSTB, daily: when VWAP is in its highest 20% → it tends to go DOWN over the next 20 days.",False,stock already has a position
2026-01-20,2863105,IDFCFIRSTB,"IDFCFIRSTB, daily: when VWAP is in its highest 20% → it tends to go DOWN over the next 20 days.",False,stock already has a position
2026-01-21,2863105,IDFCFIRSTB,"IDFCFIRSTB, daily: when VWAP is in its highest 20% → it tends to go DOWN over the next 20 days.",False,stock already has a position
2026-01-22,2863105,IDFCFIRSTB,"IDFCFIRSTB, daily: when VWAP is in its highest 20% → it tends to go DOWN over the next 20 days.",True,three lights green -> paper order
2026-01-23,2863105,IDFCFIRSTB,"IDFCFIRSTB, daily: when VWAP is in its highest 20% → it tends to go DOWN over the next 20 days.",False,stock already has a position
2026-01-27,2863105,IDFCFIRSTB,"IDFCFIRSTB, daily: when VWAP is in its highest 20% → it tends to go DOWN over the next 20 days.",False,stock already has a position
2026-01-28,2863105,IDFCFIRSTB,"IDFCFIRSTB, daily: when VWAP is in its highest 20% → it tends to go DOWN over the next 20 days.",False,stock already has a position
2026-01-29,2863105,IDFCFIRSTB,"IDFCFIRSTB, daily: when VWAP is in its highest 20% → it tends to go DOWN over the next 20 days.",False,stock already has a position
2026-01-30,2863105,IDFCFIRSTB,"IDFCFIRSTB, daily: when VWAP is in its highest 20% → it tends to go DOWN over the next 20 days.",False,stock already has a position
2026-02-01,2863105,IDFCFIRSTB,"IDFCFIRSTB, daily: when VWAP is in its highest 20% → it tends to go DOWN over the next 20 days.",False,stock already has a position
2026-02-02,2863105,IDFCFIRSTB,"IDFCFIRSTB, daily: when VWAP is in its highest 20% → it tends to go DOWN over the next 20 days.",True,three lights green -> paper order
2026-02-03,2863105,IDFCFIRSTB,"IDFCFIRSTB, daily: when VWAP is in its highest 20% → it tends to go DOWN over the next 20 days.",False,stock already has a position
2026-02-04,2863105,IDFCFIRSTB,"IDFCFIRSTB, daily: when VWAP is in its highest 20% → it tends to go DOWN over the next 20 days.",False,stock already has a position
2026-02-05,2863105,IDFCFIRSTB,"IDFCFIRSTB, daily: when VWAP is in its highest 20% → it tends to go DOWN over the next 20 days.",False,stock already has a position
2026-02-06,2863105,IDFCFIRSTB,"IDFCFIRSTB, daily: when VWAP is in its highest 20% → it tends to go DOWN over the next 20 days.",False,stock already has a position
2026-02-09,2863105,IDFCFIRSTB,"IDFCFIRSTB, daily: when VWAP is in its highest 20% → it tends to go DOWN over the next 20 days.",False,stock already has a position
2026-02-10,2863105,IDFCFIRSTB,"IDFCFIRSTB, daily: when VWAP is in its highest 20% → it tends to go DOWN over the next 20 days.",False,stock already has a position
2026-02-11,2863105,IDFCFIRSTB,"IDFCFIRSTB, daily: when VWAP is in its highest 20% → it tends to go DOWN over the next 20 days.",False,stock already has a position
2026-02-12,2863105,IDFCFIRSTB,"IDFCFIRSTB, daily: when VWAP is in its highest 20% → it tends to go DOWN over the next 20 days.",False,stock already has a position
2026-02-13,2863105,IDFCFIRSTB,"IDFCFIRSTB, daily: when VWAP is in its highest 20% → it tends to go DOWN over the next 20 days.",True,three lights green -> paper order
2026-02-16,2863105,IDFCFIRSTB,"IDFCFIRSTB, daily: when VWAP is in its highest 20% → it tends to go DOWN over the next 20 days.",False,stock already has a position
2026-02-17,2863105,IDFCFIRSTB,"IDFCFIRSTB, daily: when VWAP is in its highest 20% → it tends to go DOWN over the next 20 days.",False,stock already has a position
2026-02-18,2863105,IDFCFIRSTB,"IDFCFIRSTB, daily: when VWAP is in its highest 20% → it tends to go DOWN over the next 20 days.",True,three lights green -> paper order
2026-02-19,2863105,IDFCFIRSTB,"IDFCFIRSTB, daily: when VWAP is in its highest 20% → it tends to go DOWN over the next 20 days.",False,stock already has a position
2026-02-20,2863105,IDFCFIRSTB,"IDFCFIRSTB, daily: when VWAP is in its highest 20% → it tends to go DOWN over the next 20 days.",False,stock already has a position
2026-06-22,2863105,IDFCFIRSTB,"IDFCFIRSTB, daily: when VWAP is in its highest 20% → it tends to go DOWN over the next 20 days.",True,three lights green -> paper order
2026-06-25,2863105,IDFCFIRSTB,"IDFCFIRSTB, daily: when VWAP is in its highest 20% → it tends to go DOWN over the next 20 days.",False,stock already has a position
2026-07-03,2863105,IDFCFIRSTB,"IDFCFIRSTB, daily: when VWAP is in its highest 20% → it tends to go DOWN over the next 20 days.",False,stock already has a position
2026-07-06,2863105,IDFCFIRSTB,"IDFCFIRSTB, daily: when VWAP is in its highest 20% → it tends to go DOWN over the next 20 days.",False,stock already has a position
2026-07-07,2863105,IDFCFIRSTB,"IDFCFIRSTB, daily: when VWAP is in its highest 20% → it tends to go DOWN over the next 20 days.",False,stock already has a position
2026-07-10,2863105,IDFCFIRSTB,"IDFCFIRSTB, daily: when VWAP is in its highest 20% → it tends to go DOWN over the next 20 days.",True,three lights green -> paper order
2026-07-13,2863105,IDFCFIRSTB,"IDFCFIRSTB, daily: when VWAP is in its highest 20% → it tends to go DOWN over the next 20 days.",False,stock already has a position
2026-07-15,2863105,IDFCFIRSTB,"IDFCFIRSTB, daily: when VWAP is in its highest 20% → it tends to go DOWN over the next 20 days.",False,stock already has a position
2026-07-17,2863105,IDFCFIRSTB,"IDFCFIRSTB, daily: when VWAP is in its highest 20% → it tends to go DOWN over the next 20 days.",False,stock already has a position
2026-07-20,2863105,IDFCFIRSTB,"IDFCFIRSTB, daily: when VWAP is in its highest 20% → it tends to go DOWN over the next 20 days.",False,stock already has a position
2026-07-21,2863105,IDFCFIRSTB,"IDFCFIRSTB, daily: when VWAP is in its highest 20% → it tends to go DOWN over the next 20 days.",True,three lights green -> paper order
2026-07-22,2863105,IDFCFIRSTB,"IDFCFIRSTB, daily: when VWAP is in its highest 20% → it tends to go DOWN over the next 20 days.",False,stock already has a position
2026-07-23,2863105,IDFCFIRSTB,"IDFCFIRSTB, daily: when VWAP is in its highest 20% → it tends to go DOWN over the next 20 days.",False,stock already has a position
2026-07-24,2863105,IDFCFIRSTB,"IDFCFIRSTB, daily: when VWAP is in its highest 20% → it tends to go DOWN over the next 20 days.",False,stock already has a position
2026-07-27,2863105,IDFCFIRSTB,"IDFCFIRSTB, daily: when VWAP is in its highest 20% → it tends to go DOWN over the next 20 days.",False,stock already has a position
2026-07-28,2863105,IDFCFIRSTB,"IDFCFIRSTB, daily: when VWAP is in its highest 20% → it tends to go DOWN over the next 20 days.",True,three lights green -> paper order
2026-07-29,2863105,IDFCFIRSTB,"IDFCFIRSTB, daily: when VWAP is in its highest 20% → it tends to go DOWN over the next 20 days.",False,stock already has a position
2026-07-30,2863105,IDFCFIRSTB,"IDFCFIRSTB, daily: when VWAP is in its highest 20% → it tends to go DOWN over the next 20 days.",False,stock already has a position
2026-07-31,2863105,IDFCFIRSTB,"IDFCFIRSTB, daily: when VWAP is in its highest 20% → it tends to go DOWN over the next 20 days.",False,stock already has a position
2026-08-03,2863105,IDFCFIRSTB,"IDFCFIRSTB, daily: when VWAP is in its highest 20% → it tends to go DOWN over the next 20 days.",False,stock already has a position
2026-08-04,2863105,IDFCFIRSTB,"IDFCFIRSTB, daily: when VWAP is in its highest 20% → it tends to go DOWN over the next 20 days.",False,stock already has a position
2026-08-05,2863105,IDFCFIRSTB,"IDFCFIRSTB, daily: when VWAP is in its highest 20% → it tends to go DOWN over the next 20 days.",False,stock already has a position
2026-08-06,2863105,IDFCFIRSTB,"IDFCFIRSTB, daily: when VWAP is in its highest 20% → it tends to go DOWN over the next 20 days.",False,stock already has a position
2026-08-07,2863105,IDFCFIRSTB,"IDFCFIRSTB, daily: when VWAP is in its highest 20% → it tends to go DOWN over the next 20 days.",False,stock already has a position
2026-08-10,2863105,IDFCFIRSTB,"IDFCFIRSTB, daily: when VWAP is in its highest 20% → it tends to go DOWN over the next 20 days.",False,stock already has a position
2026-08-11,2863105,IDFCFIRSTB,"IDFCFIRSTB, daily: when VWAP is in its highest 20% → it tends to go DOWN over the next 20 days.",False,stock already has a position
2026-08-12,2863105,IDFCFIRSTB,"IDFCFIRSTB, daily: when VWAP is in its highest 20% → it tends to go DOWN over the next 20 days.",False,stock already has a position
2026-08-13,2863105,IDFCFIRSTB,"IDFCFIRSTB, daily: when VWAP is in its highest 20% → it tends to go DOWN over the next 20 days.",False,stock already has a position
2026-08-14,2863105,IDFCFIRSTB,"IDFCFIRSTB, daily: when VWAP is in its highest 20% → it tends to go DOWN over the next 20 days.",False,stock already has a position
2026-08-17,2863105,IDFCFIRSTB,"IDFCFIRSTB, daily: when VWAP is in its highest 20% → it tends to go DOWN over the next 20 days.",False,stock already has a position
2026-08-18,2863105,IDFCFIRSTB,"IDFCFIRSTB, daily: when VWAP is in its highest 20% → it tends to go DOWN over the next 20 days.",False,stock already has a position
2026-08-19,2863105,IDFCFIRSTB,"IDFCFIRSTB, daily: when VWAP is in its highest 20% → it tends to go DOWN over the next 20 days.",False,stock already has a position
2026-08-20,2863105,IDFCFIRSTB,"IDFCFIRSTB, daily: when VWAP is in its highest 20% → it tends to go DOWN over the next 20 days.",False,stock already has a position
2026-08-21,2863105,IDFCFIRSTB,"IDFCFIRSTB, daily: when VWAP is in its highest 20% → it tends to go DOWN over the next 20 days.",False,stock already has a position
2026-08-24,2863105,IDFCFIRSTB,"IDFCFIRSTB, daily: when VWAP is in its highest 20% → it tends to go DOWN over the next 20 days.",False,stock already has a position
2026-08-25,2863105,IDFCFIRSTB,"IDFCFIRSTB, daily: when VWAP is in its highest 20% → it tends to go DOWN over the next 20 days.",False,stock already has a position
2026-08-26,2863105,IDFCFIRSTB,"IDFCFIRSTB, daily: when VWAP is in its highest 20% → it tends to go DOWN over the next 20 days.",False,stock already has a position
2026-08-27,2863105,IDFCFIRSTB,"IDFCFIRSTB, daily: when VWAP is in its highest 20% → it tends to go DOWN over the next 20 days.",False,stock already has a position
2026-08-28,2863105,IDFCFIRSTB,"IDFCFIRSTB, daily: when VWAP is in its highest 20% → it tends to go DOWN over the next 20 days.",False,stock already has a position
2026-08-31,2863105,IDFCFIRSTB,"IDFCFIRSTB, daily: when VWAP is in its highest 20% → it tends to go DOWN over the next 20 days.",False,stock already has a position
2026-09-01,2863105,IDFCFIRSTB,"IDFCFIRSTB, daily: when VWAP is in its highest 20% → it tends to go DOWN over the next 20 days.",False,stock already has a position
2026-09-02,2863105,IDFCFIRSTB,"IDFCFIRSTB, daily: when VWAP is in its highest 20% → it tends to go DOWN over the next 20 days.",False,stock already has a position
2026-09-03,2863105,IDFCFIRSTB,"IDFCFIRSTB, daily: when VWAP is in its highest 20% → it tends to go DOWN over the next 20 days.",False,stock already has a position
2026-09-04,2863105,IDFCFIRSTB,"IDFCFIRSTB, daily: when VWAP is in its highest 20% → it tends to go DOWN over the next 20 days.",True,three lights green -> paper order
2026-09-07,2863105,IDFCFIRSTB,"IDFCFIRSTB, daily: when VWAP is in its highest 20% → it tends to go DOWN over the next 20 days.",False,stock already has a position
2026-09-08,2863105,IDFCFIRSTB,"IDFCFIRSTB, daily: when VWAP is in its highest 20% → it tends to go DOWN over the next 20 days.",False,stock already has a position
2026-09-09,2863105,IDFCFIRSTB,"IDFCFIRSTB, daily: when VWAP is in its highest 20% → it tends to go DOWN over the next 20 days.",False,stock already has a position
2026-09-10,2863105,IDFCFIRSTB,"IDFCFIRSTB, daily: when VWAP is in its highest 20% → it tends to go DOWN over the next 20 days.",False,stock already has a position
2026-01-09,951809,VOLTAS,"VOLTAS, daily: when VWAP is in its highest 20% → it tends to go DOWN over the next 20 days.",True,three lights green -> paper order
2026-01-12,951809,VOLTAS,"VOLTAS, daily: when VWAP is in its highest 20% → it tends to go DOWN over the next 20 days.",False,stock already has a position
2026-01-13,951809,VOLTAS,"VOLTAS, daily: when VWAP is in its highest 20% → it tends to go DOWN over the next 20 days.",False,stock already has a position
2026-01-14,951809,VOLTAS,"VOLTAS, daily: when VWAP is in its highest 20% → it tends to go DOWN over the next 20 days.",False,stock already has a position
2026-01-16,951809,VOLTAS,"VOLTAS, daily: when VWAP is in its highest 20% → it tends to go DOWN over the next 20 days.",False,stock already has a position
2026-01-19,951809,VOLTAS,"VOLTAS, daily: when VWAP is in its highest 20% → it tends to go DOWN over the next 20 days.",True,three lights green -> paper order
2026-02-03,951809,VOLTAS,"VOLTAS, daily: when VWAP is in its highest 20% → it tends to go DOWN over the next 20 days.",True,three lights green -> paper order
2026-02-04,951809,VOLTAS,"VOLTAS, daily: when VWAP is in its highest 20% → it tends to go DOWN over the next 20 days.",False,stock already has a position
2026-02-05,951809,VOLTAS,"VOLTAS, daily: when VWAP is in its highest 20% → it tends to go DOWN over the next 20 days.",False,stock already has a position
2026-02-06,951809,VOLTAS,"VOLTAS, daily: when VWAP is in its highest 20% → it tends to go DOWN over the next 20 days.",True,three lights green -> paper order
2026-02-09,951809,VOLTAS,"VOLTAS, daily: when VWAP is in its highest 20% → it tends to go DOWN over the next 20 days.",False,stock already has a position
2026-02-10,951809,VOLTAS,"VOLTAS, daily: when VWAP is in its highest 20% → it tends to go DOWN over the next 20 days.",False,stock already has a position
2026-02-11,951809,VOLTAS,"VOLTAS, daily: when VWAP is in its highest 20% → it tends to go DOWN over the next 20 days.",True,three lights green -> paper order
2026-02-12,951809,VOLTAS,"VOLTAS, daily: when VWAP is in its highest 20% → it tends to go DOWN over the next 20 days.",False,stock already has a position
2026-02-13,951809,VOLTAS,"VOLTAS, daily: when VWAP is in its highest 20% → it tends to go DOWN over the next 20 days.",False,stock already has a position
2026-02-16,951809,VOLTAS,"VOLTAS, daily: when VWAP is in its highest 20% → it tends to go DOWN over the next 20 days.",False,stock already has a position
2026-02-17,951809,VOLTAS,"VOLTAS, daily: when VWAP is in its highest 20% → it tends to go DOWN over the next 20 days.",False,stock already has a position
2026-02-18,951809,VOLTAS,"VOLTAS, daily: when VWAP is in its highest 20% → it tends to go DOWN over the next 20 days.",False,stock already has a position
2026-02-19,951809,VOLTAS,"VOLTAS, daily: when VWAP is in its highest 20% → it tends to go DOWN over the next 20 days.",True,three lights green -> paper order
2026-02-20,951809,VOLTAS,"VOLTAS, daily: when VWAP is in its highest 20% → it tends to go DOWN over the next 20 days.",False,stock already has a position
2026-02-23,951809,VOLTAS,"VOLTAS, daily: when VWAP is in its highest 20% → it tends to go DOWN over the next 20 days.",False,stock already has a position
2026-02-24,951809,VOLTAS,"VOLTAS, daily: when VWAP is in its highest 20% → it tends to go DOWN over the next 20 days.",True,three lights green -> paper order
2026-02-25,951809,VOLTAS,"VOLTAS, daily: when VWAP is in its highest 20% → it tends to go DOWN over the next 20 days.",False,stock already has a position
2026-02-26,951809,VOLTAS,"VOLTAS, daily: when VWAP is in its highest 20% → it tends to go DOWN over the next 20 days.",False,stock already has a position
2026-02-27,951809,VOLTAS,"VOLTAS, daily: when VWAP is in its highest 20% → it tends to go DOWN over the next 20 days.",False,stock already has a position
2026-03-02,951809,VOLTAS,"VOLTAS, daily: when VWAP is in its highest 20% → it tends to go DOWN over the next 20 days.",False,stock already has a position
2026-03-04,951809,VOLTAS,"VOLTAS, daily: when VWAP is in its highest 20% → it tends to go DOWN over the next 20 days.",True,three lights green -> paper order
2026-03-05,951809,VOLTAS,"VOLTAS, daily: when VWAP is in its highest 20% → it tends to go DOWN over the next 20 days.",False,stock already has a position
2026-03-06,951809,VOLTAS,"VOLTAS, daily: when VWAP is in its highest 20% → it tends to go DOWN over the next 20 days.",False,stock already has a position
2026-03-09,951809,VOLTAS,"VOLTAS, daily: when VWAP is in its highest 20% → it tends to go DOWN over the next 20 days.",True,three lights green -> paper order
2026-03-10,951809,VOLTAS,"VOLTAS, daily: when VWAP is in its highest 20% → it tends to go DOWN over the next 20 days.",False,stock already has a position
2026-03-11,951809,VOLTAS,"VOLTAS, daily: when VWAP is in its highest 20% → it tends to go DOWN over the next 20 days.",False,stock already has a position
2026-03-12,951809,VOLTAS,"VOLTAS, daily: when VWAP is in its highest 20% → it tends to go DOWN over the next 20 days.",True,three lights green -> paper order
2026-03-13,951809,VOLTAS,"VOLTAS, daily: when VWAP is in its highest 20% → it tends to go DOWN over the next 20 days.",False,stock already has a position
2026-03-16,951809,VOLTAS,"VOLTAS, daily: when VWAP is in its highest 20% → it tends to go DOWN over the next 20 days.",False,stock already has a position
2026-03-17,951809,VOLTAS,"VOLTAS, daily: when VWAP is in its highest 20% → it tends to go DOWN over the next 20 days.",True,three lights green -> paper order
2026-03-18,951809,VOLTAS,"VOLTAS, daily: when VWAP is in its highest 20% → it tends to go DOWN over the next 20 days.",False,stock already has a position
2026-04-15,951809,VOLTAS,"VOLTAS, daily: when VWAP is in its highest 20% → it tends to go DOWN over the next 20 days.",True,three lights green -> paper order
2026-04-16,951809,VOLTAS,"VOLTAS, daily: when VWAP is in its highest 20% → it tends to go DOWN over the next 20 days.",False,stock already has a position
2026-04-17,951809,VOLTAS,"VOLTAS, daily: when VWAP is in its highest 20% → it tends to go DOWN over the next 20 days.",False,stock already has a position
2026-04-20,951809,VOLTAS,"VOLTAS, daily: when VWAP is in its highest 20% → it tends to go DOWN over the next 20 days.",False,stock already has a position
2026-04-21,951809,VOLTAS,"VOLTAS, daily: when VWAP is in its highest 20% → it tends to go DOWN over the next 20 days.",True,three lights green -> paper order
2026-04-22,951809,VOLTAS,"VOLTAS, daily: when VWAP is in its highest 20% → it tends to go DOWN over the next 20 days.",False,stock already has a position
2026-04-23,951809,VOLTAS,"VOLTAS, daily: when VWAP is in its highest 20% → it tends to go DOWN over the next 20 days.",False,stock already has a position
2026-04-24,951809,VOLTAS,"VOLTAS, daily: when VWAP is in its highest 20% → it tends to go DOWN over the next 20 days.",False,stock already has a position
2026-04-27,951809,VOLTAS,"VOLTAS, daily: when VWAP is in its highest 20% → it tends to go DOWN over the next 20 days.",False,stock already has a position
2026-04-28,951809,VOLTAS,"VOLTAS, daily: when VWAP is in its highest 20% → it tends to go DOWN over the next 20 days.",True,three lights green -> paper order
2026-04-29,951809,VOLTAS,"VOLTAS, daily: when VWAP is in its highest 20% → it tends to go DOWN over the next 20 days.",False,stock already has a position
2026-04-30,951809,VOLTAS,"VOLTAS, daily: when VWAP is in its highest 20% → it tends to go DOWN over the next 20 days.",False,stock already has a position
2026-05-04,951809,VOLTAS,"VOLTAS, daily: when VWAP is in its highest 20% → it tends to go DOWN over the next 20 days.",True,three lights green -> paper order
2026-05-05,951809,VOLTAS,"VOLTAS, daily: when VWAP is in its highest 20% → it tends to go DOWN over the next 20 days.",False,stock already has a position
2026-05-06,951809,VOLTAS,"VOLTAS, daily: when VWAP is in its highest 20% → it tends to go DOWN over the next 20 days.",False,stock already has a position
2026-05-07,951809,VOLTAS,"VOLTAS, daily: when VWAP is in its highest 20% → it tends to go DOWN over the next 20 days.",True,three lights green -> paper order
2026-06-22,951809,VOLTAS,"VOLTAS, daily: when VWAP is in its highest 20% → it tends to go DOWN over the next 20 days.",True,three lights green -> paper order
2026-07-15,951809,VOLTAS,"VOLTAS, daily: when VWAP is in its highest 20% → it tends to go DOWN over the next 20 days.",True,three lights green -> paper order
2026-07-16,951809,VOLTAS,"VOLTAS, daily: when VWAP is in its highest 20% → it tends to go DOWN over the next 20 days.",False,stock already has a position
2026-03-04,60417,ASIANPAINT,"ASIANPAINT, daily: when VWAP is in its lowest 20% → it tends to go UP over the next 20 days.",True,three lights green -> paper order
2026-03-05,60417,ASIANPAINT,"ASIANPAINT, daily: when VWAP is in its lowest 20% → it tends to go UP over the next 20 days.",False,stock already has a position
2026-03-06,60417,ASIANPAINT,"ASIANPAINT, daily: when VWAP is in its lowest 20% → it tends to go UP over the next 20 days.",False,stock already has a position
2026-03-09,60417,ASIANPAINT,"ASIANPAINT, daily: when VWAP is in its lowest 20% → it tends to go UP over the next 20 days.",False,stock already has a position
2026-03-10,60417,ASIANPAINT,"ASIANPAINT, daily: when VWAP is in its lowest 20% → it tends to go UP over the next 20 days.",True,three lights green -> paper order
2026-03-11,60417,ASIANPAINT,"ASIANPAINT, daily: when VWAP is in its lowest 20% → it tends to go UP over the next 20 days.",False,stock already has a position
2026-03-12,60417,ASIANPAINT,"ASIANPAINT, daily: when VWAP is in its lowest 20% → it tends to go UP over the next 20 days.",False,stock already has a position
2026-03-13,60417,ASIANPAINT,"ASIANPAINT, daily: when VWAP is in its lowest 20% → it tends to go UP over the next 20 days.",True,three lights green -> paper order
2026-03-16,60417,ASIANPAINT,"ASIANPAINT, daily: when VWAP is in its lowest 20% → it tends to go UP over the next 20 days.",False,stock already has a position
2026-03-17,60417,ASIANPAINT,"ASIANPAINT, daily: when VWAP is in its lowest 20% → it tends to go UP over the next 20 days.",False,stock already has a position
2026-03-18,60417,ASIANPAINT,"ASIANPAINT, daily: when VWAP is in its lowest 20% → it tends to go UP over the next 20 days.",False,stock already has a position
2026-03-19,60417,ASIANPAINT,"ASIANPAINT, daily: when VWAP is in its lowest 20% → it tends to go UP over the next 20 days.",False,stock already has a position
2026-03-20,60417,ASIANPAINT,"ASIANPAINT, daily: when VWAP is in its lowest 20% → it tends to go UP over the next 20 days.",False,stock already has a position
2026-03-23,60417,ASIANPAINT,"ASIANPAINT, daily: when VWAP is in its lowest 20% → it tends to go UP over the next 20 days.",False,stock already has a position
2026-03-24,60417,ASIANPAINT,"ASIANPAINT, daily: when VWAP is in its lowest 20% → it tends to go UP over the next 20 days.",True,three lights green -> paper order
2026-03-25,60417,ASIANPAINT,"ASIANPAINT, daily: when VWAP is in its lowest 20% → it tends to go UP over the next 20 days.",False,stock already has a position
2026-03-27,60417,ASIANPAINT,"ASIANPAINT, daily: when VWAP is in its lowest 20% → it tends to go UP over the next 20 days.",False,stock already has a position
2026-03-30,60417,ASIANPAINT,"ASIANPAINT, daily: when VWAP is in its lowest 20% → it tends to go UP over the next 20 days.",False,stock already has a position
2026-04-01,60417,ASIANPAINT,"ASIANPAINT, daily: when VWAP is in its lowest 20% → it tends to go UP over the next 20 days.",True,three lights green -> paper order
2026-04-02,60417,ASIANPAINT,"ASIANPAINT, daily: when VWAP is in its lowest 20% → it tends to go UP over the next 20 days.",False,stock already has a position
2026-04-06,60417,ASIANPAINT,"ASIANPAINT, daily: when VWAP is in its lowest 20% → it tends to go UP over the next 20 days.",False,stock already has a position
2026-04-07,60417,ASIANPAINT,"ASIANPAINT, daily: when VWAP is in its lowest 20% → it tends to go UP over the next 20 days.",False,stock already has a position
2026-04-08,60417,ASIANPAINT,"ASIANPAINT, daily: when VWAP is in its lowest 20% → it tends to go UP over the next 20 days.",False,stock already has a position
2026-04-09,60417,ASIANPAINT,"ASIANPAINT, daily: when VWAP is in its lowest 20% → it tends to go UP over the next 20 days.",True,three lights green -> paper order
2026-01-09,2800641,DIVISLAB,"DIVISLAB, daily: when VWAP is in its highest 20% → it tends to go DOWN over the next 20 days.",True,three lights green -> paper order
2026-01-12,2800641,DIVISLAB,"DIVISLAB, daily: when VWAP is in its highest 20% → it tends to go DOWN over the next 20 days.",False,stock already has a position
2026-01-13,2800641,DIVISLAB,"DIVISLAB, daily: when VWAP is in its highest 20% → it tends to go DOWN over the next 20 days.",False,stock already has a position
2026-01-14,2800641,DIVISLAB,"DIVISLAB, daily: when VWAP is in its highest 20% → it tends to go DOWN over the next 20 days.",True,three lights green -> paper order
2026-01-16,2800641,DIVISLAB,"DIVISLAB, daily: when VWAP is in its highest 20% → it tends to go DOWN over the next 20 days.",False,stock already has a position
2026-01-19,2800641,DIVISLAB,"DIVISLAB, daily: when VWAP is in its highest 20% → it tends to go DOWN over the next 20 days.",False,stock already has a position
2026-01-20,2800641,DIVISLAB,"DIVISLAB, daily: when VWAP is in its highest 20% → it tends to go DOWN over the next 20 days.",True,three lights green -> paper order
2026-01-22,2800641,DIVISLAB,"DIVISLAB, daily: when VWAP is in its highest 20% → it tends to go DOWN over the next 20 days.",False,stock already has a position
2026-01-23,2800641,DIVISLAB,"DIVISLAB, daily: when VWAP is in its highest 20% → it tends to go DOWN over the next 20 days.",False,stock already has a position
2026-01-27,2800641,DIVISLAB,"DIVISLAB, daily: when VWAP is in its highest 20% → it tends to go DOWN over the next 20 days.",False,stock already has a position
2026-01-28,2800641,DIVISLAB,"DIVISLAB, daily: when VWAP is in its highest 20% → it tends to go DOWN over the next 20 days.",False,stock already has a position
2026-01-29,2800641,DIVISLAB,"DIVISLAB, daily: when VWAP is in its highest 20% → it tends to go DOWN over the next 20 days.",True,three lights green -> paper order
2026-02-03,2800641,DIVISLAB,"DIVISLAB, daily: when VWAP is in its highest 20% → it tends to go DOWN over the next 20 days.",False,stock already has a position
2026-02-04,2800641,DIVISLAB,"DIVISLAB, daily: when VWAP is in its highest 20% → it tends to go DOWN over the next 20 days.",True,three lights green -> paper order
2026-02-05,2800641,DIVISLAB,"DIVISLAB, daily: when VWAP is in its highest 20% → it tends to go DOWN over the next 20 days.",False,stock already has a position
2026-02-09,2800641,DIVISLAB,"DIVISLAB, daily: when VWAP is in its highest 20% → it tends to go DOWN over the next 20 days.",False,stock already has a position
2026-02-10,2800641,DIVISLAB,"DIVISLAB, daily: when VWAP is in its highest 20% → it tends to go DOWN over the next 20 days.",False,stock already has a position
2026-02-11,2800641,DIVISLAB,"DIVISLAB, daily: when VWAP is in its highest 20% → it tends to go DOWN over the next 20 days.",True,three lights green -> paper order
2026-02-12,2800641,DIVISLAB,"DIVISLAB, daily: when VWAP is in its highest 20% → it tends to go DOWN over the next 20 days.",False,stock already has a position
2026-02-13,2800641,DIVISLAB,"DIVISLAB, daily: when VWAP is in its highest 20% → it tends to go DOWN over the next 20 days.",False,stock already has a position
2026-02-16,2800641,DIVISLAB,"DIVISLAB, daily: when VWAP is in its highest 20% → it tends to go DOWN over the next 20 days.",True,three lights green -> paper order
2026-02-17,2800641,DIVISLAB,"DIVISLAB, daily: when VWAP is in its highest 20% → it tends to go DOWN over the next 20 days.",False,stock already has a position
2026-02-18,2800641,DIVISLAB,"DIVISLAB, daily: when VWAP is in its highest 20% → it tends to go DOWN over the next 20 days.",False,stock already has a position
2026-02-19,2800641,DIVISLAB,"DIVISLAB, daily: when VWAP is in its highest 20% → it tends to go DOWN over the next 20 days.",False,stock already has a position
2026-02-20,2800641,DIVISLAB,"DIVISLAB, daily: when VWAP is in its highest 20% → it tends to go DOWN over the next 20 days.",True,three lights green -> paper order
2026-02-23,2800641,DIVISLAB,"DIVISLAB, daily: when VWAP is in its highest 20% → it tends to go DOWN over the next 20 days.",False,stock already has a position
2026-02-24,2800641,DIVISLAB,"DIVISLAB, daily: when VWAP is in its highest 20% → it tends to go DOWN over the next 20 days.",False,stock already has a position
2026-02-25,2800641,DIVISLAB,"DIVISLAB, daily: when VWAP is in its highest 20% → it tends to go DOWN over the next 20 days.",False,stock already has a position
2026-02-26,2800641,DIVISLAB,"DIVISLAB, daily: when VWAP is in its highest 20% → it tends to go DOWN over the next 20 days.",False,stock already has a position
2026-02-27,2800641,DIVISLAB,"DIVISLAB, daily: when VWAP is in its highest 20% → it tends to go DOWN over the next 20 days.",True,three lights green -> paper order
2026-03-02,2800641,DIVISLAB,"DIVISLAB, daily: when VWAP is in its highest 20% → it tends to go DOWN over the next 20 days.",False,stock already has a position
2026-03-04,2800641,DIVISLAB,"DIVISLAB, daily: when VWAP is in its highest 20% → it tends to go DOWN over the next 20 days.",False,stock already has a position
2026-03-05,2800641,DIVISLAB,"DIVISLAB, daily: when VWAP is in its highest 20% → it tends to go DOWN over the next 20 days.",False,stock already has a position
2026-03-06,2800641,DIVISLAB,"DIVISLAB, daily: when VWAP is in its highest 20% → it tends to go DOWN over the next 20 days.",False,stock already has a position
2026-03-09,2800641,DIVISLAB,"DIVISLAB, daily: when VWAP is in its highest 20% → it tends to go DOWN over the next 20 days.",False,stock already has a position
2026-03-10,2800641,DIVISLAB,"DIVISLAB, daily: when VWAP is in its highest 20% → it tends to go DOWN over the next 20 days.",False,stock already has a position
2026-03-11,2800641,DIVISLAB,"DIVISLAB, daily: when VWAP is in its highest 20% → it tends to go DOWN over the next 20 days.",True,three lights green -> paper order
2026-03-12,2800641,DIVISLAB,"DIVISLAB, daily: when VWAP is in its highest 20% → it tends to go DOWN over the next 20 days.",False,stock already has a position
2026-03-13,2800641,DIVISLAB,"DIVISLAB, daily: when VWAP is in its highest 20% → it tends to go DOWN over the next 20 days.",False,stock already has a position
2026-03-16,2800641,DIVISLAB,"DIVISLAB, daily: when VWAP is in its highest 20% → it tends to go DOWN over the next 20 days.",True,three lights green -> paper order
2026-03-17,2800641,DIVISLAB,"DIVISLAB, daily: when VWAP is in its highest 20% → it tends to go DOWN over the next 20 days.",False,stock already has a position
2026-03-18,2800641,DIVISLAB,"DIVISLAB, daily: when VWAP is in its highest 20% → it tends to go DOWN over the next 20 days.",False,stock already has a position
2026-03-20,2800641,DIVISLAB,"DIVISLAB, daily: when VWAP is in its highest 20% → it tends to go DOWN over the next 20 days.",False,stock already has a position
2026-03-25,2800641,DIVISLAB,"DIVISLAB, daily: when VWAP is in its highest 20% → it tends to go DOWN over the next 20 days.",False,stock already has a position
2026-04-10,2800641,DIVISLAB,"DIVISLAB, daily: when VWAP is in its highest 20% → it tends to go DOWN over the next 20 days.",True,three lights green -> paper order
2026-04-13,2800641,DIVISLAB,"DIVISLAB, daily: when VWAP is in its highest 20% → it tends to go DOWN over the next 20 days.",False,stock already has a position
2026-04-15,2800641,DIVISLAB,"DIVISLAB, daily: when VWAP is in its highest 20% → it tends to go DOWN over the next 20 days.",False,stock already has a position
2026-04-16,2800641,DIVISLAB,"DIVISLAB, daily: when VWAP is in its highest 20% → it tends to go DOWN over the next 20 days.",True,three lights green -> paper order
2026-04-17,2800641,DIVISLAB,"DIVISLAB, daily: when VWAP is in its highest 20% → it tends to go DOWN over the next 20 days.",False,stock already has a position
2026-04-20,2800641,DIVISLAB,"DIVISLAB, daily: when VWAP is in its highest 20% → it tends to go DOWN over the next 20 days.",False,stock already has a position
2026-04-21,2800641,DIVISLAB,"DIVISLAB, daily: when VWAP is in its highest 20% → it tends to go DOWN over the next 20 days.",False,stock already has a position
2026-04-22,2800641,DIVISLAB,"DIVISLAB, daily: when VWAP is in its highest 20% → it tends to go DOWN over the next 20 days.",False,stock already has a position
2026-04-23,2800641,DIVISLAB,"DIVISLAB, daily: when VWAP is in its highest 20% → it tends to go DOWN over the next 20 days.",False,stock already has a position
2026-04-24,2800641,DIVISLAB,"DIVISLAB, daily: when VWAP is in its highest 20% → it tends to go DOWN over the next 20 days.",True,three lights green -> paper order
2026-04-27,2800641,DIVISLAB,"DIVISLAB, daily: when VWAP is in its highest 20% → it tends to go DOWN over the next 20 days.",False,stock already has a position
2026-04-28,2800641,DIVISLAB,"DIVISLAB, daily: when VWAP is in its highest 20% → it tends to go DOWN over the next 20 days.",False,stock already has a position
2026-04-29,2800641,DIVISLAB,"DIVISLAB, daily: when VWAP is in its highest 20% → it tends to go DOWN over the next 20 days.",True,three lights green -> paper order
2026-04-30,2800641,DIVISLAB,"DIVISLAB, daily: when VWAP is in its highest 20% → it tends to go DOWN over the next 20 days.",False,stock already has a position
2026-05-04,2800641,DIVISLAB,"DIVISLAB, daily: when VWAP is in its highest 20% → it tends to go DOWN over the next 20 days.",False,stock already has a position
2026-05-05,2800641,DIVISLAB,"DIVISLAB, daily: when VWAP is in its highest 20% → it tends to go DOWN over the next 20 days.",False,stock already has a position
2026-05-06,2800641,DIVISLAB,"DIVISLAB, daily: when VWAP is in its highest 20% → it tends to go DOWN over the next 20 days.",True,three lights green -> paper order
2026-05-07,2800641,DIVISLAB,"DIVISLAB, daily: when VWAP is in its highest 20% → it tends to go DOWN over the next 20 days.",False,stock already has a position
2026-05-08,2800641,DIVISLAB,"DIVISLAB, daily: when VWAP is in its highest 20% → it tends to go DOWN over the next 20 days.",False,stock already has a position
2026-05-11,2800641,DIVISLAB,"DIVISLAB, daily: when VWAP is in its highest 20% → it tends to go DOWN over the next 20 days.",False,stock already has a position
2026-05-12,2800641,DIVISLAB,"DIVISLAB, daily: when VWAP is in its highest 20% → it tends to go DOWN over the next 20 days.",False,stock already has a position
2026-05-13,2800641,DIVISLAB,"DIVISLAB, daily: when VWAP is in its highest 20% → it tends to go DOWN over the next 20 days.",False,stock already has a position
2026-05-14,2800641,DIVISLAB,"DIVISLAB, daily: when VWAP is in its highest 20% → it tends to go DOWN over the next 20 days.",True,three lights green -> paper order
2026-05-15,2800641,DIVISLAB,"DIVISLAB, daily: when VWAP is in its highest 20% → it tends to go DOWN over the next 20 days.",False,stock already has a position
2026-05-18,2800641,DIVISLAB,"DIVISLAB, daily: when VWAP is in its highest 20% → it tends to go DOWN over the next 20 days.",False,stock already has a position
2026-05-19,2800641,DIVISLAB,"DIVISLAB, daily: when VWAP is in its highest 20% → it tends to go DOWN over the next 20 days.",True,three lights green -> paper order
2026-05-20,2800641,DIVISLAB,"DIVISLAB, daily: when VWAP is in its highest 20% → it tends to go DOWN over the next 20 days.",False,stock already has a position
2026-05-21,2800641,DIVISLAB,"DIVISLAB, daily: when VWAP is in its highest 20% → it tends to go DOWN over the next 20 days.",False,stock already has a position
2026-05-22,2800641,DIVISLAB,"DIVISLAB, daily: when VWAP is in its highest 20% → it tends to go DOWN over the next 20 days.",False,stock already has a position
2026-05-25,2800641,DIVISLAB,"DIVISLAB, daily: when VWAP is in its highest 20% → it tends to go DOWN over the next 20 days.",False,stock already has a position
2026-05-26,2800641,DIVISLAB,"DIVISLAB, daily: when VWAP is in its highest 20% → it tends to go DOWN over the next 20 days.",False,stock already has a position
2026-05-27,2800641,DIVISLAB,"DIVISLAB, daily: when VWAP is in its highest 20% → it tends to go DOWN over the next 20 days.",True,three lights green -> paper order
2026-05-29,2800641,DIVISLAB,"DIVISLAB, daily: when VWAP is in its highest 20% → it tends to go DOWN over the next 20 days.",False,stock already has a position
2026-06-01,2800641,DIVISLAB,"DIVISLAB, daily: when VWAP is in its highest 20% → it tends to go DOWN over the next 20 days.",False,stock already has a position
2026-06-02,2800641,DIVISLAB,"DIVISLAB, daily: when VWAP is in its highest 20% → it tends to go DOWN over the next 20 days.",True,three lights green -> paper order
2026-06-03,2800641,DIVISLAB,"DIVISLAB, daily: when VWAP is in its highest 20% → it tends to go DOWN over the next 20 days.",False,stock already has a position
2026-06-04,2800641,DIVISLAB,"DIVISLAB, daily: when VWAP is in its highest 20% → it tends to go DOWN over the next 20 days.",False,stock already has a position
2026-06-05,2800641,DIVISLAB,"DIVISLAB, daily: when VWAP is in its highest 20% → it tends to go DOWN over the next 20 days.",True,three lights green -> paper order
2026-06-08,2800641,DIVISLAB,"DIVISLAB, daily: when VWAP is in its highest 20% → it tends to go DOWN over the next 20 days.",False,stock already has a position
2026-06-09,2800641,DIVISLAB,"DIVISLAB, daily: when VWAP is in its highest 20% → it tends to go DOWN over the next 20 days.",False,stock already has a position
2026-06-10,2800641,DIVISLAB,"DIVISLAB, daily: when VWAP is in its highest 20% → it tends to go DOWN over the next 20 days.",True,three lights green -> paper order
2026-06-11,2800641,DIVISLAB,"DIVISLAB, daily: when VWAP is in its highest 20% → it tends to go DOWN over the next 20 days.",False,stock already has a position
2026-06-12,2800641,DIVISLAB,"DIVISLAB, daily: when VWAP is in its highest 20% → it tends to go DOWN over the next 20 days.",False,stock already has a position
2026-06-15,2800641,DIVISLAB,"DIVISLAB, daily: when VWAP is in its highest 20% → it tends to go DOWN over the next 20 days.",False,stock already has a position
2026-06-16,2800641,DIVISLAB,"DIVISLAB, daily: when VWAP is in its highest 20% → it tends to go DOWN over the next 20 days.",False,stock already has a position
2026-06-17,2800641,DIVISLAB,"DIVISLAB, daily: when VWAP is in its highest 20% → it tends to go DOWN over the next 20 days.",False,stock already has a position
2026-06-18,2800641,DIVISLAB,"DIVISLAB, daily: when VWAP is in its highest 20% → it tends to go DOWN over the next 20 days.",False,stock already has a position
2026-06-19,2800641,DIVISLAB,"DIVISLAB, daily: when VWAP is in its highest 20% → it tends to go DOWN over the next 20 days.",False,stock already has a position
2026-06-22,2800641,DIVISLAB,"DIVISLAB, daily: when VWAP is in its highest 20% → it tends to go DOWN over the next 20 days.",False,stock already has a position
2026-06-23,2800641,DIVISLAB,"DIVISLAB, daily: when VWAP is in its highest 20% → it tends to go DOWN over the next 20 days.",False,stock already has a position
2026-06-24,2800641,DIVISLAB,"DIVISLAB, daily: when VWAP is in its highest 20% → it tends to go DOWN over the next 20 days.",True,three lights green -> paper order
2026-06-25,2800641,DIVISLAB,"DIVISLAB, daily: when VWAP is in its highest 20% → it tends to go DOWN over the next 20 days.",False,stock already has a position
2026-06-29,2800641,DIVISLAB,"DIVISLAB, daily: when VWAP is in its highest 20% → it tends to go DOWN over the next 20 days.",False,stock already has a position
2026-06-30,2800641,DIVISLAB,"DIVISLAB, daily: when VWAP is in its highest 20% → it tends to go DOWN over the next 20 days.",True,three lights green -> paper order
2026-07-01,2800641,DIVISLAB,"DIVISLAB, daily: when VWAP is in its highest 20% → it tends to go DOWN over the next 20 days.",False,stock already has a position
2026-07-02,2800641,DIVISLAB,"DIVISLAB, daily: when VWAP is in its highest 20% → it tends to go DOWN over the next 20 days.",False,stock already has a position
2026-07-03,2800641,DIVISLAB,"DIVISLAB, daily: when VWAP is in its highest 20% → it tends to go DOWN over the next 20 days.",False,stock already has a position
2026-07-06,2800641,DIVISLAB,"DIVISLAB, daily: when VWAP is in its highest 20% → it tends to go DOWN over the next 20 days.",True,three lights green -> paper order
2026-07-07,2800641,DIVISLAB,"DIVISLAB, daily: when VWAP is in its highest 20% → it tends to go DOWN over the next 20 days.",False,stock already has a position
2026-07-08,2800641,DIVISLAB,"DIVISLAB, daily: when VWAP is in its highest 20% → it tends to go DOWN over the next 20 days.",False,stock already has a position
2026-07-09,2800641,DIVISLAB,"DIVISLAB, daily: when VWAP is in its highest 20% → it tends to go DOWN over the next 20 days.",False,stock already has a position
2026-07-10,2800641,DIVISLAB,"DIVISLAB, daily: when VWAP is in its highest 20% → it tends to go DOWN over the next 20 days.",False,stock already has a position
2026-07-13,2800641,DIVISLAB,"DIVISLAB, daily: when VWAP is in its highest 20% → it tends to go DOWN over the next 20 days.",False,stock already has a position
2026-07-14,2800641,DIVISLAB,"DIVISLAB, daily: when VWAP is in its highest 20% → it tends to go DOWN over the next 20 days.",False,stock already has a position
2026-07-15,2800641,DIVISLAB,"DIVISLAB, daily: when VWAP is in its highest 20% → it tends to go DOWN over the next 20 days.",True,three lights green -> paper order
2026-07-16,2800641,DIVISLAB,"DIVISLAB, daily: when VWAP is in its highest 20% → it tends to go DOWN over the next 20 days.",False,stock already has a position
2026-07-17,2800641,DIVISLAB,"DIVISLAB, daily: when VWAP is in its highest 20% → it tends to go DOWN over the next 20 days.",False,stock already has a position
2026-07-20,2800641,DIVISLAB,"DIVISLAB, daily: when VWAP is in its highest 20% → it tends to go DOWN over the next 20 days.",False,stock already has a position
2026-07-21,2800641,DIVISLAB,"DIVISLAB, daily: when VWAP is in its highest 20% → it tends to go DOWN over the next 20 days.",False,stock already has a position
2026-07-22,2800641,DIVISLAB,"DIVISLAB, daily: when VWAP is in its highest 20% → it tends to go DOWN over the next 20 days.",False,stock already has a position
2026-07-23,2800641,DIVISLAB,"DIVISLAB, daily: when VWAP is in its highest 20% → it tends to go DOWN over the next 20 days.",False,stock already has a position
2026-07-24,2800641,DIVISLAB,"DIVISLAB, daily: when VWAP is in its highest 20% → it tends to go DOWN over the next 20 days.",False,stock already has a position
2026-07-27,2800641,DIVISLAB,"DIVISLAB, daily: when VWAP is in its highest 20% → it tends to go DOWN over the next 20 days.",False,stock already has a position
2026-07-28,2800641,DIVISLAB,"DIVISLAB, daily: when VWAP is in its highest 20% → it tends to go DOWN over the next 20 days.",False,stock already has a position
2026-07-29,2800641,DIVISLAB,"DIVISLAB, daily: when VWAP is in its highest 20% → it tends to go DOWN over the next 20 days.",True,three lights green -> paper order
2026-07-30,2800641,DIVISLAB,"DIVISLAB, daily: when VWAP is in its highest 20% → it tends to go DOWN over the next 20 days.",False,stock already has a position
2026-07-31,2800641,DIVISLAB,"DIVISLAB, daily: when VWAP is in its highest 20% → it tends to go DOWN over the next 20 days.",False,stock already has a position
2026-08-03,2800641,DIVISLAB,"DIVISLAB, daily: when VWAP is in its highest 20% → it tends to go DOWN over the next 20 days.",True,three lights green -> paper order
2026-08-04,2800641,DIVISLAB,"DIVISLAB, daily: when VWAP is in its highest 20% → it tends to go DOWN over the next 20 days.",False,stock already has a position
2026-08-05,2800641,DIVISLAB,"DIVISLAB, daily: when VWAP is in its highest 20% → it tends to go DOWN over the next 20 days.",False,stock already has a position
2026-08-06,2800641,DIVISLAB,"DIVISLAB, daily: when VWAP is in its highest 20% → it tends to go DOWN over the next 20 days.",False,stock already has a position
2026-08-07,2800641,DIVISLAB,"DIVISLAB, daily: when VWAP is in its highest 20% → it tends to go DOWN over the next 20 days.",False,stock already has a position
2026-08-10,2800641,DIVISLAB,"DIVISLAB, daily: when VWAP is in its highest 20% → it tends to go DOWN over the next 20 days.",False,stock already has a position
2026-08-11,2800641,DIVISLAB,"DIVISLAB, daily: when VWAP is in its highest 20% → it tends to go DOWN over the next 20 days.",False,stock already has a position
2026-08-12,2800641,DIVISLAB,"DIVISLAB, daily: when VWAP is in its highest 20% → it tends to go DOWN over the next 20 days.",False,stock already has a position
2026-08-13,2800641,DIVISLAB,"DIVISLAB, daily: when VWAP is in its highest 20% → it tends to go DOWN over the next 20 days.",True,three lights green -> paper order
2026-08-14,2800641,DIVISLAB,"DIVISLAB, daily: when VWAP is in its highest 20% → it tends to go DOWN over the next 20 days.",False,stock already has a position
2026-08-17,2800641,DIVISLAB,"DIVISLAB, daily: when VWAP is in its highest 20% → it tends to go DOWN over the next 20 days.",False,stock already has a position
2026-08-18,2800641,DIVISLAB,"DIVISLAB, daily: when VWAP is in its highest 20% → it tends to go DOWN over the next 20 days.",False,stock already has a position
2026-08-19,2800641,DIVISLAB,"DIVISLAB, daily: when VWAP is in its highest 20% → it tends to go DOWN over the next 20 days.",False,stock already has a position
2026-08-20,2800641,DIVISLAB,"DIVISLAB, daily: when VWAP is in its highest 20% → it tends to go DOWN over the next 20 days.",False,stock already has a position
2026-08-21,2800641,DIVISLAB,"DIVISLAB, daily: when VWAP is in its highest 20% → it tends to go DOWN over the next 20 days.",False,stock already has a position
2026-08-24,2800641,DIVISLAB,"DIVISLAB, daily: when VWAP is in its highest 20% → it tends to go DOWN over the next 20 days.",False,stock already has a position
2026-08-25,2800641,DIVISLAB,"DIVISLAB, daily: when VWAP is in its highest 20% → it tends to go DOWN over the next 20 days.",False,stock already has a position
2026-08-26,2800641,DIVISLAB,"DIVISLAB, daily: when VWAP is in its highest 20% → it tends to go DOWN over the next 20 days.",True,three lights green -> paper order
2026-08-27,2800641,DIVISLAB,"DIVISLAB, daily: when VWAP is in its highest 20% → it tends to go DOWN over the next 20 days.",False,stock already has a position
2026-08-28,2800641,DIVISLAB,"DIVISLAB, daily: when VWAP is in its highest 20% → it tends to go DOWN over the next 20 days.",False,stock already has a position
2026-08-31,2800641,DIVISLAB,"DIVISLAB, daily: when VWAP is in its highest 20% → it tends to go DOWN over the next 20 days.",True,three lights green -> paper order
2026-09-01,2800641,DIVISLAB,"DIVISLAB, daily: when VWAP is in its highest 20% → it tends to go DOWN over the next 20 days.",False,stock already has a position
2026-09-02,2800641,DIVISLAB,"DIVISLAB, daily: when VWAP is in its highest 20% → it tends to go DOWN over the next 20 days.",False,stock already has a position
2026-09-03,2800641,DIVISLAB,"DIVISLAB, daily: when VWAP is in its highest 20% → it tends to go DOWN over the next 20 days.",False,stock already has a position
2026-09-04,2800641,DIVISLAB,"DIVISLAB, daily: when VWAP is in its highest 20% → it tends to go DOWN over the next 20 days.",False,stock already has a position
2026-09-07,2800641,DIVISLAB,"DIVISLAB, daily: when VWAP is in its highest 20% → it tends to go DOWN over the next 20 days.",False,stock already has a position
2026-09-08,2800641,DIVISLAB,"DIVISLAB, daily: when VWAP is in its highest 20% → it tends to go DOWN over the next 20 days.",False,stock already has a position
2026-09-10,2800641,DIVISLAB,"DIVISLAB, daily: when VWAP is in its highest 20% → it tends to go DOWN over the next 20 days.",True,three lights green -> paper order
2026-01-09,548353,MFSL,"MFSL, daily: when VWAP is in its highest 20% → it tends to go DOWN over the next 20 days.",True,three lights green -> paper order
2026-01-12,548353,MFSL,"MFSL, daily: when VWAP is in its highest 20% → it tends to go DOWN over the next 20 days.",False,stock already has a position
2026-01-13,548353,MFSL,"MFSL, daily: when VWAP is in its highest 20% → it tends to go DOWN over the next 20 days.",False,stock already has a position
2026-01-14,548353,MFSL,"MFSL, daily: when VWAP is in its highest 20% → it tends to go DOWN over the next 20 days.",False,stock already has a position
2026-01-16,548353,MFSL,"MFSL, daily: when VWAP is in its highest 20% → it tends to go DOWN over the next 20 days.",True,three lights green -> paper order
2026-01-19,548353,MFSL,"MFSL, daily: when VWAP is in its highest 20% → it tends to go DOWN over the next 20 days.",False,stock already has a position
2026-01-20,548353,MFSL,"MFSL, daily: when VWAP is in its highest 20% → it tends to go DOWN over the next 20 days.",False,stock already has a position
2026-01-21,548353,MFSL,"MFSL, daily: when VWAP is in its highest 20% → it tends to go DOWN over the next 20 days.",False,stock already has a position
2026-01-22,548353,MFSL,"MFSL, daily: when VWAP is in its highest 20% → it tends to go DOWN over the next 20 days.",False,stock already has a position
2026-01-23,548353,MFSL,"MFSL, daily: when VWAP is in its highest 20% → it tends to go DOWN over the next 20 days.",False,stock already has a position
2026-01-27,548353,MFSL,"MFSL, daily: when VWAP is in its highest 20% → it tends to go DOWN over the next 20 days.",False,stock already has a position
2026-01-28,548353,MFSL,"MFSL, daily: when VWAP is in its highest 20% → it tends to go DOWN over the next 20 days.",True,three lights green -> paper order
2026-01-29,548353,MFSL,"MFSL, daily: when VWAP is in its highest 20% → it tends to go DOWN over the next 20 days.",False,stock already has a position
2026-01-30,548353,MFSL,"MFSL, daily: when VWAP is in its highest 20% → it tends to go DOWN over the next 20 days.",False,stock already has a position
2026-02-01,548353,MFSL,"MFSL, daily: when VWAP is in its highest 20% → it tends to go DOWN over the next 20 days.",True,three lights green -> paper order
2026-02-02,548353,MFSL,"MFSL, daily: when VWAP is in its highest 20% → it tends to go DOWN over the next 20 days.",False,stock already has a position
2026-02-03,548353,MFSL,"MFSL, daily: when VWAP is in its highest 20% → it tends to go DOWN over the next 20 days.",False,stock already has a position
2026-02-04,548353,MFSL,"MFSL, daily: when VWAP is in its highest 20% → it tends to go DOWN over the next 20 days.",True,three lights green -> paper order
2026-02-05,548353,MFSL,"MFSL, daily: when VWAP is in its highest 20% → it tends to go DOWN over the next 20 days.",False,stock already has a position
2026-02-06,548353,MFSL,"MFSL, daily: when VWAP is in its highest 20% → it tends to go DOWN over the next 20 days.",False,stock already has a position
2026-02-09,548353,MFSL,"MFSL, daily: when VWAP is in its highest 20% → it tends to go DOWN over the next 20 days.",False,stock already has a position
2026-02-10,548353,MFSL,"MFSL, daily: when VWAP is in its highest 20% → it tends to go DOWN over the next 20 days.",True,three lights green -> paper order
2026-02-11,548353,MFSL,"MFSL, daily: when VWAP is in its highest 20% → it tends to go DOWN over the next 20 days.",False,stock already has a position
2026-02-12,548353,MFSL,"MFSL, daily: when VWAP is in its highest 20% → it tends to go DOWN over the next 20 days.",False,stock already has a position
2026-02-13,548353,MFSL,"MFSL, daily: when VWAP is in its highest 20% → it tends to go DOWN over the next 20 days.",True,three lights green -> paper order
2026-02-16,548353,MFSL,"MFSL, daily: when VWAP is in its highest 20% → it tends to go DOWN over the next 20 days.",False,stock already has a position
2026-02-17,548353,MFSL,"MFSL, daily: when VWAP is in its highest 20% → it tends to go DOWN over the next 20 days.",False,stock already has a position
2026-02-18,548353,MFSL,"MFSL, daily: when VWAP is in its highest 20% → it tends to go DOWN over the next 20 days.",True,three lights green -> paper order
2026-02-19,548353,MFSL,"MFSL, daily: when VWAP is in its highest 20% → it tends to go DOWN over the next 20 days.",False,stock already has a position
2026-02-20,548353,MFSL,"MFSL, daily: when VWAP is in its highest 20% → it tends to go DOWN over the next 20 days.",False,stock already has a position
2026-02-24,548353,MFSL,"MFSL, daily: when VWAP is in its highest 20% → it tends to go DOWN over the next 20 days.",True,three lights green -> paper order
2026-02-25,548353,MFSL,"MFSL, daily: when VWAP is in its highest 20% → it tends to go DOWN over the next 20 days.",False,stock already has a position
2026-02-26,548353,MFSL,"MFSL, daily: when VWAP is in its highest 20% → it tends to go DOWN over the next 20 days.",False,stock already has a position
2026-02-27,548353,MFSL,"MFSL, daily: when VWAP is in its highest 20% → it tends to go DOWN over the next 20 days.",False,stock already has a position
2026-03-02,548353,MFSL,"MFSL, daily: when VWAP is in its highest 20% → it tends to go DOWN over the next 20 days.",False,stock already has a position
2026-03-04,548353,MFSL,"MFSL, daily: when VWAP is in its highest 20% → it tends to go DOWN over the next 20 days.",True,three lights green -> paper order
2026-03-05,548353,MFSL,"MFSL, daily: when VWAP is in its highest 20% → it tends to go DOWN over the next 20 days.",False,stock already has a position
2026-03-06,548353,MFSL,"MFSL, daily: when VWAP is in its highest 20% → it tends to go DOWN over the next 20 days.",False,stock already has a position
2026-03-09,548353,MFSL,"MFSL, daily: when VWAP is in its highest 20% → it tends to go DOWN over the next 20 days.",True,three lights green -> paper order
2026-03-10,548353,MFSL,"MFSL, daily: when VWAP is in its highest 20% → it tends to go DOWN over the next 20 days.",False,stock already has a position
2026-03-11,548353,MFSL,"MFSL, daily: when VWAP is in its highest 20% → it tends to go DOWN over the next 20 days.",False,stock already has a position
2026-03-12,548353,MFSL,"MFSL, daily: when VWAP is in its highest 20% → it tends to go DOWN over the next 20 days.",False,stock already has a position
2026-03-13,548353,MFSL,"MFSL, daily: when VWAP is in its highest 20% → it tends to go DOWN over the next 20 days.",False,stock already has a position
2026-03-16,548353,MFSL,"MFSL, daily: when VWAP is in its highest 20% → it tends to go DOWN over the next 20 days.",True,three lights green -> paper order
2026-03-17,548353,MFSL,"MFSL, daily: when VWAP is in its highest 20% → it tends to go DOWN over the next 20 days.",False,stock already has a position
2026-03-18,548353,MFSL,"MFSL, daily: when VWAP is in its highest 20% → it tends to go DOWN over the next 20 days.",False,stock already has a position
2026-03-19,548353,MFSL,"MFSL, daily: when VWAP is in its highest 20% → it tends to go DOWN over the next 20 days.",False,stock already has a position
2026-03-20,548353,MFSL,"MFSL, daily: when VWAP is in its highest 20% → it tends to go DOWN over the next 20 days.",False,stock already has a position
2026-03-23,548353,MFSL,"MFSL, daily: when VWAP is in its highest 20% → it tends to go DOWN over the next 20 days.",False,stock already has a position
2026-03-24,548353,MFSL,"MFSL, daily: when VWAP is in its highest 20% → it tends to go DOWN over the next 20 days.",True,three lights green -> paper order
2026-03-25,548353,MFSL,"MFSL, daily: when VWAP is in its highest 20% → it tends to go DOWN over the next 20 days.",False,stock already has a position
2026-03-27,548353,MFSL,"MFSL, daily: when VWAP is in its highest 20% → it tends to go DOWN over the next 20 days.",False,stock already has a position
2026-03-30,548353,MFSL,"MFSL, daily: when VWAP is in its highest 20% → it tends to go DOWN over the next 20 days.",False,stock already has a position
2026-04-01,548353,MFSL,"MFSL, daily: when VWAP is in its highest 20% → it tends to go DOWN over the next 20 days.",True,three lights green -> paper order
2026-04-02,548353,MFSL,"MFSL, daily: when VWAP is in its highest 20% → it tends to go DOWN over the next 20 days.",False,stock already has a position
2026-04-06,548353,MFSL,"MFSL, daily: when VWAP is in its highest 20% → it tends to go DOWN over the next 20 days.",False,stock already has a position
2026-04-07,548353,MFSL,"MFSL, daily: when VWAP is in its highest 20% → it tends to go DOWN over the next 20 days.",False,stock already has a position
2026-04-08,548353,MFSL,"MFSL, daily: when VWAP is in its highest 20% → it tends to go DOWN over the next 20 days.",False,stock already has a position
2026-04-09,548353,MFSL,"MFSL, daily: when VWAP is in its highest 20% → it tends to go DOWN over the next 20 days.",True,three lights green -> paper order
2026-04-10,548353,MFSL,"MFSL, daily: when VWAP is in its highest 20% → it tends to go DOWN over the next 20 days.",False,stock already has a position
2026-04-13,548353,MFSL,"MFSL, daily: when VWAP is in its highest 20% → it tends to go DOWN over the next 20 days.",False,stock already has a position
2026-04-15,548353,MFSL,"MFSL, daily: when VWAP is in its highest 20% → it tends to go DOWN over the next 20 days.",False,stock already has a position
2026-04-16,548353,MFSL,"MFSL, daily: when VWAP is in its highest 20% → it tends to go DOWN over the next 20 days.",True,three lights green -> paper order
2026-04-17,548353,MFSL,"MFSL, daily: when VWAP is in its highest 20% → it tends to go DOWN over the next 20 days.",False,stock already has a position
2026-04-20,548353,MFSL,"MFSL, daily: when VWAP is in its highest 20% → it tends to go DOWN over the next 20 days.",False,stock already has a position
2026-04-21,548353,MFSL,"MFSL, daily: when VWAP is in its highest 20% → it tends to go DOWN over the next 20 days.",False,stock already has a position
2026-04-22,548353,MFSL,"MFSL, daily: when VWAP is in its highest 20% → it tends to go DOWN over the next 20 days.",False,stock already has a position
2026-04-23,548353,MFSL,"MFSL, daily: when VWAP is in its highest 20% → it tends to go DOWN over the next 20 days.",True,three lights green -> paper order
2026-04-24,548353,MFSL,"MFSL, daily: when VWAP is in its highest 20% → it tends to go DOWN over the next 20 days.",False,stock already has a position
2026-04-27,548353,MFSL,"MFSL, daily: when VWAP is in its highest 20% → it tends to go DOWN over the next 20 days.",False,stock already has a position
2026-04-28,548353,MFSL,"MFSL, daily: when VWAP is in its highest 20% → it tends to go DOWN over the next 20 days.",False,stock already has a position
2026-04-29,548353,MFSL,"MFSL, daily: when VWAP is in its highest 20% → it tends to go DOWN over the next 20 days.",False,stock already has a position
2026-04-30,548353,MFSL,"MFSL, daily: when VWAP is in its highest 20% → it tends to go DOWN over the next 20 days.",False,stock already has a position
2026-05-04,548353,MFSL,"MFSL, daily: when VWAP is in its highest 20% → it tends to go DOWN over the next 20 days.",False,stock already has a position
2026-05-05,548353,MFSL,"MFSL, daily: when VWAP is in its highest 20% → it tends to go DOWN over the next 20 days.",False,stock already has a position
2026-05-06,548353,MFSL,"MFSL, daily: when VWAP is in its highest 20% → it tends to go DOWN over the next 20 days.",False,stock already has a position
2026-05-07,548353,MFSL,"MFSL, daily: when VWAP is in its highest 20% → it tends to go DOWN over the next 20 days.",True,three lights green -> paper order
2026-05-08,548353,MFSL,"MFSL, daily: when VWAP is in its highest 20% → it tends to go DOWN over the next 20 days.",False,stock already has a position
2026-05-11,548353,MFSL,"MFSL, daily: when VWAP is in its highest 20% → it tends to go DOWN over the next 20 days.",False,stock already has a position
2026-05-12,548353,MFSL,"MFSL, daily: when VWAP is in its highest 20% → it tends to go DOWN over the next 20 days.",False,stock already has a position
2026-05-13,548353,MFSL,"MFSL, daily: when VWAP is in its highest 20% → it tends to go DOWN over the next 20 days.",True,three lights green -> paper order
2026-05-14,548353,MFSL,"MFSL, daily: when VWAP is in its highest 20% → it tends to go DOWN over the next 20 days.",False,stock already has a position
2026-05-15,548353,MFSL,"MFSL, daily: when VWAP is in its highest 20% → it tends to go DOWN over the next 20 days.",False,stock already has a position
2026-05-18,548353,MFSL,"MFSL, daily: when VWAP is in its highest 20% → it tends to go DOWN over the next 20 days.",False,stock already has a position
2026-05-19,548353,MFSL,"MFSL, daily: when VWAP is in its highest 20% → it tends to go DOWN over the next 20 days.",False,stock already has a position
2026-05-20,548353,MFSL,"MFSL, daily: when VWAP is in its highest 20% → it tends to go DOWN over the next 20 days.",False,stock already has a position
2026-05-21,548353,MFSL,"MFSL, daily: when VWAP is in its highest 20% → it tends to go DOWN over the next 20 days.",False,stock already has a position
2026-05-22,548353,MFSL,"MFSL, daily: when VWAP is in its highest 20% → it tends to go DOWN over the next 20 days.",False,stock already has a position
2026-05-25,548353,MFSL,"MFSL, daily: when VWAP is in its highest 20% → it tends to go DOWN over the next 20 days.",True,three lights green -> paper order
2026-05-26,548353,MFSL,"MFSL, daily: when VWAP is in its highest 20% → it tends to go DOWN over the next 20 days.",False,stock already has a position
2026-05-27,548353,MFSL,"MFSL, daily: when VWAP is in its highest 20% → it tends to go DOWN over the next 20 days.",False,stock already has a position
2026-05-29,548353,MFSL,"MFSL, daily: when VWAP is in its highest 20% → it tends to go DOWN over the next 20 days.",False,stock already has a position
2026-06-01,548353,MFSL,"MFSL, daily: when VWAP is in its highest 20% → it tends to go DOWN over the next 20 days.",False,stock already has a position
2026-06-02,548353,MFSL,"MFSL, daily: when VWAP is in its highest 20% → it tends to go DOWN over the next 20 days.",True,three lights green -> paper order
2026-06-03,548353,MFSL,"MFSL, daily: when VWAP is in its highest 20% → it tends to go DOWN over the next 20 days.",False,stock already has a position
2026-06-04,548353,MFSL,"MFSL, daily: when VWAP is in its highest 20% → it tends to go DOWN over the next 20 days.",False,stock already has a position
2026-06-05,548353,MFSL,"MFSL, daily: when VWAP is in its highest 20% → it tends to go DOWN over the next 20 days.",False,stock already has a position
2026-06-08,548353,MFSL,"MFSL, daily: when VWAP is in its highest 20% → it tends to go DOWN over the next 20 days.",False,stock already has a position
2026-06-09,548353,MFSL,"MFSL, daily: when VWAP is in its highest 20% → it tends to go DOWN over the next 20 days.",False,stock already has a position
2026-06-10,548353,MFSL,"MFSL, daily: when VWAP is in its highest 20% → it tends to go DOWN over the next 20 days.",False,stock already has a position
2026-06-11,548353,MFSL,"MFSL, daily: when VWAP is in its highest 20% → it tends to go DOWN over the next 20 days.",False,stock already has a position
2026-06-12,548353,MFSL,"MFSL, daily: when VWAP is in its highest 20% → it tends to go DOWN over the next 20 days.",False,stock already has a position
2026-06-15,548353,MFSL,"MFSL, daily: when VWAP is in its highest 20% → it tends to go DOWN over the next 20 days.",False,stock already has a position
2026-06-16,548353,MFSL,"MFSL, daily: when VWAP is in its highest 20% → it tends to go DOWN over the next 20 days.",True,three lights green -> paper order
2026-06-17,548353,MFSL,"MFSL, daily: when VWAP is in its highest 20% → it tends to go DOWN over the next 20 days.",False,stock already has a position
2026-06-18,548353,MFSL,"MFSL, daily: when VWAP is in its highest 20% → it tends to go DOWN over the next 20 days.",False,stock already has a position
2026-06-19,548353,MFSL,"MFSL, daily: when VWAP is in its highest 20% → it tends to go DOWN over the next 20 days.",True,three lights green -> paper order
2026-06-22,548353,MFSL,"MFSL, daily: when VWAP is in its highest 20% → it tends to go DOWN over the next 20 days.",False,stock already has a position
2026-06-23,548353,MFSL,"MFSL, daily: when VWAP is in its highest 20% → it tends to go DOWN over the next 20 days.",False,stock already has a position
2026-06-24,548353,MFSL,"MFSL, daily: when VWAP is in its highest 20% → it tends to go DOWN over the next 20 days.",False,stock already has a position
2026-06-25,548353,MFSL,"MFSL, daily: when VWAP is in its highest 20% → it tends to go DOWN over the next 20 days.",False,stock already has a position
2026-06-29,548353,MFSL,"MFSL, daily: when VWAP is in its highest 20% → it tends to go DOWN over the next 20 days.",False,stock already has a position
2026-06-30,548353,MFSL,"MFSL, daily: when VWAP is in its highest 20% → it tends to go DOWN over the next 20 days.",True,three lights green -> paper order
2026-07-01,548353,MFSL,"MFSL, daily: when VWAP is in its highest 20% → it tends to go DOWN over the next 20 days.",False,stock already has a position
2026-07-02,548353,MFSL,"MFSL, daily: when VWAP is in its highest 20% → it tends to go DOWN over the next 20 days.",False,stock already has a position
2026-07-03,548353,MFSL,"MFSL, daily: when VWAP is in its highest 20% → it tends to go DOWN over the next 20 days.",True,three lights green -> paper order
2026-07-06,548353,MFSL,"MFSL, daily: when VWAP is in its highest 20% → it tends to go DOWN over the next 20 days.",False,stock already has a position
2026-07-07,548353,MFSL,"MFSL, daily: when VWAP is in its highest 20% → it tends to go DOWN over the next 20 days.",False,stock already has a position
2026-07-08,548353,MFSL,"MFSL, daily: when VWAP is in its highest 20% → it tends to go DOWN over the next 20 days.",False,stock already has a position
2026-07-09,548353,MFSL,"MFSL, daily: when VWAP is in its highest 20% → it tends to go DOWN over the next 20 days.",False,stock already has a position
2026-07-10,548353,MFSL,"MFSL, daily: when VWAP is in its highest 20% → it tends to go DOWN over the next 20 days.",False,stock already has a position
2026-07-13,548353,MFSL,"MFSL, daily: when VWAP is in its highest 20% → it tends to go DOWN over the next 20 days.",True,three lights green -> paper order
2026-07-14,548353,MFSL,"MFSL, daily: when VWAP is in its highest 20% → it tends to go DOWN over the next 20 days.",False,stock already has a position
2026-07-15,548353,MFSL,"MFSL, daily: when VWAP is in its highest 20% → it tends to go DOWN over the next 20 days.",False,stock already has a position
2026-07-16,548353,MFSL,"MFSL, daily: when VWAP is in its highest 20% → it tends to go DOWN over the next 20 days.",False,stock already has a position
2026-07-17,548353,MFSL,"MFSL, daily: when VWAP is in its highest 20% → it tends to go DOWN over the next 20 days.",False,stock already has a position
2026-07-20,548353,MFSL,"MFSL, daily: when VWAP is in its highest 20% → it tends to go DOWN over the next 20 days.",True,three lights green -> paper order
2026-07-21,548353,MFSL,"MFSL, daily: when VWAP is in its highest 20% → it tends to go DOWN over the next 20 days.",False,stock already has a position
2026-07-22,548353,MFSL,"MFSL, daily: when VWAP is in its highest 20% → it tends to go DOWN over the next 20 days.",False,stock already has a position
2026-07-23,548353,MFSL,"MFSL, daily: when VWAP is in its highest 20% → it tends to go DOWN over the next 20 days.",False,stock already has a position
2026-07-24,548353,MFSL,"MFSL, daily: when VWAP is in its highest 20% → it tends to go DOWN over the next 20 days.",False,stock already has a position
2026-07-27,548353,MFSL,"MFSL, daily: when VWAP is in its highest 20% → it tends to go DOWN over the next 20 days.",False,stock already has a position
2026-07-28,548353,MFSL,"MFSL, daily: when VWAP is in its highest 20% → it tends to go DOWN over the next 20 days.",False,stock already has a position
2026-07-29,548353,MFSL,"MFSL, daily: when VWAP is in its highest 20% → it tends to go DOWN over the next 20 days.",False,stock already has a position
2026-07-30,548353,MFSL,"MFSL, daily: when VWAP is in its highest 20% → it tends to go DOWN over the next 20 days.",False,stock already has a position
2026-07-31,548353,MFSL,"MFSL, daily: when VWAP is in its highest 20% → it tends to go DOWN over the next 20 days.",False,stock already has a position
2026-08-03,548353,MFSL,"MFSL, daily: when VWAP is in its highest 20% → it tends to go DOWN over the next 20 days.",False,stock already has a position
2026-08-04,548353,MFSL,"MFSL, daily: when VWAP is in its highest 20% → it tends to go DOWN over the next 20 days.",False,stock already has a position
2026-08-05,548353,MFSL,"MFSL, daily: when VWAP is in its highest 20% → it tends to go DOWN over the next 20 days.",False,stock already has a position
2026-08-06,548353,MFSL,"MFSL, daily: when VWAP is in its highest 20% → it tends to go DOWN over the next 20 days.",False,stock already has a position
2026-08-07,548353,MFSL,"MFSL, daily: when VWAP is in its highest 20% → it tends to go DOWN over the next 20 days.",False,stock already has a position
2026-08-10,548353,MFSL,"MFSL, daily: when VWAP is in its highest 20% → it tends to go DOWN over the next 20 days.",False,stock already has a position
2026-08-11,548353,MFSL,"MFSL, daily: when VWAP is in its highest 20% → it tends to go DOWN over the next 20 days.",True,three lights green -> paper order
2026-08-12,548353,MFSL,"MFSL, daily: when VWAP is in its highest 20% → it tends to go DOWN over the next 20 days.",False,stock already has a position
2026-08-13,548353,MFSL,"MFSL, daily: when VWAP is in its highest 20% → it tends to go DOWN over the next 20 days.",False,stock already has a position
2026-08-14,548353,MFSL,"MFSL, daily: when VWAP is in its highest 20% → it tends to go DOWN over the next 20 days.",False,stock already has a position
2026-08-17,548353,MFSL,"MFSL, daily: when VWAP is in its highest 20% → it tends to go DOWN over the next 20 days.",True,three lights green -> paper order
2026-08-18,548353,MFSL,"MFSL, daily: when VWAP is in its highest 20% → it tends to go DOWN over the next 20 days.",False,stock already has a position
2026-08-19,548353,MFSL,"MFSL, daily: when VWAP is in its highest 20% → it tends to go DOWN over the next 20 days.",False,stock already has a position
2026-08-20,548353,MFSL,"MFSL, daily: when VWAP is in its highest 20% → it tends to go DOWN over the next 20 days.",False,stock already has a position
2026-08-21,548353,MFSL,"MFSL, daily: when VWAP is in its highest 20% → it tends to go DOWN over the next 20 days.",False,stock already has a position
2026-08-24,548353,MFSL,"MFSL, daily: when VWAP is in its highest 20% → it tends to go DOWN over the next 20 days.",False,stock already has a position
2026-08-25,548353,MFSL,"MFSL, daily: when VWAP is in its highest 20% → it tends to go DOWN over the next 20 days.",False,stock already has a position
2026-08-26,548353,MFSL,"MFSL, daily: when VWAP is in its highest 20% → it tends to go DOWN over the next 20 days.",False,stock already has a position
2026-08-27,548353,MFSL,"MFSL, daily: when VWAP is in its highest 20% → it tends to go DOWN over the next 20 days.",False,stock already has a position
2026-08-28,548353,MFSL,"MFSL, daily: when VWAP is in its highest 20% → it tends to go DOWN over the next 20 days.",False,stock already has a position
2026-08-31,548353,MFSL,"MFSL, daily: when VWAP is in its highest 20% → it tends to go DOWN over the next 20 days.",False,stock already has a position
2026-09-01,548353,MFSL,"MFSL, daily: when VWAP is in its highest 20% → it tends to go DOWN over the next 20 days.",False,stock already has a position
2026-09-02,548353,MFSL,"MFSL, daily: when VWAP is in its highest 20% → it tends to go DOWN over the next 20 days.",False,stock already has a position
2026-09-03,548353,MFSL,"MFSL, daily: when VWAP is in its highest 20% → it tends to go DOWN over the next 20 days.",True,three lights green -> paper order
2026-09-04,548353,MFSL,"MFSL, daily: when VWAP is in its highest 20% → it tends to go DOWN over the next 20 days.",False,stock already has a position
2026-09-07,548353,MFSL,"MFSL, daily: when VWAP is in its highest 20% → it tends to go DOWN over the next 20 days.",False,stock already has a position
2026-09-08,548353,MFSL,"MFSL, daily: when VWAP is in its highest 20% → it tends to go DOWN over the next 20 days.",False,stock already has a position
2026-09-09,548353,MFSL,"MFSL, daily: when VWAP is in its highest 20% → it tends to go DOWN over the next 20 days.",False,stock already has a position
2026-09-10,548353,MFSL,"MFSL, daily: when VWAP is in its highest 20% → it tends to go DOWN over the next 20 days.",True,three lights green -> paper order
2026-01-09,5420545,CDSL,"CDSL, daily: when VWAP is in its highest 20% → it tends to go DOWN over the next 20 days.",True,three lights green -> paper order
2026-01-12,5420545,CDSL,"CDSL, daily: when VWAP is in its highest 20% → it tends to go DOWN over the next 20 days.",False,stock already has a position
2026-01-13,5420545,CDSL,"CDSL, daily: when VWAP is in its highest 20% → it tends to go DOWN over the next 20 days.",False,stock already has a position
2026-01-14,5420545,CDSL,"CDSL, daily: when VWAP is in its highest 20% → it tends to go DOWN over the next 20 days.",False,stock already has a position
2026-01-16,5420545,CDSL,"CDSL, daily: when VWAP is in its highest 20% → it tends to go DOWN over the next 20 days.",False,stock already has a position
2026-01-19,5420545,CDSL,"CDSL, daily: when VWAP is in its highest 20% → it tends to go DOWN over the next 20 days.",True,three lights green -> paper order
2026-01-20,5420545,CDSL,"CDSL, daily: when VWAP is in its highest 20% → it tends to go DOWN over the next 20 days.",False,stock already has a position
2026-01-22,5420545,CDSL,"CDSL, daily: when VWAP is in its highest 20% → it tends to go DOWN over the next 20 days.",True,three lights green -> paper order
2026-01-28,5420545,CDSL,"CDSL, daily: when VWAP is in its highest 20% → it tends to go DOWN over the next 20 days.",True,three lights green -> paper order
2026-02-04,5420545,CDSL,"CDSL, daily: when VWAP is in its highest 20% → it tends to go DOWN over the next 20 days.",True,three lights green -> paper order
2026-02-05,5420545,CDSL,"CDSL, daily: when VWAP is in its highest 20% → it tends to go DOWN over the next 20 days.",False,stock already has a position
2026-02-09,5420545,CDSL,"CDSL, daily: when VWAP is in its highest 20% → it tends to go DOWN over the next 20 days.",False,stock already has a position
2026-02-10,5420545,CDSL,"CDSL, daily: when VWAP is in its highest 20% → it tends to go DOWN over the next 20 days.",False,stock already has a position
2026-02-11,5420545,CDSL,"CDSL, daily: when VWAP is in its highest 20% → it tends to go DOWN over the next 20 days.",False,stock already has a position
2026-02-12,5420545,CDSL,"CDSL, daily: when VWAP is in its highest 20% → it tends to go DOWN over the next 20 days.",False,stock already has a position
2026-02-18,5420545,CDSL,"CDSL, daily: when VWAP is in its highest 20% → it tends to go DOWN over the next 20 days.",True,three lights green -> paper order
2026-04-16,5420545,CDSL,"CDSL, daily: when VWAP is in its highest 20% → it tends to go DOWN over the next 20 days.",True,three lights green -> paper order
2026-04-17,5420545,CDSL,"CDSL, daily: when VWAP is in its highest 20% → it tends to go DOWN over the next 20 days.",False,stock already has a position
2026-04-20,5420545,CDSL,"CDSL, daily: when VWAP is in its highest 20% → it tends to go DOWN over the next 20 days.",False,stock already has a position
2026-04-21,5420545,CDSL,"CDSL, daily: when VWAP is in its highest 20% → it tends to go DOWN over the next 20 days.",False,stock already has a position
2026-06-19,5420545,CDSL,"CDSL, daily: when VWAP is in its highest 20% → it tends to go DOWN over the next 20 days.",True,three lights green -> paper order
2026-06-22,5420545,CDSL,"CDSL, daily: when VWAP is in its highest 20% → it tends to go DOWN over the next 20 days.",False,stock already has a position
2026-06-23,5420545,CDSL,"CDSL, daily: when VWAP is in its highest 20% → it tends to go DOWN over the next 20 days.",False,stock already has a position
2026-07-02,5420545,CDSL,"CDSL, daily: when VWAP is in its highest 20% → it tends to go DOWN over the next 20 days.",True,three lights green -> paper order
2026-07-03,5420545,CDSL,"CDSL, daily: when VWAP is in its highest 20% → it tends to go DOWN over the next 20 days.",False,stock already has a position
2026-07-06,5420545,CDSL,"CDSL, daily: when VWAP is in its highest 20% → it tends to go DOWN over the next 20 days.",False,stock already has a position
2026-07-07,5420545,CDSL,"CDSL, daily: when VWAP is in its highest 20% → it tends to go DOWN over the next 20 days.",False,stock already has a position
2026-07-10,5420545,CDSL,"CDSL, daily: when VWAP is in its highest 20% → it tends to go DOWN over the next 20 days.",True,three lights green -> paper order
2026-07-13,5420545,CDSL,"CDSL, daily: when VWAP is in its highest 20% → it tends to go DOWN over the next 20 days.",False,stock already has a position
2026-07-14,5420545,CDSL,"CDSL, daily: when VWAP is in its highest 20% → it tends to go DOWN over the next 20 days.",False,stock already has a position
2026-07-15,5420545,CDSL,"CDSL, daily: when VWAP is in its highest 20% → it tends to go DOWN over the next 20 days.",False,stock already has a position
2026-07-16,5420545,CDSL,"CDSL, daily: when VWAP is in its highest 20% → it tends to go DOWN over the next 20 days.",False,stock already has a position
2026-07-17,5420545,CDSL,"CDSL, daily: when VWAP is in its highest 20% → it tends to go DOWN over the next 20 days.",False,stock already has a position
2026-07-20,5420545,CDSL,"CDSL, daily: when VWAP is in its highest 20% → it tends to go DOWN over the next 20 days.",False,stock already has a position
2026-07-21,5420545,CDSL,"CDSL, daily: when VWAP is in its highest 20% → it tends to go DOWN over the next 20 days.",False,stock already has a position
2026-07-29,5420545,CDSL,"CDSL, daily: when VWAP is in its highest 20% → it tends to go DOWN over the next 20 days.",True,three lights green -> paper order
2026-08-14,5420545,CDSL,"CDSL, daily: when VWAP is in its highest 20% → it tends to go DOWN over the next 20 days.",False,stock already has a position
2026-08-17,5420545,CDSL,"CDSL, daily: when VWAP is in its highest 20% → it tends to go DOWN over the next 20 days.",False,stock already has a position
2026-08-18,5420545,CDSL,"CDSL, daily: when VWAP is in its highest 20% → it tends to go DOWN over the next 20 days.",False,stock already has a position
2026-08-21,5420545,CDSL,"CDSL, daily: when VWAP is in its highest 20% → it tends to go DOWN over the next 20 days.",False,stock already has a position
2026-08-24,5420545,CDSL,"CDSL, daily: when VWAP is in its highest 20% → it tends to go DOWN over the next 20 days.",True,three lights green -> paper order
2026-08-25,5420545,CDSL,"CDSL, daily: when VWAP is in its highest 20% → it tends to go DOWN over the next 20 days.",False,stock already has a position
2026-08-26,5420545,CDSL,"CDSL, daily: when VWAP is in its highest 20% → it tends to go DOWN over the next 20 days.",False,stock already has a position
2026-08-27,5420545,CDSL,"CDSL, daily: when VWAP is in its highest 20% → it tends to go DOWN over the next 20 days.",True,three lights green -> paper order
2026-08-28,5420545,CDSL,"CDSL, daily: when VWAP is in its highest 20% → it tends to go DOWN over the next 20 days.",False,stock already has a position
2026-08-31,5420545,CDSL,"CDSL, daily: when VWAP is in its highest 20% → it tends to go DOWN over the next 20 days.",False,stock already has a position
2026-09-01,5420545,CDSL,"CDSL, daily: when VWAP is in its highest 20% → it tends to go DOWN over the next 20 days.",False,stock already has a position
2026-09-02,5420545,CDSL,"CDSL, daily: when VWAP is in its highest 20% → it tends to go DOWN over the next 20 days.",False,stock already has a position
2026-09-03,5420545,CDSL,"CDSL, daily: when VWAP is in its highest 20% → it tends to go DOWN over the next 20 days.",True,three lights green -> paper order
2026-09-04,5420545,CDSL,"CDSL, daily: when VWAP is in its highest 20% → it tends to go DOWN over the next 20 days.",False,stock already has a position
2026-09-07,5420545,CDSL,"CDSL, daily: when VWAP is in its highest 20% → it tends to go DOWN over the next 20 days.",False,stock already has a position
2026-09-08,5420545,CDSL,"CDSL, daily: when VWAP is in its highest 20% → it tends to go DOWN over the next 20 days.",True,three lights green -> paper order
2026-09-09,5420545,CDSL,"CDSL, daily: when VWAP is in its highest 20% → it tends to go DOWN over the next 20 days.",False,stock already has a position
2026-09-10,5420545,CDSL,"CDSL, daily: when VWAP is in its highest 20% → it tends to go DOWN over the next 20 days.",False,stock already has a position
2026-01-09,175361,CHOLAFIN,"CHOLAFIN, daily: when VWAP is in its highest 20% → it tends to go DOWN over the next 20 days.",True,three lights green -> paper order
2026-01-12,175361,CHOLAFIN,"CHOLAFIN, daily: when VWAP is in its highest 20% → it tends to go DOWN over the next 20 days.",False,stock already has a position
2026-01-13,175361,CHOLAFIN,"CHOLAFIN, daily: when VWAP is in its highest 20% → it tends to go DOWN over the next 20 days.",False,stock already has a position
2026-01-14,175361,CHOLAFIN,"CHOLAFIN, daily: when VWAP is in its highest 20% → it tends to go DOWN over the next 20 days.",False,stock already has a position
2026-01-16,175361,CHOLAFIN,"CHOLAFIN, daily: when VWAP is in its highest 20% → it tends to go DOWN over the next 20 days.",False,stock already has a position
2026-01-19,175361,CHOLAFIN,"CHOLAFIN, daily: when VWAP is in its highest 20% → it tends to go DOWN over the next 20 days.",False,stock already has a position
2026-01-20,175361,CHOLAFIN,"CHOLAFIN, daily: when VWAP is in its highest 20% → it tends to go DOWN over the next 20 days.",False,stock already has a position
2026-01-21,175361,CHOLAFIN,"CHOLAFIN, daily: when VWAP is in its highest 20% → it tends to go DOWN over the next 20 days.",True,three lights green -> paper order
2026-01-22,175361,CHOLAFIN,"CHOLAFIN, daily: when VWAP is in its highest 20% → it tends to go DOWN over the next 20 days.",False,stock already has a position
2026-01-23,175361,CHOLAFIN,"CHOLAFIN, daily: when VWAP is in its highest 20% → it tends to go DOWN over the next 20 days.",False,stock already has a position
2026-01-27,175361,CHOLAFIN,"CHOLAFIN, daily: when VWAP is in its highest 20% → it tends to go DOWN over the next 20 days.",False,stock already has a position
2026-01-28,175361,CHOLAFIN,"CHOLAFIN, daily: when VWAP is in its highest 20% → it tends to go DOWN over the next 20 days.",False,stock already has a position
2026-01-29,175361,CHOLAFIN,"CHOLAFIN, daily: when VWAP is in its highest 20% → it tends to go DOWN over the next 20 days.",False,stock already has a position
2026-01-30,175361,CHOLAFIN,"CHOLAFIN, daily: when VWAP is in its highest 20% → it tends to go DOWN over the next 20 days.",False,stock already has a position
2026-02-01,175361,CHOLAFIN,"CHOLAFIN, daily: when VWAP is in its highest 20% → it tends to go DOWN over the next 20 days.",False,stock already has a position
2026-02-02,175361,CHOLAFIN,"CHOLAFIN, daily: when VWAP is in its highest 20% → it tends to go DOWN over the next 20 days.",True,three lights green -> paper order
2026-02-03,175361,CHOLAFIN,"CHOLAFIN, daily: when VWAP is in its highest 20% → it tends to go DOWN over the next 20 days.",False,stock already has a position
2026-02-04,175361,CHOLAFIN,"CHOLAFIN, daily: when VWAP is in its highest 20% → it tends to go DOWN over the next 20 days.",False,stock already has a position
2026-02-05,175361,CHOLAFIN,"CHOLAFIN, daily: when VWAP is in its highest 20% → it tends to go DOWN over the next 20 days.",True,three lights green -> paper order
2026-02-06,175361,CHOLAFIN,"CHOLAFIN, daily: when VWAP is in its highest 20% → it tends to go DOWN over the next 20 days.",False,stock already has a position
2026-02-09,175361,CHOLAFIN,"CHOLAFIN, daily: when VWAP is in its highest 20% → it tends to go DOWN over the next 20 days.",False,stock already has a position
2026-02-10,175361,CHOLAFIN,"CHOLAFIN, daily: when VWAP is in its highest 20% → it tends to go DOWN over the next 20 days.",True,three lights green -> paper order
2026-02-11,175361,CHOLAFIN,"CHOLAFIN, daily: when VWAP is in its highest 20% → it tends to go DOWN over the next 20 days.",False,stock already has a position
2026-02-12,175361,CHOLAFIN,"CHOLAFIN, daily: when VWAP is in its highest 20% → it tends to go DOWN over the next 20 days.",False,stock already has a position
2026-02-13,175361,CHOLAFIN,"CHOLAFIN, daily: when VWAP is in its highest 20% → it tends to go DOWN over the next 20 days.",False,stock already has a position
2026-02-16,175361,CHOLAFIN,"CHOLAFIN, daily: when VWAP is in its highest 20% → it tends to go DOWN over the next 20 days.",False,stock already has a position
2026-02-17,175361,CHOLAFIN,"CHOLAFIN, daily: when VWAP is in its highest 20% → it tends to go DOWN over the next 20 days.",False,stock already has a position
2026-02-18,175361,CHOLAFIN,"CHOLAFIN, daily: when VWAP is in its highest 20% → it tends to go DOWN over the next 20 days.",False,stock already has a position
2026-02-19,175361,CHOLAFIN,"CHOLAFIN, daily: when VWAP is in its highest 20% → it tends to go DOWN over the next 20 days.",False,stock already has a position
2026-02-20,175361,CHOLAFIN,"CHOLAFIN, daily: when VWAP is in its highest 20% → it tends to go DOWN over the next 20 days.",False,stock already has a position
2026-02-23,175361,CHOLAFIN,"CHOLAFIN, daily: when VWAP is in its highest 20% → it tends to go DOWN over the next 20 days.",False,stock already has a position
2026-02-24,175361,CHOLAFIN,"CHOLAFIN, daily: when VWAP is in its highest 20% → it tends to go DOWN over the next 20 days.",False,stock already has a position
2026-02-25,175361,CHOLAFIN,"CHOLAFIN, daily: when VWAP is in its highest 20% → it tends to go DOWN over the next 20 days.",False,stock already has a position
2026-02-26,175361,CHOLAFIN,"CHOLAFIN, daily: when VWAP is in its highest 20% → it tends to go DOWN over the next 20 days.",False,stock already has a position
2026-02-27,175361,CHOLAFIN,"CHOLAFIN, daily: when VWAP is in its highest 20% → it tends to go DOWN over the next 20 days.",True,three lights green -> paper order
2026-03-02,175361,CHOLAFIN,"CHOLAFIN, daily: when VWAP is in its highest 20% → it tends to go DOWN over the next 20 days.",False,stock already has a position
2026-03-04,175361,CHOLAFIN,"CHOLAFIN, daily: when VWAP is in its highest 20% → it tends to go DOWN over the next 20 days.",False,stock already has a position
2026-03-05,175361,CHOLAFIN,"CHOLAFIN, daily: when VWAP is in its highest 20% → it tends to go DOWN over the next 20 days.",False,stock already has a position
2026-03-06,175361,CHOLAFIN,"CHOLAFIN, daily: when VWAP is in its highest 20% → it tends to go DOWN over the next 20 days.",False,stock already has a position
2026-03-09,175361,CHOLAFIN,"CHOLAFIN, daily: when VWAP is in its highest 20% → it tends to go DOWN over the next 20 days.",False,stock already has a position
2026-03-10,175361,CHOLAFIN,"CHOLAFIN, daily: when VWAP is in its highest 20% → it tends to go DOWN over the next 20 days.",True,three lights green -> paper order
2026-03-11,175361,CHOLAFIN,"CHOLAFIN, daily: when VWAP is in its highest 20% → it tends to go DOWN over the next 20 days.",False,stock already has a position
2026-03-12,175361,CHOLAFIN,"CHOLAFIN, daily: when VWAP is in its highest 20% → it tends to go DOWN over the next 20 days.",False,stock already has a position
2026-03-13,175361,CHOLAFIN,"CHOLAFIN, daily: when VWAP is in its highest 20% → it tends to go DOWN over the next 20 days.",True,three lights green -> paper order
2026-03-16,175361,CHOLAFIN,"CHOLAFIN, daily: when VWAP is in its highest 20% → it tends to go DOWN over the next 20 days.",False,stock already has a position
2026-03-17,175361,CHOLAFIN,"CHOLAFIN, daily: when VWAP is in its highest 20% → it tends to go DOWN over the next 20 days.",False,stock already has a position
2026-03-18,175361,CHOLAFIN,"CHOLAFIN, daily: when VWAP is in its highest 20% → it tends to go DOWN over the next 20 days.",False,stock already has a position
2026-04-08,175361,CHOLAFIN,"CHOLAFIN, daily: when VWAP is in its highest 20% → it tends to go DOWN over the next 20 days.",True,three lights green -> paper order
2026-04-09,175361,CHOLAFIN,"CHOLAFIN, daily: when VWAP is in its highest 20% → it tends to go DOWN over the next 20 days.",False,stock already has a position
2026-04-10,175361,CHOLAFIN,"CHOLAFIN, daily: when VWAP is in its highest 20% → it tends to go DOWN over the next 20 days.",False,stock already has a position
2026-04-13,175361,CHOLAFIN,"CHOLAFIN, daily: when VWAP is in its highest 20% → it tends to go DOWN over the next 20 days.",False,stock already has a position
2026-04-15,175361,CHOLAFIN,"CHOLAFIN, daily: when VWAP is in its highest 20% → it tends to go DOWN over the next 20 days.",False,stock already has a position
2026-04-16,175361,CHOLAFIN,"CHOLAFIN, daily: when VWAP is in its highest 20% → it tends to go DOWN over the next 20 days.",False,stock already has a position
2026-04-17,175361,CHOLAFIN,"CHOLAFIN, daily: when VWAP is in its highest 20% → it tends to go DOWN over the next 20 days.",False,stock already has a position
2026-04-20,175361,CHOLAFIN,"CHOLAFIN, daily: when VWAP is in its highest 20% → it tends to go DOWN over the next 20 days.",False,stock already has a position
2026-04-21,175361,CHOLAFIN,"CHOLAFIN, daily: when VWAP is in its highest 20% → it tends to go DOWN over the next 20 days.",False,stock already has a position
2026-04-22,175361,CHOLAFIN,"CHOLAFIN, daily: when VWAP is in its highest 20% → it tends to go DOWN over the next 20 days.",False,stock already has a position
2026-04-23,175361,CHOLAFIN,"CHOLAFIN, daily: when VWAP is in its highest 20% → it tends to go DOWN over the next 20 days.",False,stock already has a position
2026-04-24,175361,CHOLAFIN,"CHOLAFIN, daily: when VWAP is in its highest 20% → it tends to go DOWN over the next 20 days.",False,stock already has a position
2026-04-27,175361,CHOLAFIN,"CHOLAFIN, daily: when VWAP is in its highest 20% → it tends to go DOWN over the next 20 days.",False,stock already has a position
2026-04-28,175361,CHOLAFIN,"CHOLAFIN, daily: when VWAP is in its highest 20% → it tends to go DOWN over the next 20 days.",False,stock already has a position
2026-04-29,175361,CHOLAFIN,"CHOLAFIN, daily: when VWAP is in its highest 20% → it tends to go DOWN over the next 20 days.",False,stock already has a position
2026-04-30,175361,CHOLAFIN,"CHOLAFIN, daily: when VWAP is in its highest 20% → it tends to go DOWN over the next 20 days.",False,stock already has a position
2026-05-04,175361,CHOLAFIN,"CHOLAFIN, daily: when VWAP is in its highest 20% → it tends to go DOWN over the next 20 days.",False,stock already has a position
2026-05-05,175361,CHOLAFIN,"CHOLAFIN, daily: when VWAP is in its highest 20% → it tends to go DOWN over the next 20 days.",True,three lights green -> paper order
2026-05-06,175361,CHOLAFIN,"CHOLAFIN, daily: when VWAP is in its highest 20% → it tends to go DOWN over the next 20 days.",False,stock already has a position
2026-05-07,175361,CHOLAFIN,"CHOLAFIN, daily: when VWAP is in its highest 20% → it tends to go DOWN over the next 20 days.",False,stock already has a position
2026-05-08,175361,CHOLAFIN,"CHOLAFIN, daily: when VWAP is in its highest 20% → it tends to go DOWN over the next 20 days.",False,stock already has a position
2026-05-11,175361,CHOLAFIN,"CHOLAFIN, daily: when VWAP is in its highest 20% → it tends to go DOWN over the next 20 days.",False,stock already has a position
2026-05-12,175361,CHOLAFIN,"CHOLAFIN, daily: when VWAP is in its highest 20% → it tends to go DOWN over the next 20 days.",False,stock already has a position
2026-05-13,175361,CHOLAFIN,"CHOLAFIN, daily: when VWAP is in its highest 20% → it tends to go DOWN over the next 20 days.",True,three lights green -> paper order
2026-05-14,175361,CHOLAFIN,"CHOLAFIN, daily: when VWAP is in its highest 20% → it tends to go DOWN over the next 20 days.",False,stock already has a position
2026-05-15,175361,CHOLAFIN,"CHOLAFIN, daily: when VWAP is in its highest 20% → it tends to go DOWN over the next 20 days.",False,stock already has a position
2026-05-18,175361,CHOLAFIN,"CHOLAFIN, daily: when VWAP is in its highest 20% → it tends to go DOWN over the next 20 days.",False,stock already has a position
2026-05-19,175361,CHOLAFIN,"CHOLAFIN, daily: when VWAP is in its highest 20% → it tends to go DOWN over the next 20 days.",False,stock already has a position
2026-05-20,175361,CHOLAFIN,"CHOLAFIN, daily: when VWAP is in its highest 20% → it tends to go DOWN over the next 20 days.",False,stock already has a position
2026-05-21,175361,CHOLAFIN,"CHOLAFIN, daily: when VWAP is in its highest 20% → it tends to go DOWN over the next 20 days.",True,three lights green -> paper order
2026-05-22,175361,CHOLAFIN,"CHOLAFIN, daily: when VWAP is in its highest 20% → it tends to go DOWN over the next 20 days.",False,stock already has a position
2026-05-25,175361,CHOLAFIN,"CHOLAFIN, daily: when VWAP is in its highest 20% → it tends to go DOWN over the next 20 days.",False,stock already has a position
2026-05-26,175361,CHOLAFIN,"CHOLAFIN, daily: when VWAP is in its highest 20% → it tends to go DOWN over the next 20 days.",True,three lights green -> paper order
2026-05-27,175361,CHOLAFIN,"CHOLAFIN, daily: when VWAP is in its highest 20% → it tends to go DOWN over the next 20 days.",False,stock already has a position
2026-05-29,175361,CHOLAFIN,"CHOLAFIN, daily: when VWAP is in its highest 20% → it tends to go DOWN over the next 20 days.",False,stock already has a position
2026-06-05,175361,CHOLAFIN,"CHOLAFIN, daily: when VWAP is in its highest 20% → it tends to go DOWN over the next 20 days.",True,three lights green -> paper order
2026-06-12,175361,CHOLAFIN,"CHOLAFIN, daily: when VWAP is in its highest 20% → it tends to go DOWN over the next 20 days.",False,stock already has a position
2026-06-15,175361,CHOLAFIN,"CHOLAFIN, daily: when VWAP is in its highest 20% → it tends to go DOWN over the next 20 days.",True,three lights green -> paper order
2026-06-16,175361,CHOLAFIN,"CHOLAFIN, daily: when VWAP is in its highest 20% → it tends to go DOWN over the next 20 days.",False,stock already has a position
2026-06-17,175361,CHOLAFIN,"CHOLAFIN, daily: when VWAP is in its highest 20% → it tends to go DOWN over the next 20 days.",False,stock already has a position
2026-06-18,175361,CHOLAFIN,"CHOLAFIN, daily: when VWAP is in its highest 20% → it tends to go DOWN over the next 20 days.",False,stock already has a position
2026-06-19,175361,CHOLAFIN,"CHOLAFIN, daily: when VWAP is in its highest 20% → it tends to go DOWN over the next 20 days.",False,stock already has a position
2026-06-22,175361,CHOLAFIN,"CHOLAFIN, daily: when VWAP is in its highest 20% → it tends to go DOWN over the next 20 days.",False,stock already has a position
2026-06-23,175361,CHOLAFIN,"CHOLAFIN, daily: when VWAP is in its highest 20% → it tends to go DOWN over the next 20 days.",True,three lights green -> paper order
2026-06-24,175361,CHOLAFIN,"CHOLAFIN, daily: when VWAP is in its highest 20% → it tends to go DOWN over the next 20 days.",False,stock already has a position
2026-06-25,175361,CHOLAFIN,"CHOLAFIN, daily: when VWAP is in its highest 20% → it tends to go DOWN over the next 20 days.",False,stock already has a position
2026-06-29,175361,CHOLAFIN,"CHOLAFIN, daily: when VWAP is in its highest 20% → it tends to go DOWN over the next 20 days.",True,three lights green -> paper order
2026-06-30,175361,CHOLAFIN,"CHOLAFIN, daily: when VWAP is in its highest 20% → it tends to go DOWN over the next 20 days.",False,stock already has a position
2026-07-01,175361,CHOLAFIN,"CHOLAFIN, daily: when VWAP is in its highest 20% → it tends to go DOWN over the next 20 days.",False,stock already has a position
2026-07-02,175361,CHOLAFIN,"CHOLAFIN, daily: when VWAP is in its highest 20% → it tends to go DOWN over the next 20 days.",False,stock already has a position
2026-07-03,175361,CHOLAFIN,"CHOLAFIN, daily: when VWAP is in its highest 20% → it tends to go DOWN over the next 20 days.",False,stock already has a position
2026-07-06,175361,CHOLAFIN,"CHOLAFIN, daily: when VWAP is in its highest 20% → it tends to go DOWN over the next 20 days.",False,stock already has a position
2026-07-07,175361,CHOLAFIN,"CHOLAFIN, daily: when VWAP is in its highest 20% → it tends to go DOWN over the next 20 days.",True,three lights green -> paper order
2026-07-08,175361,CHOLAFIN,"CHOLAFIN, daily: when VWAP is in its highest 20% → it tends to go DOWN over the next 20 days.",False,stock already has a position
2026-07-09,175361,CHOLAFIN,"CHOLAFIN, daily: when VWAP is in its highest 20% → it tends to go DOWN over the next 20 days.",False,stock already has a position
2026-07-10,175361,CHOLAFIN,"CHOLAFIN, daily: when VWAP is in its highest 20% → it tends to go DOWN over the next 20 days.",True,three lights green -> paper order
2026-07-13,175361,CHOLAFIN,"CHOLAFIN, daily: when VWAP is in its highest 20% → it tends to go DOWN over the next 20 days.",False,stock already has a position
2026-07-14,175361,CHOLAFIN,"CHOLAFIN, daily: when VWAP is in its highest 20% → it tends to go DOWN over the next 20 days.",False,stock already has a position
2026-07-15,175361,CHOLAFIN,"CHOLAFIN, daily: when VWAP is in its highest 20% → it tends to go DOWN over the next 20 days.",False,stock already has a position
2026-07-16,175361,CHOLAFIN,"CHOLAFIN, daily: when VWAP is in its highest 20% → it tends to go DOWN over the next 20 days.",False,stock already has a position
2026-07-17,175361,CHOLAFIN,"CHOLAFIN, daily: when VWAP is in its highest 20% → it tends to go DOWN over the next 20 days.",False,stock already has a position
2026-07-20,175361,CHOLAFIN,"CHOLAFIN, daily: when VWAP is in its highest 20% → it tends to go DOWN over the next 20 days.",False,stock already has a position
2026-07-21,175361,CHOLAFIN,"CHOLAFIN, daily: when VWAP is in its highest 20% → it tends to go DOWN over the next 20 days.",False,stock already has a position
2026-07-22,175361,CHOLAFIN,"CHOLAFIN, daily: when VWAP is in its highest 20% → it tends to go DOWN over the next 20 days.",False,stock already has a position
2026-07-23,175361,CHOLAFIN,"CHOLAFIN, daily: when VWAP is in its highest 20% → it tends to go DOWN over the next 20 days.",True,three lights green -> paper order
2026-07-24,175361,CHOLAFIN,"CHOLAFIN, daily: when VWAP is in its highest 20% → it tends to go DOWN over the next 20 days.",False,stock already has a position
2026-07-27,175361,CHOLAFIN,"CHOLAFIN, daily: when VWAP is in its highest 20% → it tends to go DOWN over the next 20 days.",False,stock already has a position
2026-07-28,175361,CHOLAFIN,"CHOLAFIN, daily: when VWAP is in its highest 20% → it tends to go DOWN over the next 20 days.",True,three lights green -> paper order
2026-07-29,175361,CHOLAFIN,"CHOLAFIN, daily: when VWAP is in its highest 20% → it tends to go DOWN over the next 20 days.",False,stock already has a position
2026-07-30,175361,CHOLAFIN,"CHOLAFIN, daily: when VWAP is in its highest 20% → it tends to go DOWN over the next 20 days.",False,stock already has a position
2026-07-31,175361,CHOLAFIN,"CHOLAFIN, daily: when VWAP is in its highest 20% → it tends to go DOWN over the next 20 days.",False,stock already has a position
2026-08-03,175361,CHOLAFIN,"CHOLAFIN, daily: when VWAP is in its highest 20% → it tends to go DOWN over the next 20 days.",True,three lights green -> paper order
2026-08-04,175361,CHOLAFIN,"CHOLAFIN, daily: when VWAP is in its highest 20% → it tends to go DOWN over the next 20 days.",False,stock already has a position
2026-08-05,175361,CHOLAFIN,"CHOLAFIN, daily: when VWAP is in its highest 20% → it tends to go DOWN over the next 20 days.",False,stock already has a position
2026-08-07,175361,CHOLAFIN,"CHOLAFIN, daily: when VWAP is in its highest 20% → it tends to go DOWN over the next 20 days.",True,three lights green -> paper order
2026-08-10,175361,CHOLAFIN,"CHOLAFIN, daily: when VWAP is in its highest 20% → it tends to go DOWN over the next 20 days.",False,stock already has a position
2026-08-11,175361,CHOLAFIN,"CHOLAFIN, daily: when VWAP is in its highest 20% → it tends to go DOWN over the next 20 days.",False,stock already has a position
2026-08-12,175361,CHOLAFIN,"CHOLAFIN, daily: when VWAP is in its highest 20% → it tends to go DOWN over the next 20 days.",False,stock already has a position
2026-08-13,175361,CHOLAFIN,"CHOLAFIN, daily: when VWAP is in its highest 20% → it tends to go DOWN over the next 20 days.",False,stock already has a position
2026-08-14,175361,CHOLAFIN,"CHOLAFIN, daily: when VWAP is in its highest 20% → it tends to go DOWN over the next 20 days.",False,stock already has a position
2026-08-17,175361,CHOLAFIN,"CHOLAFIN, daily: when VWAP is in its highest 20% → it tends to go DOWN over the next 20 days.",False,stock already has a position
2026-08-18,175361,CHOLAFIN,"CHOLAFIN, daily: when VWAP is in its highest 20% → it tends to go DOWN over the next 20 days.",False,stock already has a position
2026-08-19,175361,CHOLAFIN,"CHOLAFIN, daily: when VWAP is in its highest 20% → it tends to go DOWN over the next 20 days.",False,stock already has a position
2026-08-20,175361,CHOLAFIN,"CHOLAFIN, daily: when VWAP is in its highest 20% → it tends to go DOWN over the next 20 days.",False,stock already has a position
2026-08-21,175361,CHOLAFIN,"CHOLAFIN, daily: when VWAP is in its highest 20% → it tends to go DOWN over the next 20 days.",False,stock already has a position
2026-08-24,175361,CHOLAFIN,"CHOLAFIN, daily: when VWAP is in its highest 20% → it tends to go DOWN over the next 20 days.",False,stock already has a position
2026-08-25,175361,CHOLAFIN,"CHOLAFIN, daily: when VWAP is in its highest 20% → it tends to go DOWN over the next 20 days.",False,stock already has a position
2026-08-26,175361,CHOLAFIN,"CHOLAFIN, daily: when VWAP is in its highest 20% → it tends to go DOWN over the next 20 days.",False,stock already has a position
2026-08-27,175361,CHOLAFIN,"CHOLAFIN, daily: when VWAP is in its highest 20% → it tends to go DOWN over the next 20 days.",False,stock already has a position
2026-08-28,175361,CHOLAFIN,"CHOLAFIN, daily: when VWAP is in its highest 20% → it tends to go DOWN over the next 20 days.",False,stock already has a position
2026-08-31,175361,CHOLAFIN,"CHOLAFIN, daily: when VWAP is in its highest 20% → it tends to go DOWN over the next 20 days.",False,stock already has a position
2026-09-01,175361,CHOLAFIN,"CHOLAFIN, daily: when VWAP is in its highest 20% → it tends to go DOWN over the next 20 days.",False,stock already has a position
2026-09-02,175361,CHOLAFIN,"CHOLAFIN, daily: when VWAP is in its highest 20% → it tends to go DOWN over the next 20 days.",False,stock already has a position
2026-09-03,175361,CHOLAFIN,"CHOLAFIN, daily: when VWAP is in its highest 20% → it tends to go DOWN over the next 20 days.",True,three lights green -> paper order
2026-09-04,175361,CHOLAFIN,"CHOLAFIN, daily: when VWAP is in its highest 20% → it tends to go DOWN over the next 20 days.",False,stock already has a position
2026-09-07,175361,CHOLAFIN,"CHOLAFIN, daily: when VWAP is in its highest 20% → it tends to go DOWN over the next 20 days.",False,stock already has a position
2026-09-08,175361,CHOLAFIN,"CHOLAFIN, daily: when VWAP is in its highest 20% → it tends to go DOWN over the next 20 days.",False,stock already has a position
2026-09-09,175361,CHOLAFIN,"CHOLAFIN, daily: when VWAP is in its highest 20% → it tends to go DOWN over the next 20 days.",False,stock already has a position
2026-09-10,175361,CHOLAFIN,"CHOLAFIN, daily: when VWAP is in its highest 20% → it tends to go DOWN over the next 20 days.",False,stock already has a position
2026-01-09,6599681,APLAPOLLO,"APLAPOLLO, daily: when VWAP is in its highest 20% → it tends to go DOWN over the next 20 days.",True,three lights green -> paper order
2026-01-12,6599681,APLAPOLLO,"APLAPOLLO, daily: when VWAP is in its highest 20% → it tends to go DOWN over the next 20 days.",False,stock already has a position
2026-01-13,6599681,APLAPOLLO,"APLAPOLLO, daily: when VWAP is in its highest 20% → it tends to go DOWN over the next 20 days.",False,stock already has a position
2026-01-14,6599681,APLAPOLLO,"APLAPOLLO, daily: when VWAP is in its highest 20% → it tends to go DOWN over the next 20 days.",False,stock already has a position
2026-01-16,6599681,APLAPOLLO,"APLAPOLLO, daily: when VWAP is in its highest 20% → it tends to go DOWN over the next 20 days.",True,three lights green -> paper order
2026-01-19,6599681,APLAPOLLO,"APLAPOLLO, daily: when VWAP is in its highest 20% → it tends to go DOWN over the next 20 days.",False,stock already has a position
2026-01-20,6599681,APLAPOLLO,"APLAPOLLO, daily: when VWAP is in its highest 20% → it tends to go DOWN over the next 20 days.",False,stock already has a position
2026-01-21,6599681,APLAPOLLO,"APLAPOLLO, daily: when VWAP is in its highest 20% → it tends to go DOWN over the next 20 days.",False,stock already has a position
2026-01-22,6599681,APLAPOLLO,"APLAPOLLO, daily: when VWAP is in its highest 20% → it tends to go DOWN over the next 20 days.",True,three lights green -> paper order
2026-01-23,6599681,APLAPOLLO,"APLAPOLLO, daily: when VWAP is in its highest 20% → it tends to go DOWN over the next 20 days.",False,stock already has a position
2026-01-27,6599681,APLAPOLLO,"APLAPOLLO, daily: when VWAP is in its highest 20% → it tends to go DOWN over the next 20 days.",False,stock already has a position
2026-01-28,6599681,APLAPOLLO,"APLAPOLLO, daily: when VWAP is in its highest 20% → it tends to go DOWN over the next 20 days.",True,three lights green -> paper order
2026-01-29,6599681,APLAPOLLO,"APLAPOLLO, daily: when VWAP is in its highest 20% → it tends to go DOWN over the next 20 days.",False,stock already has a position
2026-01-30,6599681,APLAPOLLO,"APLAPOLLO, daily: when VWAP is in its highest 20% → it tends to go DOWN over the next 20 days.",False,stock already has a position
2026-02-01,6599681,APLAPOLLO,"APLAPOLLO, daily: when VWAP is in its highest 20% → it tends to go DOWN over the next 20 days.",False,stock already has a position
2026-02-02,6599681,APLAPOLLO,"APLAPOLLO, daily: when VWAP is in its highest 20% → it tends to go DOWN over the next 20 days.",False,stock already has a position
2026-02-03,6599681,APLAPOLLO,"APLAPOLLO, daily: when VWAP is in its highest 20% → it tends to go DOWN over the next 20 days.",False,stock already has a position
2026-02-04,6599681,APLAPOLLO,"APLAPOLLO, daily: when VWAP is in its highest 20% → it tends to go DOWN over the next 20 days.",True,three lights green -> paper order
2026-02-05,6599681,APLAPOLLO,"APLAPOLLO, daily: when VWAP is in its highest 20% → it tends to go DOWN over the next 20 days.",False,stock already has a position
2026-02-06,6599681,APLAPOLLO,"APLAPOLLO, daily: when VWAP is in its highest 20% → it tends to go DOWN over the next 20 days.",False,stock already has a position
2026-02-09,6599681,APLAPOLLO,"APLAPOLLO, daily: when VWAP is in its highest 20% → it tends to go DOWN over the next 20 days.",False,stock already has a position
2026-02-10,6599681,APLAPOLLO,"APLAPOLLO, daily: when VWAP is in its highest 20% → it tends to go DOWN over the next 20 days.",True,three lights green -> paper order
2026-02-11,6599681,APLAPOLLO,"APLAPOLLO, daily: when VWAP is in its highest 20% → it tends to go DOWN over the next 20 days.",False,stock already has a position
2026-02-13,6599681,APLAPOLLO,"APLAPOLLO, daily: when VWAP is in its highest 20% → it tends to go DOWN over the next 20 days.",True,three lights green -> paper order
2026-02-16,6599681,APLAPOLLO,"APLAPOLLO, daily: when VWAP is in its highest 20% → it tends to go DOWN over the next 20 days.",False,stock already has a position
2026-02-17,6599681,APLAPOLLO,"APLAPOLLO, daily: when VWAP is in its highest 20% → it tends to go DOWN over the next 20 days.",False,stock already has a position
2026-02-18,6599681,APLAPOLLO,"APLAPOLLO, daily: when VWAP is in its highest 20% → it tends to go DOWN over the next 20 days.",False,stock already has a position
2026-02-19,6599681,APLAPOLLO,"APLAPOLLO, daily: when VWAP is in its highest 20% → it tends to go DOWN over the next 20 days.",False,stock already has a position
2026-02-20,6599681,APLAPOLLO,"APLAPOLLO, daily: when VWAP is in its highest 20% → it tends to go DOWN over the next 20 days.",False,stock already has a position
2026-02-23,6599681,APLAPOLLO,"APLAPOLLO, daily: when VWAP is in its highest 20% → it tends to go DOWN over the next 20 days.",False,stock already has a position
2026-02-24,6599681,APLAPOLLO,"APLAPOLLO, daily: when VWAP is in its highest 20% → it tends to go DOWN over the next 20 days.",False,stock already has a position
2026-02-25,6599681,APLAPOLLO,"APLAPOLLO, daily: when VWAP is in its highest 20% → it tends to go DOWN over the next 20 days.",False,stock already has a position
2026-02-26,6599681,APLAPOLLO,"APLAPOLLO, daily: when VWAP is in its highest 20% → it tends to go DOWN over the next 20 days.",False,stock already has a position
2026-02-27,6599681,APLAPOLLO,"APLAPOLLO, daily: when VWAP is in its highest 20% → it tends to go DOWN over the next 20 days.",False,stock already has a position
2026-03-02,6599681,APLAPOLLO,"APLAPOLLO, daily: when VWAP is in its highest 20% → it tends to go DOWN over the next 20 days.",False,stock already has a position
2026-03-04,6599681,APLAPOLLO,"APLAPOLLO, daily: when VWAP is in its highest 20% → it tends to go DOWN over the next 20 days.",False,stock already has a position
2026-03-05,6599681,APLAPOLLO,"APLAPOLLO, daily: when VWAP is in its highest 20% → it tends to go DOWN over the next 20 days.",True,three lights green -> paper order
2026-03-06,6599681,APLAPOLLO,"APLAPOLLO, daily: when VWAP is in its highest 20% → it tends to go DOWN over the next 20 days.",False,stock already has a position
2026-03-09,6599681,APLAPOLLO,"APLAPOLLO, daily: when VWAP is in its highest 20% → it tends to go DOWN over the next 20 days.",False,stock already has a position
2026-03-10,6599681,APLAPOLLO,"APLAPOLLO, daily: when VWAP is in its highest 20% → it tends to go DOWN over the next 20 days.",True,three lights green -> paper order
2026-03-11,6599681,APLAPOLLO,"APLAPOLLO, daily: when VWAP is in its highest 20% → it tends to go DOWN over the next 20 days.",False,stock already has a position
2026-03-12,6599681,APLAPOLLO,"APLAPOLLO, daily: when VWAP is in its highest 20% → it tends to go DOWN over the next 20 days.",False,stock already has a position
2026-03-13,6599681,APLAPOLLO,"APLAPOLLO, daily: when VWAP is in its highest 20% → it tends to go DOWN over the next 20 days.",True,three lights green -> paper order
2026-03-16,6599681,APLAPOLLO,"APLAPOLLO, daily: when VWAP is in its highest 20% → it tends to go DOWN over the next 20 days.",False,stock already has a position
2026-03-17,6599681,APLAPOLLO,"APLAPOLLO, daily: when VWAP is in its highest 20% → it tends to go DOWN over the next 20 days.",False,stock already has a position
2026-03-18,6599681,APLAPOLLO,"APLAPOLLO, daily: when VWAP is in its highest 20% → it tends to go DOWN over the next 20 days.",False,stock already has a position
2026-03-19,6599681,APLAPOLLO,"APLAPOLLO, daily: when VWAP is in its highest 20% → it tends to go DOWN over the next 20 days.",True,three lights green -> paper order
2026-03-20,6599681,APLAPOLLO,"APLAPOLLO, daily: when VWAP is in its highest 20% → it tends to go DOWN over the next 20 days.",False,stock already has a position
2026-03-23,6599681,APLAPOLLO,"APLAPOLLO, daily: when VWAP is in its highest 20% → it tends to go DOWN over the next 20 days.",False,stock already has a position
2026-03-24,6599681,APLAPOLLO,"APLAPOLLO, daily: when VWAP is in its highest 20% → it tends to go DOWN over the next 20 days.",False,stock already has a position
2026-03-25,6599681,APLAPOLLO,"APLAPOLLO, daily: when VWAP is in its highest 20% → it tends to go DOWN over the next 20 days.",False,stock already has a position
2026-03-27,6599681,APLAPOLLO,"APLAPOLLO, daily: when VWAP is in its highest 20% → it tends to go DOWN over the next 20 days.",True,three lights green -> paper order
2026-03-30,6599681,APLAPOLLO,"APLAPOLLO, daily: when VWAP is in its highest 20% → it tends to go DOWN over the next 20 days.",False,stock already has a position
2026-04-01,6599681,APLAPOLLO,"APLAPOLLO, daily: when VWAP is in its highest 20% → it tends to go DOWN over the next 20 days.",False,stock already has a position
2026-04-02,6599681,APLAPOLLO,"APLAPOLLO, daily: when VWAP is in its highest 20% → it tends to go DOWN over the next 20 days.",False,stock already has a position
2026-04-06,6599681,APLAPOLLO,"APLAPOLLO, daily: when VWAP is in its highest 20% → it tends to go DOWN over the next 20 days.",True,three lights green -> paper order
2026-04-07,6599681,APLAPOLLO,"APLAPOLLO, daily: when VWAP is in its highest 20% → it tends to go DOWN over the next 20 days.",False,stock already has a position
2026-04-08,6599681,APLAPOLLO,"APLAPOLLO, daily: when VWAP is in its highest 20% → it tends to go DOWN over the next 20 days.",False,stock already has a position
2026-04-09,6599681,APLAPOLLO,"APLAPOLLO, daily: when VWAP is in its highest 20% → it tends to go DOWN over the next 20 days.",True,three lights green -> paper order
2026-04-10,6599681,APLAPOLLO,"APLAPOLLO, daily: when VWAP is in its highest 20% → it tends to go DOWN over the next 20 days.",False,stock already has a position
2026-04-13,6599681,APLAPOLLO,"APLAPOLLO, daily: when VWAP is in its highest 20% → it tends to go DOWN over the next 20 days.",False,stock already has a position
2026-04-15,6599681,APLAPOLLO,"APLAPOLLO, daily: when VWAP is in its highest 20% → it tends to go DOWN over the next 20 days.",False,stock already has a position
2026-04-16,6599681,APLAPOLLO,"APLAPOLLO, daily: when VWAP is in its highest 20% → it tends to go DOWN over the next 20 days.",False,stock already has a position
2026-04-17,6599681,APLAPOLLO,"APLAPOLLO, daily: when VWAP is in its highest 20% → it tends to go DOWN over the next 20 days.",False,stock already has a position
2026-04-20,6599681,APLAPOLLO,"APLAPOLLO, daily: when VWAP is in its highest 20% → it tends to go DOWN over the next 20 days.",False,stock already has a position
2026-04-21,6599681,APLAPOLLO,"APLAPOLLO, daily: when VWAP is in its highest 20% → it tends to go DOWN over the next 20 days.",True,three lights green -> paper order
2026-04-22,6599681,APLAPOLLO,"APLAPOLLO, daily: when VWAP is in its highest 20% → it tends to go DOWN over the next 20 days.",False,stock already has a position
2026-04-23,6599681,APLAPOLLO,"APLAPOLLO, daily: when VWAP is in its highest 20% → it tends to go DOWN over the next 20 days.",False,stock already has a position
2026-04-24,6599681,APLAPOLLO,"APLAPOLLO, daily: when VWAP is in its highest 20% → it tends to go DOWN over the next 20 days.",False,stock already has a position
2026-04-27,6599681,APLAPOLLO,"APLAPOLLO, daily: when VWAP is in its highest 20% → it tends to go DOWN over the next 20 days.",True,three lights green -> paper order
2026-04-28,6599681,APLAPOLLO,"APLAPOLLO, daily: when VWAP is in its highest 20% → it tends to go DOWN over the next 20 days.",False,stock already has a position
2026-04-29,6599681,APLAPOLLO,"APLAPOLLO, daily: when VWAP is in its highest 20% → it tends to go DOWN over the next 20 days.",False,stock already has a position
2026-04-30,6599681,APLAPOLLO,"APLAPOLLO, daily: when VWAP is in its highest 20% → it tends to go DOWN over the next 20 days.",False,stock already has a position
2026-05-04,6599681,APLAPOLLO,"APLAPOLLO, daily: when VWAP is in its highest 20% → it tends to go DOWN over the next 20 days.",True,three lights green -> paper order
2026-05-05,6599681,APLAPOLLO,"APLAPOLLO, daily: when VWAP is in its highest 20% → it tends to go DOWN over the next 20 days.",False,stock already has a position
2026-05-06,6599681,APLAPOLLO,"APLAPOLLO, daily: when VWAP is in its highest 20% → it tends to go DOWN over the next 20 days.",False,stock already has a position
2026-05-07,6599681,APLAPOLLO,"APLAPOLLO, daily: when VWAP is in its highest 20% → it tends to go DOWN over the next 20 days.",False,stock already has a position
2026-05-08,6599681,APLAPOLLO,"APLAPOLLO, daily: when VWAP is in its highest 20% → it tends to go DOWN over the next 20 days.",True,three lights green -> paper order
2026-05-11,6599681,APLAPOLLO,"APLAPOLLO, daily: when VWAP is in its highest 20% → it tends to go DOWN over the next 20 days.",False,stock already has a position
2026-05-12,6599681,APLAPOLLO,"APLAPOLLO, daily: when VWAP is in its highest 20% → it tends to go DOWN over the next 20 days.",False,stock already has a position
2026-05-13,6599681,APLAPOLLO,"APLAPOLLO, daily: when VWAP is in its highest 20% → it tends to go DOWN over the next 20 days.",False,stock already has a position
2026-05-14,6599681,APLAPOLLO,"APLAPOLLO, daily: when VWAP is in its highest 20% → it tends to go DOWN over the next 20 days.",False,stock already has a position
2026-05-15,6599681,APLAPOLLO,"APLAPOLLO, daily: when VWAP is in its highest 20% → it tends to go DOWN over the next 20 days.",True,three lights green -> paper order
2026-05-18,6599681,APLAPOLLO,"APLAPOLLO, daily: when VWAP is in its highest 20% → it tends to go DOWN over the next 20 days.",False,stock already has a position
2026-05-19,6599681,APLAPOLLO,"APLAPOLLO, daily: when VWAP is in its highest 20% → it tends to go DOWN over the next 20 days.",False,stock already has a position
2026-05-20,6599681,APLAPOLLO,"APLAPOLLO, daily: when VWAP is in its highest 20% → it tends to go DOWN over the next 20 days.",False,stock already has a position
2026-05-21,6599681,APLAPOLLO,"APLAPOLLO, daily: when VWAP is in its highest 20% → it tends to go DOWN over the next 20 days.",False,stock already has a position
2026-05-22,6599681,APLAPOLLO,"APLAPOLLO, daily: when VWAP is in its highest 20% → it tends to go DOWN over the next 20 days.",False,stock already has a position
2026-05-25,6599681,APLAPOLLO,"APLAPOLLO, daily: when VWAP is in its highest 20% → it tends to go DOWN over the next 20 days.",False,stock already has a position
2026-05-26,6599681,APLAPOLLO,"APLAPOLLO, daily: when VWAP is in its highest 20% → it tends to go DOWN over the next 20 days.",False,stock already has a position
2026-05-27,6599681,APLAPOLLO,"APLAPOLLO, daily: when VWAP is in its highest 20% → it tends to go DOWN over the next 20 days.",False,stock already has a position
2026-05-29,6599681,APLAPOLLO,"APLAPOLLO, daily: when VWAP is in its highest 20% → it tends to go DOWN over the next 20 days.",False,stock already has a position
2026-06-01,6599681,APLAPOLLO,"APLAPOLLO, daily: when VWAP is in its highest 20% → it tends to go DOWN over the next 20 days.",False,stock already has a position
2026-06-02,6599681,APLAPOLLO,"APLAPOLLO, daily: when VWAP is in its highest 20% → it tends to go DOWN over the next 20 days.",True,three lights green -> paper order
2026-06-03,6599681,APLAPOLLO,"APLAPOLLO, daily: when VWAP is in its highest 20% → it tends to go DOWN over the next 20 days.",False,stock already has a position
2026-06-04,6599681,APLAPOLLO,"APLAPOLLO, daily: when VWAP is in its highest 20% → it tends to go DOWN over the next 20 days.",False,stock already has a position
2026-06-05,6599681,APLAPOLLO,"APLAPOLLO, daily: when VWAP is in its highest 20% → it tends to go DOWN over the next 20 days.",False,stock already has a position
2026-06-08,6599681,APLAPOLLO,"APLAPOLLO, daily: when VWAP is in its highest 20% → it tends to go DOWN over the next 20 days.",True,three lights green -> paper order
2026-06-09,6599681,APLAPOLLO,"APLAPOLLO, daily: when VWAP is in its highest 20% → it tends to go DOWN over the next 20 days.",False,stock already has a position
2026-06-10,6599681,APLAPOLLO,"APLAPOLLO, daily: when VWAP is in its highest 20% → it tends to go DOWN over the next 20 days.",False,stock already has a position
2026-06-11,6599681,APLAPOLLO,"APLAPOLLO, daily: when VWAP is in its highest 20% → it tends to go DOWN over the next 20 days.",False,stock already has a position
2026-06-12,6599681,APLAPOLLO,"APLAPOLLO, daily: when VWAP is in its highest 20% → it tends to go DOWN over the next 20 days.",False,stock already has a position
2026-06-15,6599681,APLAPOLLO,"APLAPOLLO, daily: when VWAP is in its highest 20% → it tends to go DOWN over the next 20 days.",False,stock already has a position
2026-06-16,6599681,APLAPOLLO,"APLAPOLLO, daily: when VWAP is in its highest 20% → it tends to go DOWN over the next 20 days.",False,stock already has a position
2026-06-17,6599681,APLAPOLLO,"APLAPOLLO, daily: when VWAP is in its highest 20% → it tends to go DOWN over the next 20 days.",False,stock already has a position
2026-06-18,6599681,APLAPOLLO,"APLAPOLLO, daily: when VWAP is in its highest 20% → it tends to go DOWN over the next 20 days.",False,stock already has a position
2026-06-19,6599681,APLAPOLLO,"APLAPOLLO, daily: when VWAP is in its highest 20% → it tends to go DOWN over the next 20 days.",False,stock already has a position
2026-06-22,6599681,APLAPOLLO,"APLAPOLLO, daily: when VWAP is in its highest 20% → it tends to go DOWN over the next 20 days.",True,three lights green -> paper order
2026-06-23,6599681,APLAPOLLO,"APLAPOLLO, daily: when VWAP is in its highest 20% → it tends to go DOWN over the next 20 days.",False,stock already has a position
2026-06-24,6599681,APLAPOLLO,"APLAPOLLO, daily: when VWAP is in its highest 20% → it tends to go DOWN over the next 20 days.",False,stock already has a position
2026-06-25,6599681,APLAPOLLO,"APLAPOLLO, daily: when VWAP is in its highest 20% → it tends to go DOWN over the next 20 days.",False,stock already has a position
2026-06-29,6599681,APLAPOLLO,"APLAPOLLO, daily: when VWAP is in its highest 20% → it tends to go DOWN over the next 20 days.",False,stock already has a position
2026-06-30,6599681,APLAPOLLO,"APLAPOLLO, daily: when VWAP is in its highest 20% → it tends to go DOWN over the next 20 days.",True,three lights green -> paper order
2026-07-01,6599681,APLAPOLLO,"APLAPOLLO, daily: when VWAP is in its highest 20% → it tends to go DOWN over the next 20 days.",False,stock already has a position
2026-07-02,6599681,APLAPOLLO,"APLAPOLLO, daily: when VWAP is in its highest 20% → it tends to go DOWN over the next 20 days.",False,stock already has a position
2026-07-03,6599681,APLAPOLLO,"APLAPOLLO, daily: when VWAP is in its highest 20% → it tends to go DOWN over the next 20 days.",False,stock already has a position
2026-07-06,6599681,APLAPOLLO,"APLAPOLLO, daily: when VWAP is in its highest 20% → it tends to go DOWN over the next 20 days.",False,stock already has a position
2026-07-07,6599681,APLAPOLLO,"APLAPOLLO, daily: when VWAP is in its highest 20% → it tends to go DOWN over the next 20 days.",False,stock already has a position
2026-07-08,6599681,APLAPOLLO,"APLAPOLLO, daily: when VWAP is in its highest 20% → it tends to go DOWN over the next 20 days.",False,stock already has a position
2026-07-09,6599681,APLAPOLLO,"APLAPOLLO, daily: when VWAP is in its highest 20% → it tends to go DOWN over the next 20 days.",False,stock already has a position
2026-07-10,6599681,APLAPOLLO,"APLAPOLLO, daily: when VWAP is in its highest 20% → it tends to go DOWN over the next 20 days.",False,stock already has a position
2026-07-13,6599681,APLAPOLLO,"APLAPOLLO, daily: when VWAP is in its highest 20% → it tends to go DOWN over the next 20 days.",True,three lights green -> paper order
2026-07-14,6599681,APLAPOLLO,"APLAPOLLO, daily: when VWAP is in its highest 20% → it tends to go DOWN over the next 20 days.",False,stock already has a position
2026-07-15,6599681,APLAPOLLO,"APLAPOLLO, daily: when VWAP is in its highest 20% → it tends to go DOWN over the next 20 days.",False,stock already has a position
2026-07-16,6599681,APLAPOLLO,"APLAPOLLO, daily: when VWAP is in its highest 20% → it tends to go DOWN over the next 20 days.",False,stock already has a position
2026-07-17,6599681,APLAPOLLO,"APLAPOLLO, daily: when VWAP is in its highest 20% → it tends to go DOWN over the next 20 days.",False,stock already has a position
2026-07-20,6599681,APLAPOLLO,"APLAPOLLO, daily: when VWAP is in its highest 20% → it tends to go DOWN over the next 20 days.",False,stock already has a position
2026-07-21,6599681,APLAPOLLO,"APLAPOLLO, daily: when VWAP is in its highest 20% → it tends to go DOWN over the next 20 days.",False,stock already has a position
2026-07-22,6599681,APLAPOLLO,"APLAPOLLO, daily: when VWAP is in its highest 20% → it tends to go DOWN over the next 20 days.",False,stock already has a position
2026-07-23,6599681,APLAPOLLO,"APLAPOLLO, daily: when VWAP is in its highest 20% → it tends to go DOWN over the next 20 days.",False,stock already has a position
2026-07-24,6599681,APLAPOLLO,"APLAPOLLO, daily: when VWAP is in its highest 20% → it tends to go DOWN over the next 20 days.",False,stock already has a position
2026-07-27,6599681,APLAPOLLO,"APLAPOLLO, daily: when VWAP is in its highest 20% → it tends to go DOWN over the next 20 days.",False,stock already has a position
2026-07-28,6599681,APLAPOLLO,"APLAPOLLO, daily: when VWAP is in its highest 20% → it tends to go DOWN over the next 20 days.",False,stock already has a position
2026-07-29,6599681,APLAPOLLO,"APLAPOLLO, daily: when VWAP is in its highest 20% → it tends to go DOWN over the next 20 days.",False,stock already has a position
2026-07-30,6599681,APLAPOLLO,"APLAPOLLO, daily: when VWAP is in its highest 20% → it tends to go DOWN over the next 20 days.",True,three lights green -> paper order
2026-07-31,6599681,APLAPOLLO,"APLAPOLLO, daily: when VWAP is in its highest 20% → it tends to go DOWN over the next 20 days.",False,stock already has a position
2026-08-03,6599681,APLAPOLLO,"APLAPOLLO, daily: when VWAP is in its highest 20% → it tends to go DOWN over the next 20 days.",False,stock already has a position
2026-08-04,6599681,APLAPOLLO,"APLAPOLLO, daily: when VWAP is in its highest 20% → it tends to go DOWN over the next 20 days.",True,three lights green -> paper order
2026-08-05,6599681,APLAPOLLO,"APLAPOLLO, daily: when VWAP is in its highest 20% → it tends to go DOWN over the next 20 days.",False,stock already has a position
2026-08-06,6599681,APLAPOLLO,"APLAPOLLO, daily: when VWAP is in its highest 20% → it tends to go DOWN over the next 20 days.",False,stock already has a position
2026-08-07,6599681,APLAPOLLO,"APLAPOLLO, daily: when VWAP is in its highest 20% → it tends to go DOWN over the next 20 days.",True,three lights green -> paper order
2026-08-10,6599681,APLAPOLLO,"APLAPOLLO, daily: when VWAP is in its highest 20% → it tends to go DOWN over the next 20 days.",False,stock already has a position
2026-08-11,6599681,APLAPOLLO,"APLAPOLLO, daily: when VWAP is in its highest 20% → it tends to go DOWN over the next 20 days.",False,stock already has a position
2026-08-12,6599681,APLAPOLLO,"APLAPOLLO, daily: when VWAP is in its highest 20% → it tends to go DOWN over the next 20 days.",True,three lights green -> paper order
2026-08-13,6599681,APLAPOLLO,"APLAPOLLO, daily: when VWAP is in its highest 20% → it tends to go DOWN over the next 20 days.",False,stock already has a position
2026-08-14,6599681,APLAPOLLO,"APLAPOLLO, daily: when VWAP is in its highest 20% → it tends to go DOWN over the next 20 days.",False,stock already has a position
2026-08-17,6599681,APLAPOLLO,"APLAPOLLO, daily: when VWAP is in its highest 20% → it tends to go DOWN over the next 20 days.",True,three lights green -> paper order
2026-08-18,6599681,APLAPOLLO,"APLAPOLLO, daily: when VWAP is in its highest 20% → it tends to go DOWN over the next 20 days.",False,stock already has a position
2026-08-19,6599681,APLAPOLLO,"APLAPOLLO, daily: when VWAP is in its highest 20% → it tends to go DOWN over the next 20 days.",False,stock already has a position
2026-08-20,6599681,APLAPOLLO,"APLAPOLLO, daily: when VWAP is in its highest 20% → it tends to go DOWN over the next 20 days.",False,stock already has a position
2026-08-21,6599681,APLAPOLLO,"APLAPOLLO, daily: when VWAP is in its highest 20% → it tends to go DOWN over the next 20 days.",True,three lights green -> paper order
2026-08-24,6599681,APLAPOLLO,"APLAPOLLO, daily: when VWAP is in its highest 20% → it tends to go DOWN over the next 20 days.",False,stock already has a position
2026-08-25,6599681,APLAPOLLO,"APLAPOLLO, daily: when VWAP is in its highest 20% → it tends to go DOWN over the next 20 days.",False,stock already has a position
2026-08-26,6599681,APLAPOLLO,"APLAPOLLO, daily: when VWAP is in its highest 20% → it tends to go DOWN over the next 20 days.",False,stock already has a position
2026-08-27,6599681,APLAPOLLO,"APLAPOLLO, daily: when VWAP is in its highest 20% → it tends to go DOWN over the next 20 days.",False,stock already has a position
2026-08-28,6599681,APLAPOLLO,"APLAPOLLO, daily: when VWAP is in its highest 20% → it tends to go DOWN over the next 20 days.",True,three lights green -> paper order
2026-08-31,6599681,APLAPOLLO,"APLAPOLLO, daily: when VWAP is in its highest 20% → it tends to go DOWN over the next 20 days.",False,stock already has a position
2026-09-01,6599681,APLAPOLLO,"APLAPOLLO, daily: when VWAP is in its highest 20% → it tends to go DOWN over the next 20 days.",False,stock already has a position
2026-09-02,6599681,APLAPOLLO,"APLAPOLLO, daily: when VWAP is in its highest 20% → it tends to go DOWN over the next 20 days.",False,stock already has a position
2026-09-03,6599681,APLAPOLLO,"APLAPOLLO, daily: when VWAP is in its highest 20% → it tends to go DOWN over the next 20 days.",False,stock already has a position
2026-09-04,6599681,APLAPOLLO,"APLAPOLLO, daily: when VWAP is in its highest 20% → it tends to go DOWN over the next 20 days.",True,three lights green -> paper order
2026-09-07,6599681,APLAPOLLO,"APLAPOLLO, daily: when VWAP is in its highest 20% → it tends to go DOWN over the next 20 days.",False,stock already has a position
2026-09-08,6599681,APLAPOLLO,"APLAPOLLO, daily: when VWAP is in its highest 20% → it tends to go DOWN over the next 20 days.",False,stock already has a position
2026-09-09,6599681,APLAPOLLO,"APLAPOLLO, daily: when VWAP is in its highest 20% → it tends to go DOWN over the next 20 days.",False,stock already has a position
2026-09-10,6599681,APLAPOLLO,"APLAPOLLO, daily: when VWAP is in its highest 20% → it tends to go DOWN over the next 20 days.",False,stock already has a position
2026-01-09,7458561,INDUSTOWER,"INDUSTOWER, daily: when VWAP is in its highest 20% → it tends to go DOWN over the next 20 days.",True,three lights green -> paper order
2026-01-12,7458561,INDUSTOWER,"INDUSTOWER, daily: when VWAP is in its highest 20% → it tends to go DOWN over the next 20 days.",False,stock already has a position
2026-01-13,7458561,INDUSTOWER,"INDUSTOWER, daily: when VWAP is in its highest 20% → it tends to go DOWN over the next 20 days.",False,stock already has a position
2026-01-14,7458561,INDUSTOWER,"INDUSTOWER, daily: when VWAP is in its highest 20% → it tends to go DOWN over the next 20 days.",False,stock already has a position
2026-01-16,7458561,INDUSTOWER,"INDUSTOWER, daily: when VWAP is in its highest 20% → it tends to go DOWN over the next 20 days.",False,stock already has a position
2026-01-19,7458561,INDUSTOWER,"INDUSTOWER, daily: when VWAP is in its highest 20% → it tends to go DOWN over the next 20 days.",False,stock already has a position
2026-01-20,7458561,INDUSTOWER,"INDUSTOWER, daily: when VWAP is in its highest 20% → it tends to go DOWN over the next 20 days.",False,stock already has a position
2026-01-21,7458561,INDUSTOWER,"INDUSTOWER, daily: when VWAP is in its highest 20% → it tends to go DOWN over the next 20 days.",True,three lights green -> paper order
2026-01-22,7458561,INDUSTOWER,"INDUSTOWER, daily: when VWAP is in its highest 20% → it tends to go DOWN over the next 20 days.",False,stock already has a position
2026-01-23,7458561,INDUSTOWER,"INDUSTOWER, daily: when VWAP is in its highest 20% → it tends to go DOWN over the next 20 days.",False,stock already has a position
2026-01-27,7458561,INDUSTOWER,"INDUSTOWER, daily: when VWAP is in its highest 20% → it tends to go DOWN over the next 20 days.",False,stock already has a position
2026-01-28,7458561,INDUSTOWER,"INDUSTOWER, daily: when VWAP is in its highest 20% → it tends to go DOWN over the next 20 days.",False,stock already has a position
2026-01-29,7458561,INDUSTOWER,"INDUSTOWER, daily: when VWAP is in its highest 20% → it tends to go DOWN over the next 20 days.",False,stock already has a position
2026-01-30,7458561,INDUSTOWER,"INDUSTOWER, daily: when VWAP is in its highest 20% → it tends to go DOWN over the next 20 days.",True,three lights green -> paper order
2026-02-01,7458561,INDUSTOWER,"INDUSTOWER, daily: when VWAP is in its highest 20% → it tends to go DOWN over the next 20 days.",False,stock already has a position
2026-02-02,7458561,INDUSTOWER,"INDUSTOWER, daily: when VWAP is in its highest 20% → it tends to go DOWN over the next 20 days.",False,stock already has a position
2026-02-03,7458561,INDUSTOWER,"INDUSTOWER, daily: when VWAP is in its highest 20% → it tends to go DOWN over the next 20 days.",True,three lights green -> paper order
2026-02-04,7458561,INDUSTOWER,"INDUSTOWER, daily: when VWAP is in its highest 20% → it tends to go DOWN over the next 20 days.",False,stock already has a position
2026-02-05,7458561,INDUSTOWER,"INDUSTOWER, daily: when VWAP is in its highest 20% → it tends to go DOWN over the next 20 days.",False,stock already has a position
2026-02-06,7458561,INDUSTOWER,"INDUSTOWER, daily: when VWAP is in its highest 20% → it tends to go DOWN over the next 20 days.",False,stock already has a position
2026-02-09,7458561,INDUSTOWER,"INDUSTOWER, daily: when VWAP is in its highest 20% → it tends to go DOWN over the next 20 days.",False,stock already has a position
2026-02-10,7458561,INDUSTOWER,"INDUSTOWER, daily: when VWAP is in its highest 20% → it tends to go DOWN over the next 20 days.",True,three lights green -> paper order
2026-02-11,7458561,INDUSTOWER,"INDUSTOWER, daily: when VWAP is in its highest 20% → it tends to go DOWN over the next 20 days.",False,stock already has a position
2026-02-12,7458561,INDUSTOWER,"INDUSTOWER, daily: when VWAP is in its highest 20% → it tends to go DOWN over the next 20 days.",False,stock already has a position
2026-02-13,7458561,INDUSTOWER,"INDUSTOWER, daily: when VWAP is in its highest 20% → it tends to go DOWN over the next 20 days.",True,three lights green -> paper order
2026-02-16,7458561,INDUSTOWER,"INDUSTOWER, daily: when VWAP is in its highest 20% → it tends to go DOWN over the next 20 days.",False,stock already has a position
2026-02-17,7458561,INDUSTOWER,"INDUSTOWER, daily: when VWAP is in its highest 20% → it tends to go DOWN over the next 20 days.",False,stock already has a position
2026-02-19,7458561,INDUSTOWER,"INDUSTOWER, daily: when VWAP is in its highest 20% → it tends to go DOWN over the next 20 days.",True,three lights green -> paper order
2026-02-20,7458561,INDUSTOWER,"INDUSTOWER, daily: when VWAP is in its highest 20% → it tends to go DOWN over the next 20 days.",False,stock already has a position
2026-02-23,7458561,INDUSTOWER,"INDUSTOWER, daily: when VWAP is in its highest 20% → it tends to go DOWN over the next 20 days.",False,stock already has a position
2026-02-24,7458561,INDUSTOWER,"INDUSTOWER, daily: when VWAP is in its highest 20% → it tends to go DOWN over the next 20 days.",False,stock already has a position
2026-02-25,7458561,INDUSTOWER,"INDUSTOWER, daily: when VWAP is in its highest 20% → it tends to go DOWN over the next 20 days.",False,stock already has a position
2026-02-26,7458561,INDUSTOWER,"INDUSTOWER, daily: when VWAP is in its highest 20% → it tends to go DOWN over the next 20 days.",False,stock already has a position
2026-02-27,7458561,INDUSTOWER,"INDUSTOWER, daily: when VWAP is in its highest 20% → it tends to go DOWN over the next 20 days.",False,stock already has a position
2026-03-02,7458561,INDUSTOWER,"INDUSTOWER, daily: when VWAP is in its highest 20% → it tends to go DOWN over the next 20 days.",False,stock already has a position
2026-03-04,7458561,INDUSTOWER,"INDUSTOWER, daily: when VWAP is in its highest 20% → it tends to go DOWN over the next 20 days.",True,three lights green -> paper order
2026-03-05,7458561,INDUSTOWER,"INDUSTOWER, daily: when VWAP is in its highest 20% → it tends to go DOWN over the next 20 days.",False,stock already has a position
2026-03-06,7458561,INDUSTOWER,"INDUSTOWER, daily: when VWAP is in its highest 20% → it tends to go DOWN over the next 20 days.",False,stock already has a position
2026-03-09,7458561,INDUSTOWER,"INDUSTOWER, daily: when VWAP is in its highest 20% → it tends to go DOWN over the next 20 days.",True,three lights green -> paper order
2026-03-10,7458561,INDUSTOWER,"INDUSTOWER, daily: when VWAP is in its highest 20% → it tends to go DOWN over the next 20 days.",False,stock already has a position
2026-03-11,7458561,INDUSTOWER,"INDUSTOWER, daily: when VWAP is in its highest 20% → it tends to go DOWN over the next 20 days.",False,stock already has a position
2026-03-12,7458561,INDUSTOWER,"INDUSTOWER, daily: when VWAP is in its highest 20% → it tends to go DOWN over the next 20 days.",False,stock already has a position
2026-03-13,7458561,INDUSTOWER,"INDUSTOWER, daily: when VWAP is in its highest 20% → it tends to go DOWN over the next 20 days.",False,stock already has a position
2026-03-16,7458561,INDUSTOWER,"INDUSTOWER, daily: when VWAP is in its highest 20% → it tends to go DOWN over the next 20 days.",True,three lights green -> paper order
2026-03-17,7458561,INDUSTOWER,"INDUSTOWER, daily: when VWAP is in its highest 20% → it tends to go DOWN over the next 20 days.",False,stock already has a position
2026-03-18,7458561,INDUSTOWER,"INDUSTOWER, daily: when VWAP is in its highest 20% → it tends to go DOWN over the next 20 days.",False,stock already has a position
2026-03-19,7458561,INDUSTOWER,"INDUSTOWER, daily: when VWAP is in its highest 20% → it tends to go DOWN over the next 20 days.",True,three lights green -> paper order
2026-03-20,7458561,INDUSTOWER,"INDUSTOWER, daily: when VWAP is in its highest 20% → it tends to go DOWN over the next 20 days.",False,stock already has a position
2026-03-23,7458561,INDUSTOWER,"INDUSTOWER, daily: when VWAP is in its highest 20% → it tends to go DOWN over the next 20 days.",False,stock already has a position
2026-03-24,7458561,INDUSTOWER,"INDUSTOWER, daily: when VWAP is in its highest 20% → it tends to go DOWN over the next 20 days.",False,stock already has a position
2026-03-25,7458561,INDUSTOWER,"INDUSTOWER, daily: when VWAP is in its highest 20% → it tends to go DOWN over the next 20 days.",False,stock already has a position
2026-03-27,7458561,INDUSTOWER,"INDUSTOWER, daily: when VWAP is in its highest 20% → it tends to go DOWN over the next 20 days.",False,stock already has a position
2026-03-30,7458561,INDUSTOWER,"INDUSTOWER, daily: when VWAP is in its highest 20% → it tends to go DOWN over the next 20 days.",False,stock already has a position
2026-04-01,7458561,INDUSTOWER,"INDUSTOWER, daily: when VWAP is in its highest 20% → it tends to go DOWN over the next 20 days.",False,stock already has a position
2026-04-02,7458561,INDUSTOWER,"INDUSTOWER, daily: when VWAP is in its highest 20% → it tends to go DOWN over the next 20 days.",False,stock already has a position
2026-04-06,7458561,INDUSTOWER,"INDUSTOWER, daily: when VWAP is in its highest 20% → it tends to go DOWN over the next 20 days.",True,three lights green -> paper order
2026-04-07,7458561,INDUSTOWER,"INDUSTOWER, daily: when VWAP is in its highest 20% → it tends to go DOWN over the next 20 days.",False,stock already has a position
2026-04-08,7458561,INDUSTOWER,"INDUSTOWER, daily: when VWAP is in its highest 20% → it tends to go DOWN over the next 20 days.",False,stock already has a position
2026-04-09,7458561,INDUSTOWER,"INDUSTOWER, daily: when VWAP is in its highest 20% → it tends to go DOWN over the next 20 days.",True,three lights green -> paper order
2026-04-10,7458561,INDUSTOWER,"INDUSTOWER, daily: when VWAP is in its highest 20% → it tends to go DOWN over the next 20 days.",False,stock already has a position
2026-04-13,7458561,INDUSTOWER,"INDUSTOWER, daily: when VWAP is in its highest 20% → it tends to go DOWN over the next 20 days.",False,stock already has a position
2026-04-15,7458561,INDUSTOWER,"INDUSTOWER, daily: when VWAP is in its highest 20% → it tends to go DOWN over the next 20 days.",False,stock already has a position
2026-04-16,7458561,INDUSTOWER,"INDUSTOWER, daily: when VWAP is in its highest 20% → it tends to go DOWN over the next 20 days.",False,stock already has a position
2026-04-17,7458561,INDUSTOWER,"INDUSTOWER, daily: when VWAP is in its highest 20% → it tends to go DOWN over the next 20 days.",True,three lights green -> paper order
2026-04-20,7458561,INDUSTOWER,"INDUSTOWER, daily: when VWAP is in its highest 20% → it tends to go DOWN over the next 20 days.",False,stock already has a position
2026-04-21,7458561,INDUSTOWER,"INDUSTOWER, daily: when VWAP is in its highest 20% → it tends to go DOWN over the next 20 days.",False,stock already has a position
2026-04-22,7458561,INDUSTOWER,"INDUSTOWER, daily: when VWAP is in its highest 20% → it tends to go DOWN over the next 20 days.",False,stock already has a position
2026-04-23,7458561,INDUSTOWER,"INDUSTOWER, daily: when VWAP is in its highest 20% → it tends to go DOWN over the next 20 days.",False,stock already has a position
2026-04-24,7458561,INDUSTOWER,"INDUSTOWER, daily: when VWAP is in its highest 20% → it tends to go DOWN over the next 20 days.",False,stock already has a position
2026-04-27,7458561,INDUSTOWER,"INDUSTOWER, daily: when VWAP is in its highest 20% → it tends to go DOWN over the next 20 days.",False,stock already has a position
2026-04-28,7458561,INDUSTOWER,"INDUSTOWER, daily: when VWAP is in its highest 20% → it tends to go DOWN over the next 20 days.",False,stock already has a position
2026-04-29,7458561,INDUSTOWER,"INDUSTOWER, daily: when VWAP is in its highest 20% → it tends to go DOWN over the next 20 days.",False,stock already has a position
2026-04-30,7458561,INDUSTOWER,"INDUSTOWER, daily: when VWAP is in its highest 20% → it tends to go DOWN over the next 20 days.",False,stock already has a position
2026-05-04,7458561,INDUSTOWER,"INDUSTOWER, daily: when VWAP is in its highest 20% → it tends to go DOWN over the next 20 days.",False,stock already has a position
2026-05-05,7458561,INDUSTOWER,"INDUSTOWER, daily: when VWAP is in its highest 20% → it tends to go DOWN over the next 20 days.",True,three lights green -> paper order
2026-05-06,7458561,INDUSTOWER,"INDUSTOWER, daily: when VWAP is in its highest 20% → it tends to go DOWN over the next 20 days.",False,stock already has a position
2026-05-07,7458561,INDUSTOWER,"INDUSTOWER, daily: when VWAP is in its highest 20% → it tends to go DOWN over the next 20 days.",False,stock already has a position
2026-05-08,7458561,INDUSTOWER,"INDUSTOWER, daily: when VWAP is in its highest 20% → it tends to go DOWN over the next 20 days.",False,stock already has a position
2026-05-11,7458561,INDUSTOWER,"INDUSTOWER, daily: when VWAP is in its highest 20% → it tends to go DOWN over the next 20 days.",False,stock already has a position
2026-05-12,7458561,INDUSTOWER,"INDUSTOWER, daily: when VWAP is in its highest 20% → it tends to go DOWN over the next 20 days.",False,stock already has a position
2026-05-13,7458561,INDUSTOWER,"INDUSTOWER, daily: when VWAP is in its highest 20% → it tends to go DOWN over the next 20 days.",False,stock already has a position
2026-05-14,7458561,INDUSTOWER,"INDUSTOWER, daily: when VWAP is in its highest 20% → it tends to go DOWN over the next 20 days.",False,stock already has a position
2026-05-15,7458561,INDUSTOWER,"INDUSTOWER, daily: when VWAP is in its highest 20% → it tends to go DOWN over the next 20 days.",True,three lights green -> paper order
2026-05-18,7458561,INDUSTOWER,"INDUSTOWER, daily: when VWAP is in its highest 20% → it tends to go DOWN over the next 20 days.",False,stock already has a position
2026-05-19,7458561,INDUSTOWER,"INDUSTOWER, daily: when VWAP is in its highest 20% → it tends to go DOWN over the next 20 days.",False,stock already has a position
2026-05-20,7458561,INDUSTOWER,"INDUSTOWER, daily: when VWAP is in its highest 20% → it tends to go DOWN over the next 20 days.",True,three lights green -> paper order
2026-05-21,7458561,INDUSTOWER,"INDUSTOWER, daily: when VWAP is in its highest 20% → it tends to go DOWN over the next 20 days.",False,stock already has a position
2026-05-22,7458561,INDUSTOWER,"INDUSTOWER, daily: when VWAP is in its highest 20% → it tends to go DOWN over the next 20 days.",False,stock already has a position
2026-05-25,7458561,INDUSTOWER,"INDUSTOWER, daily: when VWAP is in its highest 20% → it tends to go DOWN over the next 20 days.",False,stock already has a position
2026-05-26,7458561,INDUSTOWER,"INDUSTOWER, daily: when VWAP is in its highest 20% → it tends to go DOWN over the next 20 days.",False,stock already has a position
2026-05-27,7458561,INDUSTOWER,"INDUSTOWER, daily: when VWAP is in its highest 20% → it tends to go DOWN over the next 20 days.",False,stock already has a position
2026-05-29,7458561,INDUSTOWER,"INDUSTOWER, daily: when VWAP is in its highest 20% → it tends to go DOWN over the next 20 days.",False,stock already has a position
2026-06-01,7458561,INDUSTOWER,"INDUSTOWER, daily: when VWAP is in its highest 20% → it tends to go DOWN over the next 20 days.",True,three lights green -> paper order
2026-06-02,7458561,INDUSTOWER,"INDUSTOWER, daily: when VWAP is in its highest 20% → it tends to go DOWN over the next 20 days.",False,stock already has a position
2026-06-03,7458561,INDUSTOWER,"INDUSTOWER, daily: when VWAP is in its highest 20% → it tends to go DOWN over the next 20 days.",False,stock already has a position
2026-06-04,7458561,INDUSTOWER,"INDUSTOWER, daily: when VWAP is in its highest 20% → it tends to go DOWN over the next 20 days.",False,stock already has a position
2026-06-05,7458561,INDUSTOWER,"INDUSTOWER, daily: when VWAP is in its highest 20% → it tends to go DOWN over the next 20 days.",False,stock already has a position
2026-06-08,7458561,INDUSTOWER,"INDUSTOWER, daily: when VWAP is in its highest 20% → it tends to go DOWN over the next 20 days.",False,stock already has a position
2026-06-09,7458561,INDUSTOWER,"INDUSTOWER, daily: when VWAP is in its highest 20% → it tends to go DOWN over the next 20 days.",False,stock already has a position
2026-06-10,7458561,INDUSTOWER,"INDUSTOWER, daily: when VWAP is in its highest 20% → it tends to go DOWN over the next 20 days.",False,stock already has a position
2026-06-11,7458561,INDUSTOWER,"INDUSTOWER, daily: when VWAP is in its highest 20% → it tends to go DOWN over the next 20 days.",True,three lights green -> paper order
2026-06-12,7458561,INDUSTOWER,"INDUSTOWER, daily: when VWAP is in its highest 20% → it tends to go DOWN over the next 20 days.",False,stock already has a position
2026-06-15,7458561,INDUSTOWER,"INDUSTOWER, daily: when VWAP is in its highest 20% → it tends to go DOWN over the next 20 days.",False,stock already has a position
2026-06-16,7458561,INDUSTOWER,"INDUSTOWER, daily: when VWAP is in its highest 20% → it tends to go DOWN over the next 20 days.",False,stock already has a position
2026-06-17,7458561,INDUSTOWER,"INDUSTOWER, daily: when VWAP is in its highest 20% → it tends to go DOWN over the next 20 days.",False,stock already has a position
2026-06-18,7458561,INDUSTOWER,"INDUSTOWER, daily: when VWAP is in its highest 20% → it tends to go DOWN over the next 20 days.",False,stock already has a position
2026-06-19,7458561,INDUSTOWER,"INDUSTOWER, daily: when VWAP is in its highest 20% → it tends to go DOWN over the next 20 days.",False,stock already has a position
2026-06-22,7458561,INDUSTOWER,"INDUSTOWER, daily: when VWAP is in its highest 20% → it tends to go DOWN over the next 20 days.",False,stock already has a position
2026-06-23,7458561,INDUSTOWER,"INDUSTOWER, daily: when VWAP is in its highest 20% → it tends to go DOWN over the next 20 days.",False,stock already has a position
2026-06-24,7458561,INDUSTOWER,"INDUSTOWER, daily: when VWAP is in its highest 20% → it tends to go DOWN over the next 20 days.",True,three lights green -> paper order
2026-06-25,7458561,INDUSTOWER,"INDUSTOWER, daily: when VWAP is in its highest 20% → it tends to go DOWN over the next 20 days.",False,stock already has a position
2026-06-29,7458561,INDUSTOWER,"INDUSTOWER, daily: when VWAP is in its highest 20% → it tends to go DOWN over the next 20 days.",False,stock already has a position
2026-06-30,7458561,INDUSTOWER,"INDUSTOWER, daily: when VWAP is in its highest 20% → it tends to go DOWN over the next 20 days.",False,stock already has a position
2026-07-01,7458561,INDUSTOWER,"INDUSTOWER, daily: when VWAP is in its highest 20% → it tends to go DOWN over the next 20 days.",False,stock already has a position
2026-07-02,7458561,INDUSTOWER,"INDUSTOWER, daily: when VWAP is in its highest 20% → it tends to go DOWN over the next 20 days.",True,three lights green -> paper order
2026-07-03,7458561,INDUSTOWER,"INDUSTOWER, daily: when VWAP is in its highest 20% → it tends to go DOWN over the next 20 days.",False,stock already has a position
2026-07-06,7458561,INDUSTOWER,"INDUSTOWER, daily: when VWAP is in its highest 20% → it tends to go DOWN over the next 20 days.",False,stock already has a position
2026-07-07,7458561,INDUSTOWER,"INDUSTOWER, daily: when VWAP is in its highest 20% → it tends to go DOWN over the next 20 days.",False,stock already has a position
2026-07-08,7458561,INDUSTOWER,"INDUSTOWER, daily: when VWAP is in its highest 20% → it tends to go DOWN over the next 20 days.",False,stock already has a position
2026-07-09,7458561,INDUSTOWER,"INDUSTOWER, daily: when VWAP is in its highest 20% → it tends to go DOWN over the next 20 days.",True,three lights green -> paper order
2026-07-10,7458561,INDUSTOWER,"INDUSTOWER, daily: when VWAP is in its highest 20% → it tends to go DOWN over the next 20 days.",False,stock already has a position
2026-07-13,7458561,INDUSTOWER,"INDUSTOWER, daily: when VWAP is in its highest 20% → it tends to go DOWN over the next 20 days.",False,stock already has a position
2026-07-14,7458561,INDUSTOWER,"INDUSTOWER, daily: when VWAP is in its highest 20% → it tends to go DOWN over the next 20 days.",False,stock already has a position
2026-07-15,7458561,INDUSTOWER,"INDUSTOWER, daily: when VWAP is in its highest 20% → it tends to go DOWN over the next 20 days.",False,stock already has a position
2026-07-16,7458561,INDUSTOWER,"INDUSTOWER, daily: when VWAP is in its highest 20% → it tends to go DOWN over the next 20 days.",False,stock already has a position
2026-07-17,7458561,INDUSTOWER,"INDUSTOWER, daily: when VWAP is in its highest 20% → it tends to go DOWN over the next 20 days.",False,stock already has a position
2026-07-20,7458561,INDUSTOWER,"INDUSTOWER, daily: when VWAP is in its highest 20% → it tends to go DOWN over the next 20 days.",False,stock already has a position
2026-07-21,7458561,INDUSTOWER,"INDUSTOWER, daily: when VWAP is in its highest 20% → it tends to go DOWN over the next 20 days.",False,stock already has a position
2026-07-22,7458561,INDUSTOWER,"INDUSTOWER, daily: when VWAP is in its highest 20% → it tends to go DOWN over the next 20 days.",True,three lights green -> paper order
2026-08-12,7458561,INDUSTOWER,"INDUSTOWER, daily: when VWAP is in its highest 20% → it tends to go DOWN over the next 20 days.",True,three lights green -> paper order
2026-08-13,7458561,INDUSTOWER,"INDUSTOWER, daily: when VWAP is in its highest 20% → it tends to go DOWN over the next 20 days.",False,stock already has a position
2026-08-14,7458561,INDUSTOWER,"INDUSTOWER, daily: when VWAP is in its highest 20% → it tends to go DOWN over the next 20 days.",False,stock already has a position
2026-08-17,7458561,INDUSTOWER,"INDUSTOWER, daily: when VWAP is in its highest 20% → it tends to go DOWN over the next 20 days.",False,stock already has a position
2026-08-25,7458561,INDUSTOWER,"INDUSTOWER, daily: when VWAP is in its highest 20% → it tends to go DOWN over the next 20 days.",True,three lights green -> paper order
2026-08-26,7458561,INDUSTOWER,"INDUSTOWER, daily: when VWAP is in its highest 20% → it tends to go DOWN over the next 20 days.",False,stock already has a position
2026-08-27,7458561,INDUSTOWER,"INDUSTOWER, daily: when VWAP is in its highest 20% → it tends to go DOWN over the next 20 days.",False,stock already has a position
2026-08-28,7458561,INDUSTOWER,"INDUSTOWER, daily: when VWAP is in its highest 20% → it tends to go DOWN over the next 20 days.",True,three lights green -> paper order
2026-08-31,7458561,INDUSTOWER,"INDUSTOWER, daily: when VWAP is in its highest 20% → it tends to go DOWN over the next 20 days.",False,stock already has a position
2026-01-09,4632577,JUBLFOOD,"JUBLFOOD, daily: when volume flow (OBV) is in its highest 20% → it tends to go DOWN over the next 20 days.",True,three lights green -> paper order
2026-01-12,4632577,JUBLFOOD,"JUBLFOOD, daily: when volume flow (OBV) is in its highest 20% → it tends to go DOWN over the next 20 days.",False,stock already has a position
2026-01-13,4632577,JUBLFOOD,"JUBLFOOD, daily: when volume flow (OBV) is in its highest 20% → it tends to go DOWN over the next 20 days.",False,stock already has a position
2026-01-14,4632577,JUBLFOOD,"JUBLFOOD, daily: when volume flow (OBV) is in its highest 20% → it tends to go DOWN over the next 20 days.",False,stock already has a position
2026-01-16,4632577,JUBLFOOD,"JUBLFOOD, daily: when volume flow (OBV) is in its highest 20% → it tends to go DOWN over the next 20 days.",False,stock already has a position
2026-01-19,4632577,JUBLFOOD,"JUBLFOOD, daily: when volume flow (OBV) is in its highest 20% → it tends to go DOWN over the next 20 days.",False,stock already has a position
2026-01-20,4632577,JUBLFOOD,"JUBLFOOD, daily: when volume flow (OBV) is in its highest 20% → it tends to go DOWN over the next 20 days.",False,stock already has a position
2026-01-21,4632577,JUBLFOOD,"JUBLFOOD, daily: when volume flow (OBV) is in its highest 20% → it tends to go DOWN over the next 20 days.",False,stock already has a position
2026-01-22,4632577,JUBLFOOD,"JUBLFOOD, daily: when volume flow (OBV) is in its highest 20% → it tends to go DOWN over the next 20 days.",True,three lights green -> paper order
2026-01-23,4632577,JUBLFOOD,"JUBLFOOD, daily: when volume flow (OBV) is in its highest 20% → it tends to go DOWN over the next 20 days.",False,stock already has a position
2026-01-30,4632577,JUBLFOOD,"JUBLFOOD, daily: when volume flow (OBV) is in its highest 20% → it tends to go DOWN over the next 20 days.",True,three lights green -> paper order
2026-02-02,4632577,JUBLFOOD,"JUBLFOOD, daily: when volume flow (OBV) is in its highest 20% → it tends to go DOWN over the next 20 days.",False,stock already has a position
2026-02-03,4632577,JUBLFOOD,"JUBLFOOD, daily: when volume flow (OBV) is in its highest 20% → it tends to go DOWN over the next 20 days.",False,stock already has a position
2026-02-04,4632577,JUBLFOOD,"JUBLFOOD, daily: when volume flow (OBV) is in its highest 20% → it tends to go DOWN over the next 20 days.",True,three lights green -> paper order
2026-02-05,4632577,JUBLFOOD,"JUBLFOOD, daily: when volume flow (OBV) is in its highest 20% → it tends to go DOWN over the next 20 days.",False,stock already has a position
2026-02-06,4632577,JUBLFOOD,"JUBLFOOD, daily: when volume flow (OBV) is in its highest 20% → it tends to go DOWN over the next 20 days.",False,stock already has a position
2026-02-09,4632577,JUBLFOOD,"JUBLFOOD, daily: when volume flow (OBV) is in its highest 20% → it tends to go DOWN over the next 20 days.",True,three lights green -> paper order
2026-02-10,4632577,JUBLFOOD,"JUBLFOOD, daily: when volume flow (OBV) is in its highest 20% → it tends to go DOWN over the next 20 days.",False,stock already has a position
2026-02-11,4632577,JUBLFOOD,"JUBLFOOD, daily: when volume flow (OBV) is in its highest 20% → it tends to go DOWN over the next 20 days.",False,stock already has a position
2026-02-12,4632577,JUBLFOOD,"JUBLFOOD, daily: when volume flow (OBV) is in its highest 20% → it tends to go DOWN over the next 20 days.",True,three lights green -> paper order
2026-02-16,4632577,JUBLFOOD,"JUBLFOOD, daily: when volume flow (OBV) is in its highest 20% → it tends to go DOWN over the next 20 days.",False,stock already has a position
2026-02-20,4632577,JUBLFOOD,"JUBLFOOD, daily: when volume flow (OBV) is in its highest 20% → it tends to go DOWN over the next 20 days.",False,stock already has a position
2026-02-23,4632577,JUBLFOOD,"JUBLFOOD, daily: when volume flow (OBV) is in its highest 20% → it tends to go DOWN over the next 20 days.",False,stock already has a position
2026-02-27,4632577,JUBLFOOD,"JUBLFOOD, daily: when volume flow (OBV) is in its highest 20% → it tends to go DOWN over the next 20 days.",True,three lights green -> paper order
2026-03-02,4632577,JUBLFOOD,"JUBLFOOD, daily: when volume flow (OBV) is in its highest 20% → it tends to go DOWN over the next 20 days.",False,stock already has a position
2026-03-04,4632577,JUBLFOOD,"JUBLFOOD, daily: when volume flow (OBV) is in its highest 20% → it tends to go DOWN over the next 20 days.",False,stock already has a position
2026-07-06,4632577,JUBLFOOD,"JUBLFOOD, daily: when volume flow (OBV) is in its highest 20% → it tends to go DOWN over the next 20 days.",True,three lights green -> paper order
2026-07-07,4632577,JUBLFOOD,"JUBLFOOD, daily: when volume flow (OBV) is in its highest 20% → it tends to go DOWN over the next 20 days.",False,stock already has a position
2026-07-08,4632577,JUBLFOOD,"JUBLFOOD, daily: when volume flow (OBV) is in its highest 20% → it tends to go DOWN over the next 20 days.",False,stock already has a position
2026-07-09,4632577,JUBLFOOD,"JUBLFOOD, daily: when volume flow (OBV) is in its highest 20% → it tends to go DOWN over the next 20 days.",True,three lights green -> paper order
2026-07-10,4632577,JUBLFOOD,"JUBLFOOD, daily: when volume flow (OBV) is in its highest 20% → it tends to go DOWN over the next 20 days.",False,stock already has a position
2026-07-13,4632577,JUBLFOOD,"JUBLFOOD, daily: when volume flow (OBV) is in its highest 20% → it tends to go DOWN over the next 20 days.",False,stock already has a position
2026-07-14,4632577,JUBLFOOD,"JUBLFOOD, daily: when volume flow (OBV) is in its highest 20% → it tends to go DOWN over the next 20 days.",False,stock already has a position
2026-07-15,4632577,JUBLFOOD,"JUBLFOOD, daily: when volume flow (OBV) is in its highest 20% → it tends to go DOWN over the next 20 days.",False,stock already has a position
2026-07-16,4632577,JUBLFOOD,"JUBLFOOD, daily: when volume flow (OBV) is in its highest 20% → it tends to go DOWN over the next 20 days.",False,stock already has a position
2026-07-17,4632577,JUBLFOOD,"JUBLFOOD, daily: when volume flow (OBV) is in its highest 20% → it tends to go DOWN over the next 20 days.",False,stock already has a position
2026-07-20,4632577,JUBLFOOD,"JUBLFOOD, daily: when volume flow (OBV) is in its highest 20% → it tends to go DOWN over the next 20 days.",False,stock already has a position
2026-07-21,4632577,JUBLFOOD,"JUBLFOOD, daily: when volume flow (OBV) is in its highest 20% → it tends to go DOWN over the next 20 days.",False,stock already has a position
2026-07-22,4632577,JUBLFOOD,"JUBLFOOD, daily: when volume flow (OBV) is in its highest 20% → it tends to go DOWN over the next 20 days.",False,stock already has a position
2026-07-23,4632577,JUBLFOOD,"JUBLFOOD, daily: when volume flow (OBV) is in its highest 20% → it tends to go DOWN over the next 20 days.",False,stock already has a position
2026-07-24,4632577,JUBLFOOD,"JUBLFOOD, daily: when volume flow (OBV) is in its highest 20% → it tends to go DOWN over the next 20 days.",True,three lights green -> paper order
2026-07-27,4632577,JUBLFOOD,"JUBLFOOD, daily: when volume flow (OBV) is in its highest 20% → it tends to go DOWN over the next 20 days.",False,stock already has a position
2026-07-28,4632577,JUBLFOOD,"JUBLFOOD, daily: when volume flow (OBV) is in its highest 20% → it tends to go DOWN over the next 20 days.",False,stock already has a position
2026-07-29,4632577,JUBLFOOD,"JUBLFOOD, daily: when volume flow (OBV) is in its highest 20% → it tends to go DOWN over the next 20 days.",True,three lights green -> paper order
2026-07-30,4632577,JUBLFOOD,"JUBLFOOD, daily: when volume flow (OBV) is in its highest 20% → it tends to go DOWN over the next 20 days.",False,stock already has a position
2026-07-31,4632577,JUBLFOOD,"JUBLFOOD, daily: when volume flow (OBV) is in its highest 20% → it tends to go DOWN over the next 20 days.",False,stock already has a position
2026-08-03,4632577,JUBLFOOD,"JUBLFOOD, daily: when volume flow (OBV) is in its highest 20% → it tends to go DOWN over the next 20 days.",False,stock already has a position
2026-08-04,4632577,JUBLFOOD,"JUBLFOOD, daily: when volume flow (OBV) is in its highest 20% → it tends to go DOWN over the next 20 days.",True,three lights green -> paper order
2026-08-05,4632577,JUBLFOOD,"JUBLFOOD, daily: when volume flow (OBV) is in its highest 20% → it tends to go DOWN over the next 20 days.",False,stock already has a position
2026-08-06,4632577,JUBLFOOD,"JUBLFOOD, daily: when volume flow (OBV) is in its highest 20% → it tends to go DOWN over the next 20 days.",False,stock already has a position
2026-08-07,4632577,JUBLFOOD,"JUBLFOOD, daily: when volume flow (OBV) is in its highest 20% → it tends to go DOWN over the next 20 days.",False,stock already has a position
2026-08-10,4632577,JUBLFOOD,"JUBLFOOD, daily: when volume flow (OBV) is in its highest 20% → it tends to go DOWN over the next 20 days.",True,three lights green -> paper order
2026-08-11,4632577,JUBLFOOD,"JUBLFOOD, daily: when volume flow (OBV) is in its highest 20% → it tends to go DOWN over the next 20 days.",False,stock already has a position
2026-08-12,4632577,JUBLFOOD,"JUBLFOOD, daily: when volume flow (OBV) is in its highest 20% → it tends to go DOWN over the next 20 days.",False,stock already has a position
2026-08-13,4632577,JUBLFOOD,"JUBLFOOD, daily: when volume flow (OBV) is in its highest 20% → it tends to go DOWN over the next 20 days.",False,stock already has a position
2026-08-14,4632577,JUBLFOOD,"JUBLFOOD, daily: when volume flow (OBV) is in its highest 20% → it tends to go DOWN over the next 20 days.",True,three lights green -> paper order
2026-08-17,4632577,JUBLFOOD,"JUBLFOOD, daily: when volume flow (OBV) is in its highest 20% → it tends to go DOWN over the next 20 days.",False,stock already has a position
2026-08-18,4632577,JUBLFOOD,"JUBLFOOD, daily: when volume flow (OBV) is in its highest 20% → it tends to go DOWN over the next 20 days.",False,stock already has a position
2026-08-19,4632577,JUBLFOOD,"JUBLFOOD, daily: when volume flow (OBV) is in its highest 20% → it tends to go DOWN over the next 20 days.",False,stock already has a position
2026-08-20,4632577,JUBLFOOD,"JUBLFOOD, daily: when volume flow (OBV) is in its highest 20% → it tends to go DOWN over the next 20 days.",False,stock already has a position
2026-08-21,4632577,JUBLFOOD,"JUBLFOOD, daily: when volume flow (OBV) is in its highest 20% → it tends to go DOWN over the next 20 days.",False,stock already has a position
2026-08-24,4632577,JUBLFOOD,"JUBLFOOD, daily: when volume flow (OBV) is in its highest 20% → it tends to go DOWN over the next 20 days.",False,stock already has a position
2026-08-26,4632577,JUBLFOOD,"JUBLFOOD, daily: when volume flow (OBV) is in its highest 20% → it tends to go DOWN over the next 20 days.",False,stock already has a position
2026-08-27,4632577,JUBLFOOD,"JUBLFOOD, daily: when volume flow (OBV) is in its highest 20% → it tends to go DOWN over the next 20 days.",True,three lights green -> paper order
2026-08-28,4632577,JUBLFOOD,"JUBLFOOD, daily: when volume flow (OBV) is in its highest 20% → it tends to go DOWN over the next 20 days.",False,stock already has a position
2026-08-31,4632577,JUBLFOOD,"JUBLFOOD, daily: when volume flow (OBV) is in its highest 20% → it tends to go DOWN over the next 20 days.",False,stock already has a position
2026-09-01,4632577,JUBLFOOD,"JUBLFOOD, daily: when volume flow (OBV) is in its highest 20% → it tends to go DOWN over the next 20 days.",False,stock already has a position
2026-09-02,4632577,JUBLFOOD,"JUBLFOOD, daily: when volume flow (OBV) is in its highest 20% → it tends to go DOWN over the next 20 days.",False,stock already has a position
2026-09-03,4632577,JUBLFOOD,"JUBLFOOD, daily: when volume flow (OBV) is in its highest 20% → it tends to go DOWN over the next 20 days.",True,three lights green -> paper order
2026-09-04,4632577,JUBLFOOD,"JUBLFOOD, daily: when volume flow (OBV) is in its highest 20% → it tends to go DOWN over the next 20 days.",False,stock already has a position
2026-09-07,4632577,JUBLFOOD,"JUBLFOOD, daily: when volume flow (OBV) is in its highest 20% → it tends to go DOWN over the next 20 days.",False,stock already has a position
2026-09-08,4632577,JUBLFOOD,"JUBLFOOD, daily: when volume flow (OBV) is in its highest 20% → it tends to go DOWN over the next 20 days.",False,stock already has a position
2026-09-09,4632577,JUBLFOOD,"JUBLFOOD, daily: when volume flow (OBV) is in its highest 20% → it tends to go DOWN over the next 20 days.",False,stock already has a position
2026-09-10,4632577,JUBLFOOD,"JUBLFOOD, daily: when volume flow (OBV) is in its highest 20% → it tends to go DOWN over the next 20 days.",False,stock already has a position
2026-01-09,4268801,BAJAJFINSV,"BAJAJFINSV, daily: when VWAP is in its highest 20% → it tends to go DOWN over the next 20 days.",True,three lights green -> paper order
2026-01-12,4268801,BAJAJFINSV,"BAJAJFINSV, daily: when VWAP is in its highest 20% → it tends to go DOWN over the next 20 days.",False,stock already has a position
2026-01-13,4268801,BAJAJFINSV,"BAJAJFINSV, daily: when VWAP is in its highest 20% → it tends to go DOWN over the next 20 days.",False,stock already has a position
2026-01-14,4268801,BAJAJFINSV,"BAJAJFINSV, daily: when VWAP is in its highest 20% → it tends to go DOWN over the next 20 days.",False,stock already has a position
2026-01-16,4268801,BAJAJFINSV,"BAJAJFINSV, daily: when VWAP is in its highest 20% → it tends to go DOWN over the next 20 days.",False,stock already has a position
2026-01-19,4268801,BAJAJFINSV,"BAJAJFINSV, daily: when VWAP is in its highest 20% → it tends to go DOWN over the next 20 days.",True,three lights green -> paper order
2026-01-20,4268801,BAJAJFINSV,"BAJAJFINSV, daily: when VWAP is in its highest 20% → it tends to go DOWN over the next 20 days.",False,stock already has a position
2026-01-21,4268801,BAJAJFINSV,"BAJAJFINSV, daily: when VWAP is in its highest 20% → it tends to go DOWN over the next 20 days.",False,stock already has a position
2026-01-22,4268801,BAJAJFINSV,"BAJAJFINSV, daily: when VWAP is in its highest 20% → it tends to go DOWN over the next 20 days.",True,three lights green -> paper order
2026-01-23,4268801,BAJAJFINSV,"BAJAJFINSV, daily: when VWAP is in its highest 20% → it tends to go DOWN over the next 20 days.",False,stock already has a position
2026-01-27,4268801,BAJAJFINSV,"BAJAJFINSV, daily: when VWAP is in its highest 20% → it tends to go DOWN over the next 20 days.",False,stock already has a position
2026-01-28,4268801,BAJAJFINSV,"BAJAJFINSV, daily: when VWAP is in its highest 20% → it tends to go DOWN over the next 20 days.",True,three lights green -> paper order
2026-01-29,4268801,BAJAJFINSV,"BAJAJFINSV, daily: when VWAP is in its highest 20% → it tends to go DOWN over the next 20 days.",False,stock already has a position
2026-01-30,4268801,BAJAJFINSV,"BAJAJFINSV, daily: when VWAP is in its highest 20% → it tends to go DOWN over the next 20 days.",False,stock already has a position
2026-02-01,4268801,BAJAJFINSV,"BAJAJFINSV, daily: when VWAP is in its highest 20% → it tends to go DOWN over the next 20 days.",False,stock already has a position
2026-02-02,4268801,BAJAJFINSV,"BAJAJFINSV, daily: when VWAP is in its highest 20% → it tends to go DOWN over the next 20 days.",False,stock already has a position
2026-02-03,4268801,BAJAJFINSV,"BAJAJFINSV, daily: when VWAP is in its highest 20% → it tends to go DOWN over the next 20 days.",False,stock already has a position
2026-02-04,4268801,BAJAJFINSV,"BAJAJFINSV, daily: when VWAP is in its highest 20% → it tends to go DOWN over the next 20 days.",True,three lights green -> paper order
2026-02-05,4268801,BAJAJFINSV,"BAJAJFINSV, daily: when VWAP is in its highest 20% → it tends to go DOWN over the next 20 days.",False,stock already has a position
2026-02-06,4268801,BAJAJFINSV,"BAJAJFINSV, daily: when VWAP is in its highest 20% → it tends to go DOWN over the next 20 days.",False,stock already has a position
2026-02-09,4268801,BAJAJFINSV,"BAJAJFINSV, daily: when VWAP is in its highest 20% → it tends to go DOWN over the next 20 days.",False,stock already has a position
2026-02-10,4268801,BAJAJFINSV,"BAJAJFINSV, daily: when VWAP is in its highest 20% → it tends to go DOWN over the next 20 days.",False,stock already has a position
2026-02-11,4268801,BAJAJFINSV,"BAJAJFINSV, daily: when VWAP is in its highest 20% → it tends to go DOWN over the next 20 days.",False,stock already has a position
2026-02-12,4268801,BAJAJFINSV,"BAJAJFINSV, daily: when VWAP is in its highest 20% → it tends to go DOWN over the next 20 days.",False,stock already has a position
2026-02-13,4268801,BAJAJFINSV,"BAJAJFINSV, daily: when VWAP is in its highest 20% → it tends to go DOWN over the next 20 days.",False,stock already has a position
2026-02-16,4268801,BAJAJFINSV,"BAJAJFINSV, daily: when VWAP is in its highest 20% → it tends to go DOWN over the next 20 days.",False,stock already has a position
2026-02-17,4268801,BAJAJFINSV,"BAJAJFINSV, daily: when VWAP is in its highest 20% → it tends to go DOWN over the next 20 days.",True,three lights green -> paper order
2026-02-18,4268801,BAJAJFINSV,"BAJAJFINSV, daily: when VWAP is in its highest 20% → it tends to go DOWN over the next 20 days.",False,stock already has a position
2026-02-19,4268801,BAJAJFINSV,"BAJAJFINSV, daily: when VWAP is in its highest 20% → it tends to go DOWN over the next 20 days.",False,stock already has a position
2026-02-20,4268801,BAJAJFINSV,"BAJAJFINSV, daily: when VWAP is in its highest 20% → it tends to go DOWN over the next 20 days.",False,stock already has a position
2026-02-23,4268801,BAJAJFINSV,"BAJAJFINSV, daily: when VWAP is in its highest 20% → it tends to go DOWN over the next 20 days.",False,stock already has a position
2026-02-24,4268801,BAJAJFINSV,"BAJAJFINSV, daily: when VWAP is in its highest 20% → it tends to go DOWN over the next 20 days.",False,stock already has a position
2026-02-25,4268801,BAJAJFINSV,"BAJAJFINSV, daily: when VWAP is in its highest 20% → it tends to go DOWN over the next 20 days.",False,stock already has a position
2026-02-26,4268801,BAJAJFINSV,"BAJAJFINSV, daily: when VWAP is in its highest 20% → it tends to go DOWN over the next 20 days.",False,stock already has a position
2026-02-27,4268801,BAJAJFINSV,"BAJAJFINSV, daily: when VWAP is in its highest 20% → it tends to go DOWN over the next 20 days.",False,stock already has a position
2026-03-02,4268801,BAJAJFINSV,"BAJAJFINSV, daily: when VWAP is in its highest 20% → it tends to go DOWN over the next 20 days.",True,three lights green -> paper order
2026-03-04,4268801,BAJAJFINSV,"BAJAJFINSV, daily: when VWAP is in its highest 20% → it tends to go DOWN over the next 20 days.",False,stock already has a position
2026-03-05,4268801,BAJAJFINSV,"BAJAJFINSV, daily: when VWAP is in its highest 20% → it tends to go DOWN over the next 20 days.",False,stock already has a position
2026-03-06,4268801,BAJAJFINSV,"BAJAJFINSV, daily: when VWAP is in its highest 20% → it tends to go DOWN over the next 20 days.",False,stock already has a position
2026-03-10,4268801,BAJAJFINSV,"BAJAJFINSV, daily: when VWAP is in its highest 20% → it tends to go DOWN over the next 20 days.",True,three lights green -> paper order
2026-07-03,4268801,BAJAJFINSV,"BAJAJFINSV, daily: when VWAP is in its highest 20% → it tends to go DOWN over the next 20 days.",True,three lights green -> paper order
2026-07-06,4268801,BAJAJFINSV,"BAJAJFINSV, daily: when VWAP is in its highest 20% → it tends to go DOWN over the next 20 days.",False,stock already has a position
2026-07-07,4268801,BAJAJFINSV,"BAJAJFINSV, daily: when VWAP is in its highest 20% → it tends to go DOWN over the next 20 days.",False,stock already has a position
2026-07-08,4268801,BAJAJFINSV,"BAJAJFINSV, daily: when VWAP is in its highest 20% → it tends to go DOWN over the next 20 days.",False,stock already has a position
2026-07-09,4268801,BAJAJFINSV,"BAJAJFINSV, daily: when VWAP is in its highest 20% → it tends to go DOWN over the next 20 days.",False,stock already has a position
2026-07-10,4268801,BAJAJFINSV,"BAJAJFINSV, daily: when VWAP is in its highest 20% → it tends to go DOWN over the next 20 days.",False,stock already has a position
2026-07-13,4268801,BAJAJFINSV,"BAJAJFINSV, daily: when VWAP is in its highest 20% → it tends to go DOWN over the next 20 days.",False,stock already has a position
2026-07-14,4268801,BAJAJFINSV,"BAJAJFINSV, daily: when VWAP is in its highest 20% → it tends to go DOWN over the next 20 days.",False,stock already has a position
2026-07-15,4268801,BAJAJFINSV,"BAJAJFINSV, daily: when VWAP is in its highest 20% → it tends to go DOWN over the next 20 days.",False,stock already has a position
2026-07-20,4268801,BAJAJFINSV,"BAJAJFINSV, daily: when VWAP is in its highest 20% → it tends to go DOWN over the next 20 days.",False,stock already has a position
2026-07-21,4268801,BAJAJFINSV,"BAJAJFINSV, daily: when VWAP is in its highest 20% → it tends to go DOWN over the next 20 days.",False,stock already has a position
2026-07-22,4268801,BAJAJFINSV,"BAJAJFINSV, daily: when VWAP is in its highest 20% → it tends to go DOWN over the next 20 days.",False,stock already has a position
2026-07-23,4268801,BAJAJFINSV,"BAJAJFINSV, daily: when VWAP is in its highest 20% → it tends to go DOWN over the next 20 days.",False,stock already has a position
2026-07-24,4268801,BAJAJFINSV,"BAJAJFINSV, daily: when VWAP is in its highest 20% → it tends to go DOWN over the next 20 days.",False,stock already has a position
2026-07-27,4268801,BAJAJFINSV,"BAJAJFINSV, daily: when VWAP is in its highest 20% → it tends to go DOWN over the next 20 days.",False,stock already has a position
2026-07-28,4268801,BAJAJFINSV,"BAJAJFINSV, daily: when VWAP is in its highest 20% → it tends to go DOWN over the next 20 days.",False,stock already has a position
2026-07-29,4268801,BAJAJFINSV,"BAJAJFINSV, daily: when VWAP is in its highest 20% → it tends to go DOWN over the next 20 days.",True,three lights green -> paper order
2026-07-30,4268801,BAJAJFINSV,"BAJAJFINSV, daily: when VWAP is in its highest 20% → it tends to go DOWN over the next 20 days.",False,stock already has a position
2026-07-31,4268801,BAJAJFINSV,"BAJAJFINSV, daily: when VWAP is in its highest 20% → it tends to go DOWN over the next 20 days.",False,stock already has a position
2026-08-03,4268801,BAJAJFINSV,"BAJAJFINSV, daily: when VWAP is in its highest 20% → it tends to go DOWN over the next 20 days.",True,three lights green -> paper order
2026-08-04,4268801,BAJAJFINSV,"BAJAJFINSV, daily: when VWAP is in its highest 20% → it tends to go DOWN over the next 20 days.",False,stock already has a position
2026-08-05,4268801,BAJAJFINSV,"BAJAJFINSV, daily: when VWAP is in its highest 20% → it tends to go DOWN over the next 20 days.",False,stock already has a position
2026-08-06,4268801,BAJAJFINSV,"BAJAJFINSV, daily: when VWAP is in its highest 20% → it tends to go DOWN over the next 20 days.",False,stock already has a position
2026-08-07,4268801,BAJAJFINSV,"BAJAJFINSV, daily: when VWAP is in its highest 20% → it tends to go DOWN over the next 20 days.",False,stock already has a position
2026-08-10,4268801,BAJAJFINSV,"BAJAJFINSV, daily: when VWAP is in its highest 20% → it tends to go DOWN over the next 20 days.",True,three lights green -> paper order
2026-08-11,4268801,BAJAJFINSV,"BAJAJFINSV, daily: when VWAP is in its highest 20% → it tends to go DOWN over the next 20 days.",False,stock already has a position
2026-08-12,4268801,BAJAJFINSV,"BAJAJFINSV, daily: when VWAP is in its highest 20% → it tends to go DOWN over the next 20 days.",False,stock already has a position
2026-08-13,4268801,BAJAJFINSV,"BAJAJFINSV, daily: when VWAP is in its highest 20% → it tends to go DOWN over the next 20 days.",False,stock already has a position
2026-08-14,4268801,BAJAJFINSV,"BAJAJFINSV, daily: when VWAP is in its highest 20% → it tends to go DOWN over the next 20 days.",False,stock already has a position
2026-08-17,4268801,BAJAJFINSV,"BAJAJFINSV, daily: when VWAP is in its highest 20% → it tends to go DOWN over the next 20 days.",False,stock already has a position
2026-08-18,4268801,BAJAJFINSV,"BAJAJFINSV, daily: when VWAP is in its highest 20% → it tends to go DOWN over the next 20 days.",False,stock already has a position
2026-08-19,4268801,BAJAJFINSV,"BAJAJFINSV, daily: when VWAP is in its highest 20% → it tends to go DOWN over the next 20 days.",False,stock already has a position
2026-08-20,4268801,BAJAJFINSV,"BAJAJFINSV, daily: when VWAP is in its highest 20% → it tends to go DOWN over the next 20 days.",False,stock already has a position
2026-08-21,4268801,BAJAJFINSV,"BAJAJFINSV, daily: when VWAP is in its highest 20% → it tends to go DOWN over the next 20 days.",False,stock already has a position
2026-08-24,4268801,BAJAJFINSV,"BAJAJFINSV, daily: when VWAP is in its highest 20% → it tends to go DOWN over the next 20 days.",False,stock already has a position
2026-08-25,4268801,BAJAJFINSV,"BAJAJFINSV, daily: when VWAP is in its highest 20% → it tends to go DOWN over the next 20 days.",False,stock already has a position
2026-08-26,4268801,BAJAJFINSV,"BAJAJFINSV, daily: when VWAP is in its highest 20% → it tends to go DOWN over the next 20 days.",False,stock already has a position
2026-08-27,4268801,BAJAJFINSV,"BAJAJFINSV, daily: when VWAP is in its highest 20% → it tends to go DOWN over the next 20 days.",False,stock already has a position
2026-08-28,4268801,BAJAJFINSV,"BAJAJFINSV, daily: when VWAP is in its highest 20% → it tends to go DOWN over the next 20 days.",False,stock already has a position
2026-08-31,4268801,BAJAJFINSV,"BAJAJFINSV, daily: when VWAP is in its highest 20% → it tends to go DOWN over the next 20 days.",False,stock already has a position
2026-09-01,4268801,BAJAJFINSV,"BAJAJFINSV, daily: when VWAP is in its highest 20% → it tends to go DOWN over the next 20 days.",False,stock already has a position
2026-09-02,4268801,BAJAJFINSV,"BAJAJFINSV, daily: when VWAP is in its highest 20% → it tends to go DOWN over the next 20 days.",False,stock already has a position
2026-09-03,4268801,BAJAJFINSV,"BAJAJFINSV, daily: when VWAP is in its highest 20% → it tends to go DOWN over the next 20 days.",True,three lights green -> paper order
2026-09-04,4268801,BAJAJFINSV,"BAJAJFINSV, daily: when VWAP is in its highest 20% → it tends to go DOWN over the next 20 days.",False,stock already has a position
2026-09-07,4268801,BAJAJFINSV,"BAJAJFINSV, daily: when VWAP is in its highest 20% → it tends to go DOWN over the next 20 days.",False,stock already has a position
2026-09-08,4268801,BAJAJFINSV,"BAJAJFINSV, daily: when VWAP is in its highest 20% → it tends to go DOWN over the next 20 days.",False,stock already has a position
2026-09-09,4268801,BAJAJFINSV,"BAJAJFINSV, daily: when VWAP is in its highest 20% → it tends to go DOWN over the next 20 days.",False,stock already has a position
2026-09-10,4268801,BAJAJFINSV,"BAJAJFINSV, daily: when VWAP is in its highest 20% → it tends to go DOWN over the next 20 days.",True,three lights green -> paper order
2026-04-28,857857,SUNPHARMA,"SUNPHARMA, daily: when volume flow (OBV) is in its highest 20% → it tends to go DOWN over the next 20 days.",True,three lights green -> paper order
2026-04-29,857857,SUNPHARMA,"SUNPHARMA, daily: when volume flow (OBV) is in its highest 20% → it tends to go DOWN over the next 20 days.",False,stock already has a position
2026-04-30,857857,SUNPHARMA,"SUNPHARMA, daily: when volume flow (OBV) is in its highest 20% → it tends to go DOWN over the next 20 days.",False,stock already has a position
2026-05-04,857857,SUNPHARMA,"SUNPHARMA, daily: when volume flow (OBV) is in its highest 20% → it tends to go DOWN over the next 20 days.",True,three lights green -> paper order
2026-05-05,857857,SUNPHARMA,"SUNPHARMA, daily: when volume flow (OBV) is in its highest 20% → it tends to go DOWN over the next 20 days.",False,stock already has a position
2026-05-06,857857,SUNPHARMA,"SUNPHARMA, daily: when volume flow (OBV) is in its highest 20% → it tends to go DOWN over the next 20 days.",False,stock already has a position
2026-05-07,857857,SUNPHARMA,"SUNPHARMA, daily: when volume flow (OBV) is in its highest 20% → it tends to go DOWN over the next 20 days.",False,stock already has a position
2026-05-08,857857,SUNPHARMA,"SUNPHARMA, daily: when volume flow (OBV) is in its highest 20% → it tends to go DOWN over the next 20 days.",False,stock already has a position
2026-05-11,857857,SUNPHARMA,"SUNPHARMA, daily: when volume flow (OBV) is in its highest 20% → it tends to go DOWN over the next 20 days.",False,stock already has a position
2026-05-12,857857,SUNPHARMA,"SUNPHARMA, daily: when volume flow (OBV) is in its highest 20% → it tends to go DOWN over the next 20 days.",True,three lights green -> paper order
2026-05-13,857857,SUNPHARMA,"SUNPHARMA, daily: when volume flow (OBV) is in its highest 20% → it tends to go DOWN over the next 20 days.",False,stock already has a position
2026-05-14,857857,SUNPHARMA,"SUNPHARMA, daily: when volume flow (OBV) is in its highest 20% → it tends to go DOWN over the next 20 days.",False,stock already has a position
2026-05-15,857857,SUNPHARMA,"SUNPHARMA, daily: when volume flow (OBV) is in its highest 20% → it tends to go DOWN over the next 20 days.",False,stock already has a position
2026-05-18,857857,SUNPHARMA,"SUNPHARMA, daily: when volume flow (OBV) is in its highest 20% → it tends to go DOWN over the next 20 days.",False,stock already has a position
2026-05-19,857857,SUNPHARMA,"SUNPHARMA, daily: when volume flow (OBV) is in its highest 20% → it tends to go DOWN over the next 20 days.",True,three lights green -> paper order
2026-05-20,857857,SUNPHARMA,"SUNPHARMA, daily: when volume flow (OBV) is in its highest 20% → it tends to go DOWN over the next 20 days.",False,stock already has a position
2026-05-21,857857,SUNPHARMA,"SUNPHARMA, daily: when volume flow (OBV) is in its highest 20% → it tends to go DOWN over the next 20 days.",False,stock already has a position
2026-05-22,857857,SUNPHARMA,"SUNPHARMA, daily: when volume flow (OBV) is in its highest 20% → it tends to go DOWN over the next 20 days.",False,stock already has a position
2026-05-25,857857,SUNPHARMA,"SUNPHARMA, daily: when volume flow (OBV) is in its highest 20% → it tends to go DOWN over the next 20 days.",False,stock already has a position
2026-05-26,857857,SUNPHARMA,"SUNPHARMA, daily: when volume flow (OBV) is in its highest 20% → it tends to go DOWN over the next 20 days.",False,stock already has a position
2026-05-27,857857,SUNPHARMA,"SUNPHARMA, daily: when volume flow (OBV) is in its highest 20% → it tends to go DOWN over the next 20 days.",False,stock already has a position
2026-05-29,857857,SUNPHARMA,"SUNPHARMA, daily: when volume flow (OBV) is in its highest 20% → it tends to go DOWN over the next 20 days.",False,stock already has a position
2026-06-01,857857,SUNPHARMA,"SUNPHARMA, daily: when volume flow (OBV) is in its highest 20% → it tends to go DOWN over the next 20 days.",True,three lights green -> paper order
2026-06-02,857857,SUNPHARMA,"SUNPHARMA, daily: when volume flow (OBV) is in its highest 20% → it tends to go DOWN over the next 20 days.",False,stock already has a position
2026-06-03,857857,SUNPHARMA,"SUNPHARMA, daily: when volume flow (OBV) is in its highest 20% → it tends to go DOWN over the next 20 days.",False,stock already has a position
2026-06-04,857857,SUNPHARMA,"SUNPHARMA, daily: when volume flow (OBV) is in its highest 20% → it tends to go DOWN over the next 20 days.",False,stock already has a position
2026-06-05,857857,SUNPHARMA,"SUNPHARMA, daily: when volume flow (OBV) is in its highest 20% → it tends to go DOWN over the next 20 days.",False,stock already has a position
2026-06-08,857857,SUNPHARMA,"SUNPHARMA, daily: when volume flow (OBV) is in its highest 20% → it tends to go DOWN over the next 20 days.",False,stock already has a position
2026-06-09,857857,SUNPHARMA,"SUNPHARMA, daily: when volume flow (OBV) is in its highest 20% → it tends to go DOWN over the next 20 days.",False,stock already has a position
2026-06-10,857857,SUNPHARMA,"SUNPHARMA, daily: when volume flow (OBV) is in its highest 20% → it tends to go DOWN over the next 20 days.",False,stock already has a position
2026-06-11,857857,SUNPHARMA,"SUNPHARMA, daily: when volume flow (OBV) is in its highest 20% → it tends to go DOWN over the next 20 days.",False,stock already has a position
2026-06-12,857857,SUNPHARMA,"SUNPHARMA, daily: when volume flow (OBV) is in its highest 20% → it tends to go DOWN over the next 20 days.",False,stock already has a position
2026-06-15,857857,SUNPHARMA,"SUNPHARMA, daily: when volume flow (OBV) is in its highest 20% → it tends to go DOWN over the next 20 days.",False,stock already has a position
2026-06-16,857857,SUNPHARMA,"SUNPHARMA, daily: when volume flow (OBV) is in its highest 20% → it tends to go DOWN over the next 20 days.",False,stock already has a position
2026-06-17,857857,SUNPHARMA,"SUNPHARMA, daily: when volume flow (OBV) is in its highest 20% → it tends to go DOWN over the next 20 days.",False,stock already has a position
2026-06-18,857857,SUNPHARMA,"SUNPHARMA, daily: when volume flow (OBV) is in its highest 20% → it tends to go DOWN over the next 20 days.",False,stock already has a position
2026-06-19,857857,SUNPHARMA,"SUNPHARMA, daily: when volume flow (OBV) is in its highest 20% → it tends to go DOWN over the next 20 days.",False,stock already has a position
2026-06-22,857857,SUNPHARMA,"SUNPHARMA, daily: when volume flow (OBV) is in its highest 20% → it tends to go DOWN over the next 20 days.",True,three lights green -> paper order
2026-06-23,857857,SUNPHARMA,"SUNPHARMA, daily: when volume flow (OBV) is in its highest 20% → it tends to go DOWN over the next 20 days.",False,stock already has a position
2026-06-24,857857,SUNPHARMA,"SUNPHARMA, daily: when volume flow (OBV) is in its highest 20% → it tends to go DOWN over the next 20 days.",False,stock already has a position
2026-06-25,857857,SUNPHARMA,"SUNPHARMA, daily: when volume flow (OBV) is in its highest 20% → it tends to go DOWN over the next 20 days.",False,stock already has a position
2026-06-29,857857,SUNPHARMA,"SUNPHARMA, daily: when volume flow (OBV) is in its highest 20% → it tends to go DOWN over the next 20 days.",False,stock already has a position
2026-06-30,857857,SUNPHARMA,"SUNPHARMA, daily: when volume flow (OBV) is in its highest 20% → it tends to go DOWN over the next 20 days.",False,stock already has a position
2026-07-01,857857,SUNPHARMA,"SUNPHARMA, daily: when volume flow (OBV) is in its highest 20% → it tends to go DOWN over the next 20 days.",False,stock already has a position
2026-07-02,857857,SUNPHARMA,"SUNPHARMA, daily: when volume flow (OBV) is in its highest 20% → it tends to go DOWN over the next 20 days.",False,stock already has a position
2026-07-03,857857,SUNPHARMA,"SUNPHARMA, daily: when volume flow (OBV) is in its highest 20% → it tends to go DOWN over the next 20 days.",False,stock already has a position
2026-07-06,857857,SUNPHARMA,"SUNPHARMA, daily: when volume flow (OBV) is in its highest 20% → it tends to go DOWN over the next 20 days.",True,three lights green -> paper order
2026-07-07,857857,SUNPHARMA,"SUNPHARMA, daily: when volume flow (OBV) is in its highest 20% → it tends to go DOWN over the next 20 days.",False,stock already has a position
2026-07-08,857857,SUNPHARMA,"SUNPHARMA, daily: when volume flow (OBV) is in its highest 20% → it tends to go DOWN over the next 20 days.",False,stock already has a position
2026-07-09,857857,SUNPHARMA,"SUNPHARMA, daily: when volume flow (OBV) is in its highest 20% → it tends to go DOWN over the next 20 days.",False,stock already has a position
2026-07-10,857857,SUNPHARMA,"SUNPHARMA, daily: when volume flow (OBV) is in its highest 20% → it tends to go DOWN over the next 20 days.",True,three lights green -> paper order
2026-07-13,857857,SUNPHARMA,"SUNPHARMA, daily: when volume flow (OBV) is in its highest 20% → it tends to go DOWN over the next 20 days.",False,stock already has a position
2026-07-14,857857,SUNPHARMA,"SUNPHARMA, daily: when volume flow (OBV) is in its highest 20% → it tends to go DOWN over the next 20 days.",False,stock already has a position
2026-07-15,857857,SUNPHARMA,"SUNPHARMA, daily: when volume flow (OBV) is in its highest 20% → it tends to go DOWN over the next 20 days.",False,stock already has a position
2026-07-16,857857,SUNPHARMA,"SUNPHARMA, daily: when volume flow (OBV) is in its highest 20% → it tends to go DOWN over the next 20 days.",True,three lights green -> paper order
2026-07-17,857857,SUNPHARMA,"SUNPHARMA, daily: when volume flow (OBV) is in its highest 20% → it tends to go DOWN over the next 20 days.",False,stock already has a position
2026-07-20,857857,SUNPHARMA,"SUNPHARMA, daily: when volume flow (OBV) is in its highest 20% → it tends to go DOWN over the next 20 days.",False,stock already has a position
2026-07-21,857857,SUNPHARMA,"SUNPHARMA, daily: when volume flow (OBV) is in its highest 20% → it tends to go DOWN over the next 20 days.",False,stock already has a position
2026-07-22,857857,SUNPHARMA,"SUNPHARMA, daily: when volume flow (OBV) is in its highest 20% → it tends to go DOWN over the next 20 days.",False,stock already has a position
2026-07-23,857857,SUNPHARMA,"SUNPHARMA, daily: when volume flow (OBV) is in its highest 20% → it tends to go DOWN over the next 20 days.",False,stock already has a position
2026-07-24,857857,SUNPHARMA,"SUNPHARMA, daily: when volume flow (OBV) is in its highest 20% → it tends to go DOWN over the next 20 days.",False,stock already has a position
2026-07-27,857857,SUNPHARMA,"SUNPHARMA, daily: when volume flow (OBV) is in its highest 20% → it tends to go DOWN over the next 20 days.",False,stock already has a position
2026-07-28,857857,SUNPHARMA,"SUNPHARMA, daily: when volume flow (OBV) is in its highest 20% → it tends to go DOWN over the next 20 days.",False,stock already has a position
2026-07-29,857857,SUNPHARMA,"SUNPHARMA, daily: when volume flow (OBV) is in its highest 20% → it tends to go DOWN over the next 20 days.",True,three lights green -> paper order
2026-07-31,857857,SUNPHARMA,"SUNPHARMA, daily: when volume flow (OBV) is in its highest 20% → it tends to go DOWN over the next 20 days.",False,stock already has a position
2026-08-03,857857,SUNPHARMA,"SUNPHARMA, daily: when volume flow (OBV) is in its highest 20% → it tends to go DOWN over the next 20 days.",True,three lights green -> paper order
2026-08-04,857857,SUNPHARMA,"SUNPHARMA, daily: when volume flow (OBV) is in its highest 20% → it tends to go DOWN over the next 20 days.",False,stock already has a position
2026-08-05,857857,SUNPHARMA,"SUNPHARMA, daily: when volume flow (OBV) is in its highest 20% → it tends to go DOWN over the next 20 days.",False,stock already has a position
2026-08-06,857857,SUNPHARMA,"SUNPHARMA, daily: when volume flow (OBV) is in its highest 20% → it tends to go DOWN over the next 20 days.",False,stock already has a position
2026-08-07,857857,SUNPHARMA,"SUNPHARMA, daily: when volume flow (OBV) is in its highest 20% → it tends to go DOWN over the next 20 days.",False,stock already has a position
2026-08-10,857857,SUNPHARMA,"SUNPHARMA, daily: when volume flow (OBV) is in its highest 20% → it tends to go DOWN over the next 20 days.",False,stock already has a position
2026-08-11,857857,SUNPHARMA,"SUNPHARMA, daily: when volume flow (OBV) is in its highest 20% → it tends to go DOWN over the next 20 days.",False,stock already has a position
2026-08-12,857857,SUNPHARMA,"SUNPHARMA, daily: when volume flow (OBV) is in its highest 20% → it tends to go DOWN over the next 20 days.",False,stock already has a position
2026-08-13,857857,SUNPHARMA,"SUNPHARMA, daily: when volume flow (OBV) is in its highest 20% → it tends to go DOWN over the next 20 days.",False,stock already has a position
2026-08-14,857857,SUNPHARMA,"SUNPHARMA, daily: when volume flow (OBV) is in its highest 20% → it tends to go DOWN over the next 20 days.",False,stock already has a position
2026-08-17,857857,SUNPHARMA,"SUNPHARMA, daily: when volume flow (OBV) is in its highest 20% → it tends to go DOWN over the next 20 days.",False,stock already has a position
2026-08-18,857857,SUNPHARMA,"SUNPHARMA, daily: when volume flow (OBV) is in its highest 20% → it tends to go DOWN over the next 20 days.",True,three lights green -> paper order
2026-08-19,857857,SUNPHARMA,"SUNPHARMA, daily: when volume flow (OBV) is in its highest 20% → it tends to go DOWN over the next 20 days.",False,stock already has a position
2026-08-20,857857,SUNPHARMA,"SUNPHARMA, daily: when volume flow (OBV) is in its highest 20% → it tends to go DOWN over the next 20 days.",False,stock already has a position
2026-08-21,857857,SUNPHARMA,"SUNPHARMA, daily: when volume flow (OBV) is in its highest 20% → it tends to go DOWN over the next 20 days.",True,three lights green -> paper order
2026-08-24,857857,SUNPHARMA,"SUNPHARMA, daily: when volume flow (OBV) is in its highest 20% → it tends to go DOWN over the next 20 days.",False,stock already has a position
2026-08-25,857857,SUNPHARMA,"SUNPHARMA, daily: when volume flow (OBV) is in its highest 20% → it tends to go DOWN over the next 20 days.",False,stock already has a position
2026-08-26,857857,SUNPHARMA,"SUNPHARMA, daily: when volume flow (OBV) is in its highest 20% → it tends to go DOWN over the next 20 days.",False,stock already has a position
2026-08-27,857857,SUNPHARMA,"SUNPHARMA, daily: when volume flow (OBV) is in its highest 20% → it tends to go DOWN over the next 20 days.",False,stock already has a position
2026-08-28,857857,SUNPHARMA,"SUNPHARMA, daily: when volume flow (OBV) is in its highest 20% → it tends to go DOWN over the next 20 days.",False,stock already has a position
2026-08-31,857857,SUNPHARMA,"SUNPHARMA, daily: when volume flow (OBV) is in its highest 20% → it tends to go DOWN over the next 20 days.",False,stock already has a position
2026-09-01,857857,SUNPHARMA,"SUNPHARMA, daily: when volume flow (OBV) is in its highest 20% → it tends to go DOWN over the next 20 days.",False,stock already has a position
2026-09-02,857857,SUNPHARMA,"SUNPHARMA, daily: when volume flow (OBV) is in its highest 20% → it tends to go DOWN over the next 20 days.",True,three lights green -> paper order
2026-09-03,857857,SUNPHARMA,"SUNPHARMA, daily: when volume flow (OBV) is in its highest 20% → it tends to go DOWN over the next 20 days.",False,stock already has a position
2026-09-04,857857,SUNPHARMA,"SUNPHARMA, daily: when volume flow (OBV) is in its highest 20% → it tends to go DOWN over the next 20 days.",False,stock already has a position
2026-09-07,857857,SUNPHARMA,"SUNPHARMA, daily: when volume flow (OBV) is in its highest 20% → it tends to go DOWN over the next 20 days.",False,stock already has a position
2026-09-08,857857,SUNPHARMA,"SUNPHARMA, daily: when volume flow (OBV) is in its highest 20% → it tends to go DOWN over the next 20 days.",True,three lights green -> paper order
2026-09-09,857857,SUNPHARMA,"SUNPHARMA, daily: when volume flow (OBV) is in its highest 20% → it tends to go DOWN over the next 20 days.",False,stock already has a position
2026-09-10,857857,SUNPHARMA,"SUNPHARMA, daily: when volume flow (OBV) is in its highest 20% → it tends to go DOWN over the next 20 days.",False,stock already has a position
2026-03-05,197633,DABUR,"DABUR, daily: when VWAP is in its lowest 20% → it tends to go UP over the next 20 days.",True,three lights green -> paper order
2026-03-06,197633,DABUR,"DABUR, daily: when VWAP is in its lowest 20% → it tends to go UP over the next 20 days.",False,stock already has a position
2026-03-09,197633,DABUR,"DABUR, daily: when VWAP is in its lowest 20% → it tends to go UP over the next 20 days.",False,stock already has a position
2026-03-10,197633,DABUR,"DABUR, daily: when VWAP is in its lowest 20% → it tends to go UP over the next 20 days.",True,three lights green -> paper order
2026-03-11,197633,DABUR,"DABUR, daily: when VWAP is in its lowest 20% → it tends to go UP over the next 20 days.",False,stock already has a position
2026-03-12,197633,DABUR,"DABUR, daily: when VWAP is in its lowest 20% → it tends to go UP over the next 20 days.",False,stock already has a position
2026-03-13,197633,DABUR,"DABUR, daily: when VWAP is in its lowest 20% → it tends to go UP over the next 20 days.",True,three lights green -> paper order
2026-03-16,197633,DABUR,"DABUR, daily: when VWAP is in its lowest 20% → it tends to go UP over the next 20 days.",False,stock already has a position
2026-03-17,197633,DABUR,"DABUR, daily: when VWAP is in its lowest 20% → it tends to go UP over the next 20 days.",False,stock already has a position
2026-03-18,197633,DABUR,"DABUR, daily: when VWAP is in its lowest 20% → it tends to go UP over the next 20 days.",False,stock already has a position
2026-03-19,197633,DABUR,"DABUR, daily: when VWAP is in its lowest 20% → it tends to go UP over the next 20 days.",False,stock already has a position
2026-03-20,197633,DABUR,"DABUR, daily: when VWAP is in its lowest 20% → it tends to go UP over the next 20 days.",True,three lights green -> paper order
2026-03-23,197633,DABUR,"DABUR, daily: when VWAP is in its lowest 20% → it tends to go UP over the next 20 days.",False,stock already has a position
2026-03-24,197633,DABUR,"DABUR, daily: when VWAP is in its lowest 20% → it tends to go UP over the next 20 days.",False,stock already has a position
2026-03-25,197633,DABUR,"DABUR, daily: when VWAP is in its lowest 20% → it tends to go UP over the next 20 days.",False,stock already has a position
2026-03-27,197633,DABUR,"DABUR, daily: when VWAP is in its lowest 20% → it tends to go UP over the next 20 days.",False,stock already has a position
2026-03-30,197633,DABUR,"DABUR, daily: when VWAP is in its lowest 20% → it tends to go UP over the next 20 days.",False,stock already has a position
2026-04-01,197633,DABUR,"DABUR, daily: when VWAP is in its lowest 20% → it tends to go UP over the next 20 days.",True,three lights green -> paper order
2026-04-02,197633,DABUR,"DABUR, daily: when VWAP is in its lowest 20% → it tends to go UP over the next 20 days.",False,stock already has a position
2026-04-06,197633,DABUR,"DABUR, daily: when VWAP is in its lowest 20% → it tends to go UP over the next 20 days.",False,stock already has a position
2026-04-07,197633,DABUR,"DABUR, daily: when VWAP is in its lowest 20% → it tends to go UP over the next 20 days.",False,stock already has a position
2026-04-08,197633,DABUR,"DABUR, daily: when VWAP is in its lowest 20% → it tends to go UP over the next 20 days.",False,stock already has a position
2026-04-09,197633,DABUR,"DABUR, daily: when VWAP is in its lowest 20% → it tends to go UP over the next 20 days.",False,stock already has a position
2026-04-10,197633,DABUR,"DABUR, daily: when VWAP is in its lowest 20% → it tends to go UP over the next 20 days.",True,three lights green -> paper order
2026-04-13,197633,DABUR,"DABUR, daily: when VWAP is in its lowest 20% → it tends to go UP over the next 20 days.",False,stock already has a position
2026-04-15,197633,DABUR,"DABUR, daily: when VWAP is in its lowest 20% → it tends to go UP over the next 20 days.",False,stock already has a position
2026-04-16,197633,DABUR,"DABUR, daily: when VWAP is in its lowest 20% → it tends to go UP over the next 20 days.",False,stock already has a position
2026-04-17,197633,DABUR,"DABUR, daily: when VWAP is in its lowest 20% → it tends to go UP over the next 20 days.",False,stock already has a position
2026-04-20,197633,DABUR,"DABUR, daily: when VWAP is in its lowest 20% → it tends to go UP over the next 20 days.",False,stock already has a position
2026-04-21,197633,DABUR,"DABUR, daily: when VWAP is in its lowest 20% → it tends to go UP over the next 20 days.",False,stock already has a position
2026-04-22,197633,DABUR,"DABUR, daily: when VWAP is in its lowest 20% → it tends to go UP over the next 20 days.",True,three lights green -> paper order
2026-04-23,197633,DABUR,"DABUR, daily: when VWAP is in its lowest 20% → it tends to go UP over the next 20 days.",False,stock already has a position
2026-04-24,197633,DABUR,"DABUR, daily: when VWAP is in its lowest 20% → it tends to go UP over the next 20 days.",False,stock already has a position
2026-04-27,197633,DABUR,"DABUR, daily: when VWAP is in its lowest 20% → it tends to go UP over the next 20 days.",False,stock already has a position
2026-04-28,197633,DABUR,"DABUR, daily: when VWAP is in its lowest 20% → it tends to go UP over the next 20 days.",False,stock already has a position
2026-04-29,197633,DABUR,"DABUR, daily: when VWAP is in its lowest 20% → it tends to go UP over the next 20 days.",False,stock already has a position
2026-04-30,197633,DABUR,"DABUR, daily: when VWAP is in its lowest 20% → it tends to go UP over the next 20 days.",False,stock already has a position
2026-05-04,197633,DABUR,"DABUR, daily: when VWAP is in its lowest 20% → it tends to go UP over the next 20 days.",True,three lights green -> paper order
2026-05-05,197633,DABUR,"DABUR, daily: when VWAP is in its lowest 20% → it tends to go UP over the next 20 days.",False,stock already has a position
2026-05-06,197633,DABUR,"DABUR, daily: when VWAP is in its lowest 20% → it tends to go UP over the next 20 days.",False,stock already has a position
2026-05-07,197633,DABUR,"DABUR, daily: when VWAP is in its lowest 20% → it tends to go UP over the next 20 days.",True,three lights green -> paper order
2026-05-08,197633,DABUR,"DABUR, daily: when VWAP is in its lowest 20% → it tends to go UP over the next 20 days.",False,stock already has a position
2026-05-11,197633,DABUR,"DABUR, daily: when VWAP is in its lowest 20% → it tends to go UP over the next 20 days.",False,stock already has a position
2026-05-12,197633,DABUR,"DABUR, daily: when VWAP is in its lowest 20% → it tends to go UP over the next 20 days.",True,three lights green -> paper order
2026-05-13,197633,DABUR,"DABUR, daily: when VWAP is in its lowest 20% → it tends to go UP over the next 20 days.",False,stock already has a position
2026-05-14,197633,DABUR,"DABUR, daily: when VWAP is in its lowest 20% → it tends to go UP over the next 20 days.",False,stock already has a position
2026-05-15,197633,DABUR,"DABUR, daily: when VWAP is in its lowest 20% → it tends to go UP over the next 20 days.",True,three lights green -> paper order
2026-05-18,197633,DABUR,"DABUR, daily: when VWAP is in its lowest 20% → it tends to go UP over the next 20 days.",False,stock already has a position
2026-05-19,197633,DABUR,"DABUR, daily: when VWAP is in its lowest 20% → it tends to go UP over the next 20 days.",False,stock already has a position
2026-05-20,197633,DABUR,"DABUR, daily: when VWAP is in its lowest 20% → it tends to go UP over the next 20 days.",True,three lights green -> paper order
2026-05-21,197633,DABUR,"DABUR, daily: when VWAP is in its lowest 20% → it tends to go UP over the next 20 days.",False,stock already has a position
2026-05-22,197633,DABUR,"DABUR, daily: when VWAP is in its lowest 20% → it tends to go UP over the next 20 days.",False,stock already has a position
2026-05-25,197633,DABUR,"DABUR, daily: when VWAP is in its lowest 20% → it tends to go UP over the next 20 days.",False,stock already has a position
2026-05-26,197633,DABUR,"DABUR, daily: when VWAP is in its lowest 20% → it tends to go UP over the next 20 days.",False,stock already has a position
2026-05-27,197633,DABUR,"DABUR, daily: when VWAP is in its lowest 20% → it tends to go UP over the next 20 days.",False,stock already has a position
2026-05-29,197633,DABUR,"DABUR, daily: when VWAP is in its lowest 20% → it tends to go UP over the next 20 days.",True,three lights green -> paper order
2026-06-01,197633,DABUR,"DABUR, daily: when VWAP is in its lowest 20% → it tends to go UP over the next 20 days.",False,stock already has a position
2026-06-02,197633,DABUR,"DABUR, daily: when VWAP is in its lowest 20% → it tends to go UP over the next 20 days.",False,stock already has a position
2026-06-03,197633,DABUR,"DABUR, daily: when VWAP is in its lowest 20% → it tends to go UP over the next 20 days.",True,three lights green -> paper order
2026-06-04,197633,DABUR,"DABUR, daily: when VWAP is in its lowest 20% → it tends to go UP over the next 20 days.",False,stock already has a position
2026-06-05,197633,DABUR,"DABUR, daily: when VWAP is in its lowest 20% → it tends to go UP over the next 20 days.",False,stock already has a position
2026-06-08,197633,DABUR,"DABUR, daily: when VWAP is in its lowest 20% → it tends to go UP over the next 20 days.",False,stock already has a position
2026-06-09,197633,DABUR,"DABUR, daily: when VWAP is in its lowest 20% → it tends to go UP over the next 20 days.",False,stock already has a position
2026-06-10,197633,DABUR,"DABUR, daily: when VWAP is in its lowest 20% → it tends to go UP over the next 20 days.",False,stock already has a position
2026-06-11,197633,DABUR,"DABUR, daily: when VWAP is in its lowest 20% → it tends to go UP over the next 20 days.",True,three lights green -> paper order
2026-06-12,197633,DABUR,"DABUR, daily: when VWAP is in its lowest 20% → it tends to go UP over the next 20 days.",False,stock already has a position
2026-06-15,197633,DABUR,"DABUR, daily: when VWAP is in its lowest 20% → it tends to go UP over the next 20 days.",False,stock already has a position
2026-06-16,197633,DABUR,"DABUR, daily: when VWAP is in its lowest 20% → it tends to go UP over the next 20 days.",False,stock already has a position
2026-06-17,197633,DABUR,"DABUR, daily: when VWAP is in its lowest 20% → it tends to go UP over the next 20 days.",False,stock already has a position
2026-06-18,197633,DABUR,"DABUR, daily: when VWAP is in its lowest 20% → it tends to go UP over the next 20 days.",False,stock already has a position
2026-06-19,197633,DABUR,"DABUR, daily: when VWAP is in its lowest 20% → it tends to go UP over the next 20 days.",False,stock already has a position
2026-06-22,197633,DABUR,"DABUR, daily: when VWAP is in its lowest 20% → it tends to go UP over the next 20 days.",False,stock already has a position
2026-06-23,197633,DABUR,"DABUR, daily: when VWAP is in its lowest 20% → it tends to go UP over the next 20 days.",False,stock already has a position
2026-06-24,197633,DABUR,"DABUR, daily: when VWAP is in its lowest 20% → it tends to go UP over the next 20 days.",False,stock already has a position
2026-06-25,197633,DABUR,"DABUR, daily: when VWAP is in its lowest 20% → it tends to go UP over the next 20 days.",False,stock already has a position
2026-06-29,197633,DABUR,"DABUR, daily: when VWAP is in its lowest 20% → it tends to go UP over the next 20 days.",False,stock already has a position
2026-06-30,197633,DABUR,"DABUR, daily: when VWAP is in its lowest 20% → it tends to go UP over the next 20 days.",False,stock already has a position
2026-07-01,197633,DABUR,"DABUR, daily: when VWAP is in its lowest 20% → it tends to go UP over the next 20 days.",False,stock already has a position
2026-07-02,197633,DABUR,"DABUR, daily: when VWAP is in its lowest 20% → it tends to go UP over the next 20 days.",True,three lights green -> paper order
2026-07-03,197633,DABUR,"DABUR, daily: when VWAP is in its lowest 20% → it tends to go UP over the next 20 days.",False,stock already has a position
2026-07-06,197633,DABUR,"DABUR, daily: when VWAP is in its lowest 20% → it tends to go UP over the next 20 days.",False,stock already has a position
2026-07-07,197633,DABUR,"DABUR, daily: when VWAP is in its lowest 20% → it tends to go UP over the next 20 days.",True,three lights green -> paper order
2026-07-08,197633,DABUR,"DABUR, daily: when VWAP is in its lowest 20% → it tends to go UP over the next 20 days.",False,stock already has a position
2026-07-09,197633,DABUR,"DABUR, daily: when VWAP is in its lowest 20% → it tends to go UP over the next 20 days.",False,stock already has a position
2026-07-10,197633,DABUR,"DABUR, daily: when VWAP is in its lowest 20% → it tends to go UP over the next 20 days.",True,three lights green -> paper order
2026-07-13,197633,DABUR,"DABUR, daily: when VWAP is in its lowest 20% → it tends to go UP over the next 20 days.",False,stock already has a position
2026-07-14,197633,DABUR,"DABUR, daily: when VWAP is in its lowest 20% → it tends to go UP over the next 20 days.",False,stock already has a position
2026-07-15,197633,DABUR,"DABUR, daily: when VWAP is in its lowest 20% → it tends to go UP over the next 20 days.",False,stock already has a position
2026-07-16,197633,DABUR,"DABUR, daily: when VWAP is in its lowest 20% → it tends to go UP over the next 20 days.",True,three lights green -> paper order
2026-07-17,197633,DABUR,"DABUR, daily: when VWAP is in its lowest 20% → it tends to go UP over the next 20 days.",False,stock already has a position
2026-07-20,197633,DABUR,"DABUR, daily: when VWAP is in its lowest 20% → it tends to go UP over the next 20 days.",False,stock already has a position
2026-07-21,197633,DABUR,"DABUR, daily: when VWAP is in its lowest 20% → it tends to go UP over the next 20 days.",False,stock already has a position
2026-07-22,197633,DABUR,"DABUR, daily: when VWAP is in its lowest 20% → it tends to go UP over the next 20 days.",False,stock already has a position
2026-07-23,197633,DABUR,"DABUR, daily: when VWAP is in its lowest 20% → it tends to go UP over the next 20 days.",False,stock already has a position
2026-07-24,197633,DABUR,"DABUR, daily: when VWAP is in its lowest 20% → it tends to go UP over the next 20 days.",False,stock already has a position
2026-07-27,197633,DABUR,"DABUR, daily: when VWAP is in its lowest 20% → it tends to go UP over the next 20 days.",False,stock already has a position
2026-07-28,197633,DABUR,"DABUR, daily: when VWAP is in its lowest 20% → it tends to go UP over the next 20 days.",False,stock already has a position
2026-07-29,197633,DABUR,"DABUR, daily: when VWAP is in its lowest 20% → it tends to go UP over the next 20 days.",False,stock already has a position
2026-07-30,197633,DABUR,"DABUR, daily: when VWAP is in its lowest 20% → it tends to go UP over the next 20 days.",False,stock already has a position
2026-07-31,197633,DABUR,"DABUR, daily: when VWAP is in its lowest 20% → it tends to go UP over the next 20 days.",True,three lights green -> paper order
2026-08-03,197633,DABUR,"DABUR, daily: when VWAP is in its lowest 20% → it tends to go UP over the next 20 days.",False,stock already has a position
2026-08-04,197633,DABUR,"DABUR, daily: when VWAP is in its lowest 20% → it tends to go UP over the next 20 days.",False,stock already has a position
2026-08-05,197633,DABUR,"DABUR, daily: when VWAP is in its lowest 20% → it tends to go UP over the next 20 days.",True,three lights green -> paper order
2026-08-06,197633,DABUR,"DABUR, daily: when VWAP is in its lowest 20% → it tends to go UP over the next 20 days.",False,stock already has a position
2026-08-07,197633,DABUR,"DABUR, daily: when VWAP is in its lowest 20% → it tends to go UP over the next 20 days.",False,stock already has a position
2026-08-10,197633,DABUR,"DABUR, daily: when VWAP is in its lowest 20% → it tends to go UP over the next 20 days.",False,stock already has a position
2026-08-11,197633,DABUR,"DABUR, daily: when VWAP is in its lowest 20% → it tends to go UP over the next 20 days.",False,stock already has a position
2026-08-12,197633,DABUR,"DABUR, daily: when VWAP is in its lowest 20% → it tends to go UP over the next 20 days.",False,stock already has a position
2026-08-13,197633,DABUR,"DABUR, daily: when VWAP is in its lowest 20% → it tends to go UP over the next 20 days.",True,three lights green -> paper order
2026-08-14,197633,DABUR,"DABUR, daily: when VWAP is in its lowest 20% → it tends to go UP over the next 20 days.",False,stock already has a position
2026-08-17,197633,DABUR,"DABUR, daily: when VWAP is in its lowest 20% → it tends to go UP over the next 20 days.",False,stock already has a position
2026-08-18,197633,DABUR,"DABUR, daily: when VWAP is in its lowest 20% → it tends to go UP over the next 20 days.",False,stock already has a position
2026-08-19,197633,DABUR,"DABUR, daily: when VWAP is in its lowest 20% → it tends to go UP over the next 20 days.",False,stock already has a position
2026-08-20,197633,DABUR,"DABUR, daily: when VWAP is in its lowest 20% → it tends to go UP over the next 20 days.",True,three lights green -> paper order
2026-08-21,197633,DABUR,"DABUR, daily: when VWAP is in its lowest 20% → it tends to go UP over the next 20 days.",False,stock already has a position
2026-08-24,197633,DABUR,"DABUR, daily: when VWAP is in its lowest 20% → it tends to go UP over the next 20 days.",False,stock already has a position
2026-08-25,197633,DABUR,"DABUR, daily: when VWAP is in its lowest 20% → it tends to go UP over the next 20 days.",False,stock already has a position
2026-08-26,197633,DABUR,"DABUR, daily: when VWAP is in its lowest 20% → it tends to go UP over the next 20 days.",True,three lights green -> paper order
2026-08-27,197633,DABUR,"DABUR, daily: when VWAP is in its lowest 20% → it tends to go UP over the next 20 days.",False,stock already has a position
2026-08-28,197633,DABUR,"DABUR, daily: when VWAP is in its lowest 20% → it tends to go UP over the next 20 days.",False,stock already has a position
2026-08-31,197633,DABUR,"DABUR, daily: when VWAP is in its lowest 20% → it tends to go UP over the next 20 days.",True,three lights green -> paper order
2026-09-01,197633,DABUR,"DABUR, daily: when VWAP is in its lowest 20% → it tends to go UP over the next 20 days.",False,stock already has a position
2026-09-02,197633,DABUR,"DABUR, daily: when VWAP is in its lowest 20% → it tends to go UP over the next 20 days.",False,stock already has a position
2026-09-03,197633,DABUR,"DABUR, daily: when VWAP is in its lowest 20% → it tends to go UP over the next 20 days.",False,stock already has a position
2026-09-04,197633,DABUR,"DABUR, daily: when VWAP is in its lowest 20% → it tends to go UP over the next 20 days.",True,three lights green -> paper order
2026-09-07,197633,DABUR,"DABUR, daily: when VWAP is in its lowest 20% → it tends to go UP over the next 20 days.",False,stock already has a position
2026-09-08,197633,DABUR,"DABUR, daily: when VWAP is in its lowest 20% → it tends to go UP over the next 20 days.",False,stock already has a position
2026-09-09,197633,DABUR,"DABUR, daily: when VWAP is in its lowest 20% → it tends to go UP over the next 20 days.",True,three lights green -> paper order
2026-09-10,197633,DABUR,"DABUR, daily: when VWAP is in its lowest 20% → it tends to go UP over the next 20 days.",False,stock already has a position
2026-01-16,3050241,YESBANK,"YESBANK, daily: when VWAP is in its highest 20% → it tends to go DOWN over the next 20 days.",True,three lights green -> paper order
2026-01-19,3050241,YESBANK,"YESBANK, daily: when VWAP is in its highest 20% → it tends to go DOWN over the next 20 days.",False,stock already has a position
2026-05-29,3050241,YESBANK,"YESBANK, daily: when VWAP is in its highest 20% → it tends to go DOWN over the next 20 days.",True,three lights green -> paper order
2026-06-01,3050241,YESBANK,"YESBANK, daily: when VWAP is in its highest 20% → it tends to go DOWN over the next 20 days.",False,stock already has a position
2026-06-05,3050241,YESBANK,"YESBANK, daily: when VWAP is in its highest 20% → it tends to go DOWN over the next 20 days.",True,three lights green -> paper order
2026-06-08,3050241,YESBANK,"YESBANK, daily: when VWAP is in its highest 20% → it tends to go DOWN over the next 20 days.",False,stock already has a position
2026-06-09,3050241,YESBANK,"YESBANK, daily: when VWAP is in its highest 20% → it tends to go DOWN over the next 20 days.",False,stock already has a position
2026-06-15,3050241,YESBANK,"YESBANK, daily: when VWAP is in its highest 20% → it tends to go DOWN over the next 20 days.",False,stock already has a position
2026-06-16,3050241,YESBANK,"YESBANK, daily: when VWAP is in its highest 20% → it tends to go DOWN over the next 20 days.",True,three lights green -> paper order
2026-06-17,3050241,YESBANK,"YESBANK, daily: when VWAP is in its highest 20% → it tends to go DOWN over the next 20 days.",False,stock already has a position
2026-06-18,3050241,YESBANK,"YESBANK, daily: when VWAP is in its highest 20% → it tends to go DOWN over the next 20 days.",False,stock already has a position
2026-06-19,3050241,YESBANK,"YESBANK, daily: when VWAP is in its highest 20% → it tends to go DOWN over the next 20 days.",True,three lights green -> paper order
2026-06-22,3050241,YESBANK,"YESBANK, daily: when VWAP is in its highest 20% → it tends to go DOWN over the next 20 days.",False,stock already has a position
2026-06-23,3050241,YESBANK,"YESBANK, daily: when VWAP is in its highest 20% → it tends to go DOWN over the next 20 days.",False,stock already has a position
2026-06-24,3050241,YESBANK,"YESBANK, daily: when VWAP is in its highest 20% → it tends to go DOWN over the next 20 days.",False,stock already has a position
2026-06-25,3050241,YESBANK,"YESBANK, daily: when VWAP is in its highest 20% → it tends to go DOWN over the next 20 days.",False,stock already has a position
2026-06-29,3050241,YESBANK,"YESBANK, daily: when VWAP is in its highest 20% → it tends to go DOWN over the next 20 days.",False,stock already has a position
2026-06-30,3050241,YESBANK,"YESBANK, daily: when VWAP is in its highest 20% → it tends to go DOWN over the next 20 days.",False,stock already has a position
2026-07-01,3050241,YESBANK,"YESBANK, daily: when VWAP is in its highest 20% → it tends to go DOWN over the next 20 days.",True,three lights green -> paper order
2026-07-02,3050241,YESBANK,"YESBANK, daily: when VWAP is in its highest 20% → it tends to go DOWN over the next 20 days.",False,stock already has a position
2026-07-03,3050241,YESBANK,"YESBANK, daily: when VWAP is in its highest 20% → it tends to go DOWN over the next 20 days.",False,stock already has a position
2026-07-06,3050241,YESBANK,"YESBANK, daily: when VWAP is in its highest 20% → it tends to go DOWN over the next 20 days.",False,stock already has a position
2026-07-07,3050241,YESBANK,"YESBANK, daily: when VWAP is in its highest 20% → it tends to go DOWN over the next 20 days.",False,stock already has a position
2026-07-08,3050241,YESBANK,"YESBANK, daily: when VWAP is in its highest 20% → it tends to go DOWN over the next 20 days.",False,stock already has a position
2026-07-09,3050241,YESBANK,"YESBANK, daily: when VWAP is in its highest 20% → it tends to go DOWN over the next 20 days.",True,three lights green -> paper order
2026-07-10,3050241,YESBANK,"YESBANK, daily: when VWAP is in its highest 20% → it tends to go DOWN over the next 20 days.",False,stock already has a position
2026-07-13,3050241,YESBANK,"YESBANK, daily: when VWAP is in its highest 20% → it tends to go DOWN over the next 20 days.",False,stock already has a position
2026-07-14,3050241,YESBANK,"YESBANK, daily: when VWAP is in its highest 20% → it tends to go DOWN over the next 20 days.",False,stock already has a position
2026-07-15,3050241,YESBANK,"YESBANK, daily: when VWAP is in its highest 20% → it tends to go DOWN over the next 20 days.",False,stock already has a position
2026-07-16,3050241,YESBANK,"YESBANK, daily: when VWAP is in its highest 20% → it tends to go DOWN over the next 20 days.",False,stock already has a position
2026-07-17,3050241,YESBANK,"YESBANK, daily: when VWAP is in its highest 20% → it tends to go DOWN over the next 20 days.",False,stock already has a position
2026-07-20,3050241,YESBANK,"YESBANK, daily: when VWAP is in its highest 20% → it tends to go DOWN over the next 20 days.",False,stock already has a position
2026-07-21,3050241,YESBANK,"YESBANK, daily: when VWAP is in its highest 20% → it tends to go DOWN over the next 20 days.",True,three lights green -> paper order
2026-07-22,3050241,YESBANK,"YESBANK, daily: when VWAP is in its highest 20% → it tends to go DOWN over the next 20 days.",False,stock already has a position
2026-01-09,969473,WIPRO,"WIPRO, daily: when volume flow (OBV) is in its highest 20% → it tends to go DOWN over the next 20 days.",True,three lights green -> paper order
2026-01-12,969473,WIPRO,"WIPRO, daily: when volume flow (OBV) is in its highest 20% → it tends to go DOWN over the next 20 days.",False,stock already has a position
2026-01-13,969473,WIPRO,"WIPRO, daily: when volume flow (OBV) is in its highest 20% → it tends to go DOWN over the next 20 days.",False,stock already has a position
2026-01-14,969473,WIPRO,"WIPRO, daily: when volume flow (OBV) is in its highest 20% → it tends to go DOWN over the next 20 days.",False,stock already has a position
2026-01-16,969473,WIPRO,"WIPRO, daily: when volume flow (OBV) is in its highest 20% → it tends to go DOWN over the next 20 days.",False,stock already has a position
2026-01-19,969473,WIPRO,"WIPRO, daily: when volume flow (OBV) is in its highest 20% → it tends to go DOWN over the next 20 days.",True,three lights green -> paper order
2026-01-20,969473,WIPRO,"WIPRO, daily: when volume flow (OBV) is in its highest 20% → it tends to go DOWN over the next 20 days.",False,stock already has a position
2026-01-21,969473,WIPRO,"WIPRO, daily: when volume flow (OBV) is in its highest 20% → it tends to go DOWN over the next 20 days.",False,stock already has a position
2026-01-22,969473,WIPRO,"WIPRO, daily: when volume flow (OBV) is in its highest 20% → it tends to go DOWN over the next 20 days.",False,stock already has a position
2026-01-23,969473,WIPRO,"WIPRO, daily: when volume flow (OBV) is in its highest 20% → it tends to go DOWN over the next 20 days.",False,stock already has a position
2026-01-27,969473,WIPRO,"WIPRO, daily: when volume flow (OBV) is in its highest 20% → it tends to go DOWN over the next 20 days.",False,stock already has a position
2026-01-28,969473,WIPRO,"WIPRO, daily: when volume flow (OBV) is in its highest 20% → it tends to go DOWN over the next 20 days.",False,stock already has a position
2026-01-29,969473,WIPRO,"WIPRO, daily: when volume flow (OBV) is in its highest 20% → it tends to go DOWN over the next 20 days.",False,stock already has a position
2026-01-30,969473,WIPRO,"WIPRO, daily: when volume flow (OBV) is in its highest 20% → it tends to go DOWN over the next 20 days.",False,stock already has a position
2026-02-01,969473,WIPRO,"WIPRO, daily: when volume flow (OBV) is in its highest 20% → it tends to go DOWN over the next 20 days.",False,stock already has a position
2026-02-02,969473,WIPRO,"WIPRO, daily: when volume flow (OBV) is in its highest 20% → it tends to go DOWN over the next 20 days.",True,three lights green -> paper order
2026-02-03,969473,WIPRO,"WIPRO, daily: when volume flow (OBV) is in its highest 20% → it tends to go DOWN over the next 20 days.",False,stock already has a position
2026-02-04,969473,WIPRO,"WIPRO, daily: when volume flow (OBV) is in its highest 20% → it tends to go DOWN over the next 20 days.",False,stock already has a position
2026-02-05,969473,WIPRO,"WIPRO, daily: when volume flow (OBV) is in its highest 20% → it tends to go DOWN over the next 20 days.",True,three lights green -> paper order
2026-02-06,969473,WIPRO,"WIPRO, daily: when volume flow (OBV) is in its highest 20% → it tends to go DOWN over the next 20 days.",False,stock already has a position
2026-02-09,969473,WIPRO,"WIPRO, daily: when volume flow (OBV) is in its highest 20% → it tends to go DOWN over the next 20 days.",False,stock already has a position
2026-02-10,969473,WIPRO,"WIPRO, daily: when volume flow (OBV) is in its highest 20% → it tends to go DOWN over the next 20 days.",False,stock already has a position
2026-02-11,969473,WIPRO,"WIPRO, daily: when volume flow (OBV) is in its highest 20% → it tends to go DOWN over the next 20 days.",False,stock already has a position
2026-02-12,969473,WIPRO,"WIPRO, daily: when volume flow (OBV) is in its highest 20% → it tends to go DOWN over the next 20 days.",False,stock already has a position
2026-02-13,969473,WIPRO,"WIPRO, daily: when volume flow (OBV) is in its highest 20% → it tends to go DOWN over the next 20 days.",True,three lights green -> paper order
2026-02-17,969473,WIPRO,"WIPRO, daily: when volume flow (OBV) is in its highest 20% → it tends to go DOWN over the next 20 days.",False,stock already has a position
2026-03-27,969473,WIPRO,"WIPRO, daily: when volume flow (OBV) is in its highest 20% → it tends to go DOWN over the next 20 days.",True,three lights green -> paper order
2026-04-02,969473,WIPRO,"WIPRO, daily: when volume flow (OBV) is in its highest 20% → it tends to go DOWN over the next 20 days.",False,stock already has a position
2026-04-06,969473,WIPRO,"WIPRO, daily: when volume flow (OBV) is in its highest 20% → it tends to go DOWN over the next 20 days.",True,three lights green -> paper order
2026-04-07,969473,WIPRO,"WIPRO, daily: when volume flow (OBV) is in its highest 20% → it tends to go DOWN over the next 20 days.",False,stock already has a position
2026-04-08,969473,WIPRO,"WIPRO, daily: when volume flow (OBV) is in its highest 20% → it tends to go DOWN over the next 20 days.",False,stock already has a position
2026-04-09,969473,WIPRO,"WIPRO, daily: when volume flow (OBV) is in its highest 20% → it tends to go DOWN over the next 20 days.",True,three lights green -> paper order
2026-04-10,969473,WIPRO,"WIPRO, daily: when volume flow (OBV) is in its highest 20% → it tends to go DOWN over the next 20 days.",False,stock already has a position
2026-04-13,969473,WIPRO,"WIPRO, daily: when volume flow (OBV) is in its highest 20% → it tends to go DOWN over the next 20 days.",False,stock already has a position
2026-04-15,969473,WIPRO,"WIPRO, daily: when volume flow (OBV) is in its highest 20% → it tends to go DOWN over the next 20 days.",True,three lights green -> paper order
2026-04-16,969473,WIPRO,"WIPRO, daily: when volume flow (OBV) is in its highest 20% → it tends to go DOWN over the next 20 days.",False,stock already has a position
2026-04-17,969473,WIPRO,"WIPRO, daily: when volume flow (OBV) is in its highest 20% → it tends to go DOWN over the next 20 days.",False,stock already has a position
2026-04-21,969473,WIPRO,"WIPRO, daily: when volume flow (OBV) is in its highest 20% → it tends to go DOWN over the next 20 days.",True,three lights green -> paper order
2026-04-22,969473,WIPRO,"WIPRO, daily: when volume flow (OBV) is in its highest 20% → it tends to go DOWN over the next 20 days.",False,stock already has a position
2026-05-22,969473,WIPRO,"WIPRO, daily: when volume flow (OBV) is in its highest 20% → it tends to go DOWN over the next 20 days.",True,three lights green -> paper order
2026-05-25,969473,WIPRO,"WIPRO, daily: when volume flow (OBV) is in its highest 20% → it tends to go DOWN over the next 20 days.",False,stock already has a position
2026-05-26,969473,WIPRO,"WIPRO, daily: when volume flow (OBV) is in its highest 20% → it tends to go DOWN over the next 20 days.",False,stock already has a position
2026-05-27,969473,WIPRO,"WIPRO, daily: when volume flow (OBV) is in its highest 20% → it tends to go DOWN over the next 20 days.",False,stock already has a position
2026-05-29,969473,WIPRO,"WIPRO, daily: when volume flow (OBV) is in its highest 20% → it tends to go DOWN over the next 20 days.",True,three lights green -> paper order
2026-06-01,969473,WIPRO,"WIPRO, daily: when volume flow (OBV) is in its highest 20% → it tends to go DOWN over the next 20 days.",False,stock already has a position
2026-06-02,969473,WIPRO,"WIPRO, daily: when volume flow (OBV) is in its highest 20% → it tends to go DOWN over the next 20 days.",False,stock already has a position
2026-06-03,969473,WIPRO,"WIPRO, daily: when volume flow (OBV) is in its highest 20% → it tends to go DOWN over the next 20 days.",True,three lights green -> paper order
2026-06-04,969473,WIPRO,"WIPRO, daily: when volume flow (OBV) is in its highest 20% → it tends to go DOWN over the next 20 days.",False,stock already has a position
2026-06-05,969473,WIPRO,"WIPRO, daily: when volume flow (OBV) is in its highest 20% → it tends to go DOWN over the next 20 days.",False,stock already has a position
2026-06-08,969473,WIPRO,"WIPRO, daily: when volume flow (OBV) is in its highest 20% → it tends to go DOWN over the next 20 days.",True,three lights green -> paper order
2026-06-09,969473,WIPRO,"WIPRO, daily: when volume flow (OBV) is in its highest 20% → it tends to go DOWN over the next 20 days.",False,stock already has a position
2026-06-10,969473,WIPRO,"WIPRO, daily: when volume flow (OBV) is in its highest 20% → it tends to go DOWN over the next 20 days.",False,stock already has a position
2026-06-11,969473,WIPRO,"WIPRO, daily: when volume flow (OBV) is in its highest 20% → it tends to go DOWN over the next 20 days.",False,stock already has a position
2026-06-12,969473,WIPRO,"WIPRO, daily: when volume flow (OBV) is in its highest 20% → it tends to go DOWN over the next 20 days.",False,stock already has a position
2026-06-15,969473,WIPRO,"WIPRO, daily: when volume flow (OBV) is in its highest 20% → it tends to go DOWN over the next 20 days.",False,stock already has a position
2026-06-16,969473,WIPRO,"WIPRO, daily: when volume flow (OBV) is in its highest 20% → it tends to go DOWN over the next 20 days.",False,stock already has a position
2026-06-17,969473,WIPRO,"WIPRO, daily: when volume flow (OBV) is in its highest 20% → it tends to go DOWN over the next 20 days.",False,stock already has a position
2026-06-18,969473,WIPRO,"WIPRO, daily: when volume flow (OBV) is in its highest 20% → it tends to go DOWN over the next 20 days.",False,stock already has a position
2026-06-19,969473,WIPRO,"WIPRO, daily: when volume flow (OBV) is in its highest 20% → it tends to go DOWN over the next 20 days.",False,stock already has a position
2026-06-22,969473,WIPRO,"WIPRO, daily: when volume flow (OBV) is in its highest 20% → it tends to go DOWN over the next 20 days.",False,stock already has a position
2026-06-23,969473,WIPRO,"WIPRO, daily: when volume flow (OBV) is in its highest 20% → it tends to go DOWN over the next 20 days.",False,stock already has a position
2026-06-24,969473,WIPRO,"WIPRO, daily: when volume flow (OBV) is in its highest 20% → it tends to go DOWN over the next 20 days.",True,three lights green -> paper order
2026-06-25,969473,WIPRO,"WIPRO, daily: when volume flow (OBV) is in its highest 20% → it tends to go DOWN over the next 20 days.",False,stock already has a position
2026-06-29,969473,WIPRO,"WIPRO, daily: when volume flow (OBV) is in its highest 20% → it tends to go DOWN over the next 20 days.",False,stock already has a position
2026-06-30,969473,WIPRO,"WIPRO, daily: when volume flow (OBV) is in its highest 20% → it tends to go DOWN over the next 20 days.",False,stock already has a position
2026-07-01,969473,WIPRO,"WIPRO, daily: when volume flow (OBV) is in its highest 20% → it tends to go DOWN over the next 20 days.",False,stock already has a position
2026-07-02,969473,WIPRO,"WIPRO, daily: when volume flow (OBV) is in its highest 20% → it tends to go DOWN over the next 20 days.",False,stock already has a position
2026-07-03,969473,WIPRO,"WIPRO, daily: when volume flow (OBV) is in its highest 20% → it tends to go DOWN over the next 20 days.",False,stock already has a position
2026-07-06,969473,WIPRO,"WIPRO, daily: when volume flow (OBV) is in its highest 20% → it tends to go DOWN over the next 20 days.",False,stock already has a position
2026-07-07,969473,WIPRO,"WIPRO, daily: when volume flow (OBV) is in its highest 20% → it tends to go DOWN over the next 20 days.",False,stock already has a position
2026-07-08,969473,WIPRO,"WIPRO, daily: when volume flow (OBV) is in its highest 20% → it tends to go DOWN over the next 20 days.",False,stock already has a position
2026-07-09,969473,WIPRO,"WIPRO, daily: when volume flow (OBV) is in its highest 20% → it tends to go DOWN over the next 20 days.",False,stock already has a position
2026-07-10,969473,WIPRO,"WIPRO, daily: when volume flow (OBV) is in its highest 20% → it tends to go DOWN over the next 20 days.",False,stock already has a position
2026-07-13,969473,WIPRO,"WIPRO, daily: when volume flow (OBV) is in its highest 20% → it tends to go DOWN over the next 20 days.",False,stock already has a position
2026-07-14,969473,WIPRO,"WIPRO, daily: when volume flow (OBV) is in its highest 20% → it tends to go DOWN over the next 20 days.",False,stock already has a position
2026-07-15,969473,WIPRO,"WIPRO, daily: when volume flow (OBV) is in its highest 20% → it tends to go DOWN over the next 20 days.",False,stock already has a position
2026-07-16,969473,WIPRO,"WIPRO, daily: when volume flow (OBV) is in its highest 20% → it tends to go DOWN over the next 20 days.",False,stock already has a position
2026-07-17,969473,WIPRO,"WIPRO, daily: when volume flow (OBV) is in its highest 20% → it tends to go DOWN over the next 20 days.",False,stock already has a position
2026-07-20,969473,WIPRO,"WIPRO, daily: when volume flow (OBV) is in its highest 20% → it tends to go DOWN over the next 20 days.",False,stock already has a position
2026-07-21,969473,WIPRO,"WIPRO, daily: when volume flow (OBV) is in its highest 20% → it tends to go DOWN over the next 20 days.",False,stock already has a position
2026-07-22,969473,WIPRO,"WIPRO, daily: when volume flow (OBV) is in its highest 20% → it tends to go DOWN over the next 20 days.",False,stock already has a position
2026-07-23,969473,WIPRO,"WIPRO, daily: when volume flow (OBV) is in its highest 20% → it tends to go DOWN over the next 20 days.",False,stock already has a position
2026-07-24,969473,WIPRO,"WIPRO, daily: when volume flow (OBV) is in its highest 20% → it tends to go DOWN over the next 20 days.",False,stock already has a position
2026-07-27,969473,WIPRO,"WIPRO, daily: when volume flow (OBV) is in its highest 20% → it tends to go DOWN over the next 20 days.",False,stock already has a position
2026-07-28,969473,WIPRO,"WIPRO, daily: when volume flow (OBV) is in its highest 20% → it tends to go DOWN over the next 20 days.",False,stock already has a position
2026-07-29,969473,WIPRO,"WIPRO, daily: when volume flow (OBV) is in its highest 20% → it tends to go DOWN over the next 20 days.",True,three lights green -> paper order
2026-07-31,969473,WIPRO,"WIPRO, daily: when volume flow (OBV) is in its highest 20% → it tends to go DOWN over the next 20 days.",False,stock already has a position
2026-08-03,969473,WIPRO,"WIPRO, daily: when volume flow (OBV) is in its highest 20% → it tends to go DOWN over the next 20 days.",False,stock already has a position
2026-08-04,969473,WIPRO,"WIPRO, daily: when volume flow (OBV) is in its highest 20% → it tends to go DOWN over the next 20 days.",True,three lights green -> paper order
2026-08-05,969473,WIPRO,"WIPRO, daily: when volume flow (OBV) is in its highest 20% → it tends to go DOWN over the next 20 days.",False,stock already has a position
2026-08-06,969473,WIPRO,"WIPRO, daily: when volume flow (OBV) is in its highest 20% → it tends to go DOWN over the next 20 days.",False,stock already has a position
2026-08-07,969473,WIPRO,"WIPRO, daily: when volume flow (OBV) is in its highest 20% → it tends to go DOWN over the next 20 days.",False,stock already has a position
2026-08-10,969473,WIPRO,"WIPRO, daily: when volume flow (OBV) is in its highest 20% → it tends to go DOWN over the next 20 days.",False,stock already has a position
2026-08-11,969473,WIPRO,"WIPRO, daily: when volume flow (OBV) is in its highest 20% → it tends to go DOWN over the next 20 days.",False,stock already has a position
2026-08-12,969473,WIPRO,"WIPRO, daily: when volume flow (OBV) is in its highest 20% → it tends to go DOWN over the next 20 days.",False,stock already has a position
2026-08-13,969473,WIPRO,"WIPRO, daily: when volume flow (OBV) is in its highest 20% → it tends to go DOWN over the next 20 days.",False,stock already has a position
2026-08-14,969473,WIPRO,"WIPRO, daily: when volume flow (OBV) is in its highest 20% → it tends to go DOWN over the next 20 days.",False,stock already has a position
2026-08-17,969473,WIPRO,"WIPRO, daily: when volume flow (OBV) is in its highest 20% → it tends to go DOWN over the next 20 days.",False,stock already has a position
2026-08-18,969473,WIPRO,"WIPRO, daily: when volume flow (OBV) is in its highest 20% → it tends to go DOWN over the next 20 days.",False,stock already has a position
2026-08-19,969473,WIPRO,"WIPRO, daily: when volume flow (OBV) is in its highest 20% → it tends to go DOWN over the next 20 days.",True,three lights green -> paper order
2026-08-20,969473,WIPRO,"WIPRO, daily: when volume flow (OBV) is in its highest 20% → it tends to go DOWN over the next 20 days.",False,stock already has a position
2026-08-21,969473,WIPRO,"WIPRO, daily: when volume flow (OBV) is in its highest 20% → it tends to go DOWN over the next 20 days.",False,stock already has a position
2026-08-24,969473,WIPRO,"WIPRO, daily: when volume flow (OBV) is in its highest 20% → it tends to go DOWN over the next 20 days.",False,stock already has a position
2026-08-25,969473,WIPRO,"WIPRO, daily: when volume flow (OBV) is in its highest 20% → it tends to go DOWN over the next 20 days.",False,stock already has a position
2026-08-26,969473,WIPRO,"WIPRO, daily: when volume flow (OBV) is in its highest 20% → it tends to go DOWN over the next 20 days.",False,stock already has a position
2026-08-27,969473,WIPRO,"WIPRO, daily: when volume flow (OBV) is in its highest 20% → it tends to go DOWN over the next 20 days.",False,stock already has a position
2026-08-28,969473,WIPRO,"WIPRO, daily: when volume flow (OBV) is in its highest 20% → it tends to go DOWN over the next 20 days.",False,stock already has a position
2026-08-31,969473,WIPRO,"WIPRO, daily: when volume flow (OBV) is in its highest 20% → it tends to go DOWN over the next 20 days.",False,stock already has a position
2026-09-01,969473,WIPRO,"WIPRO, daily: when volume flow (OBV) is in its highest 20% → it tends to go DOWN over the next 20 days.",True,three lights green -> paper order
2026-09-02,969473,WIPRO,"WIPRO, daily: when volume flow (OBV) is in its highest 20% → it tends to go DOWN over the next 20 days.",False,stock already has a position
2026-09-03,969473,WIPRO,"WIPRO, daily: when volume flow (OBV) is in its highest 20% → it tends to go DOWN over the next 20 days.",False,stock already has a position
2026-09-04,969473,WIPRO,"WIPRO, daily: when volume flow (OBV) is in its highest 20% → it tends to go DOWN over the next 20 days.",False,stock already has a position
2026-09-07,969473,WIPRO,"WIPRO, daily: when volume flow (OBV) is in its highest 20% → it tends to go DOWN over the next 20 days.",False,stock already has a position
2026-09-08,969473,WIPRO,"WIPRO, daily: when volume flow (OBV) is in its highest 20% → it tends to go DOWN over the next 20 days.",True,three lights green -> paper order
2026-09-09,969473,WIPRO,"WIPRO, daily: when volume flow (OBV) is in its highest 20% → it tends to go DOWN over the next 20 days.",False,stock already has a position
2026-09-10,969473,WIPRO,"WIPRO, daily: when volume flow (OBV) is in its highest 20% → it tends to go DOWN over the next 20 days.",False,stock already has a position
2026-01-09,5573121,ICICIGI,"ICICIGI, daily: when VWAP is in its highest 20% → it tends to go DOWN over the next 20 days.",True,three lights green -> paper order
2026-01-12,5573121,ICICIGI,"ICICIGI, daily: when VWAP is in its highest 20% → it tends to go DOWN over the next 20 days.",False,stock already has a position
2026-01-13,5573121,ICICIGI,"ICICIGI, daily: when VWAP is in its highest 20% → it tends to go DOWN over the next 20 days.",False,stock already has a position
2026-01-14,5573121,ICICIGI,"ICICIGI, daily: when VWAP is in its highest 20% → it tends to go DOWN over the next 20 days.",False,stock already has a position
2026-01-16,5573121,ICICIGI,"ICICIGI, daily: when VWAP is in its highest 20% → it tends to go DOWN over the next 20 days.",True,three lights green -> paper order
2026-01-19,5573121,ICICIGI,"ICICIGI, daily: when VWAP is in its highest 20% → it tends to go DOWN over the next 20 days.",False,stock already has a position
2026-01-20,5573121,ICICIGI,"ICICIGI, daily: when VWAP is in its highest 20% → it tends to go DOWN over the next 20 days.",False,stock already has a position
2026-02-03,5573121,ICICIGI,"ICICIGI, daily: when VWAP is in its highest 20% → it tends to go DOWN over the next 20 days.",True,three lights green -> paper order
2026-02-05,5573121,ICICIGI,"ICICIGI, daily: when VWAP is in its highest 20% → it tends to go DOWN over the next 20 days.",False,stock already has a position
2026-02-06,5573121,ICICIGI,"ICICIGI, daily: when VWAP is in its highest 20% → it tends to go DOWN over the next 20 days.",False,stock already has a position
2026-02-09,5573121,ICICIGI,"ICICIGI, daily: when VWAP is in its highest 20% → it tends to go DOWN over the next 20 days.",False,stock already has a position
2026-02-10,5573121,ICICIGI,"ICICIGI, daily: when VWAP is in its highest 20% → it tends to go DOWN over the next 20 days.",False,stock already has a position
2026-02-11,5573121,ICICIGI,"ICICIGI, daily: when VWAP is in its highest 20% → it tends to go DOWN over the next 20 days.",True,three lights green -> paper order
2026-02-12,5573121,ICICIGI,"ICICIGI, daily: when VWAP is in its highest 20% → it tends to go DOWN over the next 20 days.",False,stock already has a position
2026-02-13,5573121,ICICIGI,"ICICIGI, daily: when VWAP is in its highest 20% → it tends to go DOWN over the next 20 days.",False,stock already has a position
2026-02-16,5573121,ICICIGI,"ICICIGI, daily: when VWAP is in its highest 20% → it tends to go DOWN over the next 20 days.",False,stock already has a position
2026-02-17,5573121,ICICIGI,"ICICIGI, daily: when VWAP is in its highest 20% → it tends to go DOWN over the next 20 days.",False,stock already has a position
2026-02-18,5573121,ICICIGI,"ICICIGI, daily: when VWAP is in its highest 20% → it tends to go DOWN over the next 20 days.",False,stock already has a position
2026-02-19,5573121,ICICIGI,"ICICIGI, daily: when VWAP is in its highest 20% → it tends to go DOWN over the next 20 days.",True,three lights green -> paper order
2026-02-20,5573121,ICICIGI,"ICICIGI, daily: when VWAP is in its highest 20% → it tends to go DOWN over the next 20 days.",False,stock already has a position
2026-02-23,5573121,ICICIGI,"ICICIGI, daily: when VWAP is in its highest 20% → it tends to go DOWN over the next 20 days.",False,stock already has a position
2026-02-24,5573121,ICICIGI,"ICICIGI, daily: when VWAP is in its highest 20% → it tends to go DOWN over the next 20 days.",False,stock already has a position
2026-02-25,5573121,ICICIGI,"ICICIGI, daily: when VWAP is in its highest 20% → it tends to go DOWN over the next 20 days.",False,stock already has a position
2026-02-26,5573121,ICICIGI,"ICICIGI, daily: when VWAP is in its highest 20% → it tends to go DOWN over the next 20 days.",False,stock already has a position
2026-02-27,5573121,ICICIGI,"ICICIGI, daily: when VWAP is in its highest 20% → it tends to go DOWN over the next 20 days.",False,stock already has a position
2026-03-02,5573121,ICICIGI,"ICICIGI, daily: when VWAP is in its highest 20% → it tends to go DOWN over the next 20 days.",False,stock already has a position
2026-03-04,5573121,ICICIGI,"ICICIGI, daily: when VWAP is in its highest 20% → it tends to go DOWN over the next 20 days.",True,three lights green -> paper order
2026-03-05,5573121,ICICIGI,"ICICIGI, daily: when VWAP is in its highest 20% → it tends to go DOWN over the next 20 days.",False,stock already has a position
2026-03-06,5573121,ICICIGI,"ICICIGI, daily: when VWAP is in its highest 20% → it tends to go DOWN over the next 20 days.",False,stock already has a position
2026-03-09,5573121,ICICIGI,"ICICIGI, daily: when VWAP is in its highest 20% → it tends to go DOWN over the next 20 days.",False,stock already has a position
2026-03-10,5573121,ICICIGI,"ICICIGI, daily: when VWAP is in its highest 20% → it tends to go DOWN over the next 20 days.",True,three lights green -> paper order
2026-03-11,5573121,ICICIGI,"ICICIGI, daily: when VWAP is in its highest 20% → it tends to go DOWN over the next 20 days.",False,stock already has a position
2026-03-12,5573121,ICICIGI,"ICICIGI, daily: when VWAP is in its highest 20% → it tends to go DOWN over the next 20 days.",False,stock already has a position
2026-04-16,5573121,ICICIGI,"ICICIGI, daily: when VWAP is in its highest 20% → it tends to go DOWN over the next 20 days.",True,three lights green -> paper order
2026-04-17,5573121,ICICIGI,"ICICIGI, daily: when VWAP is in its highest 20% → it tends to go DOWN over the next 20 days.",False,stock already has a position
2026-04-20,5573121,ICICIGI,"ICICIGI, daily: when VWAP is in its highest 20% → it tends to go DOWN over the next 20 days.",False,stock already has a position
2026-05-26,5573121,ICICIGI,"ICICIGI, daily: when VWAP is in its highest 20% → it tends to go DOWN over the next 20 days.",True,three lights green -> paper order
2026-05-27,5573121,ICICIGI,"ICICIGI, daily: when VWAP is in its highest 20% → it tends to go DOWN over the next 20 days.",False,stock already has a position
2026-06-19,5573121,ICICIGI,"ICICIGI, daily: when VWAP is in its highest 20% → it tends to go DOWN over the next 20 days.",True,three lights green -> paper order
2026-06-22,5573121,ICICIGI,"ICICIGI, daily: when VWAP is in its highest 20% → it tends to go DOWN over the next 20 days.",False,stock already has a position
2026-01-09,1152769,MPHASIS,"MPHASIS, daily: when VWAP is in its highest 20% → it tends to go DOWN over the next 20 days.",True,three lights green -> paper order
2026-01-12,1152769,MPHASIS,"MPHASIS, daily: when VWAP is in its highest 20% → it tends to go DOWN over the next 20 days.",False,stock already has a position
2026-01-13,1152769,MPHASIS,"MPHASIS, daily: when VWAP is in its highest 20% → it tends to go DOWN over the next 20 days.",False,stock already has a position
2026-01-14,1152769,MPHASIS,"MPHASIS, daily: when VWAP is in its highest 20% → it tends to go DOWN over the next 20 days.",False,stock already has a position
2026-01-16,1152769,MPHASIS,"MPHASIS, daily: when VWAP is in its highest 20% → it tends to go DOWN over the next 20 days.",False,stock already has a position
2026-01-19,1152769,MPHASIS,"MPHASIS, daily: when VWAP is in its highest 20% → it tends to go DOWN over the next 20 days.",True,three lights green -> paper order
2026-01-20,1152769,MPHASIS,"MPHASIS, daily: when VWAP is in its highest 20% → it tends to go DOWN over the next 20 days.",False,stock already has a position
2026-01-22,1152769,MPHASIS,"MPHASIS, daily: when VWAP is in its highest 20% → it tends to go DOWN over the next 20 days.",True,three lights green -> paper order
2026-01-28,1152769,MPHASIS,"MPHASIS, daily: when VWAP is in its highest 20% → it tends to go DOWN over the next 20 days.",False,stock already has a position
2026-02-03,1152769,MPHASIS,"MPHASIS, daily: when VWAP is in its highest 20% → it tends to go DOWN over the next 20 days.",True,three lights green -> paper order
2026-02-04,969473,WIPRO,"WIPRO, daily: when volatility (ATR) is in its highest 20% → it tends to go DOWN over the next 20 days.",False,stock already has a position
2026-02-05,969473,WIPRO,"WIPRO, daily: when volatility (ATR) is in its highest 20% → it tends to go DOWN over the next 20 days.",False,stock already has a position
2026-02-06,969473,WIPRO,"WIPRO, daily: when volatility (ATR) is in its highest 20% → it tends to go DOWN over the next 20 days.",False,stock already has a position
2026-02-12,969473,WIPRO,"WIPRO, daily: when volatility (ATR) is in its highest 20% → it tends to go DOWN over the next 20 days.",False,stock already has a position
2026-02-13,969473,WIPRO,"WIPRO, daily: when volatility (ATR) is in its highest 20% → it tends to go DOWN over the next 20 days.",False,stock already has a position
2026-02-16,969473,WIPRO,"WIPRO, daily: when volatility (ATR) is in its highest 20% → it tends to go DOWN over the next 20 days.",False,stock already has a position
2026-02-17,969473,WIPRO,"WIPRO, daily: when volatility (ATR) is in its highest 20% → it tends to go DOWN over the next 20 days.",False,stock already has a position
2026-02-18,969473,WIPRO,"WIPRO, daily: when volatility (ATR) is in its highest 20% → it tends to go DOWN over the next 20 days.",False,stock already has a position
2026-02-19,969473,WIPRO,"WIPRO, daily: when volatility (ATR) is in its highest 20% → it tends to go DOWN over the next 20 days.",False,stock already has a position
2026-01-09,492033,KOTAKBANK,"KOTAKBANK, daily: when VWAP is in its highest 20% → it tends to go DOWN over the next 20 days.",True,three lights green -> paper order
2026-01-12,492033,KOTAKBANK,"KOTAKBANK, daily: when VWAP is in its highest 20% → it tends to go DOWN over the next 20 days.",False,stock already has a position
2026-01-13,492033,KOTAKBANK,"KOTAKBANK, daily: when VWAP is in its highest 20% → it tends to go DOWN over the next 20 days.",False,stock already has a position
2026-01-14,492033,KOTAKBANK,"KOTAKBANK, daily: when VWAP is in its highest 20% → it tends to go DOWN over the next 20 days.",False,stock already has a position
2026-01-16,492033,KOTAKBANK,"KOTAKBANK, daily: when VWAP is in its highest 20% → it tends to go DOWN over the next 20 days.",False,stock already has a position
2026-01-19,492033,KOTAKBANK,"KOTAKBANK, daily: when VWAP is in its highest 20% → it tends to go DOWN over the next 20 days.",False,stock already has a position
2026-01-20,492033,KOTAKBANK,"KOTAKBANK, daily: when VWAP is in its highest 20% → it tends to go DOWN over the next 20 days.",True,three lights green -> paper order
2026-01-21,492033,KOTAKBANK,"KOTAKBANK, daily: when VWAP is in its highest 20% → it tends to go DOWN over the next 20 days.",False,stock already has a position
2026-01-22,492033,KOTAKBANK,"KOTAKBANK, daily: when VWAP is in its highest 20% → it tends to go DOWN over the next 20 days.",False,stock already has a position
2026-01-23,492033,KOTAKBANK,"KOTAKBANK, daily: when VWAP is in its highest 20% → it tends to go DOWN over the next 20 days.",False,stock already has a position
2026-01-27,492033,KOTAKBANK,"KOTAKBANK, daily: when VWAP is in its highest 20% → it tends to go DOWN over the next 20 days.",False,stock already has a position
2026-01-28,492033,KOTAKBANK,"KOTAKBANK, daily: when VWAP is in its highest 20% → it tends to go DOWN over the next 20 days.",True,three lights green -> paper order
2026-01-29,492033,KOTAKBANK,"KOTAKBANK, daily: when VWAP is in its highest 20% → it tends to go DOWN over the next 20 days.",False,stock already has a position
2026-01-30,492033,KOTAKBANK,"KOTAKBANK, daily: when VWAP is in its highest 20% → it tends to go DOWN over the next 20 days.",False,stock already has a position
2026-02-01,492033,KOTAKBANK,"KOTAKBANK, daily: when VWAP is in its highest 20% → it tends to go DOWN over the next 20 days.",False,stock already has a position
2026-02-02,492033,KOTAKBANK,"KOTAKBANK, daily: when VWAP is in its highest 20% → it tends to go DOWN over the next 20 days.",False,stock already has a position
2026-02-03,492033,KOTAKBANK,"KOTAKBANK, daily: when VWAP is in its highest 20% → it tends to go DOWN over the next 20 days.",False,stock already has a position
2026-02-04,492033,KOTAKBANK,"KOTAKBANK, daily: when VWAP is in its highest 20% → it tends to go DOWN over the next 20 days.",True,three lights green -> paper order
2026-02-05,492033,KOTAKBANK,"KOTAKBANK, daily: when VWAP is in its highest 20% → it tends to go DOWN over the next 20 days.",False,stock already has a position
2026-02-06,492033,KOTAKBANK,"KOTAKBANK, daily: when VWAP is in its highest 20% → it tends to go DOWN over the next 20 days.",False,stock already has a position
2026-02-09,492033,KOTAKBANK,"KOTAKBANK, daily: when VWAP is in its highest 20% → it tends to go DOWN over the next 20 days.",True,three lights green -> paper order
2026-02-10,492033,KOTAKBANK,"KOTAKBANK, daily: when VWAP is in its highest 20% → it tends to go DOWN over the next 20 days.",False,stock already has a position
2026-02-11,492033,KOTAKBANK,"KOTAKBANK, daily: when VWAP is in its highest 20% → it tends to go DOWN over the next 20 days.",False,stock already has a position
2026-02-12,492033,KOTAKBANK,"KOTAKBANK, daily: when VWAP is in its highest 20% → it tends to go DOWN over the next 20 days.",False,stock already has a position
2026-02-13,492033,KOTAKBANK,"KOTAKBANK, daily: when VWAP is in its highest 20% → it tends to go DOWN over the next 20 days.",False,stock already has a position
2026-02-16,492033,KOTAKBANK,"KOTAKBANK, daily: when VWAP is in its highest 20% → it tends to go DOWN over the next 20 days.",False,stock already has a position
2026-02-17,492033,KOTAKBANK,"KOTAKBANK, daily: when VWAP is in its highest 20% → it tends to go DOWN over the next 20 days.",False,stock already has a position
2026-02-18,492033,KOTAKBANK,"KOTAKBANK, daily: when VWAP is in its highest 20% → it tends to go DOWN over the next 20 days.",False,stock already has a position
2026-02-19,492033,KOTAKBANK,"KOTAKBANK, daily: when VWAP is in its highest 20% → it tends to go DOWN over the next 20 days.",False,stock already has a position
2026-02-20,492033,KOTAKBANK,"KOTAKBANK, daily: when VWAP is in its highest 20% → it tends to go DOWN over the next 20 days.",False,stock already has a position
2026-02-23,492033,KOTAKBANK,"KOTAKBANK, daily: when VWAP is in its highest 20% → it tends to go DOWN over the next 20 days.",True,three lights green -> paper order
2026-02-24,492033,KOTAKBANK,"KOTAKBANK, daily: when VWAP is in its highest 20% → it tends to go DOWN over the next 20 days.",False,stock already has a position
2026-02-25,492033,KOTAKBANK,"KOTAKBANK, daily: when VWAP is in its highest 20% → it tends to go DOWN over the next 20 days.",False,stock already has a position
2026-02-26,492033,KOTAKBANK,"KOTAKBANK, daily: when VWAP is in its highest 20% → it tends to go DOWN over the next 20 days.",False,stock already has a position
2026-02-27,492033,KOTAKBANK,"KOTAKBANK, daily: when VWAP is in its highest 20% → it tends to go DOWN over the next 20 days.",False,stock already has a position
2026-03-02,492033,KOTAKBANK,"KOTAKBANK, daily: when VWAP is in its highest 20% → it tends to go DOWN over the next 20 days.",True,three lights green -> paper order
2026-03-04,492033,KOTAKBANK,"KOTAKBANK, daily: when VWAP is in its highest 20% → it tends to go DOWN over the next 20 days.",False,stock already has a position
2026-03-05,492033,KOTAKBANK,"KOTAKBANK, daily: when VWAP is in its highest 20% → it tends to go DOWN over the next 20 days.",False,stock already has a position
2026-03-06,492033,KOTAKBANK,"KOTAKBANK, daily: when VWAP is in its highest 20% → it tends to go DOWN over the next 20 days.",False,stock already has a position
2026-06-12,492033,KOTAKBANK,"KOTAKBANK, daily: when VWAP is in its highest 20% → it tends to go DOWN over the next 20 days.",True,three lights green -> paper order
2026-06-15,492033,KOTAKBANK,"KOTAKBANK, daily: when VWAP is in its highest 20% → it tends to go DOWN over the next 20 days.",False,stock already has a position
2026-06-16,492033,KOTAKBANK,"KOTAKBANK, daily: when VWAP is in its highest 20% → it tends to go DOWN over the next 20 days.",False,stock already has a position
2026-06-17,492033,KOTAKBANK,"KOTAKBANK, daily: when VWAP is in its highest 20% → it tends to go DOWN over the next 20 days.",False,stock already has a position
2026-06-18,492033,KOTAKBANK,"KOTAKBANK, daily: when VWAP is in its highest 20% → it tends to go DOWN over the next 20 days.",False,stock already has a position
2026-06-19,492033,KOTAKBANK,"KOTAKBANK, daily: when VWAP is in its highest 20% → it tends to go DOWN over the next 20 days.",False,stock already has a position
2026-06-22,492033,KOTAKBANK,"KOTAKBANK, daily: when VWAP is in its highest 20% → it tends to go DOWN over the next 20 days.",False,stock already has a position
2026-06-23,492033,KOTAKBANK,"KOTAKBANK, daily: when VWAP is in its highest 20% → it tends to go DOWN over the next 20 days.",False,stock already has a position
2026-06-24,492033,KOTAKBANK,"KOTAKBANK, daily: when VWAP is in its highest 20% → it tends to go DOWN over the next 20 days.",False,stock already has a position
2026-06-25,492033,KOTAKBANK,"KOTAKBANK, daily: when VWAP is in its highest 20% → it tends to go DOWN over the next 20 days.",False,stock already has a position
2026-06-29,492033,KOTAKBANK,"KOTAKBANK, daily: when VWAP is in its highest 20% → it tends to go DOWN over the next 20 days.",False,stock already has a position
2026-06-30,492033,KOTAKBANK,"KOTAKBANK, daily: when VWAP is in its highest 20% → it tends to go DOWN over the next 20 days.",False,stock already has a position
2026-07-01,492033,KOTAKBANK,"KOTAKBANK, daily: when VWAP is in its highest 20% → it tends to go DOWN over the next 20 days.",True,three lights green -> paper order
2026-07-02,492033,KOTAKBANK,"KOTAKBANK, daily: when VWAP is in its highest 20% → it tends to go DOWN over the next 20 days.",False,stock already has a position
2026-07-03,492033,KOTAKBANK,"KOTAKBANK, daily: when VWAP is in its highest 20% → it tends to go DOWN over the next 20 days.",False,stock already has a position
2026-08-04,492033,KOTAKBANK,"KOTAKBANK, daily: when VWAP is in its highest 20% → it tends to go DOWN over the next 20 days.",True,three lights green -> paper order
2026-08-05,492033,KOTAKBANK,"KOTAKBANK, daily: when VWAP is in its highest 20% → it tends to go DOWN over the next 20 days.",False,stock already has a position
2026-08-06,492033,KOTAKBANK,"KOTAKBANK, daily: when VWAP is in its highest 20% → it tends to go DOWN over the next 20 days.",False,stock already has a position
2026-08-17,492033,KOTAKBANK,"KOTAKBANK, daily: when VWAP is in its highest 20% → it tends to go DOWN over the next 20 days.",False,stock already has a position
2026-08-20,492033,KOTAKBANK,"KOTAKBANK, daily: when VWAP is in its highest 20% → it tends to go DOWN over the next 20 days.",False,stock already has a position
2026-08-21,492033,KOTAKBANK,"KOTAKBANK, daily: when VWAP is in its highest 20% → it tends to go DOWN over the next 20 days.",False,stock already has a position
2026-08-24,492033,KOTAKBANK,"KOTAKBANK, daily: when VWAP is in its highest 20% → it tends to go DOWN over the next 20 days.",True,three lights green -> paper order
2026-08-25,492033,KOTAKBANK,"KOTAKBANK, daily: when VWAP is in its highest 20% → it tends to go DOWN over the next 20 days.",False,stock already has a position
2026-08-26,492033,KOTAKBANK,"KOTAKBANK, daily: when VWAP is in its highest 20% → it tends to go DOWN over the next 20 days.",False,stock already has a position
2026-08-27,492033,KOTAKBANK,"KOTAKBANK, daily: when VWAP is in its highest 20% → it tends to go DOWN over the next 20 days.",True,three lights green -> paper order
2026-08-28,492033,KOTAKBANK,"KOTAKBANK, daily: when VWAP is in its highest 20% → it tends to go DOWN over the next 20 days.",False,stock already has a position
2026-08-31,492033,KOTAKBANK,"KOTAKBANK, daily: when VWAP is in its highest 20% → it tends to go DOWN over the next 20 days.",False,stock already has a position
2026-09-01,492033,KOTAKBANK,"KOTAKBANK, daily: when VWAP is in its highest 20% → it tends to go DOWN over the next 20 days.",False,stock already has a position
2026-09-02,492033,KOTAKBANK,"KOTAKBANK, daily: when VWAP is in its highest 20% → it tends to go DOWN over the next 20 days.",False,stock already has a position
2026-09-03,492033,KOTAKBANK,"KOTAKBANK, daily: when VWAP is in its highest 20% → it tends to go DOWN over the next 20 days.",False,stock already has a position
2026-09-04,492033,KOTAKBANK,"KOTAKBANK, daily: when VWAP is in its highest 20% → it tends to go DOWN over the next 20 days.",False,stock already has a position
2026-09-07,492033,KOTAKBANK,"KOTAKBANK, daily: when VWAP is in its highest 20% → it tends to go DOWN over the next 20 days.",False,stock already has a position
2026-09-08,492033,KOTAKBANK,"KOTAKBANK, daily: when VWAP is in its highest 20% → it tends to go DOWN over the next 20 days.",False,stock already has a position
2026-09-09,492033,KOTAKBANK,"KOTAKBANK, daily: when VWAP is in its highest 20% → it tends to go DOWN over the next 20 days.",False,stock already has a position
2026-09-10,492033,KOTAKBANK,"KOTAKBANK, daily: when VWAP is in its highest 20% → it tends to go DOWN over the next 20 days.",False,stock already has a position
2026-01-09,2955009,COFORGE,"COFORGE, daily: when VWAP is in its highest 20% → it tends to go DOWN over the next 20 days.",True,three lights green -> paper order
2026-01-12,2955009,COFORGE,"COFORGE, daily: when VWAP is in its highest 20% → it tends to go DOWN over the next 20 days.",False,stock already has a position
2026-01-13,2955009,COFORGE,"COFORGE, daily: when VWAP is in its highest 20% → it tends to go DOWN over the next 20 days.",False,stock already has a position
2026-01-14,2955009,COFORGE,"COFORGE, daily: when VWAP is in its highest 20% → it tends to go DOWN over the next 20 days.",False,stock already has a position
2026-01-16,2955009,COFORGE,"COFORGE, daily: when VWAP is in its highest 20% → it tends to go DOWN over the next 20 days.",False,stock already has a position
2026-01-19,2955009,COFORGE,"COFORGE, daily: when VWAP is in its highest 20% → it tends to go DOWN over the next 20 days.",True,three lights green -> paper order
2026-01-20,2955009,COFORGE,"COFORGE, daily: when VWAP is in its highest 20% → it tends to go DOWN over the next 20 days.",False,stock already has a position
2026-01-21,2955009,COFORGE,"COFORGE, daily: when VWAP is in its highest 20% → it tends to go DOWN over the next 20 days.",False,stock already has a position
2026-01-22,2955009,COFORGE,"COFORGE, daily: when VWAP is in its highest 20% → it tends to go DOWN over the next 20 days.",True,three lights green -> paper order
2026-01-23,2955009,COFORGE,"COFORGE, daily: when VWAP is in its highest 20% → it tends to go DOWN over the next 20 days.",False,stock already has a position
2026-01-27,2955009,COFORGE,"COFORGE, daily: when VWAP is in its highest 20% → it tends to go DOWN over the next 20 days.",False,stock already has a position
2026-01-28,2955009,COFORGE,"COFORGE, daily: when VWAP is in its highest 20% → it tends to go DOWN over the next 20 days.",False,stock already has a position
2026-01-29,2955009,COFORGE,"COFORGE, daily: when VWAP is in its highest 20% → it tends to go DOWN over the next 20 days.",False,stock already has a position
2026-01-30,2955009,COFORGE,"COFORGE, daily: when VWAP is in its highest 20% → it tends to go DOWN over the next 20 days.",False,stock already has a position
2026-02-01,2955009,COFORGE,"COFORGE, daily: when VWAP is in its highest 20% → it tends to go DOWN over the next 20 days.",False,stock already has a position
2026-02-02,2955009,COFORGE,"COFORGE, daily: when VWAP is in its highest 20% → it tends to go DOWN over the next 20 days.",False,stock already has a position
2026-02-03,2955009,COFORGE,"COFORGE, daily: when VWAP is in its highest 20% → it tends to go DOWN over the next 20 days.",False,stock already has a position
2026-02-04,2955009,COFORGE,"COFORGE, daily: when VWAP is in its highest 20% → it tends to go DOWN over the next 20 days.",True,three lights green -> paper order
2026-02-05,2955009,COFORGE,"COFORGE, daily: when VWAP is in its highest 20% → it tends to go DOWN over the next 20 days.",False,stock already has a position
2026-02-06,2955009,COFORGE,"COFORGE, daily: when VWAP is in its highest 20% → it tends to go DOWN over the next 20 days.",False,stock already has a position
2026-02-09,2955009,COFORGE,"COFORGE, daily: when VWAP is in its highest 20% → it tends to go DOWN over the next 20 days.",False,stock already has a position
2026-02-10,2955009,COFORGE,"COFORGE, daily: when VWAP is in its highest 20% → it tends to go DOWN over the next 20 days.",False,stock already has a position
2026-02-11,2955009,COFORGE,"COFORGE, daily: when VWAP is in its highest 20% → it tends to go DOWN over the next 20 days.",False,stock already has a position
2026-06-02,2955009,COFORGE,"COFORGE, daily: when VWAP is in its highest 20% → it tends to go DOWN over the next 20 days.",True,three lights green -> paper order
2026-07-13,2955009,COFORGE,"COFORGE, daily: when VWAP is in its highest 20% → it tends to go DOWN over the next 20 days.",True,three lights green -> paper order
2026-07-14,2955009,COFORGE,"COFORGE, daily: when VWAP is in its highest 20% → it tends to go DOWN over the next 20 days.",False,stock already has a position
2026-07-15,2955009,COFORGE,"COFORGE, daily: when VWAP is in its highest 20% → it tends to go DOWN over the next 20 days.",False,stock already has a position
2026-07-16,2955009,COFORGE,"COFORGE, daily: when VWAP is in its highest 20% → it tends to go DOWN over the next 20 days.",False,stock already has a position
2026-07-17,2955009,COFORGE,"COFORGE, daily: when VWAP is in its highest 20% → it tends to go DOWN over the next 20 days.",False,stock already has a position
2026-07-20,2955009,COFORGE,"COFORGE, daily: when VWAP is in its highest 20% → it tends to go DOWN over the next 20 days.",False,stock already has a position
2026-07-27,2955009,COFORGE,"COFORGE, daily: when VWAP is in its highest 20% → it tends to go DOWN over the next 20 days.",True,three lights green -> paper order
2026-07-28,2955009,COFORGE,"COFORGE, daily: when VWAP is in its highest 20% → it tends to go DOWN over the next 20 days.",False,stock already has a position
2026-07-29,2955009,COFORGE,"COFORGE, daily: when VWAP is in its highest 20% → it tends to go DOWN over the next 20 days.",False,stock already has a position
2026-07-30,2955009,COFORGE,"COFORGE, daily: when VWAP is in its highest 20% → it tends to go DOWN over the next 20 days.",True,three lights green -> paper order
2026-07-31,2955009,COFORGE,"COFORGE, daily: when VWAP is in its highest 20% → it tends to go DOWN over the next 20 days.",False,stock already has a position
2026-08-03,2955009,COFORGE,"COFORGE, daily: when VWAP is in its highest 20% → it tends to go DOWN over the next 20 days.",False,stock already has a position
2026-08-04,2955009,COFORGE,"COFORGE, daily: when VWAP is in its highest 20% → it tends to go DOWN over the next 20 days.",True,three lights green -> paper order
2026-08-05,2955009,COFORGE,"COFORGE, daily: when VWAP is in its highest 20% → it tends to go DOWN over the next 20 days.",False,stock already has a position
2026-08-06,2955009,COFORGE,"COFORGE, daily: when VWAP is in its highest 20% → it tends to go DOWN over the next 20 days.",False,stock already has a position
2026-08-07,2955009,COFORGE,"COFORGE, daily: when VWAP is in its highest 20% → it tends to go DOWN over the next 20 days.",True,three lights green -> paper order
2026-08-10,2955009,COFORGE,"COFORGE, daily: when VWAP is in its highest 20% → it tends to go DOWN over the next 20 days.",False,stock already has a position
2026-08-11,2955009,COFORGE,"COFORGE, daily: when VWAP is in its highest 20% → it tends to go DOWN over the next 20 days.",False,stock already has a position
2026-08-12,2955009,COFORGE,"COFORGE, daily: when VWAP is in its highest 20% → it tends to go DOWN over the next 20 days.",False,stock already has a position
2026-08-13,2955009,COFORGE,"COFORGE, daily: when VWAP is in its highest 20% → it tends to go DOWN over the next 20 days.",False,stock already has a position
2026-08-14,2955009,COFORGE,"COFORGE, daily: when VWAP is in its highest 20% → it tends to go DOWN over the next 20 days.",False,stock already has a position
2026-08-17,2955009,COFORGE,"COFORGE, daily: when VWAP is in its highest 20% → it tends to go DOWN over the next 20 days.",False,stock already has a position
2026-08-18,2955009,COFORGE,"COFORGE, daily: when VWAP is in its highest 20% → it tends to go DOWN over the next 20 days.",False,stock already has a position
2026-08-19,2955009,COFORGE,"COFORGE, daily: when VWAP is in its highest 20% → it tends to go DOWN over the next 20 days.",False,stock already has a position
2026-08-20,2955009,COFORGE,"COFORGE, daily: when VWAP is in its highest 20% → it tends to go DOWN over the next 20 days.",False,stock already has a position
2026-08-21,2955009,COFORGE,"COFORGE, daily: when VWAP is in its highest 20% → it tends to go DOWN over the next 20 days.",True,three lights green -> paper order
2026-08-24,2955009,COFORGE,"COFORGE, daily: when VWAP is in its highest 20% → it tends to go DOWN over the next 20 days.",False,stock already has a position
2026-08-25,2955009,COFORGE,"COFORGE, daily: when VWAP is in its highest 20% → it tends to go DOWN over the next 20 days.",False,stock already has a position
2026-08-26,2955009,COFORGE,"COFORGE, daily: when VWAP is in its highest 20% → it tends to go DOWN over the next 20 days.",False,stock already has a position
2026-08-27,2955009,COFORGE,"COFORGE, daily: when VWAP is in its highest 20% → it tends to go DOWN over the next 20 days.",False,stock already has a position
2026-08-28,2955009,COFORGE,"COFORGE, daily: when VWAP is in its highest 20% → it tends to go DOWN over the next 20 days.",False,stock already has a position
2026-09-01,2955009,COFORGE,"COFORGE, daily: when VWAP is in its highest 20% → it tends to go DOWN over the next 20 days.",True,three lights green -> paper order
2026-09-02,2955009,COFORGE,"COFORGE, daily: when VWAP is in its highest 20% → it tends to go DOWN over the next 20 days.",False,stock already has a position
2026-09-03,2955009,COFORGE,"COFORGE, daily: when VWAP is in its highest 20% → it tends to go DOWN over the next 20 days.",False,stock already has a position
2026-09-04,2955009,COFORGE,"COFORGE, daily: when VWAP is in its highest 20% → it tends to go DOWN over the next 20 days.",False,stock already has a position
2026-09-07,2955009,COFORGE,"COFORGE, daily: when VWAP is in its highest 20% → it tends to go DOWN over the next 20 days.",False,stock already has a position
2026-09-08,2955009,COFORGE,"COFORGE, daily: when VWAP is in its highest 20% → it tends to go DOWN over the next 20 days.",False,stock already has a position
2026-09-09,2955009,COFORGE,"COFORGE, daily: when VWAP is in its highest 20% → it tends to go DOWN over the next 20 days.",False,stock already has a position
2026-09-10,2955009,COFORGE,"COFORGE, daily: when VWAP is in its highest 20% → it tends to go DOWN over the next 20 days.",True,three lights green -> paper order
2026-01-09,758529,SAIL,"SAIL, daily: when VWAP is in its highest 20% → it tends to go DOWN over the next 20 days.",True,three lights green -> paper order
2026-01-12,758529,SAIL,"SAIL, daily: when VWAP is in its highest 20% → it tends to go DOWN over the next 20 days.",False,stock already has a position
2026-01-13,758529,SAIL,"SAIL, daily: when VWAP is in its highest 20% → it tends to go DOWN over the next 20 days.",False,stock already has a position
2026-01-14,758529,SAIL,"SAIL, daily: when VWAP is in its highest 20% → it tends to go DOWN over the next 20 days.",True,three lights green -> paper order
2026-01-16,758529,SAIL,"SAIL, daily: when VWAP is in its highest 20% → it tends to go DOWN over the next 20 days.",False,stock already has a position
2026-01-19,758529,SAIL,"SAIL, daily: when VWAP is in its highest 20% → it tends to go DOWN over the next 20 days.",False,stock already has a position
2026-01-20,758529,SAIL,"SAIL, daily: when VWAP is in its highest 20% → it tends to go DOWN over the next 20 days.",False,stock already has a position
2026-01-21,758529,SAIL,"SAIL, daily: when VWAP is in its highest 20% → it tends to go DOWN over the next 20 days.",True,three lights green -> paper order
2026-01-22,758529,SAIL,"SAIL, daily: when VWAP is in its highest 20% → it tends to go DOWN over the next 20 days.",False,stock already has a position
2026-01-23,758529,SAIL,"SAIL, daily: when VWAP is in its highest 20% → it tends to go DOWN over the next 20 days.",False,stock already has a position
2026-01-27,758529,SAIL,"SAIL, daily: when VWAP is in its highest 20% → it tends to go DOWN over the next 20 days.",True,three lights green -> paper order
2026-01-28,758529,SAIL,"SAIL, daily: when VWAP is in its highest 20% → it tends to go DOWN over the next 20 days.",False,stock already has a position
2026-01-29,758529,SAIL,"SAIL, daily: when VWAP is in its highest 20% → it tends to go DOWN over the next 20 days.",False,stock already has a position
2026-01-30,758529,SAIL,"SAIL, daily: when VWAP is in its highest 20% → it tends to go DOWN over the next 20 days.",False,stock already has a position
2026-02-01,758529,SAIL,"SAIL, daily: when VWAP is in its highest 20% → it tends to go DOWN over the next 20 days.",True,three lights green -> paper order
2026-02-02,758529,SAIL,"SAIL, daily: when VWAP is in its highest 20% → it tends to go DOWN over the next 20 days.",False,stock already has a position
2026-02-03,758529,SAIL,"SAIL, daily: when VWAP is in its highest 20% → it tends to go DOWN over the next 20 days.",False,stock already has a position
2026-02-04,758529,SAIL,"SAIL, daily: when VWAP is in its highest 20% → it tends to go DOWN over the next 20 days.",True,three lights green -> paper order
2026-02-05,758529,SAIL,"SAIL, daily: when VWAP is in its highest 20% → it tends to go DOWN over the next 20 days.",False,stock already has a position
2026-02-06,758529,SAIL,"SAIL, daily: when VWAP is in its highest 20% → it tends to go DOWN over the next 20 days.",False,stock already has a position
2026-02-09,758529,SAIL,"SAIL, daily: when VWAP is in its highest 20% → it tends to go DOWN over the next 20 days.",False,stock already has a position
2026-02-10,758529,SAIL,"SAIL, daily: when VWAP is in its highest 20% → it tends to go DOWN over the next 20 days.",False,stock already has a position
2026-02-11,758529,SAIL,"SAIL, daily: when VWAP is in its highest 20% → it tends to go DOWN over the next 20 days.",False,stock already has a position
2026-02-12,758529,SAIL,"SAIL, daily: when VWAP is in its highest 20% → it tends to go DOWN over the next 20 days.",True,three lights green -> paper order
2026-02-13,758529,SAIL,"SAIL, daily: when VWAP is in its highest 20% → it tends to go DOWN over the next 20 days.",False,stock already has a position
2026-02-16,758529,SAIL,"SAIL, daily: when VWAP is in its highest 20% → it tends to go DOWN over the next 20 days.",False,stock already has a position
2026-02-17,758529,SAIL,"SAIL, daily: when VWAP is in its highest 20% → it tends to go DOWN over the next 20 days.",False,stock already has a position
2026-02-18,758529,SAIL,"SAIL, daily: when VWAP is in its highest 20% → it tends to go DOWN over the next 20 days.",False,stock already has a position
2026-02-19,758529,SAIL,"SAIL, daily: when VWAP is in its highest 20% → it tends to go DOWN over the next 20 days.",False,stock already has a position
2026-02-20,758529,SAIL,"SAIL, daily: when VWAP is in its highest 20% → it tends to go DOWN over the next 20 days.",False,stock already has a position
2026-02-23,758529,SAIL,"SAIL, daily: when VWAP is in its highest 20% → it tends to go DOWN over the next 20 days.",False,stock already has a position
2026-02-24,758529,SAIL,"SAIL, daily: when VWAP is in its highest 20% → it tends to go DOWN over the next 20 days.",False,stock already has a position
2026-02-25,758529,SAIL,"SAIL, daily: when VWAP is in its highest 20% → it tends to go DOWN over the next 20 days.",False,stock already has a position
2026-02-26,758529,SAIL,"SAIL, daily: when VWAP is in its highest 20% → it tends to go DOWN over the next 20 days.",True,three lights green -> paper order
2026-02-27,758529,SAIL,"SAIL, daily: when VWAP is in its highest 20% → it tends to go DOWN over the next 20 days.",False,stock already has a position
2026-03-02,758529,SAIL,"SAIL, daily: when VWAP is in its highest 20% → it tends to go DOWN over the next 20 days.",False,stock already has a position
2026-03-04,758529,SAIL,"SAIL, daily: when VWAP is in its highest 20% → it tends to go DOWN over the next 20 days.",False,stock already has a position
2026-03-05,758529,SAIL,"SAIL, daily: when VWAP is in its highest 20% → it tends to go DOWN over the next 20 days.",True,three lights green -> paper order
2026-03-06,758529,SAIL,"SAIL, daily: when VWAP is in its highest 20% → it tends to go DOWN over the next 20 days.",False,stock already has a position
2026-03-09,758529,SAIL,"SAIL, daily: when VWAP is in its highest 20% → it tends to go DOWN over the next 20 days.",False,stock already has a position
2026-03-10,758529,SAIL,"SAIL, daily: when VWAP is in its highest 20% → it tends to go DOWN over the next 20 days.",True,three lights green -> paper order
2026-03-11,758529,SAIL,"SAIL, daily: when VWAP is in its highest 20% → it tends to go DOWN over the next 20 days.",False,stock already has a position
2026-03-12,758529,SAIL,"SAIL, daily: when VWAP is in its highest 20% → it tends to go DOWN over the next 20 days.",False,stock already has a position
2026-03-13,758529,SAIL,"SAIL, daily: when VWAP is in its highest 20% → it tends to go DOWN over the next 20 days.",False,stock already has a position
2026-03-16,758529,SAIL,"SAIL, daily: when VWAP is in its highest 20% → it tends to go DOWN over the next 20 days.",False,stock already has a position
2026-03-17,758529,SAIL,"SAIL, daily: when VWAP is in its highest 20% → it tends to go DOWN over the next 20 days.",False,stock already has a position
2026-03-18,758529,SAIL,"SAIL, daily: when VWAP is in its highest 20% → it tends to go DOWN over the next 20 days.",False,stock already has a position
2026-03-19,758529,SAIL,"SAIL, daily: when VWAP is in its highest 20% → it tends to go DOWN over the next 20 days.",False,stock already has a position
2026-03-20,758529,SAIL,"SAIL, daily: when VWAP is in its highest 20% → it tends to go DOWN over the next 20 days.",False,stock already has a position
2026-03-23,758529,SAIL,"SAIL, daily: when VWAP is in its highest 20% → it tends to go DOWN over the next 20 days.",True,three lights green -> paper order
2026-03-24,758529,SAIL,"SAIL, daily: when VWAP is in its highest 20% → it tends to go DOWN over the next 20 days.",False,stock already has a position
2026-03-25,758529,SAIL,"SAIL, daily: when VWAP is in its highest 20% → it tends to go DOWN over the next 20 days.",False,stock already has a position
2026-03-27,758529,SAIL,"SAIL, daily: when VWAP is in its highest 20% → it tends to go DOWN over the next 20 days.",False,stock already has a position
2026-03-30,758529,SAIL,"SAIL, daily: when VWAP is in its highest 20% → it tends to go DOWN over the next 20 days.",False,stock already has a position
2026-04-01,758529,SAIL,"SAIL, daily: when VWAP is in its highest 20% → it tends to go DOWN over the next 20 days.",True,three lights green -> paper order
2026-04-02,758529,SAIL,"SAIL, daily: when VWAP is in its highest 20% → it tends to go DOWN over the next 20 days.",False,stock already has a position
2026-04-06,758529,SAIL,"SAIL, daily: when VWAP is in its highest 20% → it tends to go DOWN over the next 20 days.",False,stock already has a position
2026-04-07,758529,SAIL,"SAIL, daily: when VWAP is in its highest 20% → it tends to go DOWN over the next 20 days.",True,three lights green -> paper order
2026-04-08,758529,SAIL,"SAIL, daily: when VWAP is in its highest 20% → it tends to go DOWN over the next 20 days.",False,stock already has a position
2026-04-09,758529,SAIL,"SAIL, daily: when VWAP is in its highest 20% → it tends to go DOWN over the next 20 days.",False,stock already has a position
2026-04-10,758529,SAIL,"SAIL, daily: when VWAP is in its highest 20% → it tends to go DOWN over the next 20 days.",False,stock already has a position
2026-04-13,758529,SAIL,"SAIL, daily: when VWAP is in its highest 20% → it tends to go DOWN over the next 20 days.",False,stock already has a position
2026-04-15,758529,SAIL,"SAIL, daily: when VWAP is in its highest 20% → it tends to go DOWN over the next 20 days.",False,stock already has a position
2026-04-16,758529,SAIL,"SAIL, daily: when VWAP is in its highest 20% → it tends to go DOWN over the next 20 days.",False,stock already has a position
2026-04-17,758529,SAIL,"SAIL, daily: when VWAP is in its highest 20% → it tends to go DOWN over the next 20 days.",True,three lights green -> paper order
2026-04-20,758529,SAIL,"SAIL, daily: when VWAP is in its highest 20% → it tends to go DOWN over the next 20 days.",False,stock already has a position
2026-04-21,758529,SAIL,"SAIL, daily: when VWAP is in its highest 20% → it tends to go DOWN over the next 20 days.",False,stock already has a position
2026-04-22,758529,SAIL,"SAIL, daily: when VWAP is in its highest 20% → it tends to go DOWN over the next 20 days.",False,stock already has a position
2026-04-23,758529,SAIL,"SAIL, daily: when VWAP is in its highest 20% → it tends to go DOWN over the next 20 days.",False,stock already has a position
2026-04-24,758529,SAIL,"SAIL, daily: when VWAP is in its highest 20% → it tends to go DOWN over the next 20 days.",False,stock already has a position
2026-04-27,758529,SAIL,"SAIL, daily: when VWAP is in its highest 20% → it tends to go DOWN over the next 20 days.",False,stock already has a position
2026-04-28,758529,SAIL,"SAIL, daily: when VWAP is in its highest 20% → it tends to go DOWN over the next 20 days.",True,three lights green -> paper order
2026-04-29,758529,SAIL,"SAIL, daily: when VWAP is in its highest 20% → it tends to go DOWN over the next 20 days.",False,stock already has a position
2026-04-30,758529,SAIL,"SAIL, daily: when VWAP is in its highest 20% → it tends to go DOWN over the next 20 days.",False,stock already has a position
2026-05-04,758529,SAIL,"SAIL, daily: when VWAP is in its highest 20% → it tends to go DOWN over the next 20 days.",False,stock already has a position
2026-05-05,758529,SAIL,"SAIL, daily: when VWAP is in its highest 20% → it tends to go DOWN over the next 20 days.",False,stock already has a position
2026-05-06,758529,SAIL,"SAIL, daily: when VWAP is in its highest 20% → it tends to go DOWN over the next 20 days.",False,stock already has a position
2026-05-07,758529,SAIL,"SAIL, daily: when VWAP is in its highest 20% → it tends to go DOWN over the next 20 days.",False,stock already has a position
2026-05-08,758529,SAIL,"SAIL, daily: when VWAP is in its highest 20% → it tends to go DOWN over the next 20 days.",False,stock already has a position
2026-05-11,758529,SAIL,"SAIL, daily: when VWAP is in its highest 20% → it tends to go DOWN over the next 20 days.",False,stock already has a position
2026-05-12,758529,SAIL,"SAIL, daily: when VWAP is in its highest 20% → it tends to go DOWN over the next 20 days.",False,stock already has a position
2026-05-13,758529,SAIL,"SAIL, daily: when VWAP is in its highest 20% → it tends to go DOWN over the next 20 days.",True,three lights green -> paper order
2026-05-14,758529,SAIL,"SAIL, daily: when VWAP is in its highest 20% → it tends to go DOWN over the next 20 days.",False,stock already has a position
2026-05-15,758529,SAIL,"SAIL, daily: when VWAP is in its highest 20% → it tends to go DOWN over the next 20 days.",False,stock already has a position
2026-05-18,758529,SAIL,"SAIL, daily: when VWAP is in its highest 20% → it tends to go DOWN over the next 20 days.",True,three lights green -> paper order
2026-05-19,758529,SAIL,"SAIL, daily: when VWAP is in its highest 20% → it tends to go DOWN over the next 20 days.",False,stock already has a position
2026-05-20,758529,SAIL,"SAIL, daily: when VWAP is in its highest 20% → it tends to go DOWN over the next 20 days.",False,stock already has a position
2026-05-21,758529,SAIL,"SAIL, daily: when VWAP is in its highest 20% → it tends to go DOWN over the next 20 days.",True,three lights green -> paper order
2026-05-22,758529,SAIL,"SAIL, daily: when VWAP is in its highest 20% → it tends to go DOWN over the next 20 days.",False,stock already has a position
2026-05-25,758529,SAIL,"SAIL, daily: when VWAP is in its highest 20% → it tends to go DOWN over the next 20 days.",False,stock already has a position
2026-05-26,758529,SAIL,"SAIL, daily: when VWAP is in its highest 20% → it tends to go DOWN over the next 20 days.",False,stock already has a position
2026-05-29,758529,SAIL,"SAIL, daily: when VWAP is in its highest 20% → it tends to go DOWN over the next 20 days.",True,three lights green -> paper order
2026-06-01,758529,SAIL,"SAIL, daily: when VWAP is in its highest 20% → it tends to go DOWN over the next 20 days.",False,stock already has a position
2026-06-02,758529,SAIL,"SAIL, daily: when VWAP is in its highest 20% → it tends to go DOWN over the next 20 days.",False,stock already has a position
2026-06-03,758529,SAIL,"SAIL, daily: when VWAP is in its highest 20% → it tends to go DOWN over the next 20 days.",False,stock already has a position
2026-06-04,758529,SAIL,"SAIL, daily: when VWAP is in its highest 20% → it tends to go DOWN over the next 20 days.",False,stock already has a position
2026-06-05,758529,SAIL,"SAIL, daily: when VWAP is in its highest 20% → it tends to go DOWN over the next 20 days.",False,stock already has a position
2026-06-08,758529,SAIL,"SAIL, daily: when VWAP is in its highest 20% → it tends to go DOWN over the next 20 days.",True,three lights green -> paper order
2026-06-09,758529,SAIL,"SAIL, daily: when VWAP is in its highest 20% → it tends to go DOWN over the next 20 days.",False,stock already has a position
2026-06-10,758529,SAIL,"SAIL, daily: when VWAP is in its highest 20% → it tends to go DOWN over the next 20 days.",False,stock already has a position
2026-06-11,758529,SAIL,"SAIL, daily: when VWAP is in its highest 20% → it tends to go DOWN over the next 20 days.",False,stock already has a position
2026-06-12,758529,SAIL,"SAIL, daily: when VWAP is in its highest 20% → it tends to go DOWN over the next 20 days.",False,stock already has a position
2026-06-15,758529,SAIL,"SAIL, daily: when VWAP is in its highest 20% → it tends to go DOWN over the next 20 days.",False,stock already has a position
2026-06-16,758529,SAIL,"SAIL, daily: when VWAP is in its highest 20% → it tends to go DOWN over the next 20 days.",False,stock already has a position
2026-06-17,758529,SAIL,"SAIL, daily: when VWAP is in its highest 20% → it tends to go DOWN over the next 20 days.",False,stock already has a position
2026-06-18,758529,SAIL,"SAIL, daily: when VWAP is in its highest 20% → it tends to go DOWN over the next 20 days.",False,stock already has a position
2026-06-19,758529,SAIL,"SAIL, daily: when VWAP is in its highest 20% → it tends to go DOWN over the next 20 days.",False,stock already has a position
2026-06-22,758529,SAIL,"SAIL, daily: when VWAP is in its highest 20% → it tends to go DOWN over the next 20 days.",False,stock already has a position
2026-06-23,758529,SAIL,"SAIL, daily: when VWAP is in its highest 20% → it tends to go DOWN over the next 20 days.",True,three lights green -> paper order
2026-06-24,758529,SAIL,"SAIL, daily: when VWAP is in its highest 20% → it tends to go DOWN over the next 20 days.",False,stock already has a position
2026-06-25,758529,SAIL,"SAIL, daily: when VWAP is in its highest 20% → it tends to go DOWN over the next 20 days.",False,stock already has a position
2026-06-29,758529,SAIL,"SAIL, daily: when VWAP is in its highest 20% → it tends to go DOWN over the next 20 days.",False,stock already has a position
2026-06-30,758529,SAIL,"SAIL, daily: when VWAP is in its highest 20% → it tends to go DOWN over the next 20 days.",True,three lights green -> paper order
2026-07-01,758529,SAIL,"SAIL, daily: when VWAP is in its highest 20% → it tends to go DOWN over the next 20 days.",False,stock already has a position
2026-07-02,758529,SAIL,"SAIL, daily: when VWAP is in its highest 20% → it tends to go DOWN over the next 20 days.",False,stock already has a position
2026-07-03,758529,SAIL,"SAIL, daily: when VWAP is in its highest 20% → it tends to go DOWN over the next 20 days.",False,stock already has a position
2026-07-06,758529,SAIL,"SAIL, daily: when VWAP is in its highest 20% → it tends to go DOWN over the next 20 days.",False,stock already has a position
2026-07-07,758529,SAIL,"SAIL, daily: when VWAP is in its highest 20% → it tends to go DOWN over the next 20 days.",False,stock already has a position
2026-07-08,758529,SAIL,"SAIL, daily: when VWAP is in its highest 20% → it tends to go DOWN over the next 20 days.",False,stock already has a position
2026-07-09,758529,SAIL,"SAIL, daily: when VWAP is in its highest 20% → it tends to go DOWN over the next 20 days.",True,three lights green -> paper order
2026-07-10,758529,SAIL,"SAIL, daily: when VWAP is in its highest 20% → it tends to go DOWN over the next 20 days.",False,stock already has a position
2026-07-13,758529,SAIL,"SAIL, daily: when VWAP is in its highest 20% → it tends to go DOWN over the next 20 days.",False,stock already has a position
2026-07-14,758529,SAIL,"SAIL, daily: when VWAP is in its highest 20% → it tends to go DOWN over the next 20 days.",False,stock already has a position
2026-07-15,758529,SAIL,"SAIL, daily: when VWAP is in its highest 20% → it tends to go DOWN over the next 20 days.",False,stock already has a position
2026-07-16,758529,SAIL,"SAIL, daily: when VWAP is in its highest 20% → it tends to go DOWN over the next 20 days.",False,stock already has a position
2026-07-17,758529,SAIL,"SAIL, daily: when VWAP is in its highest 20% → it tends to go DOWN over the next 20 days.",False,stock already has a position
2026-07-20,758529,SAIL,"SAIL, daily: when VWAP is in its highest 20% → it tends to go DOWN over the next 20 days.",False,stock already has a position
2026-07-21,758529,SAIL,"SAIL, daily: when VWAP is in its highest 20% → it tends to go DOWN over the next 20 days.",False,stock already has a position
2026-07-22,758529,SAIL,"SAIL, daily: when VWAP is in its highest 20% → it tends to go DOWN over the next 20 days.",False,stock already has a position
2026-07-23,758529,SAIL,"SAIL, daily: when VWAP is in its highest 20% → it tends to go DOWN over the next 20 days.",False,stock already has a position
2026-07-24,758529,SAIL,"SAIL, daily: when VWAP is in its highest 20% → it tends to go DOWN over the next 20 days.",True,three lights green -> paper order
2026-07-27,758529,SAIL,"SAIL, daily: when VWAP is in its highest 20% → it tends to go DOWN over the next 20 days.",False,stock already has a position
2026-07-28,758529,SAIL,"SAIL, daily: when VWAP is in its highest 20% → it tends to go DOWN over the next 20 days.",False,stock already has a position
2026-07-29,758529,SAIL,"SAIL, daily: when VWAP is in its highest 20% → it tends to go DOWN over the next 20 days.",False,stock already has a position
2026-07-30,758529,SAIL,"SAIL, daily: when VWAP is in its highest 20% → it tends to go DOWN over the next 20 days.",True,three lights green -> paper order
2026-07-31,758529,SAIL,"SAIL, daily: when VWAP is in its highest 20% → it tends to go DOWN over the next 20 days.",False,stock already has a position
2026-08-03,758529,SAIL,"SAIL, daily: when VWAP is in its highest 20% → it tends to go DOWN over the next 20 days.",False,stock already has a position
2026-08-04,758529,SAIL,"SAIL, daily: when VWAP is in its highest 20% → it tends to go DOWN over the next 20 days.",False,stock already has a position
2026-08-05,758529,SAIL,"SAIL, daily: when VWAP is in its highest 20% → it tends to go DOWN over the next 20 days.",False,stock already has a position
2026-08-06,758529,SAIL,"SAIL, daily: when VWAP is in its highest 20% → it tends to go DOWN over the next 20 days.",True,three lights green -> paper order
2026-08-07,758529,SAIL,"SAIL, daily: when VWAP is in its highest 20% → it tends to go DOWN over the next 20 days.",False,stock already has a position
2026-08-10,758529,SAIL,"SAIL, daily: when VWAP is in its highest 20% → it tends to go DOWN over the next 20 days.",False,stock already has a position
2026-08-11,758529,SAIL,"SAIL, daily: when VWAP is in its highest 20% → it tends to go DOWN over the next 20 days.",True,three lights green -> paper order
2026-08-12,758529,SAIL,"SAIL, daily: when VWAP is in its highest 20% → it tends to go DOWN over the next 20 days.",False,stock already has a position
2026-08-13,758529,SAIL,"SAIL, daily: when VWAP is in its highest 20% → it tends to go DOWN over the next 20 days.",False,stock already has a position
2026-08-14,758529,SAIL,"SAIL, daily: when VWAP is in its highest 20% → it tends to go DOWN over the next 20 days.",False,stock already has a position
2026-08-17,758529,SAIL,"SAIL, daily: when VWAP is in its highest 20% → it tends to go DOWN over the next 20 days.",True,three lights green -> paper order
2026-08-18,758529,SAIL,"SAIL, daily: when VWAP is in its highest 20% → it tends to go DOWN over the next 20 days.",False,stock already has a position
2026-08-19,758529,SAIL,"SAIL, daily: when VWAP is in its highest 20% → it tends to go DOWN over the next 20 days.",False,stock already has a position
2026-08-20,758529,SAIL,"SAIL, daily: when VWAP is in its highest 20% → it tends to go DOWN over the next 20 days.",False,stock already has a position
2026-08-21,758529,SAIL,"SAIL, daily: when VWAP is in its highest 20% → it tends to go DOWN over the next 20 days.",False,stock already has a position
2026-08-24,758529,SAIL,"SAIL, daily: when VWAP is in its highest 20% → it tends to go DOWN over the next 20 days.",False,stock already has a position
2026-08-25,758529,SAIL,"SAIL, daily: when VWAP is in its highest 20% → it tends to go DOWN over the next 20 days.",True,three lights green -> paper order
2026-08-26,758529,SAIL,"SAIL, daily: when VWAP is in its highest 20% → it tends to go DOWN over the next 20 days.",False,stock already has a position
2026-08-27,758529,SAIL,"SAIL, daily: when VWAP is in its highest 20% → it tends to go DOWN over the next 20 days.",False,stock already has a position
2026-08-28,758529,SAIL,"SAIL, daily: when VWAP is in its highest 20% → it tends to go DOWN over the next 20 days.",True,three lights green -> paper order
2026-08-31,758529,SAIL,"SAIL, daily: when VWAP is in its highest 20% → it tends to go DOWN over the next 20 days.",False,stock already has a position
2026-09-01,758529,SAIL,"SAIL, daily: when VWAP is in its highest 20% → it tends to go DOWN over the next 20 days.",False,stock already has a position
2026-09-02,758529,SAIL,"SAIL, daily: when VWAP is in its highest 20% → it tends to go DOWN over the next 20 days.",False,stock already has a position
2026-09-03,758529,SAIL,"SAIL, daily: when VWAP is in its highest 20% → it tends to go DOWN over the next 20 days.",False,stock already has a position
2026-09-04,758529,SAIL,"SAIL, daily: when VWAP is in its highest 20% → it tends to go DOWN over the next 20 days.",False,stock already has a position
2026-09-07,758529,SAIL,"SAIL, daily: when VWAP is in its highest 20% → it tends to go DOWN over the next 20 days.",False,stock already has a position
2026-09-08,758529,SAIL,"SAIL, daily: when VWAP is in its highest 20% → it tends to go DOWN over the next 20 days.",True,three lights green -> paper order
2026-09-09,758529,SAIL,"SAIL, daily: when VWAP is in its highest 20% → it tends to go DOWN over the next 20 days.",False,stock already has a position
2026-09-10,758529,SAIL,"SAIL, daily: when VWAP is in its highest 20% → it tends to go DOWN over the next 20 days.",False,stock already has a position
2026-01-09,1152769,MPHASIS,"MPHASIS, daily: when volume flow (OBV) is in its highest 20% → it tends to go DOWN over the next 20 days.",False,stock already has a position
2026-01-12,1152769,MPHASIS,"MPHASIS, daily: when volume flow (OBV) is in its highest 20% → it tends to go DOWN over the next 20 days.",False,stock already has a position
2026-01-13,1152769,MPHASIS,"MPHASIS, daily: when volume flow (OBV) is in its highest 20% → it tends to go DOWN over the next 20 days.",False,stock already has a position
2026-01-14,1152769,MPHASIS,"MPHASIS, daily: when volume flow (OBV) is in its highest 20% → it tends to go DOWN over the next 20 days.",False,stock already has a position
2026-01-16,1152769,MPHASIS,"MPHASIS, daily: when volume flow (OBV) is in its highest 20% → it tends to go DOWN over the next 20 days.",False,stock already has a position
2026-01-19,1152769,MPHASIS,"MPHASIS, daily: when volume flow (OBV) is in its highest 20% → it tends to go DOWN over the next 20 days.",False,stock already has a position
2026-01-20,1152769,MPHASIS,"MPHASIS, daily: when volume flow (OBV) is in its highest 20% → it tends to go DOWN over the next 20 days.",False,stock already has a position
2026-01-21,1152769,MPHASIS,"MPHASIS, daily: when volume flow (OBV) is in its highest 20% → it tends to go DOWN over the next 20 days.",False,stock already has a position
2026-01-22,1152769,MPHASIS,"MPHASIS, daily: when volume flow (OBV) is in its highest 20% → it tends to go DOWN over the next 20 days.",False,stock already has a position
2026-01-23,1152769,MPHASIS,"MPHASIS, daily: when volume flow (OBV) is in its highest 20% → it tends to go DOWN over the next 20 days.",False,stock already has a position
2026-01-27,1152769,MPHASIS,"MPHASIS, daily: when volume flow (OBV) is in its highest 20% → it tends to go DOWN over the next 20 days.",False,stock already has a position
2026-01-28,1152769,MPHASIS,"MPHASIS, daily: when volume flow (OBV) is in its highest 20% → it tends to go DOWN over the next 20 days.",False,stock already has a position
2026-01-29,1152769,MPHASIS,"MPHASIS, daily: when volume flow (OBV) is in its highest 20% → it tends to go DOWN over the next 20 days.",False,stock already has a position
2026-01-30,1152769,MPHASIS,"MPHASIS, daily: when volume flow (OBV) is in its highest 20% → it tends to go DOWN over the next 20 days.",False,stock already has a position
2026-02-01,1152769,MPHASIS,"MPHASIS, daily: when volume flow (OBV) is in its highest 20% → it tends to go DOWN over the next 20 days.",False,stock already has a position
2026-02-02,1152769,MPHASIS,"MPHASIS, daily: when volume flow (OBV) is in its highest 20% → it tends to go DOWN over the next 20 days.",False,stock already has a position
2026-02-03,1152769,MPHASIS,"MPHASIS, daily: when volume flow (OBV) is in its highest 20% → it tends to go DOWN over the next 20 days.",False,stock already has a position
2026-02-04,1152769,MPHASIS,"MPHASIS, daily: when volume flow (OBV) is in its highest 20% → it tends to go DOWN over the next 20 days.",False,stock already has a position
2026-02-05,1152769,MPHASIS,"MPHASIS, daily: when volume flow (OBV) is in its highest 20% → it tends to go DOWN over the next 20 days.",False,stock already has a position
2026-06-01,1152769,MPHASIS,"MPHASIS, daily: when volume flow (OBV) is in its highest 20% → it tends to go DOWN over the next 20 days.",True,three lights green -> paper order
2026-06-02,1152769,MPHASIS,"MPHASIS, daily: when volume flow (OBV) is in its highest 20% → it tends to go DOWN over the next 20 days.",False,stock already has a position
2026-06-03,1152769,MPHASIS,"MPHASIS, daily: when volume flow (OBV) is in its highest 20% → it tends to go DOWN over the next 20 days.",False,stock already has a position
2026-06-04,1152769,MPHASIS,"MPHASIS, daily: when volume flow (OBV) is in its highest 20% → it tends to go DOWN over the next 20 days.",False,stock already has a position
2026-06-05,1152769,MPHASIS,"MPHASIS, daily: when volume flow (OBV) is in its highest 20% → it tends to go DOWN over the next 20 days.",False,stock already has a position
2026-06-08,1152769,MPHASIS,"MPHASIS, daily: when volume flow (OBV) is in its highest 20% → it tends to go DOWN over the next 20 days.",False,stock already has a position
2026-06-09,1152769,MPHASIS,"MPHASIS, daily: when volume flow (OBV) is in its highest 20% → it tends to go DOWN over the next 20 days.",False,stock already has a position
2026-06-10,1152769,MPHASIS,"MPHASIS, daily: when volume flow (OBV) is in its highest 20% → it tends to go DOWN over the next 20 days.",False,stock already has a position
2026-06-11,1152769,MPHASIS,"MPHASIS, daily: when volume flow (OBV) is in its highest 20% → it tends to go DOWN over the next 20 days.",False,stock already has a position
2026-06-12,1152769,MPHASIS,"MPHASIS, daily: when volume flow (OBV) is in its highest 20% → it tends to go DOWN over the next 20 days.",False,stock already has a position
2026-06-15,1152769,MPHASIS,"MPHASIS, daily: when volume flow (OBV) is in its highest 20% → it tends to go DOWN over the next 20 days.",False,stock already has a position
2026-06-16,1152769,MPHASIS,"MPHASIS, daily: when volume flow (OBV) is in its highest 20% → it tends to go DOWN over the next 20 days.",False,stock already has a position
2026-06-17,1152769,MPHASIS,"MPHASIS, daily: when volume flow (OBV) is in its highest 20% → it tends to go DOWN over the next 20 days.",False,stock already has a position
2026-06-18,1152769,MPHASIS,"MPHASIS, daily: when volume flow (OBV) is in its highest 20% → it tends to go DOWN over the next 20 days.",False,stock already has a position
2026-06-19,1152769,MPHASIS,"MPHASIS, daily: when volume flow (OBV) is in its highest 20% → it tends to go DOWN over the next 20 days.",False,stock already has a position
2026-06-22,1152769,MPHASIS,"MPHASIS, daily: when volume flow (OBV) is in its highest 20% → it tends to go DOWN over the next 20 days.",True,three lights green -> paper order
2026-06-23,1152769,MPHASIS,"MPHASIS, daily: when volume flow (OBV) is in its highest 20% → it tends to go DOWN over the next 20 days.",False,stock already has a position
2026-06-24,1152769,MPHASIS,"MPHASIS, daily: when volume flow (OBV) is in its highest 20% → it tends to go DOWN over the next 20 days.",False,stock already has a position
2026-06-25,1152769,MPHASIS,"MPHASIS, daily: when volume flow (OBV) is in its highest 20% → it tends to go DOWN over the next 20 days.",False,stock already has a position
2026-06-29,1152769,MPHASIS,"MPHASIS, daily: when volume flow (OBV) is in its highest 20% → it tends to go DOWN over the next 20 days.",False,stock already has a position
2026-06-30,1152769,MPHASIS,"MPHASIS, daily: when volume flow (OBV) is in its highest 20% → it tends to go DOWN over the next 20 days.",False,stock already has a position
2026-07-01,1152769,MPHASIS,"MPHASIS, daily: when volume flow (OBV) is in its highest 20% → it tends to go DOWN over the next 20 days.",True,three lights green -> paper order
2026-07-02,1152769,MPHASIS,"MPHASIS, daily: when volume flow (OBV) is in its highest 20% → it tends to go DOWN over the next 20 days.",False,stock already has a position
2026-07-03,1152769,MPHASIS,"MPHASIS, daily: when volume flow (OBV) is in its highest 20% → it tends to go DOWN over the next 20 days.",False,stock already has a position
2026-07-06,1152769,MPHASIS,"MPHASIS, daily: when volume flow (OBV) is in its highest 20% → it tends to go DOWN over the next 20 days.",True,three lights green -> paper order
2026-07-07,1152769,MPHASIS,"MPHASIS, daily: when volume flow (OBV) is in its highest 20% → it tends to go DOWN over the next 20 days.",False,stock already has a position
2026-07-08,1152769,MPHASIS,"MPHASIS, daily: when volume flow (OBV) is in its highest 20% → it tends to go DOWN over the next 20 days.",False,stock already has a position
2026-07-09,1152769,MPHASIS,"MPHASIS, daily: when volume flow (OBV) is in its highest 20% → it tends to go DOWN over the next 20 days.",False,stock already has a position
2026-07-10,1152769,MPHASIS,"MPHASIS, daily: when volume flow (OBV) is in its highest 20% → it tends to go DOWN over the next 20 days.",False,stock already has a position
2026-07-13,1152769,MPHASIS,"MPHASIS, daily: when volume flow (OBV) is in its highest 20% → it tends to go DOWN over the next 20 days.",True,three lights green -> paper order
2026-07-14,1152769,MPHASIS,"MPHASIS, daily: when volume flow (OBV) is in its highest 20% → it tends to go DOWN over the next 20 days.",False,stock already has a position
2026-07-15,1152769,MPHASIS,"MPHASIS, daily: when volume flow (OBV) is in its highest 20% → it tends to go DOWN over the next 20 days.",False,stock already has a position
2026-07-16,1152769,MPHASIS,"MPHASIS, daily: when volume flow (OBV) is in its highest 20% → it tends to go DOWN over the next 20 days.",False,stock already has a position
2026-07-17,1152769,MPHASIS,"MPHASIS, daily: when volume flow (OBV) is in its highest 20% → it tends to go DOWN over the next 20 days.",False,stock already has a position
2026-07-20,1152769,MPHASIS,"MPHASIS, daily: when volume flow (OBV) is in its highest 20% → it tends to go DOWN over the next 20 days.",False,stock already has a position
2026-07-21,1152769,MPHASIS,"MPHASIS, daily: when volume flow (OBV) is in its highest 20% → it tends to go DOWN over the next 20 days.",False,stock already has a position
2026-07-22,1152769,MPHASIS,"MPHASIS, daily: when volume flow (OBV) is in its highest 20% → it tends to go DOWN over the next 20 days.",False,stock already has a position
2026-07-23,1152769,MPHASIS,"MPHASIS, daily: when volume flow (OBV) is in its highest 20% → it tends to go DOWN over the next 20 days.",True,three lights green -> paper order
2026-07-24,1152769,MPHASIS,"MPHASIS, daily: when volume flow (OBV) is in its highest 20% → it tends to go DOWN over the next 20 days.",False,stock already has a position
2026-07-27,1152769,MPHASIS,"MPHASIS, daily: when volume flow (OBV) is in its highest 20% → it tends to go DOWN over the next 20 days.",False,stock already has a position
2026-07-28,1152769,MPHASIS,"MPHASIS, daily: when volume flow (OBV) is in its highest 20% → it tends to go DOWN over the next 20 days.",True,three lights green -> paper order
2026-07-29,1152769,MPHASIS,"MPHASIS, daily: when volume flow (OBV) is in its highest 20% → it tends to go DOWN over the next 20 days.",False,stock already has a position
2026-07-30,1152769,MPHASIS,"MPHASIS, daily: when volume flow (OBV) is in its highest 20% → it tends to go DOWN over the next 20 days.",False,stock already has a position
2026-07-31,1152769,MPHASIS,"MPHASIS, daily: when volume flow (OBV) is in its highest 20% → it tends to go DOWN over the next 20 days.",False,stock already has a position
2026-08-03,1152769,MPHASIS,"MPHASIS, daily: when volume flow (OBV) is in its highest 20% → it tends to go DOWN over the next 20 days.",True,three lights green -> paper order
2026-08-04,1152769,MPHASIS,"MPHASIS, daily: when volume flow (OBV) is in its highest 20% → it tends to go DOWN over the next 20 days.",False,stock already has a position
2026-08-05,1152769,MPHASIS,"MPHASIS, daily: when volume flow (OBV) is in its highest 20% → it tends to go DOWN over the next 20 days.",False,stock already has a position
2026-08-06,1152769,MPHASIS,"MPHASIS, daily: when volume flow (OBV) is in its highest 20% → it tends to go DOWN over the next 20 days.",False,stock already has a position
2026-08-07,1152769,MPHASIS,"MPHASIS, daily: when volume flow (OBV) is in its highest 20% → it tends to go DOWN over the next 20 days.",False,stock already has a position
2026-08-10,1152769,MPHASIS,"MPHASIS, daily: when volume flow (OBV) is in its highest 20% → it tends to go DOWN over the next 20 days.",False,stock already has a position
2026-08-11,1152769,MPHASIS,"MPHASIS, daily: when volume flow (OBV) is in its highest 20% → it tends to go DOWN over the next 20 days.",False,stock already has a position
2026-08-12,1152769,MPHASIS,"MPHASIS, daily: when volume flow (OBV) is in its highest 20% → it tends to go DOWN over the next 20 days.",True,three lights green -> paper order
2026-08-13,1152769,MPHASIS,"MPHASIS, daily: when volume flow (OBV) is in its highest 20% → it tends to go DOWN over the next 20 days.",False,stock already has a position
2026-08-14,1152769,MPHASIS,"MPHASIS, daily: when volume flow (OBV) is in its highest 20% → it tends to go DOWN over the next 20 days.",False,stock already has a position
2026-08-17,1152769,MPHASIS,"MPHASIS, daily: when volume flow (OBV) is in its highest 20% → it tends to go DOWN over the next 20 days.",False,stock already has a position
2026-08-18,1152769,MPHASIS,"MPHASIS, daily: when volume flow (OBV) is in its highest 20% → it tends to go DOWN over the next 20 days.",False,stock already has a position
2026-08-19,1152769,MPHASIS,"MPHASIS, daily: when volume flow (OBV) is in its highest 20% → it tends to go DOWN over the next 20 days.",False,stock already has a position
2026-08-20,1152769,MPHASIS,"MPHASIS, daily: when volume flow (OBV) is in its highest 20% → it tends to go DOWN over the next 20 days.",True,three lights green -> paper order
2026-08-21,1152769,MPHASIS,"MPHASIS, daily: when volume flow (OBV) is in its highest 20% → it tends to go DOWN over the next 20 days.",False,stock already has a position
2026-08-24,1152769,MPHASIS,"MPHASIS, daily: when volume flow (OBV) is in its highest 20% → it tends to go DOWN over the next 20 days.",False,stock already has a position
2026-08-25,1152769,MPHASIS,"MPHASIS, daily: when volume flow (OBV) is in its highest 20% → it tends to go DOWN over the next 20 days.",False,stock already has a position
2026-08-26,1152769,MPHASIS,"MPHASIS, daily: when volume flow (OBV) is in its highest 20% → it tends to go DOWN over the next 20 days.",False,stock already has a position
2026-08-27,1152769,MPHASIS,"MPHASIS, daily: when volume flow (OBV) is in its highest 20% → it tends to go DOWN over the next 20 days.",False,stock already has a position
2026-08-28,1152769,MPHASIS,"MPHASIS, daily: when volume flow (OBV) is in its highest 20% → it tends to go DOWN over the next 20 days.",False,stock already has a position
2026-08-31,1152769,MPHASIS,"MPHASIS, daily: when volume flow (OBV) is in its highest 20% → it tends to go DOWN over the next 20 days.",False,stock already has a position
2026-09-02,1152769,MPHASIS,"MPHASIS, daily: when volume flow (OBV) is in its highest 20% → it tends to go DOWN over the next 20 days.",True,three lights green -> paper order
2026-09-03,1152769,MPHASIS,"MPHASIS, daily: when volume flow (OBV) is in its highest 20% → it tends to go DOWN over the next 20 days.",False,stock already has a position
2026-09-04,1152769,MPHASIS,"MPHASIS, daily: when volume flow (OBV) is in its highest 20% → it tends to go DOWN over the next 20 days.",False,stock already has a position
2026-09-07,1152769,MPHASIS,"MPHASIS, daily: when volume flow (OBV) is in its highest 20% → it tends to go DOWN over the next 20 days.",False,stock already has a position
2026-09-08,1152769,MPHASIS,"MPHASIS, daily: when volume flow (OBV) is in its highest 20% → it tends to go DOWN over the next 20 days.",True,three lights green -> paper order
2026-09-09,1152769,MPHASIS,"MPHASIS, daily: when volume flow (OBV) is in its highest 20% → it tends to go DOWN over the next 20 days.",False,stock already has a position
2026-09-10,1152769,MPHASIS,"MPHASIS, daily: when volume flow (OBV) is in its highest 20% → it tends to go DOWN over the next 20 days.",False,stock already has a position
2026-01-09,4923905,LAURUSLABS,"LAURUSLABS, daily: when VWAP is in its highest 20% → it tends to go DOWN over the next 20 days.",True,three lights green -> paper order
2026-01-12,4923905,LAURUSLABS,"LAURUSLABS, daily: when VWAP is in its highest 20% → it tends to go DOWN over the next 20 days.",False,stock already has a position
2026-01-13,4923905,LAURUSLABS,"LAURUSLABS, daily: when VWAP is in its highest 20% → it tends to go DOWN over the next 20 days.",False,stock already has a position
2026-01-14,4923905,LAURUSLABS,"LAURUSLABS, daily: when VWAP is in its highest 20% → it tends to go DOWN over the next 20 days.",True,three lights green -> paper order
2026-01-16,4923905,LAURUSLABS,"LAURUSLABS, daily: when VWAP is in its highest 20% → it tends to go DOWN over the next 20 days.",False,stock already has a position
2026-01-19,4923905,LAURUSLABS,"LAURUSLABS, daily: when VWAP is in its highest 20% → it tends to go DOWN over the next 20 days.",False,stock already has a position
2026-01-20,4923905,LAURUSLABS,"LAURUSLABS, daily: when VWAP is in its highest 20% → it tends to go DOWN over the next 20 days.",True,three lights green -> paper order
2026-01-21,4923905,LAURUSLABS,"LAURUSLABS, daily: when VWAP is in its highest 20% → it tends to go DOWN over the next 20 days.",False,stock already has a position
2026-01-22,4923905,LAURUSLABS,"LAURUSLABS, daily: when VWAP is in its highest 20% → it tends to go DOWN over the next 20 days.",False,stock already has a position
2026-01-23,4923905,LAURUSLABS,"LAURUSLABS, daily: when VWAP is in its highest 20% → it tends to go DOWN over the next 20 days.",True,three lights green -> paper order
2026-01-27,4923905,LAURUSLABS,"LAURUSLABS, daily: when VWAP is in its highest 20% → it tends to go DOWN over the next 20 days.",False,stock already has a position
2026-01-28,4923905,LAURUSLABS,"LAURUSLABS, daily: when VWAP is in its highest 20% → it tends to go DOWN over the next 20 days.",False,stock already has a position
2026-01-29,4923905,LAURUSLABS,"LAURUSLABS, daily: when VWAP is in its highest 20% → it tends to go DOWN over the next 20 days.",False,stock already has a position
2026-01-30,4923905,LAURUSLABS,"LAURUSLABS, daily: when VWAP is in its highest 20% → it tends to go DOWN over the next 20 days.",True,three lights green -> paper order
2026-02-01,4923905,LAURUSLABS,"LAURUSLABS, daily: when VWAP is in its highest 20% → it tends to go DOWN over the next 20 days.",False,stock already has a position
2026-02-02,4923905,LAURUSLABS,"LAURUSLABS, daily: when VWAP is in its highest 20% → it tends to go DOWN over the next 20 days.",False,stock already has a position
2026-02-03,4923905,LAURUSLABS,"LAURUSLABS, daily: when VWAP is in its highest 20% → it tends to go DOWN over the next 20 days.",True,three lights green -> paper order
2026-02-04,4923905,LAURUSLABS,"LAURUSLABS, daily: when VWAP is in its highest 20% → it tends to go DOWN over the next 20 days.",False,stock already has a position
2026-02-05,4923905,LAURUSLABS,"LAURUSLABS, daily: when VWAP is in its highest 20% → it tends to go DOWN over the next 20 days.",False,stock already has a position
2026-02-06,4923905,LAURUSLABS,"LAURUSLABS, daily: when VWAP is in its highest 20% → it tends to go DOWN over the next 20 days.",False,stock already has a position
2026-02-09,4923905,LAURUSLABS,"LAURUSLABS, daily: when VWAP is in its highest 20% → it tends to go DOWN over the next 20 days.",False,stock already has a position
2026-02-10,4923905,LAURUSLABS,"LAURUSLABS, daily: when VWAP is in its highest 20% → it tends to go DOWN over the next 20 days.",False,stock already has a position
2026-02-11,4923905,LAURUSLABS,"LAURUSLABS, daily: when VWAP is in its highest 20% → it tends to go DOWN over the next 20 days.",False,stock already has a position
2026-02-12,4923905,LAURUSLABS,"LAURUSLABS, daily: when VWAP is in its highest 20% → it tends to go DOWN over the next 20 days.",False,stock already has a position
2026-02-13,4923905,LAURUSLABS,"LAURUSLABS, daily: when VWAP is in its highest 20% → it tends to go DOWN over the next 20 days.",True,three lights green -> paper order
2026-02-16,4923905,LAURUSLABS,"LAURUSLABS, daily: when VWAP is in its highest 20% → it tends to go DOWN over the next 20 days.",False,stock already has a position
2026-02-17,4923905,LAURUSLABS,"LAURUSLABS, daily: when VWAP is in its highest 20% → it tends to go DOWN over the next 20 days.",False,stock already has a position
2026-02-18,4923905,LAURUSLABS,"LAURUSLABS, daily: when VWAP is in its highest 20% → it tends to go DOWN over the next 20 days.",False,stock already has a position
2026-02-19,4923905,LAURUSLABS,"LAURUSLABS, daily: when VWAP is in its highest 20% → it tends to go DOWN over the next 20 days.",False,stock already has a position
2026-02-20,4923905,LAURUSLABS,"LAURUSLABS, daily: when VWAP is in its highest 20% → it tends to go DOWN over the next 20 days.",False,stock already has a position
2026-02-23,4923905,LAURUSLABS,"LAURUSLABS, daily: when VWAP is in its highest 20% → it tends to go DOWN over the next 20 days.",False,stock already has a position
2026-02-24,4923905,LAURUSLABS,"LAURUSLABS, daily: when VWAP is in its highest 20% → it tends to go DOWN over the next 20 days.",False,stock already has a position
2026-02-25,4923905,LAURUSLABS,"LAURUSLABS, daily: when VWAP is in its highest 20% → it tends to go DOWN over the next 20 days.",False,stock already has a position
2026-02-26,4923905,LAURUSLABS,"LAURUSLABS, daily: when VWAP is in its highest 20% → it tends to go DOWN over the next 20 days.",True,three lights green -> paper order
2026-02-27,4923905,LAURUSLABS,"LAURUSLABS, daily: when VWAP is in its highest 20% → it tends to go DOWN over the next 20 days.",False,stock already has a position
2026-03-02,4923905,LAURUSLABS,"LAURUSLABS, daily: when VWAP is in its highest 20% → it tends to go DOWN over the next 20 days.",False,stock already has a position
2026-03-04,4923905,LAURUSLABS,"LAURUSLABS, daily: when VWAP is in its highest 20% → it tends to go DOWN over the next 20 days.",True,three lights green -> paper order
2026-03-05,4923905,LAURUSLABS,"LAURUSLABS, daily: when VWAP is in its highest 20% → it tends to go DOWN over the next 20 days.",False,stock already has a position
2026-03-06,4923905,LAURUSLABS,"LAURUSLABS, daily: when VWAP is in its highest 20% → it tends to go DOWN over the next 20 days.",False,stock already has a position
2026-03-09,4923905,LAURUSLABS,"LAURUSLABS, daily: when VWAP is in its highest 20% → it tends to go DOWN over the next 20 days.",False,stock already has a position
2026-03-10,4923905,LAURUSLABS,"LAURUSLABS, daily: when VWAP is in its highest 20% → it tends to go DOWN over the next 20 days.",True,three lights green -> paper order
2026-03-11,4923905,LAURUSLABS,"LAURUSLABS, daily: when VWAP is in its highest 20% → it tends to go DOWN over the next 20 days.",False,stock already has a position
2026-03-12,4923905,LAURUSLABS,"LAURUSLABS, daily: when VWAP is in its highest 20% → it tends to go DOWN over the next 20 days.",False,stock already has a position
2026-03-13,4923905,LAURUSLABS,"LAURUSLABS, daily: when VWAP is in its highest 20% → it tends to go DOWN over the next 20 days.",False,stock already has a position
2026-03-16,4923905,LAURUSLABS,"LAURUSLABS, daily: when VWAP is in its highest 20% → it tends to go DOWN over the next 20 days.",True,three lights green -> paper order
2026-03-17,4923905,LAURUSLABS,"LAURUSLABS, daily: when VWAP is in its highest 20% → it tends to go DOWN over the next 20 days.",False,stock already has a position
2026-03-18,4923905,LAURUSLABS,"LAURUSLABS, daily: when VWAP is in its highest 20% → it tends to go DOWN over the next 20 days.",False,stock already has a position
2026-03-19,4923905,LAURUSLABS,"LAURUSLABS, daily: when VWAP is in its highest 20% → it tends to go DOWN over the next 20 days.",False,stock already has a position
2026-03-20,4923905,LAURUSLABS,"LAURUSLABS, daily: when VWAP is in its highest 20% → it tends to go DOWN over the next 20 days.",False,stock already has a position
2026-03-23,4923905,LAURUSLABS,"LAURUSLABS, daily: when VWAP is in its highest 20% → it tends to go DOWN over the next 20 days.",False,stock already has a position
2026-03-24,4923905,LAURUSLABS,"LAURUSLABS, daily: when VWAP is in its highest 20% → it tends to go DOWN over the next 20 days.",False,stock already has a position
2026-03-25,4923905,LAURUSLABS,"LAURUSLABS, daily: when VWAP is in its highest 20% → it tends to go DOWN over the next 20 days.",False,stock already has a position
2026-03-27,4923905,LAURUSLABS,"LAURUSLABS, daily: when VWAP is in its highest 20% → it tends to go DOWN over the next 20 days.",True,three lights green -> paper order
2026-03-30,4923905,LAURUSLABS,"LAURUSLABS, daily: when VWAP is in its highest 20% → it tends to go DOWN over the next 20 days.",False,stock already has a position
2026-04-01,4923905,LAURUSLABS,"LAURUSLABS, daily: when VWAP is in its highest 20% → it tends to go DOWN over the next 20 days.",False,stock already has a position
2026-04-02,4923905,LAURUSLABS,"LAURUSLABS, daily: when VWAP is in its highest 20% → it tends to go DOWN over the next 20 days.",True,three lights green -> paper order
2026-04-06,4923905,LAURUSLABS,"LAURUSLABS, daily: when VWAP is in its highest 20% → it tends to go DOWN over the next 20 days.",False,stock already has a position
2026-04-07,4923905,LAURUSLABS,"LAURUSLABS, daily: when VWAP is in its highest 20% → it tends to go DOWN over the next 20 days.",False,stock already has a position
2026-04-08,4923905,LAURUSLABS,"LAURUSLABS, daily: when VWAP is in its highest 20% → it tends to go DOWN over the next 20 days.",False,stock already has a position
2026-04-09,4923905,LAURUSLABS,"LAURUSLABS, daily: when VWAP is in its highest 20% → it tends to go DOWN over the next 20 days.",True,three lights green -> paper order
2026-04-10,4923905,LAURUSLABS,"LAURUSLABS, daily: when VWAP is in its highest 20% → it tends to go DOWN over the next 20 days.",False,stock already has a position
2026-04-13,4923905,LAURUSLABS,"LAURUSLABS, daily: when VWAP is in its highest 20% → it tends to go DOWN over the next 20 days.",False,stock already has a position
2026-04-15,4923905,LAURUSLABS,"LAURUSLABS, daily: when VWAP is in its highest 20% → it tends to go DOWN over the next 20 days.",False,stock already has a position
2026-04-16,4923905,LAURUSLABS,"LAURUSLABS, daily: when VWAP is in its highest 20% → it tends to go DOWN over the next 20 days.",False,stock already has a position
2026-04-17,4923905,LAURUSLABS,"LAURUSLABS, daily: when VWAP is in its highest 20% → it tends to go DOWN over the next 20 days.",True,three lights green -> paper order
2026-04-20,4923905,LAURUSLABS,"LAURUSLABS, daily: when VWAP is in its highest 20% → it tends to go DOWN over the next 20 days.",False,stock already has a position
2026-04-21,4923905,LAURUSLABS,"LAURUSLABS, daily: when VWAP is in its highest 20% → it tends to go DOWN over the next 20 days.",False,stock already has a position
2026-04-22,4923905,LAURUSLABS,"LAURUSLABS, daily: when VWAP is in its highest 20% → it tends to go DOWN over the next 20 days.",False,stock already has a position
2026-04-23,4923905,LAURUSLABS,"LAURUSLABS, daily: when VWAP is in its highest 20% → it tends to go DOWN over the next 20 days.",False,stock already has a position
2026-04-24,4923905,LAURUSLABS,"LAURUSLABS, daily: when VWAP is in its highest 20% → it tends to go DOWN over the next 20 days.",False,stock already has a position
2026-04-27,4923905,LAURUSLABS,"LAURUSLABS, daily: when VWAP is in its highest 20% → it tends to go DOWN over the next 20 days.",False,stock already has a position
2026-04-28,4923905,LAURUSLABS,"LAURUSLABS, daily: when VWAP is in its highest 20% → it tends to go DOWN over the next 20 days.",False,stock already has a position
2026-04-29,4923905,LAURUSLABS,"LAURUSLABS, daily: when VWAP is in its highest 20% → it tends to go DOWN over the next 20 days.",True,three lights green -> paper order
2026-04-30,4923905,LAURUSLABS,"LAURUSLABS, daily: when VWAP is in its highest 20% → it tends to go DOWN over the next 20 days.",False,stock already has a position
2026-05-04,4923905,LAURUSLABS,"LAURUSLABS, daily: when VWAP is in its highest 20% → it tends to go DOWN over the next 20 days.",False,stock already has a position
2026-05-05,4923905,LAURUSLABS,"LAURUSLABS, daily: when VWAP is in its highest 20% → it tends to go DOWN over the next 20 days.",True,three lights green -> paper order
2026-05-06,4923905,LAURUSLABS,"LAURUSLABS, daily: when VWAP is in its highest 20% → it tends to go DOWN over the next 20 days.",False,stock already has a position
2026-05-07,4923905,LAURUSLABS,"LAURUSLABS, daily: when VWAP is in its highest 20% → it tends to go DOWN over the next 20 days.",False,stock already has a position
2026-05-08,4923905,LAURUSLABS,"LAURUSLABS, daily: when VWAP is in its highest 20% → it tends to go DOWN over the next 20 days.",True,three lights green -> paper order
2026-05-11,4923905,LAURUSLABS,"LAURUSLABS, daily: when VWAP is in its highest 20% → it tends to go DOWN over the next 20 days.",False,stock already has a position
2026-05-12,4923905,LAURUSLABS,"LAURUSLABS, daily: when VWAP is in its highest 20% → it tends to go DOWN over the next 20 days.",False,stock already has a position
2026-05-13,4923905,LAURUSLABS,"LAURUSLABS, daily: when VWAP is in its highest 20% → it tends to go DOWN over the next 20 days.",True,three lights green -> paper order
2026-05-14,4923905,LAURUSLABS,"LAURUSLABS, daily: when VWAP is in its highest 20% → it tends to go DOWN over the next 20 days.",False,stock already has a position
2026-05-15,4923905,LAURUSLABS,"LAURUSLABS, daily: when VWAP is in its highest 20% → it tends to go DOWN over the next 20 days.",False,stock already has a position
2026-05-18,4923905,LAURUSLABS,"LAURUSLABS, daily: when VWAP is in its highest 20% → it tends to go DOWN over the next 20 days.",False,stock already has a position
2026-05-19,4923905,LAURUSLABS,"LAURUSLABS, daily: when VWAP is in its highest 20% → it tends to go DOWN over the next 20 days.",True,three lights green -> paper order
2026-05-20,4923905,LAURUSLABS,"LAURUSLABS, daily: when VWAP is in its highest 20% → it tends to go DOWN over the next 20 days.",False,stock already has a position
2026-05-21,4923905,LAURUSLABS,"LAURUSLABS, daily: when VWAP is in its highest 20% → it tends to go DOWN over the next 20 days.",False,stock already has a position
2026-05-22,4923905,LAURUSLABS,"LAURUSLABS, daily: when VWAP is in its highest 20% → it tends to go DOWN over the next 20 days.",True,three lights green -> paper order
2026-05-25,4923905,LAURUSLABS,"LAURUSLABS, daily: when VWAP is in its highest 20% → it tends to go DOWN over the next 20 days.",False,stock already has a position
2026-05-26,4923905,LAURUSLABS,"LAURUSLABS, daily: when VWAP is in its highest 20% → it tends to go DOWN over the next 20 days.",False,stock already has a position
2026-05-27,4923905,LAURUSLABS,"LAURUSLABS, daily: when VWAP is in its highest 20% → it tends to go DOWN over the next 20 days.",False,stock already has a position
2026-05-29,4923905,LAURUSLABS,"LAURUSLABS, daily: when VWAP is in its highest 20% → it tends to go DOWN over the next 20 days.",True,three lights green -> paper order
2026-06-01,4923905,LAURUSLABS,"LAURUSLABS, daily: when VWAP is in its highest 20% → it tends to go DOWN over the next 20 days.",False,stock already has a position
2026-06-02,4923905,LAURUSLABS,"LAURUSLABS, daily: when VWAP is in its highest 20% → it tends to go DOWN over the next 20 days.",False,stock already has a position
2026-06-03,4923905,LAURUSLABS,"LAURUSLABS, daily: when VWAP is in its highest 20% → it tends to go DOWN over the next 20 days.",False,stock already has a position
2026-06-04,4923905,LAURUSLABS,"LAURUSLABS, daily: when VWAP is in its highest 20% → it tends to go DOWN over the next 20 days.",False,stock already has a position
2026-06-05,4923905,LAURUSLABS,"LAURUSLABS, daily: when VWAP is in its highest 20% → it tends to go DOWN over the next 20 days.",True,three lights green -> paper order
2026-06-08,4923905,LAURUSLABS,"LAURUSLABS, daily: when VWAP is in its highest 20% → it tends to go DOWN over the next 20 days.",False,stock already has a position
2026-06-09,4923905,LAURUSLABS,"LAURUSLABS, daily: when VWAP is in its highest 20% → it tends to go DOWN over the next 20 days.",False,stock already has a position
2026-06-10,4923905,LAURUSLABS,"LAURUSLABS, daily: when VWAP is in its highest 20% → it tends to go DOWN over the next 20 days.",False,stock already has a position
2026-06-11,4923905,LAURUSLABS,"LAURUSLABS, daily: when VWAP is in its highest 20% → it tends to go DOWN over the next 20 days.",True,three lights green -> paper order
2026-06-12,4923905,LAURUSLABS,"LAURUSLABS, daily: when VWAP is in its highest 20% → it tends to go DOWN over the next 20 days.",False,stock already has a position
2026-06-15,4923905,LAURUSLABS,"LAURUSLABS, daily: when VWAP is in its highest 20% → it tends to go DOWN over the next 20 days.",False,stock already has a position
2026-06-16,4923905,LAURUSLABS,"LAURUSLABS, daily: when VWAP is in its highest 20% → it tends to go DOWN over the next 20 days.",False,stock already has a position
2026-06-17,4923905,LAURUSLABS,"LAURUSLABS, daily: when VWAP is in its highest 20% → it tends to go DOWN over the next 20 days.",True,three lights green -> paper order
2026-06-18,4923905,LAURUSLABS,"LAURUSLABS, daily: when VWAP is in its highest 20% → it tends to go DOWN over the next 20 days.",False,stock already has a position
2026-06-19,4923905,LAURUSLABS,"LAURUSLABS, daily: when VWAP is in its highest 20% → it tends to go DOWN over the next 20 days.",False,stock already has a position
2026-06-22,4923905,LAURUSLABS,"LAURUSLABS, daily: when VWAP is in its highest 20% → it tends to go DOWN over the next 20 days.",True,three lights green -> paper order
2026-06-23,4923905,LAURUSLABS,"LAURUSLABS, daily: when VWAP is in its highest 20% → it tends to go DOWN over the next 20 days.",False,stock already has a position
2026-06-24,4923905,LAURUSLABS,"LAURUSLABS, daily: when VWAP is in its highest 20% → it tends to go DOWN over the next 20 days.",False,stock already has a position
2026-06-25,4923905,LAURUSLABS,"LAURUSLABS, daily: when VWAP is in its highest 20% → it tends to go DOWN over the next 20 days.",True,three lights green -> paper order
2026-06-29,4923905,LAURUSLABS,"LAURUSLABS, daily: when VWAP is in its highest 20% → it tends to go DOWN over the next 20 days.",False,stock already has a position
2026-06-30,4923905,LAURUSLABS,"LAURUSLABS, daily: when VWAP is in its highest 20% → it tends to go DOWN over the next 20 days.",False,stock already has a position
2026-07-01,4923905,LAURUSLABS,"LAURUSLABS, daily: when VWAP is in its highest 20% → it tends to go DOWN over the next 20 days.",True,three lights green -> paper order
2026-07-02,4923905,LAURUSLABS,"LAURUSLABS, daily: when VWAP is in its highest 20% → it tends to go DOWN over the next 20 days.",False,stock already has a position
2026-07-03,4923905,LAURUSLABS,"LAURUSLABS, daily: when VWAP is in its highest 20% → it tends to go DOWN over the next 20 days.",False,stock already has a position
2026-07-06,4923905,LAURUSLABS,"LAURUSLABS, daily: when VWAP is in its highest 20% → it tends to go DOWN over the next 20 days.",True,three lights green -> paper order
2026-07-07,4923905,LAURUSLABS,"LAURUSLABS, daily: when VWAP is in its highest 20% → it tends to go DOWN over the next 20 days.",False,stock already has a position
2026-07-08,4923905,LAURUSLABS,"LAURUSLABS, daily: when VWAP is in its highest 20% → it tends to go DOWN over the next 20 days.",False,stock already has a position
2026-07-09,4923905,LAURUSLABS,"LAURUSLABS, daily: when VWAP is in its highest 20% → it tends to go DOWN over the next 20 days.",True,three lights green -> paper order
2026-07-10,4923905,LAURUSLABS,"LAURUSLABS, daily: when VWAP is in its highest 20% → it tends to go DOWN over the next 20 days.",False,stock already has a position
2026-07-13,4923905,LAURUSLABS,"LAURUSLABS, daily: when VWAP is in its highest 20% → it tends to go DOWN over the next 20 days.",False,stock already has a position
2026-07-14,4923905,LAURUSLABS,"LAURUSLABS, daily: when VWAP is in its highest 20% → it tends to go DOWN over the next 20 days.",True,three lights green -> paper order
2026-07-15,4923905,LAURUSLABS,"LAURUSLABS, daily: when VWAP is in its highest 20% → it tends to go DOWN over the next 20 days.",False,stock already has a position
2026-07-16,4923905,LAURUSLABS,"LAURUSLABS, daily: when VWAP is in its highest 20% → it tends to go DOWN over the next 20 days.",False,stock already has a position
2026-07-17,4923905,LAURUSLABS,"LAURUSLABS, daily: when VWAP is in its highest 20% → it tends to go DOWN over the next 20 days.",False,stock already has a position
2026-07-20,4923905,LAURUSLABS,"LAURUSLABS, daily: when VWAP is in its highest 20% → it tends to go DOWN over the next 20 days.",False,stock already has a position
2026-07-21,4923905,LAURUSLABS,"LAURUSLABS, daily: when VWAP is in its highest 20% → it tends to go DOWN over the next 20 days.",False,stock already has a position
2026-07-22,4923905,LAURUSLABS,"LAURUSLABS, daily: when VWAP is in its highest 20% → it tends to go DOWN over the next 20 days.",False,stock already has a position
2026-07-23,4923905,LAURUSLABS,"LAURUSLABS, daily: when VWAP is in its highest 20% → it tends to go DOWN over the next 20 days.",False,stock already has a position
2026-07-24,4923905,LAURUSLABS,"LAURUSLABS, daily: when VWAP is in its highest 20% → it tends to go DOWN over the next 20 days.",False,stock already has a position
2026-07-27,4923905,LAURUSLABS,"LAURUSLABS, daily: when VWAP is in its highest 20% → it tends to go DOWN over the next 20 days.",True,three lights green -> paper order
2026-07-28,4923905,LAURUSLABS,"LAURUSLABS, daily: when VWAP is in its highest 20% → it tends to go DOWN over the next 20 days.",False,stock already has a position
2026-07-29,4923905,LAURUSLABS,"LAURUSLABS, daily: when VWAP is in its highest 20% → it tends to go DOWN over the next 20 days.",False,stock already has a position
2026-07-30,4923905,LAURUSLABS,"LAURUSLABS, daily: when VWAP is in its highest 20% → it tends to go DOWN over the next 20 days.",True,three lights green -> paper order
2026-07-31,4923905,LAURUSLABS,"LAURUSLABS, daily: when VWAP is in its highest 20% → it tends to go DOWN over the next 20 days.",False,stock already has a position
2026-08-03,4923905,LAURUSLABS,"LAURUSLABS, daily: when VWAP is in its highest 20% → it tends to go DOWN over the next 20 days.",False,stock already has a position
2026-08-04,4923905,LAURUSLABS,"LAURUSLABS, daily: when VWAP is in its highest 20% → it tends to go DOWN over the next 20 days.",True,three lights green -> paper order
2026-08-05,4923905,LAURUSLABS,"LAURUSLABS, daily: when VWAP is in its highest 20% → it tends to go DOWN over the next 20 days.",False,stock already has a position
2026-08-06,4923905,LAURUSLABS,"LAURUSLABS, daily: when VWAP is in its highest 20% → it tends to go DOWN over the next 20 days.",False,stock already has a position
2026-08-07,4923905,LAURUSLABS,"LAURUSLABS, daily: when VWAP is in its highest 20% → it tends to go DOWN over the next 20 days.",False,stock already has a position
2026-08-10,4923905,LAURUSLABS,"LAURUSLABS, daily: when VWAP is in its highest 20% → it tends to go DOWN over the next 20 days.",False,stock already has a position
2026-08-11,4923905,LAURUSLABS,"LAURUSLABS, daily: when VWAP is in its highest 20% → it tends to go DOWN over the next 20 days.",False,stock already has a position
2026-08-12,4923905,LAURUSLABS,"LAURUSLABS, daily: when VWAP is in its highest 20% → it tends to go DOWN over the next 20 days.",False,stock already has a position
2026-08-13,4923905,LAURUSLABS,"LAURUSLABS, daily: when VWAP is in its highest 20% → it tends to go DOWN over the next 20 days.",False,stock already has a position
2026-08-14,4923905,LAURUSLABS,"LAURUSLABS, daily: when VWAP is in its highest 20% → it tends to go DOWN over the next 20 days.",False,stock already has a position
2026-08-17,4923905,LAURUSLABS,"LAURUSLABS, daily: when VWAP is in its highest 20% → it tends to go DOWN over the next 20 days.",True,three lights green -> paper order
2026-08-18,4923905,LAURUSLABS,"LAURUSLABS, daily: when VWAP is in its highest 20% → it tends to go DOWN over the next 20 days.",False,stock already has a position
2026-08-19,4923905,LAURUSLABS,"LAURUSLABS, daily: when VWAP is in its highest 20% → it tends to go DOWN over the next 20 days.",False,stock already has a position
2026-08-20,4923905,LAURUSLABS,"LAURUSLABS, daily: when VWAP is in its highest 20% → it tends to go DOWN over the next 20 days.",False,stock already has a position
2026-08-21,4923905,LAURUSLABS,"LAURUSLABS, daily: when VWAP is in its highest 20% → it tends to go DOWN over the next 20 days.",False,stock already has a position
2026-08-24,4923905,LAURUSLABS,"LAURUSLABS, daily: when VWAP is in its highest 20% → it tends to go DOWN over the next 20 days.",False,stock already has a position
2026-08-25,4923905,LAURUSLABS,"LAURUSLABS, daily: when VWAP is in its highest 20% → it tends to go DOWN over the next 20 days.",False,stock already has a position
2026-08-26,4923905,LAURUSLABS,"LAURUSLABS, daily: when VWAP is in its highest 20% → it tends to go DOWN over the next 20 days.",True,three lights green -> paper order
2026-08-27,4923905,LAURUSLABS,"LAURUSLABS, daily: when VWAP is in its highest 20% → it tends to go DOWN over the next 20 days.",False,stock already has a position
2026-08-28,4923905,LAURUSLABS,"LAURUSLABS, daily: when VWAP is in its highest 20% → it tends to go DOWN over the next 20 days.",False,stock already has a position
2026-08-31,4923905,LAURUSLABS,"LAURUSLABS, daily: when VWAP is in its highest 20% → it tends to go DOWN over the next 20 days.",True,three lights green -> paper order
2026-09-01,4923905,LAURUSLABS,"LAURUSLABS, daily: when VWAP is in its highest 20% → it tends to go DOWN over the next 20 days.",False,stock already has a position
2026-09-02,4923905,LAURUSLABS,"LAURUSLABS, daily: when VWAP is in its highest 20% → it tends to go DOWN over the next 20 days.",False,stock already has a position
2026-09-03,4923905,LAURUSLABS,"LAURUSLABS, daily: when VWAP is in its highest 20% → it tends to go DOWN over the next 20 days.",True,three lights green -> paper order
2026-09-04,4923905,LAURUSLABS,"LAURUSLABS, daily: when VWAP is in its highest 20% → it tends to go DOWN over the next 20 days.",False,stock already has a position
2026-09-07,4923905,LAURUSLABS,"LAURUSLABS, daily: when VWAP is in its highest 20% → it tends to go DOWN over the next 20 days.",False,stock already has a position
2026-09-08,4923905,LAURUSLABS,"LAURUSLABS, daily: when VWAP is in its highest 20% → it tends to go DOWN over the next 20 days.",False,stock already has a position
2026-09-09,4923905,LAURUSLABS,"LAURUSLABS, daily: when VWAP is in its highest 20% → it tends to go DOWN over the next 20 days.",True,three lights green -> paper order
2026-09-10,4923905,LAURUSLABS,"LAURUSLABS, daily: when VWAP is in its highest 20% → it tends to go DOWN over the next 20 days.",False,stock already has a position
2026-01-09,4561409,LTM,"LTM, daily: when volume flow (OBV) is in its highest 20% → it tends to go DOWN over the next 20 days.",True,three lights green -> paper order
2026-01-12,4561409,LTM,"LTM, daily: when volume flow (OBV) is in its highest 20% → it tends to go DOWN over the next 20 days.",False,stock already has a position
2026-01-13,4561409,LTM,"LTM, daily: when volume flow (OBV) is in its highest 20% → it tends to go DOWN over the next 20 days.",False,stock already has a position
2026-01-14,4561409,LTM,"LTM, daily: when volume flow (OBV) is in its highest 20% → it tends to go DOWN over the next 20 days.",False,stock already has a position
2026-01-16,4561409,LTM,"LTM, daily: when volume flow (OBV) is in its highest 20% → it tends to go DOWN over the next 20 days.",False,stock already has a position
2026-01-19,4561409,LTM,"LTM, daily: when volume flow (OBV) is in its highest 20% → it tends to go DOWN over the next 20 days.",True,three lights green -> paper order
2026-01-20,4561409,LTM,"LTM, daily: when volume flow (OBV) is in its highest 20% → it tends to go DOWN over the next 20 days.",False,stock already has a position
2026-01-21,4561409,LTM,"LTM, daily: when volume flow (OBV) is in its highest 20% → it tends to go DOWN over the next 20 days.",False,stock already has a position
2026-01-22,4561409,LTM,"LTM, daily: when volume flow (OBV) is in its highest 20% → it tends to go DOWN over the next 20 days.",True,three lights green -> paper order
2026-01-23,4561409,LTM,"LTM, daily: when volume flow (OBV) is in its highest 20% → it tends to go DOWN over the next 20 days.",False,stock already has a position
2026-01-27,4561409,LTM,"LTM, daily: when volume flow (OBV) is in its highest 20% → it tends to go DOWN over the next 20 days.",False,stock already has a position
2026-01-28,4561409,LTM,"LTM, daily: when volume flow (OBV) is in its highest 20% → it tends to go DOWN over the next 20 days.",False,stock already has a position
2026-01-29,4561409,LTM,"LTM, daily: when volume flow (OBV) is in its highest 20% → it tends to go DOWN over the next 20 days.",False,stock already has a position
2026-01-30,4561409,LTM,"LTM, daily: when volume flow (OBV) is in its highest 20% → it tends to go DOWN over the next 20 days.",False,stock already has a position
2026-02-01,4561409,LTM,"LTM, daily: when volume flow (OBV) is in its highest 20% → it tends to go DOWN over the next 20 days.",False,stock already has a position
2026-02-02,4561409,LTM,"LTM, daily: when volume flow (OBV) is in its highest 20% → it tends to go DOWN over the next 20 days.",True,three lights green -> paper order
2026-02-03,4561409,LTM,"LTM, daily: when volume flow (OBV) is in its highest 20% → it tends to go DOWN over the next 20 days.",False,stock already has a position
2026-02-04,4561409,LTM,"LTM, daily: when volume flow (OBV) is in its highest 20% → it tends to go DOWN over the next 20 days.",False,stock already has a position
2026-02-05,4561409,LTM,"LTM, daily: when volume flow (OBV) is in its highest 20% → it tends to go DOWN over the next 20 days.",True,three lights green -> paper order
2026-02-06,4561409,LTM,"LTM, daily: when volume flow (OBV) is in its highest 20% → it tends to go DOWN over the next 20 days.",False,stock already has a position
2026-02-09,4561409,LTM,"LTM, daily: when volume flow (OBV) is in its highest 20% → it tends to go DOWN over the next 20 days.",False,stock already has a position
2026-02-10,4561409,LTM,"LTM, daily: when volume flow (OBV) is in its highest 20% → it tends to go DOWN over the next 20 days.",False,stock already has a position
2026-02-11,4561409,LTM,"LTM, daily: when volume flow (OBV) is in its highest 20% → it tends to go DOWN over the next 20 days.",False,stock already has a position
2026-02-12,4561409,LTM,"LTM, daily: when volume flow (OBV) is in its highest 20% → it tends to go DOWN over the next 20 days.",False,stock already has a position
2026-02-13,4561409,LTM,"LTM, daily: when volume flow (OBV) is in its highest 20% → it tends to go DOWN over the next 20 days.",True,three lights green -> paper order
2026-02-16,4561409,LTM,"LTM, daily: when volume flow (OBV) is in its highest 20% → it tends to go DOWN over the next 20 days.",False,stock already has a position
2026-02-17,4561409,LTM,"LTM, daily: when volume flow (OBV) is in its highest 20% → it tends to go DOWN over the next 20 days.",False,stock already has a position
2026-02-18,4561409,LTM,"LTM, daily: when volume flow (OBV) is in its highest 20% → it tends to go DOWN over the next 20 days.",False,stock already has a position
2026-02-19,4561409,LTM,"LTM, daily: when volume flow (OBV) is in its highest 20% → it tends to go DOWN over the next 20 days.",False,stock already has a position
2026-02-20,4561409,LTM,"LTM, daily: when volume flow (OBV) is in its highest 20% → it tends to go DOWN over the next 20 days.",False,stock already has a position
2026-02-23,4561409,LTM,"LTM, daily: when volume flow (OBV) is in its highest 20% → it tends to go DOWN over the next 20 days.",False,stock already has a position
2026-02-24,4561409,LTM,"LTM, daily: when volume flow (OBV) is in its highest 20% → it tends to go DOWN over the next 20 days.",True,three lights green -> paper order
2026-02-25,4561409,LTM,"LTM, daily: when volume flow (OBV) is in its highest 20% → it tends to go DOWN over the next 20 days.",False,stock already has a position
2026-02-26,4561409,LTM,"LTM, daily: when volume flow (OBV) is in its highest 20% → it tends to go DOWN over the next 20 days.",False,stock already has a position
2026-03-20,4561409,LTM,"LTM, daily: when volume flow (OBV) is in its highest 20% → it tends to go DOWN over the next 20 days.",True,three lights green -> paper order
2026-03-24,4561409,LTM,"LTM, daily: when volume flow (OBV) is in its highest 20% → it tends to go DOWN over the next 20 days.",False,stock already has a position
2026-03-25,4561409,LTM,"LTM, daily: when volume flow (OBV) is in its highest 20% → it tends to go DOWN over the next 20 days.",False,stock already has a position
2026-03-27,4561409,LTM,"LTM, daily: when volume flow (OBV) is in its highest 20% → it tends to go DOWN over the next 20 days.",False,stock already has a position
2026-04-01,4561409,LTM,"LTM, daily: when volume flow (OBV) is in its highest 20% → it tends to go DOWN over the next 20 days.",False,stock already has a position
2026-04-02,4561409,LTM,"LTM, daily: when volume flow (OBV) is in its highest 20% → it tends to go DOWN over the next 20 days.",False,stock already has a position
2026-04-06,4561409,LTM,"LTM, daily: when volume flow (OBV) is in its highest 20% → it tends to go DOWN over the next 20 days.",False,stock already has a position
2026-04-07,4561409,LTM,"LTM, daily: when volume flow (OBV) is in its highest 20% → it tends to go DOWN over the next 20 days.",False,stock already has a position
2026-04-08,4561409,LTM,"LTM, daily: when volume flow (OBV) is in its highest 20% → it tends to go DOWN over the next 20 days.",True,three lights green -> paper order
2026-04-09,4561409,LTM,"LTM, daily: when volume flow (OBV) is in its highest 20% → it tends to go DOWN over the next 20 days.",False,stock already has a position
2026-04-10,4561409,LTM,"LTM, daily: when volume flow (OBV) is in its highest 20% → it tends to go DOWN over the next 20 days.",False,stock already has a position
2026-04-13,4561409,LTM,"LTM, daily: when volume flow (OBV) is in its highest 20% → it tends to go DOWN over the next 20 days.",False,stock already has a position
2026-04-15,4561409,LTM,"LTM, daily: when volume flow (OBV) is in its highest 20% → it tends to go DOWN over the next 20 days.",False,stock already has a position
2026-04-16,4561409,LTM,"LTM, daily: when volume flow (OBV) is in its highest 20% → it tends to go DOWN over the next 20 days.",False,stock already has a position
2026-04-17,4561409,LTM,"LTM, daily: when volume flow (OBV) is in its highest 20% → it tends to go DOWN over the next 20 days.",True,three lights green -> paper order
2026-04-20,4561409,LTM,"LTM, daily: when volume flow (OBV) is in its highest 20% → it tends to go DOWN over the next 20 days.",False,stock already has a position
2026-04-21,4561409,LTM,"LTM, daily: when volume flow (OBV) is in its highest 20% → it tends to go DOWN over the next 20 days.",False,stock already has a position
2026-04-22,4561409,LTM,"LTM, daily: when volume flow (OBV) is in its highest 20% → it tends to go DOWN over the next 20 days.",False,stock already has a position
2026-04-23,4561409,LTM,"LTM, daily: when volume flow (OBV) is in its highest 20% → it tends to go DOWN over the next 20 days.",False,stock already has a position
2026-04-24,4561409,LTM,"LTM, daily: when volume flow (OBV) is in its highest 20% → it tends to go DOWN over the next 20 days.",True,three lights green -> paper order
2026-04-27,4561409,LTM,"LTM, daily: when volume flow (OBV) is in its highest 20% → it tends to go DOWN over the next 20 days.",False,stock already has a position
2026-04-28,4561409,LTM,"LTM, daily: when volume flow (OBV) is in its highest 20% → it tends to go DOWN over the next 20 days.",False,stock already has a position
2026-04-29,4561409,LTM,"LTM, daily: when volume flow (OBV) is in its highest 20% → it tends to go DOWN over the next 20 days.",False,stock already has a position
2026-04-30,4561409,LTM,"LTM, daily: when volume flow (OBV) is in its highest 20% → it tends to go DOWN over the next 20 days.",False,stock already has a position
2026-05-04,4561409,LTM,"LTM, daily: when volume flow (OBV) is in its highest 20% → it tends to go DOWN over the next 20 days.",False,stock already has a position
2026-05-05,4561409,LTM,"LTM, daily: when volume flow (OBV) is in its highest 20% → it tends to go DOWN over the next 20 days.",False,stock already has a position
2026-05-06,4561409,LTM,"LTM, daily: when volume flow (OBV) is in its highest 20% → it tends to go DOWN over the next 20 days.",False,stock already has a position
2026-05-07,4561409,LTM,"LTM, daily: when volume flow (OBV) is in its highest 20% → it tends to go DOWN over the next 20 days.",False,stock already has a position
2026-05-08,4561409,LTM,"LTM, daily: when volume flow (OBV) is in its highest 20% → it tends to go DOWN over the next 20 days.",False,stock already has a position
2026-05-11,4561409,LTM,"LTM, daily: when volume flow (OBV) is in its highest 20% → it tends to go DOWN over the next 20 days.",False,stock already has a position
2026-05-19,4561409,LTM,"LTM, daily: when volume flow (OBV) is in its highest 20% → it tends to go DOWN over the next 20 days.",True,three lights green -> paper order
2026-06-01,4561409,LTM,"LTM, daily: when volume flow (OBV) is in its highest 20% → it tends to go DOWN over the next 20 days.",True,three lights green -> paper order
2026-06-02,4561409,LTM,"LTM, daily: when volume flow (OBV) is in its highest 20% → it tends to go DOWN over the next 20 days.",False,stock already has a position
2026-06-03,4561409,LTM,"LTM, daily: when volume flow (OBV) is in its highest 20% → it tends to go DOWN over the next 20 days.",False,stock already has a position
2026-06-04,4561409,LTM,"LTM, daily: when volume flow (OBV) is in its highest 20% → it tends to go DOWN over the next 20 days.",True,three lights green -> paper order
2026-06-05,4561409,LTM,"LTM, daily: when volume flow (OBV) is in its highest 20% → it tends to go DOWN over the next 20 days.",False,stock already has a position
2026-06-09,4561409,LTM,"LTM, daily: when volume flow (OBV) is in its highest 20% → it tends to go DOWN over the next 20 days.",False,stock already has a position
2026-06-16,4561409,LTM,"LTM, daily: when volume flow (OBV) is in its highest 20% → it tends to go DOWN over the next 20 days.",True,three lights green -> paper order
2026-06-18,4561409,LTM,"LTM, daily: when volume flow (OBV) is in its highest 20% → it tends to go DOWN over the next 20 days.",False,stock already has a position
2026-07-13,4561409,LTM,"LTM, daily: when volume flow (OBV) is in its highest 20% → it tends to go DOWN over the next 20 days.",True,three lights green -> paper order
2026-07-14,4561409,LTM,"LTM, daily: when volume flow (OBV) is in its highest 20% → it tends to go DOWN over the next 20 days.",False,stock already has a position
2026-07-15,4561409,LTM,"LTM, daily: when volume flow (OBV) is in its highest 20% → it tends to go DOWN over the next 20 days.",False,stock already has a position
2026-07-16,4561409,LTM,"LTM, daily: when volume flow (OBV) is in its highest 20% → it tends to go DOWN over the next 20 days.",False,stock already has a position
2026-07-17,4561409,LTM,"LTM, daily: when volume flow (OBV) is in its highest 20% → it tends to go DOWN over the next 20 days.",False,stock already has a position
2026-07-20,4561409,LTM,"LTM, daily: when volume flow (OBV) is in its highest 20% → it tends to go DOWN over the next 20 days.",False,stock already has a position
2026-07-21,4561409,LTM,"LTM, daily: when volume flow (OBV) is in its highest 20% → it tends to go DOWN over the next 20 days.",False,stock already has a position
2026-07-22,4561409,LTM,"LTM, daily: when volume flow (OBV) is in its highest 20% → it tends to go DOWN over the next 20 days.",False,stock already has a position
2026-07-23,4561409,LTM,"LTM, daily: when volume flow (OBV) is in its highest 20% → it tends to go DOWN over the next 20 days.",False,stock already has a position
2026-07-24,4561409,LTM,"LTM, daily: when volume flow (OBV) is in its highest 20% → it tends to go DOWN over the next 20 days.",True,three lights green -> paper order
2026-07-27,4561409,LTM,"LTM, daily: when volume flow (OBV) is in its highest 20% → it tends to go DOWN over the next 20 days.",False,stock already has a position
2026-07-28,4561409,LTM,"LTM, daily: when volume flow (OBV) is in its highest 20% → it tends to go DOWN over the next 20 days.",False,stock already has a position
2026-07-29,4561409,LTM,"LTM, daily: when volume flow (OBV) is in its highest 20% → it tends to go DOWN over the next 20 days.",True,three lights green -> paper order
2026-07-30,4561409,LTM,"LTM, daily: when volume flow (OBV) is in its highest 20% → it tends to go DOWN over the next 20 days.",False,stock already has a position
2026-07-31,4561409,LTM,"LTM, daily: when volume flow (OBV) is in its highest 20% → it tends to go DOWN over the next 20 days.",False,stock already has a position
2026-08-03,4561409,LTM,"LTM, daily: when volume flow (OBV) is in its highest 20% → it tends to go DOWN over the next 20 days.",False,stock already has a position
2026-08-04,4561409,LTM,"LTM, daily: when volume flow (OBV) is in its highest 20% → it tends to go DOWN over the next 20 days.",True,three lights green -> paper order
2026-08-05,4561409,LTM,"LTM, daily: when volume flow (OBV) is in its highest 20% → it tends to go DOWN over the next 20 days.",False,stock already has a position
2026-08-06,4561409,LTM,"LTM, daily: when volume flow (OBV) is in its highest 20% → it tends to go DOWN over the next 20 days.",False,stock already has a position
2026-08-07,4561409,LTM,"LTM, daily: when volume flow (OBV) is in its highest 20% → it tends to go DOWN over the next 20 days.",False,stock already has a position
2026-08-10,4561409,LTM,"LTM, daily: when volume flow (OBV) is in its highest 20% → it tends to go DOWN over the next 20 days.",False,stock already has a position
2026-08-11,4561409,LTM,"LTM, daily: when volume flow (OBV) is in its highest 20% → it tends to go DOWN over the next 20 days.",True,three lights green -> paper order
2026-08-12,4561409,LTM,"LTM, daily: when volume flow (OBV) is in its highest 20% → it tends to go DOWN over the next 20 days.",False,stock already has a position
2026-08-13,4561409,LTM,"LTM, daily: when volume flow (OBV) is in its highest 20% → it tends to go DOWN over the next 20 days.",False,stock already has a position
2026-08-14,4561409,LTM,"LTM, daily: when volume flow (OBV) is in its highest 20% → it tends to go DOWN over the next 20 days.",False,stock already has a position
2026-08-17,4561409,LTM,"LTM, daily: when volume flow (OBV) is in its highest 20% → it tends to go DOWN over the next 20 days.",False,stock already has a position
2026-08-18,4561409,LTM,"LTM, daily: when volume flow (OBV) is in its highest 20% → it tends to go DOWN over the next 20 days.",True,three lights green -> paper order
2026-08-19,4561409,LTM,"LTM, daily: when volume flow (OBV) is in its highest 20% → it tends to go DOWN over the next 20 days.",False,stock already has a position
2026-08-20,4561409,LTM,"LTM, daily: when volume flow (OBV) is in its highest 20% → it tends to go DOWN over the next 20 days.",False,stock already has a position
2026-08-21,4561409,LTM,"LTM, daily: when volume flow (OBV) is in its highest 20% → it tends to go DOWN over the next 20 days.",False,stock already has a position
2026-08-24,4561409,LTM,"LTM, daily: when volume flow (OBV) is in its highest 20% → it tends to go DOWN over the next 20 days.",False,stock already has a position
2026-08-25,4561409,LTM,"LTM, daily: when volume flow (OBV) is in its highest 20% → it tends to go DOWN over the next 20 days.",False,stock already has a position
2026-08-26,4561409,LTM,"LTM, daily: when volume flow (OBV) is in its highest 20% → it tends to go DOWN over the next 20 days.",False,stock already has a position
2026-08-27,4561409,LTM,"LTM, daily: when volume flow (OBV) is in its highest 20% → it tends to go DOWN over the next 20 days.",False,stock already has a position
2026-08-31,4561409,LTM,"LTM, daily: when volume flow (OBV) is in its highest 20% → it tends to go DOWN over the next 20 days.",False,stock already has a position
2026-09-01,4561409,LTM,"LTM, daily: when volume flow (OBV) is in its highest 20% → it tends to go DOWN over the next 20 days.",False,stock already has a position
2026-09-02,4561409,LTM,"LTM, daily: when volume flow (OBV) is in its highest 20% → it tends to go DOWN over the next 20 days.",False,stock already has a position
2026-09-03,4561409,LTM,"LTM, daily: when volume flow (OBV) is in its highest 20% → it tends to go DOWN over the next 20 days.",False,stock already has a position
2026-09-04,4561409,LTM,"LTM, daily: when volume flow (OBV) is in its highest 20% → it tends to go DOWN over the next 20 days.",False,stock already has a position
2026-09-07,4561409,LTM,"LTM, daily: when volume flow (OBV) is in its highest 20% → it tends to go DOWN over the next 20 days.",False,stock already has a position
2026-09-08,4561409,LTM,"LTM, daily: when volume flow (OBV) is in its highest 20% → it tends to go DOWN over the next 20 days.",False,stock already has a position
2026-09-09,4561409,LTM,"LTM, daily: when volume flow (OBV) is in its highest 20% → it tends to go DOWN over the next 20 days.",False,stock already has a position
2026-09-10,4561409,LTM,"LTM, daily: when volume flow (OBV) is in its highest 20% → it tends to go DOWN over the next 20 days.",True,three lights green -> paper order
2026-01-09,4561409,LTM,"LTM, daily: when VWAP is in its highest 20% → it tends to go DOWN over the next 20 days.",False,stock already has a position
2026-01-12,4561409,LTM,"LTM, daily: when VWAP is in its highest 20% → it tends to go DOWN over the next 20 days.",False,stock already has a position
2026-01-13,4561409,LTM,"LTM, daily: when VWAP is in its highest 20% → it tends to go DOWN over the next 20 days.",False,stock already has a position
2026-01-14,4561409,LTM,"LTM, daily: when VWAP is in its highest 20% → it tends to go DOWN over the next 20 days.",False,stock already has a position
2026-01-16,4561409,LTM,"LTM, daily: when VWAP is in its highest 20% → it tends to go DOWN over the next 20 days.",False,stock already has a position
2026-01-19,4561409,LTM,"LTM, daily: when VWAP is in its highest 20% → it tends to go DOWN over the next 20 days.",False,stock already has a position
2026-01-20,4561409,LTM,"LTM, daily: when VWAP is in its highest 20% → it tends to go DOWN over the next 20 days.",False,stock already has a position
2026-01-21,4561409,LTM,"LTM, daily: when VWAP is in its highest 20% → it tends to go DOWN over the next 20 days.",False,stock already has a position
2026-01-22,4561409,LTM,"LTM, daily: when VWAP is in its highest 20% → it tends to go DOWN over the next 20 days.",False,stock already has a position
2026-01-23,4561409,LTM,"LTM, daily: when VWAP is in its highest 20% → it tends to go DOWN over the next 20 days.",False,stock already has a position
2026-01-27,4561409,LTM,"LTM, daily: when VWAP is in its highest 20% → it tends to go DOWN over the next 20 days.",False,stock already has a position
2026-01-28,4561409,LTM,"LTM, daily: when VWAP is in its highest 20% → it tends to go DOWN over the next 20 days.",False,stock already has a position
2026-01-29,4561409,LTM,"LTM, daily: when VWAP is in its highest 20% → it tends to go DOWN over the next 20 days.",False,stock already has a position
2026-01-30,4561409,LTM,"LTM, daily: when VWAP is in its highest 20% → it tends to go DOWN over the next 20 days.",False,stock already has a position
2026-02-01,4561409,LTM,"LTM, daily: when VWAP is in its highest 20% → it tends to go DOWN over the next 20 days.",False,stock already has a position
2026-02-02,4561409,LTM,"LTM, daily: when VWAP is in its highest 20% → it tends to go DOWN over the next 20 days.",False,stock already has a position
2026-02-03,4561409,LTM,"LTM, daily: when VWAP is in its highest 20% → it tends to go DOWN over the next 20 days.",False,stock already has a position
2026-01-09,4574465,JSWENERGY,"JSWENERGY, daily: when VWAP is in its high 60–80% → it tends to go DOWN over the next 20 days.",True,three lights green -> paper order
2026-01-12,4574465,JSWENERGY,"JSWENERGY, daily: when VWAP is in its high 60–80% → it tends to go DOWN over the next 20 days.",False,stock already has a position
2026-01-13,4574465,JSWENERGY,"JSWENERGY, daily: when VWAP is in its high 60–80% → it tends to go DOWN over the next 20 days.",False,stock already has a position
2026-01-14,4574465,JSWENERGY,"JSWENERGY, daily: when VWAP is in its high 60–80% → it tends to go DOWN over the next 20 days.",False,stock already has a position
2026-01-16,4574465,JSWENERGY,"JSWENERGY, daily: when VWAP is in its high 60–80% → it tends to go DOWN over the next 20 days.",False,stock already has a position
2026-01-19,4574465,JSWENERGY,"JSWENERGY, daily: when VWAP is in its high 60–80% → it tends to go DOWN over the next 20 days.",True,three lights green -> paper order
2026-01-20,4574465,JSWENERGY,"JSWENERGY, daily: when VWAP is in its high 60–80% → it tends to go DOWN over the next 20 days.",False,stock already has a position
2026-01-21,4574465,JSWENERGY,"JSWENERGY, daily: when VWAP is in its high 60–80% → it tends to go DOWN over the next 20 days.",False,stock already has a position
2026-01-22,4574465,JSWENERGY,"JSWENERGY, daily: when VWAP is in its high 60–80% → it tends to go DOWN over the next 20 days.",False,stock already has a position
2026-01-23,4574465,JSWENERGY,"JSWENERGY, daily: when VWAP is in its high 60–80% → it tends to go DOWN over the next 20 days.",False,stock already has a position
2026-01-27,4574465,JSWENERGY,"JSWENERGY, daily: when VWAP is in its high 60–80% → it tends to go DOWN over the next 20 days.",False,stock already has a position
2026-01-29,4574465,JSWENERGY,"JSWENERGY, daily: when VWAP is in its high 60–80% → it tends to go DOWN over the next 20 days.",True,three lights green -> paper order
2026-01-30,4574465,JSWENERGY,"JSWENERGY, daily: when VWAP is in its high 60–80% → it tends to go DOWN over the next 20 days.",False,stock already has a position
2026-02-01,4574465,JSWENERGY,"JSWENERGY, daily: when VWAP is in its high 60–80% → it tends to go DOWN over the next 20 days.",False,stock already has a position
2026-02-02,4574465,JSWENERGY,"JSWENERGY, daily: when VWAP is in its high 60–80% → it tends to go DOWN over the next 20 days.",False,stock already has a position
2026-02-03,4574465,JSWENERGY,"JSWENERGY, daily: when VWAP is in its high 60–80% → it tends to go DOWN over the next 20 days.",False,stock already has a position
2026-02-04,4574465,JSWENERGY,"JSWENERGY, daily: when VWAP is in its high 60–80% → it tends to go DOWN over the next 20 days.",True,three lights green -> paper order
2026-02-05,4574465,JSWENERGY,"JSWENERGY, daily: when VWAP is in its high 60–80% → it tends to go DOWN over the next 20 days.",False,stock already has a position
2026-02-06,4574465,JSWENERGY,"JSWENERGY, daily: when VWAP is in its high 60–80% → it tends to go DOWN over the next 20 days.",False,stock already has a position
2026-02-09,4574465,JSWENERGY,"JSWENERGY, daily: when VWAP is in its high 60–80% → it tends to go DOWN over the next 20 days.",False,stock already has a position
2026-02-10,4574465,JSWENERGY,"JSWENERGY, daily: when VWAP is in its high 60–80% → it tends to go DOWN over the next 20 days.",False,stock already has a position
2026-02-11,4574465,JSWENERGY,"JSWENERGY, daily: when VWAP is in its high 60–80% → it tends to go DOWN over the next 20 days.",False,stock already has a position
2026-02-12,4574465,JSWENERGY,"JSWENERGY, daily: when VWAP is in its high 60–80% → it tends to go DOWN over the next 20 days.",False,stock already has a position
2026-02-13,4574465,JSWENERGY,"JSWENERGY, daily: when VWAP is in its high 60–80% → it tends to go DOWN over the next 20 days.",False,stock already has a position
2026-02-16,4574465,JSWENERGY,"JSWENERGY, daily: when VWAP is in its high 60–80% → it tends to go DOWN over the next 20 days.",False,stock already has a position
2026-02-17,4574465,JSWENERGY,"JSWENERGY, daily: when VWAP is in its high 60–80% → it tends to go DOWN over the next 20 days.",True,three lights green -> paper order
2026-02-18,4574465,JSWENERGY,"JSWENERGY, daily: when VWAP is in its high 60–80% → it tends to go DOWN over the next 20 days.",False,stock already has a position
2026-02-19,4574465,JSWENERGY,"JSWENERGY, daily: when VWAP is in its high 60–80% → it tends to go DOWN over the next 20 days.",False,stock already has a position
2026-02-20,4574465,JSWENERGY,"JSWENERGY, daily: when VWAP is in its high 60–80% → it tends to go DOWN over the next 20 days.",False,stock already has a position
2026-02-23,4574465,JSWENERGY,"JSWENERGY, daily: when VWAP is in its high 60–80% → it tends to go DOWN over the next 20 days.",False,stock already has a position
2026-02-24,4574465,JSWENERGY,"JSWENERGY, daily: when VWAP is in its high 60–80% → it tends to go DOWN over the next 20 days.",False,stock already has a position
2026-02-25,4574465,JSWENERGY,"JSWENERGY, daily: when VWAP is in its high 60–80% → it tends to go DOWN over the next 20 days.",False,stock already has a position
2026-02-26,4574465,JSWENERGY,"JSWENERGY, daily: when VWAP is in its high 60–80% → it tends to go DOWN over the next 20 days.",False,stock already has a position
2026-02-27,4574465,JSWENERGY,"JSWENERGY, daily: when VWAP is in its high 60–80% → it tends to go DOWN over the next 20 days.",True,three lights green -> paper order
2026-03-02,4574465,JSWENERGY,"JSWENERGY, daily: when VWAP is in its high 60–80% → it tends to go DOWN over the next 20 days.",False,stock already has a position
2026-03-04,4574465,JSWENERGY,"JSWENERGY, daily: when VWAP is in its high 60–80% → it tends to go DOWN over the next 20 days.",False,stock already has a position
2026-03-05,4574465,JSWENERGY,"JSWENERGY, daily: when VWAP is in its high 60–80% → it tends to go DOWN over the next 20 days.",False,stock already has a position
2026-03-06,4574465,JSWENERGY,"JSWENERGY, daily: when VWAP is in its high 60–80% → it tends to go DOWN over the next 20 days.",True,three lights green -> paper order
2026-03-09,4574465,JSWENERGY,"JSWENERGY, daily: when VWAP is in its high 60–80% → it tends to go DOWN over the next 20 days.",False,stock already has a position
2026-03-10,4574465,JSWENERGY,"JSWENERGY, daily: when VWAP is in its high 60–80% → it tends to go DOWN over the next 20 days.",False,stock already has a position
2026-03-11,4574465,JSWENERGY,"JSWENERGY, daily: when VWAP is in its high 60–80% → it tends to go DOWN over the next 20 days.",True,three lights green -> paper order
2026-03-12,4574465,JSWENERGY,"JSWENERGY, daily: when VWAP is in its high 60–80% → it tends to go DOWN over the next 20 days.",False,stock already has a position
2026-03-13,4574465,JSWENERGY,"JSWENERGY, daily: when VWAP is in its high 60–80% → it tends to go DOWN over the next 20 days.",False,stock already has a position
2026-03-16,4574465,JSWENERGY,"JSWENERGY, daily: when VWAP is in its high 60–80% → it tends to go DOWN over the next 20 days.",True,three lights green -> paper order
2026-03-17,4574465,JSWENERGY,"JSWENERGY, daily: when VWAP is in its high 60–80% → it tends to go DOWN over the next 20 days.",False,stock already has a position
2026-03-18,4574465,JSWENERGY,"JSWENERGY, daily: when VWAP is in its high 60–80% → it tends to go DOWN over the next 20 days.",False,stock already has a position
2026-03-19,4574465,JSWENERGY,"JSWENERGY, daily: when VWAP is in its high 60–80% → it tends to go DOWN over the next 20 days.",False,stock already has a position
2026-03-20,4574465,JSWENERGY,"JSWENERGY, daily: when VWAP is in its high 60–80% → it tends to go DOWN over the next 20 days.",False,stock already has a position
2026-03-23,4574465,JSWENERGY,"JSWENERGY, daily: when VWAP is in its high 60–80% → it tends to go DOWN over the next 20 days.",True,three lights green -> paper order
2026-03-24,4574465,JSWENERGY,"JSWENERGY, daily: when VWAP is in its high 60–80% → it tends to go DOWN over the next 20 days.",False,stock already has a position
2026-03-25,4574465,JSWENERGY,"JSWENERGY, daily: when VWAP is in its high 60–80% → it tends to go DOWN over the next 20 days.",False,stock already has a position
2026-03-27,4574465,JSWENERGY,"JSWENERGY, daily: when VWAP is in its high 60–80% → it tends to go DOWN over the next 20 days.",False,stock already has a position
2026-03-30,4574465,JSWENERGY,"JSWENERGY, daily: when VWAP is in its high 60–80% → it tends to go DOWN over the next 20 days.",False,stock already has a position
2026-04-01,4574465,JSWENERGY,"JSWENERGY, daily: when VWAP is in its high 60–80% → it tends to go DOWN over the next 20 days.",False,stock already has a position
2026-04-02,4574465,JSWENERGY,"JSWENERGY, daily: when VWAP is in its high 60–80% → it tends to go DOWN over the next 20 days.",False,stock already has a position
2026-04-06,4574465,JSWENERGY,"JSWENERGY, daily: when VWAP is in its high 60–80% → it tends to go DOWN over the next 20 days.",False,stock already has a position
2026-04-07,4574465,JSWENERGY,"JSWENERGY, daily: when VWAP is in its high 60–80% → it tends to go DOWN over the next 20 days.",False,stock already has a position
2026-04-08,4574465,JSWENERGY,"JSWENERGY, daily: when VWAP is in its high 60–80% → it tends to go DOWN over the next 20 days.",False,stock already has a position
2026-04-09,4574465,JSWENERGY,"JSWENERGY, daily: when VWAP is in its high 60–80% → it tends to go DOWN over the next 20 days.",False,stock already has a position
2026-04-10,4574465,JSWENERGY,"JSWENERGY, daily: when VWAP is in its high 60–80% → it tends to go DOWN over the next 20 days.",False,stock already has a position
2026-04-13,4574465,JSWENERGY,"JSWENERGY, daily: when VWAP is in its high 60–80% → it tends to go DOWN over the next 20 days.",False,stock already has a position
2026-04-15,4574465,JSWENERGY,"JSWENERGY, daily: when VWAP is in its high 60–80% → it tends to go DOWN over the next 20 days.",True,three lights green -> paper order
2026-04-16,4574465,JSWENERGY,"JSWENERGY, daily: when VWAP is in its high 60–80% → it tends to go DOWN over the next 20 days.",False,stock already has a position
2026-05-12,4574465,JSWENERGY,"JSWENERGY, daily: when VWAP is in its high 60–80% → it tends to go DOWN over the next 20 days.",True,three lights green -> paper order
2026-05-13,4574465,JSWENERGY,"JSWENERGY, daily: when VWAP is in its high 60–80% → it tends to go DOWN over the next 20 days.",False,stock already has a position
2026-05-14,4574465,JSWENERGY,"JSWENERGY, daily: when VWAP is in its high 60–80% → it tends to go DOWN over the next 20 days.",False,stock already has a position
2026-05-15,4574465,JSWENERGY,"JSWENERGY, daily: when VWAP is in its high 60–80% → it tends to go DOWN over the next 20 days.",False,stock already has a position
2026-05-18,4574465,JSWENERGY,"JSWENERGY, daily: when VWAP is in its high 60–80% → it tends to go DOWN over the next 20 days.",False,stock already has a position
2026-05-19,4574465,JSWENERGY,"JSWENERGY, daily: when VWAP is in its high 60–80% → it tends to go DOWN over the next 20 days.",False,stock already has a position
2026-08-31,4574465,JSWENERGY,"JSWENERGY, daily: when VWAP is in its high 60–80% → it tends to go DOWN over the next 20 days.",True,three lights green -> paper order
2026-09-01,4574465,JSWENERGY,"JSWENERGY, daily: when VWAP is in its high 60–80% → it tends to go DOWN over the next 20 days.",False,stock already has a position
2026-09-02,4574465,JSWENERGY,"JSWENERGY, daily: when VWAP is in its high 60–80% → it tends to go DOWN over the next 20 days.",False,stock already has a position
2026-09-08,4574465,JSWENERGY,"JSWENERGY, daily: when VWAP is in its high 60–80% → it tends to go DOWN over the next 20 days.",True,three lights green -> paper order
2026-09-09,4574465,JSWENERGY,"JSWENERGY, daily: when VWAP is in its high 60–80% → it tends to go DOWN over the next 20 days.",False,stock already has a position
2026-09-10,4574465,JSWENERGY,"JSWENERGY, daily: when VWAP is in its high 60–80% → it tends to go DOWN over the next 20 days.",False,stock already has a position
2026-01-09,6599681,APLAPOLLO,"APLAPOLLO, daily: when volume flow (OBV) is in its highest 20% → it tends to go DOWN over the next 20 days.",False,stock already has a position
2026-01-12,6599681,APLAPOLLO,"APLAPOLLO, daily: when volume flow (OBV) is in its highest 20% → it tends to go DOWN over the next 20 days.",False,stock already has a position
2026-01-13,6599681,APLAPOLLO,"APLAPOLLO, daily: when volume flow (OBV) is in its highest 20% → it tends to go DOWN over the next 20 days.",False,stock already has a position
2026-01-14,6599681,APLAPOLLO,"APLAPOLLO, daily: when volume flow (OBV) is in its highest 20% → it tends to go DOWN over the next 20 days.",False,stock already has a position
2026-01-16,6599681,APLAPOLLO,"APLAPOLLO, daily: when volume flow (OBV) is in its highest 20% → it tends to go DOWN over the next 20 days.",False,stock already has a position
2026-01-19,6599681,APLAPOLLO,"APLAPOLLO, daily: when volume flow (OBV) is in its highest 20% → it tends to go DOWN over the next 20 days.",False,stock already has a position
2026-01-20,6599681,APLAPOLLO,"APLAPOLLO, daily: when volume flow (OBV) is in its highest 20% → it tends to go DOWN over the next 20 days.",False,stock already has a position
2026-01-21,6599681,APLAPOLLO,"APLAPOLLO, daily: when volume flow (OBV) is in its highest 20% → it tends to go DOWN over the next 20 days.",False,stock already has a position
2026-01-22,6599681,APLAPOLLO,"APLAPOLLO, daily: when volume flow (OBV) is in its highest 20% → it tends to go DOWN over the next 20 days.",False,stock already has a position
2026-01-23,6599681,APLAPOLLO,"APLAPOLLO, daily: when volume flow (OBV) is in its highest 20% → it tends to go DOWN over the next 20 days.",False,stock already has a position
2026-01-27,6599681,APLAPOLLO,"APLAPOLLO, daily: when volume flow (OBV) is in its highest 20% → it tends to go DOWN over the next 20 days.",False,stock already has a position
2026-01-28,6599681,APLAPOLLO,"APLAPOLLO, daily: when volume flow (OBV) is in its highest 20% → it tends to go DOWN over the next 20 days.",False,stock already has a position
2026-01-29,6599681,APLAPOLLO,"APLAPOLLO, daily: when volume flow (OBV) is in its highest 20% → it tends to go DOWN over the next 20 days.",False,stock already has a position
2026-01-30,6599681,APLAPOLLO,"APLAPOLLO, daily: when volume flow (OBV) is in its highest 20% → it tends to go DOWN over the next 20 days.",False,stock already has a position
2026-02-01,6599681,APLAPOLLO,"APLAPOLLO, daily: when volume flow (OBV) is in its highest 20% → it tends to go DOWN over the next 20 days.",False,stock already has a position
2026-02-02,6599681,APLAPOLLO,"APLAPOLLO, daily: when volume flow (OBV) is in its highest 20% → it tends to go DOWN over the next 20 days.",False,stock already has a position
2026-02-03,6599681,APLAPOLLO,"APLAPOLLO, daily: when volume flow (OBV) is in its highest 20% → it tends to go DOWN over the next 20 days.",False,stock already has a position
2026-02-04,6599681,APLAPOLLO,"APLAPOLLO, daily: when volume flow (OBV) is in its highest 20% → it tends to go DOWN over the next 20 days.",False,stock already has a position
2026-02-05,6599681,APLAPOLLO,"APLAPOLLO, daily: when volume flow (OBV) is in its highest 20% → it tends to go DOWN over the next 20 days.",False,stock already has a position
2026-02-06,6599681,APLAPOLLO,"APLAPOLLO, daily: when volume flow (OBV) is in its highest 20% → it tends to go DOWN over the next 20 days.",False,stock already has a position
2026-02-09,6599681,APLAPOLLO,"APLAPOLLO, daily: when volume flow (OBV) is in its highest 20% → it tends to go DOWN over the next 20 days.",False,stock already has a position
2026-02-10,6599681,APLAPOLLO,"APLAPOLLO, daily: when volume flow (OBV) is in its highest 20% → it tends to go DOWN over the next 20 days.",False,stock already has a position
2026-02-11,6599681,APLAPOLLO,"APLAPOLLO, daily: when volume flow (OBV) is in its highest 20% → it tends to go DOWN over the next 20 days.",False,stock already has a position
2026-02-12,6599681,APLAPOLLO,"APLAPOLLO, daily: when volume flow (OBV) is in its highest 20% → it tends to go DOWN over the next 20 days.",False,stock already has a position
2026-02-13,6599681,APLAPOLLO,"APLAPOLLO, daily: when volume flow (OBV) is in its highest 20% → it tends to go DOWN over the next 20 days.",False,stock already has a position
2026-02-16,6599681,APLAPOLLO,"APLAPOLLO, daily: when volume flow (OBV) is in its highest 20% → it tends to go DOWN over the next 20 days.",False,stock already has a position
2026-02-17,6599681,APLAPOLLO,"APLAPOLLO, daily: when volume flow (OBV) is in its highest 20% → it tends to go DOWN over the next 20 days.",False,stock already has a position
2026-02-18,6599681,APLAPOLLO,"APLAPOLLO, daily: when volume flow (OBV) is in its highest 20% → it tends to go DOWN over the next 20 days.",False,stock already has a position
2026-02-19,6599681,APLAPOLLO,"APLAPOLLO, daily: when volume flow (OBV) is in its highest 20% → it tends to go DOWN over the next 20 days.",False,stock already has a position
2026-02-20,6599681,APLAPOLLO,"APLAPOLLO, daily: when volume flow (OBV) is in its highest 20% → it tends to go DOWN over the next 20 days.",False,stock already has a position
2026-02-23,6599681,APLAPOLLO,"APLAPOLLO, daily: when volume flow (OBV) is in its highest 20% → it tends to go DOWN over the next 20 days.",False,stock already has a position
2026-02-24,6599681,APLAPOLLO,"APLAPOLLO, daily: when volume flow (OBV) is in its highest 20% → it tends to go DOWN over the next 20 days.",False,stock already has a position
2026-02-25,6599681,APLAPOLLO,"APLAPOLLO, daily: when volume flow (OBV) is in its highest 20% → it tends to go DOWN over the next 20 days.",False,stock already has a position
2026-02-26,6599681,APLAPOLLO,"APLAPOLLO, daily: when volume flow (OBV) is in its highest 20% → it tends to go DOWN over the next 20 days.",False,stock already has a position
2026-02-27,6599681,APLAPOLLO,"APLAPOLLO, daily: when volume flow (OBV) is in its highest 20% → it tends to go DOWN over the next 20 days.",False,stock already has a position
2026-03-02,6599681,APLAPOLLO,"APLAPOLLO, daily: when volume flow (OBV) is in its highest 20% → it tends to go DOWN over the next 20 days.",False,stock already has a position
2026-03-04,6599681,APLAPOLLO,"APLAPOLLO, daily: when volume flow (OBV) is in its highest 20% → it tends to go DOWN over the next 20 days.",False,stock already has a position
2026-03-05,6599681,APLAPOLLO,"APLAPOLLO, daily: when volume flow (OBV) is in its highest 20% → it tends to go DOWN over the next 20 days.",False,stock already has a position
2026-03-06,6599681,APLAPOLLO,"APLAPOLLO, daily: when volume flow (OBV) is in its highest 20% → it tends to go DOWN over the next 20 days.",False,stock already has a position
2026-03-09,6599681,APLAPOLLO,"APLAPOLLO, daily: when volume flow (OBV) is in its highest 20% → it tends to go DOWN over the next 20 days.",False,stock already has a position
2026-03-10,6599681,APLAPOLLO,"APLAPOLLO, daily: when volume flow (OBV) is in its highest 20% → it tends to go DOWN over the next 20 days.",False,stock already has a position
2026-03-11,6599681,APLAPOLLO,"APLAPOLLO, daily: when volume flow (OBV) is in its highest 20% → it tends to go DOWN over the next 20 days.",False,stock already has a position
2026-03-12,6599681,APLAPOLLO,"APLAPOLLO, daily: when volume flow (OBV) is in its highest 20% → it tends to go DOWN over the next 20 days.",False,stock already has a position
2026-03-13,6599681,APLAPOLLO,"APLAPOLLO, daily: when volume flow (OBV) is in its highest 20% → it tends to go DOWN over the next 20 days.",False,stock already has a position
2026-03-16,6599681,APLAPOLLO,"APLAPOLLO, daily: when volume flow (OBV) is in its highest 20% → it tends to go DOWN over the next 20 days.",False,stock already has a position
2026-03-17,6599681,APLAPOLLO,"APLAPOLLO, daily: when volume flow (OBV) is in its highest 20% → it tends to go DOWN over the next 20 days.",False,stock already has a position
2026-03-18,6599681,APLAPOLLO,"APLAPOLLO, daily: when volume flow (OBV) is in its highest 20% → it tends to go DOWN over the next 20 days.",False,stock already has a position
2026-03-19,6599681,APLAPOLLO,"APLAPOLLO, daily: when volume flow (OBV) is in its highest 20% → it tends to go DOWN over the next 20 days.",False,stock already has a position
2026-03-20,6599681,APLAPOLLO,"APLAPOLLO, daily: when volume flow (OBV) is in its highest 20% → it tends to go DOWN over the next 20 days.",False,stock already has a position
2026-03-23,6599681,APLAPOLLO,"APLAPOLLO, daily: when volume flow (OBV) is in its highest 20% → it tends to go DOWN over the next 20 days.",False,stock already has a position
2026-03-24,6599681,APLAPOLLO,"APLAPOLLO, daily: when volume flow (OBV) is in its highest 20% → it tends to go DOWN over the next 20 days.",False,stock already has a position
2026-03-25,6599681,APLAPOLLO,"APLAPOLLO, daily: when volume flow (OBV) is in its highest 20% → it tends to go DOWN over the next 20 days.",False,stock already has a position
2026-03-27,6599681,APLAPOLLO,"APLAPOLLO, daily: when volume flow (OBV) is in its highest 20% → it tends to go DOWN over the next 20 days.",False,stock already has a position
2026-03-30,6599681,APLAPOLLO,"APLAPOLLO, daily: when volume flow (OBV) is in its highest 20% → it tends to go DOWN over the next 20 days.",False,stock already has a position
2026-04-01,6599681,APLAPOLLO,"APLAPOLLO, daily: when volume flow (OBV) is in its highest 20% → it tends to go DOWN over the next 20 days.",False,stock already has a position
2026-04-02,6599681,APLAPOLLO,"APLAPOLLO, daily: when volume flow (OBV) is in its highest 20% → it tends to go DOWN over the next 20 days.",False,stock already has a position
2026-04-06,6599681,APLAPOLLO,"APLAPOLLO, daily: when volume flow (OBV) is in its highest 20% → it tends to go DOWN over the next 20 days.",False,stock already has a position
2026-04-07,6599681,APLAPOLLO,"APLAPOLLO, daily: when volume flow (OBV) is in its highest 20% → it tends to go DOWN over the next 20 days.",False,stock already has a position
2026-04-08,6599681,APLAPOLLO,"APLAPOLLO, daily: when volume flow (OBV) is in its highest 20% → it tends to go DOWN over the next 20 days.",False,stock already has a position
2026-04-09,6599681,APLAPOLLO,"APLAPOLLO, daily: when volume flow (OBV) is in its highest 20% → it tends to go DOWN over the next 20 days.",False,stock already has a position
2026-04-10,6599681,APLAPOLLO,"APLAPOLLO, daily: when volume flow (OBV) is in its highest 20% → it tends to go DOWN over the next 20 days.",False,stock already has a position
2026-04-13,6599681,APLAPOLLO,"APLAPOLLO, daily: when volume flow (OBV) is in its highest 20% → it tends to go DOWN over the next 20 days.",False,stock already has a position
2026-04-15,6599681,APLAPOLLO,"APLAPOLLO, daily: when volume flow (OBV) is in its highest 20% → it tends to go DOWN over the next 20 days.",False,stock already has a position
2026-04-16,6599681,APLAPOLLO,"APLAPOLLO, daily: when volume flow (OBV) is in its highest 20% → it tends to go DOWN over the next 20 days.",False,stock already has a position
2026-04-17,6599681,APLAPOLLO,"APLAPOLLO, daily: when volume flow (OBV) is in its highest 20% → it tends to go DOWN over the next 20 days.",False,stock already has a position
2026-04-20,6599681,APLAPOLLO,"APLAPOLLO, daily: when volume flow (OBV) is in its highest 20% → it tends to go DOWN over the next 20 days.",False,stock already has a position
2026-04-21,6599681,APLAPOLLO,"APLAPOLLO, daily: when volume flow (OBV) is in its highest 20% → it tends to go DOWN over the next 20 days.",False,stock already has a position
2026-04-22,6599681,APLAPOLLO,"APLAPOLLO, daily: when volume flow (OBV) is in its highest 20% → it tends to go DOWN over the next 20 days.",False,stock already has a position
2026-04-23,6599681,APLAPOLLO,"APLAPOLLO, daily: when volume flow (OBV) is in its highest 20% → it tends to go DOWN over the next 20 days.",False,stock already has a position
2026-04-24,6599681,APLAPOLLO,"APLAPOLLO, daily: when volume flow (OBV) is in its highest 20% → it tends to go DOWN over the next 20 days.",False,stock already has a position
2026-04-27,6599681,APLAPOLLO,"APLAPOLLO, daily: when volume flow (OBV) is in its highest 20% → it tends to go DOWN over the next 20 days.",False,stock already has a position
2026-04-28,6599681,APLAPOLLO,"APLAPOLLO, daily: when volume flow (OBV) is in its highest 20% → it tends to go DOWN over the next 20 days.",False,stock already has a position
2026-04-29,6599681,APLAPOLLO,"APLAPOLLO, daily: when volume flow (OBV) is in its highest 20% → it tends to go DOWN over the next 20 days.",False,stock already has a position
2026-04-30,6599681,APLAPOLLO,"APLAPOLLO, daily: when volume flow (OBV) is in its highest 20% → it tends to go DOWN over the next 20 days.",False,stock already has a position
2026-05-04,6599681,APLAPOLLO,"APLAPOLLO, daily: when volume flow (OBV) is in its highest 20% → it tends to go DOWN over the next 20 days.",False,stock already has a position
2026-05-05,6599681,APLAPOLLO,"APLAPOLLO, daily: when volume flow (OBV) is in its highest 20% → it tends to go DOWN over the next 20 days.",False,stock already has a position
2026-05-06,6599681,APLAPOLLO,"APLAPOLLO, daily: when volume flow (OBV) is in its highest 20% → it tends to go DOWN over the next 20 days.",False,stock already has a position
2026-05-07,6599681,APLAPOLLO,"APLAPOLLO, daily: when volume flow (OBV) is in its highest 20% → it tends to go DOWN over the next 20 days.",False,stock already has a position
2026-05-08,6599681,APLAPOLLO,"APLAPOLLO, daily: when volume flow (OBV) is in its highest 20% → it tends to go DOWN over the next 20 days.",False,stock already has a position
2026-05-11,6599681,APLAPOLLO,"APLAPOLLO, daily: when volume flow (OBV) is in its highest 20% → it tends to go DOWN over the next 20 days.",False,stock already has a position
2026-05-12,6599681,APLAPOLLO,"APLAPOLLO, daily: when volume flow (OBV) is in its highest 20% → it tends to go DOWN over the next 20 days.",False,stock already has a position
2026-05-13,6599681,APLAPOLLO,"APLAPOLLO, daily: when volume flow (OBV) is in its highest 20% → it tends to go DOWN over the next 20 days.",False,stock already has a position
2026-05-14,6599681,APLAPOLLO,"APLAPOLLO, daily: when volume flow (OBV) is in its highest 20% → it tends to go DOWN over the next 20 days.",False,stock already has a position
2026-05-15,6599681,APLAPOLLO,"APLAPOLLO, daily: when volume flow (OBV) is in its highest 20% → it tends to go DOWN over the next 20 days.",False,stock already has a position
2026-05-18,6599681,APLAPOLLO,"APLAPOLLO, daily: when volume flow (OBV) is in its highest 20% → it tends to go DOWN over the next 20 days.",False,stock already has a position
2026-05-19,6599681,APLAPOLLO,"APLAPOLLO, daily: when volume flow (OBV) is in its highest 20% → it tends to go DOWN over the next 20 days.",False,stock already has a position
2026-05-20,6599681,APLAPOLLO,"APLAPOLLO, daily: when volume flow (OBV) is in its highest 20% → it tends to go DOWN over the next 20 days.",False,stock already has a position
2026-05-21,6599681,APLAPOLLO,"APLAPOLLO, daily: when volume flow (OBV) is in its highest 20% → it tends to go DOWN over the next 20 days.",False,stock already has a position
2026-05-22,6599681,APLAPOLLO,"APLAPOLLO, daily: when volume flow (OBV) is in its highest 20% → it tends to go DOWN over the next 20 days.",False,stock already has a position
2026-05-25,6599681,APLAPOLLO,"APLAPOLLO, daily: when volume flow (OBV) is in its highest 20% → it tends to go DOWN over the next 20 days.",False,stock already has a position
2026-05-26,6599681,APLAPOLLO,"APLAPOLLO, daily: when volume flow (OBV) is in its highest 20% → it tends to go DOWN over the next 20 days.",False,stock already has a position
2026-05-27,6599681,APLAPOLLO,"APLAPOLLO, daily: when volume flow (OBV) is in its highest 20% → it tends to go DOWN over the next 20 days.",False,stock already has a position
2026-05-29,6599681,APLAPOLLO,"APLAPOLLO, daily: when volume flow (OBV) is in its highest 20% → it tends to go DOWN over the next 20 days.",False,stock already has a position
2026-06-01,6599681,APLAPOLLO,"APLAPOLLO, daily: when volume flow (OBV) is in its highest 20% → it tends to go DOWN over the next 20 days.",False,stock already has a position
2026-06-02,6599681,APLAPOLLO,"APLAPOLLO, daily: when volume flow (OBV) is in its highest 20% → it tends to go DOWN over the next 20 days.",False,stock already has a position
2026-06-03,6599681,APLAPOLLO,"APLAPOLLO, daily: when volume flow (OBV) is in its highest 20% → it tends to go DOWN over the next 20 days.",False,stock already has a position
2026-06-04,6599681,APLAPOLLO,"APLAPOLLO, daily: when volume flow (OBV) is in its highest 20% → it tends to go DOWN over the next 20 days.",False,stock already has a position
2026-06-05,6599681,APLAPOLLO,"APLAPOLLO, daily: when volume flow (OBV) is in its highest 20% → it tends to go DOWN over the next 20 days.",False,stock already has a position
2026-06-08,6599681,APLAPOLLO,"APLAPOLLO, daily: when volume flow (OBV) is in its highest 20% → it tends to go DOWN over the next 20 days.",False,stock already has a position
2026-06-09,6599681,APLAPOLLO,"APLAPOLLO, daily: when volume flow (OBV) is in its highest 20% → it tends to go DOWN over the next 20 days.",False,stock already has a position
2026-06-10,6599681,APLAPOLLO,"APLAPOLLO, daily: when volume flow (OBV) is in its highest 20% → it tends to go DOWN over the next 20 days.",False,stock already has a position
2026-06-11,6599681,APLAPOLLO,"APLAPOLLO, daily: when volume flow (OBV) is in its highest 20% → it tends to go DOWN over the next 20 days.",False,stock already has a position
2026-06-12,6599681,APLAPOLLO,"APLAPOLLO, daily: when volume flow (OBV) is in its highest 20% → it tends to go DOWN over the next 20 days.",False,stock already has a position
2026-06-15,6599681,APLAPOLLO,"APLAPOLLO, daily: when volume flow (OBV) is in its highest 20% → it tends to go DOWN over the next 20 days.",False,stock already has a position
2026-06-16,6599681,APLAPOLLO,"APLAPOLLO, daily: when volume flow (OBV) is in its highest 20% → it tends to go DOWN over the next 20 days.",False,stock already has a position
2026-06-17,6599681,APLAPOLLO,"APLAPOLLO, daily: when volume flow (OBV) is in its highest 20% → it tends to go DOWN over the next 20 days.",False,stock already has a position
2026-06-18,6599681,APLAPOLLO,"APLAPOLLO, daily: when volume flow (OBV) is in its highest 20% → it tends to go DOWN over the next 20 days.",False,stock already has a position
2026-06-19,6599681,APLAPOLLO,"APLAPOLLO, daily: when volume flow (OBV) is in its highest 20% → it tends to go DOWN over the next 20 days.",False,stock already has a position
2026-06-22,6599681,APLAPOLLO,"APLAPOLLO, daily: when volume flow (OBV) is in its highest 20% → it tends to go DOWN over the next 20 days.",False,stock already has a position
2026-06-23,6599681,APLAPOLLO,"APLAPOLLO, daily: when volume flow (OBV) is in its highest 20% → it tends to go DOWN over the next 20 days.",False,stock already has a position
2026-06-24,6599681,APLAPOLLO,"APLAPOLLO, daily: when volume flow (OBV) is in its highest 20% → it tends to go DOWN over the next 20 days.",False,stock already has a position
2026-06-25,6599681,APLAPOLLO,"APLAPOLLO, daily: when volume flow (OBV) is in its highest 20% → it tends to go DOWN over the next 20 days.",False,stock already has a position
2026-06-29,6599681,APLAPOLLO,"APLAPOLLO, daily: when volume flow (OBV) is in its highest 20% → it tends to go DOWN over the next 20 days.",False,stock already has a position
2026-06-30,6599681,APLAPOLLO,"APLAPOLLO, daily: when volume flow (OBV) is in its highest 20% → it tends to go DOWN over the next 20 days.",False,stock already has a position
2026-07-01,6599681,APLAPOLLO,"APLAPOLLO, daily: when volume flow (OBV) is in its highest 20% → it tends to go DOWN over the next 20 days.",False,stock already has a position
2026-07-02,6599681,APLAPOLLO,"APLAPOLLO, daily: when volume flow (OBV) is in its highest 20% → it tends to go DOWN over the next 20 days.",False,stock already has a position
2026-07-03,6599681,APLAPOLLO,"APLAPOLLO, daily: when volume flow (OBV) is in its highest 20% → it tends to go DOWN over the next 20 days.",False,stock already has a position
2026-07-06,6599681,APLAPOLLO,"APLAPOLLO, daily: when volume flow (OBV) is in its highest 20% → it tends to go DOWN over the next 20 days.",False,stock already has a position
2026-07-07,6599681,APLAPOLLO,"APLAPOLLO, daily: when volume flow (OBV) is in its highest 20% → it tends to go DOWN over the next 20 days.",False,stock already has a position
2026-07-08,6599681,APLAPOLLO,"APLAPOLLO, daily: when volume flow (OBV) is in its highest 20% → it tends to go DOWN over the next 20 days.",False,stock already has a position
2026-07-09,6599681,APLAPOLLO,"APLAPOLLO, daily: when volume flow (OBV) is in its highest 20% → it tends to go DOWN over the next 20 days.",False,stock already has a position
2026-07-10,6599681,APLAPOLLO,"APLAPOLLO, daily: when volume flow (OBV) is in its highest 20% → it tends to go DOWN over the next 20 days.",False,stock already has a position
2026-07-13,6599681,APLAPOLLO,"APLAPOLLO, daily: when volume flow (OBV) is in its highest 20% → it tends to go DOWN over the next 20 days.",False,stock already has a position
2026-07-14,6599681,APLAPOLLO,"APLAPOLLO, daily: when volume flow (OBV) is in its highest 20% → it tends to go DOWN over the next 20 days.",False,stock already has a position
2026-07-15,6599681,APLAPOLLO,"APLAPOLLO, daily: when volume flow (OBV) is in its highest 20% → it tends to go DOWN over the next 20 days.",False,stock already has a position
2026-07-16,6599681,APLAPOLLO,"APLAPOLLO, daily: when volume flow (OBV) is in its highest 20% → it tends to go DOWN over the next 20 days.",False,stock already has a position
2026-07-17,6599681,APLAPOLLO,"APLAPOLLO, daily: when volume flow (OBV) is in its highest 20% → it tends to go DOWN over the next 20 days.",False,stock already has a position
2026-07-20,6599681,APLAPOLLO,"APLAPOLLO, daily: when volume flow (OBV) is in its highest 20% → it tends to go DOWN over the next 20 days.",False,stock already has a position
2026-07-21,6599681,APLAPOLLO,"APLAPOLLO, daily: when volume flow (OBV) is in its highest 20% → it tends to go DOWN over the next 20 days.",False,stock already has a position
2026-07-22,6599681,APLAPOLLO,"APLAPOLLO, daily: when volume flow (OBV) is in its highest 20% → it tends to go DOWN over the next 20 days.",False,stock already has a position
2026-07-23,6599681,APLAPOLLO,"APLAPOLLO, daily: when volume flow (OBV) is in its highest 20% → it tends to go DOWN over the next 20 days.",False,stock already has a position
2026-07-24,6599681,APLAPOLLO,"APLAPOLLO, daily: when volume flow (OBV) is in its highest 20% → it tends to go DOWN over the next 20 days.",False,stock already has a position
2026-07-27,6599681,APLAPOLLO,"APLAPOLLO, daily: when volume flow (OBV) is in its highest 20% → it tends to go DOWN over the next 20 days.",False,stock already has a position
2026-07-28,6599681,APLAPOLLO,"APLAPOLLO, daily: when volume flow (OBV) is in its highest 20% → it tends to go DOWN over the next 20 days.",False,stock already has a position
2026-07-29,6599681,APLAPOLLO,"APLAPOLLO, daily: when volume flow (OBV) is in its highest 20% → it tends to go DOWN over the next 20 days.",False,stock already has a position
2026-07-30,6599681,APLAPOLLO,"APLAPOLLO, daily: when volume flow (OBV) is in its highest 20% → it tends to go DOWN over the next 20 days.",False,stock already has a position
2026-07-31,6599681,APLAPOLLO,"APLAPOLLO, daily: when volume flow (OBV) is in its highest 20% → it tends to go DOWN over the next 20 days.",False,stock already has a position
2026-08-03,6599681,APLAPOLLO,"APLAPOLLO, daily: when volume flow (OBV) is in its highest 20% → it tends to go DOWN over the next 20 days.",False,stock already has a position
2026-08-04,6599681,APLAPOLLO,"APLAPOLLO, daily: when volume flow (OBV) is in its highest 20% → it tends to go DOWN over the next 20 days.",False,stock already has a position
2026-08-05,6599681,APLAPOLLO,"APLAPOLLO, daily: when volume flow (OBV) is in its highest 20% → it tends to go DOWN over the next 20 days.",False,stock already has a position
2026-08-06,6599681,APLAPOLLO,"APLAPOLLO, daily: when volume flow (OBV) is in its highest 20% → it tends to go DOWN over the next 20 days.",False,stock already has a position
2026-08-07,6599681,APLAPOLLO,"APLAPOLLO, daily: when volume flow (OBV) is in its highest 20% → it tends to go DOWN over the next 20 days.",False,stock already has a position
2026-08-10,6599681,APLAPOLLO,"APLAPOLLO, daily: when volume flow (OBV) is in its highest 20% → it tends to go DOWN over the next 20 days.",False,stock already has a position
2026-08-11,6599681,APLAPOLLO,"APLAPOLLO, daily: when volume flow (OBV) is in its highest 20% → it tends to go DOWN over the next 20 days.",False,stock already has a position
2026-08-12,6599681,APLAPOLLO,"APLAPOLLO, daily: when volume flow (OBV) is in its highest 20% → it tends to go DOWN over the next 20 days.",False,stock already has a position
2026-08-13,6599681,APLAPOLLO,"APLAPOLLO, daily: when volume flow (OBV) is in its highest 20% → it tends to go DOWN over the next 20 days.",False,stock already has a position
2026-08-14,6599681,APLAPOLLO,"APLAPOLLO, daily: when volume flow (OBV) is in its highest 20% → it tends to go DOWN over the next 20 days.",False,stock already has a position
2026-08-17,6599681,APLAPOLLO,"APLAPOLLO, daily: when volume flow (OBV) is in its highest 20% → it tends to go DOWN over the next 20 days.",False,stock already has a position
2026-08-18,6599681,APLAPOLLO,"APLAPOLLO, daily: when volume flow (OBV) is in its highest 20% → it tends to go DOWN over the next 20 days.",False,stock already has a position
2026-08-19,6599681,APLAPOLLO,"APLAPOLLO, daily: when volume flow (OBV) is in its highest 20% → it tends to go DOWN over the next 20 days.",False,stock already has a position
2026-08-20,6599681,APLAPOLLO,"APLAPOLLO, daily: when volume flow (OBV) is in its highest 20% → it tends to go DOWN over the next 20 days.",False,stock already has a position
2026-08-21,6599681,APLAPOLLO,"APLAPOLLO, daily: when volume flow (OBV) is in its highest 20% → it tends to go DOWN over the next 20 days.",False,stock already has a position
2026-08-24,6599681,APLAPOLLO,"APLAPOLLO, daily: when volume flow (OBV) is in its highest 20% → it tends to go DOWN over the next 20 days.",False,stock already has a position
2026-08-25,6599681,APLAPOLLO,"APLAPOLLO, daily: when volume flow (OBV) is in its highest 20% → it tends to go DOWN over the next 20 days.",False,stock already has a position
2026-08-26,6599681,APLAPOLLO,"APLAPOLLO, daily: when volume flow (OBV) is in its highest 20% → it tends to go DOWN over the next 20 days.",False,stock already has a position
2026-08-27,6599681,APLAPOLLO,"APLAPOLLO, daily: when volume flow (OBV) is in its highest 20% → it tends to go DOWN over the next 20 days.",False,stock already has a position
2026-08-31,6599681,APLAPOLLO,"APLAPOLLO, daily: when volume flow (OBV) is in its highest 20% → it tends to go DOWN over the next 20 days.",False,stock already has a position
2026-09-01,6599681,APLAPOLLO,"APLAPOLLO, daily: when volume flow (OBV) is in its highest 20% → it tends to go DOWN over the next 20 days.",False,stock already has a position
2026-09-02,6599681,APLAPOLLO,"APLAPOLLO, daily: when volume flow (OBV) is in its highest 20% → it tends to go DOWN over the next 20 days.",False,stock already has a position
2026-09-03,6599681,APLAPOLLO,"APLAPOLLO, daily: when volume flow (OBV) is in its highest 20% → it tends to go DOWN over the next 20 days.",False,stock already has a position
2026-09-04,6599681,APLAPOLLO,"APLAPOLLO, daily: when volume flow (OBV) is in its highest 20% → it tends to go DOWN over the next 20 days.",False,stock already has a position
2026-09-07,6599681,APLAPOLLO,"APLAPOLLO, daily: when volume flow (OBV) is in its highest 20% → it tends to go DOWN over the next 20 days.",False,stock already has a position
2026-09-08,6599681,APLAPOLLO,"APLAPOLLO, daily: when volume flow (OBV) is in its highest 20% → it tends to go DOWN over the next 20 days.",False,stock already has a position
2026-09-09,6599681,APLAPOLLO,"APLAPOLLO, daily: when volume flow (OBV) is in its highest 20% → it tends to go DOWN over the next 20 days.",False,stock already has a position
2026-09-10,6599681,APLAPOLLO,"APLAPOLLO, daily: when volume flow (OBV) is in its highest 20% → it tends to go DOWN over the next 20 days.",False,stock already has a position
