equation,underlying,strike,expiry,entry_ist,exit_ist,lots,lot_size,notional_rupees,entry_ce,entry_pe,future,exit_ce,exit_pe,entry_gap_frac,gap_rupees,spread_frac,spread_cost_rupees,statutory_cost_rupees,total_cost_rupees,gross_rupees,net_rupees,result_R,exit_reason,regime
parity,NIFTY,24000.0,2026-09-29,2026-06-29 09:16 IST,2026-06-29 09:16 IST,1,75,1808625.0,874.05,421.55,24115.0,874.05,421.55,0.01407,25452.66,0.0,0.0,771.66,771.66,0.0,-771.66,-0.772,gap widened (past the session band),bullish/normal
parity,NIFTY,24000.0,2026-09-29,2026-06-29 09:19 IST,2026-06-29 09:19 IST,1,75,1807823.0,870.0,420.0,24104.3,870.0,420.0,0.01441,26054.56,0.00034,653.38,771.32,1424.7,0.0,-1424.7,-1.425,gap widened (past the session band),bullish/normal
parity,NIFTY,24000.0,2026-09-29,2026-06-29 09:22 IST,2026-06-29 09:22 IST,1,75,1808925.0,874.85,415.85,24119.0,874.85,415.85,0.01418,25645.03,0.0,0.0,772.78,772.78,0.0,-772.78,-0.773,gap widened (past the session band),bullish/normal
parity,NIFTY,24000.0,2026-09-29,2026-06-29 09:25 IST,2026-06-29 09:25 IST,1,75,1806368.0,864.0,429.6,24084.9,864.0,429.6,0.01457,26315.94,0.00482,9175.26,771.34,9946.6,0.0,-9946.6,-9.947,gap widened (past the session band),bullish/normal
parity,NIFTY,25500.0,2026-09-29,2026-06-29 09:27 IST,2026-06-29 09:27 IST,1,75,1805857.0,195.0,1232.0,24078.1,195.0,1232.0,0.01503,27134.58,0.0,0.0,778.76,778.76,0.0,-778.76,-0.779,gap widened (past the session band),bullish/normal
parity,NIFTY,24000.0,2026-09-29,2026-06-29 09:28 IST,2026-06-29 09:28 IST,1,75,1806645.0,860.0,425.65,24088.6,860.0,425.65,0.01441,26039.26,2e-05,31.92,770.57,802.49,0.0,-802.49,-0.802,gap widened (past the session band),bullish/normal
parity,NIFTY,25500.0,2026-09-29,2026-06-29 09:33 IST,2026-06-29 09:33 IST,1,75,1804050.0,194.55,1242.1,24054.0,194.55,1242.1,0.01559,28121.43,0.0,0.0,780.45,780.45,0.0,-780.45,-0.78,gap widened (past the session band),bullish/normal
parity,NIFTY,24000.0,2026-09-29,2026-06-29 09:35 IST,2026-06-29 09:35 IST,1,75,1802325.0,831.85,452.75,24031.0,831.85,452.75,0.01451,26145.28,0.00038,731.92,771.28,1503.2,0.0,-1503.2,-1.503,gap widened (past the session band),bullish/normal
parity,NIFTY,24000.0,2026-09-29,2026-06-29 09:38 IST,2026-06-29 09:38 IST,1,75,1804500.0,846.15,443.0,24060.0,846.15,443.0,0.0143,25809.38,0.00471,8940.02,769.58,9709.6,0.0,-9709.6,-9.71,gap widened (past the session band),bullish/normal
parity,NIFTY,25500.0,2026-09-29,2026-06-29 09:38 IST,2026-06-29 09:38 IST,1,75,1804500.0,193.25,1255.0,24060.0,193.25,1255.0,0.01475,26613.74,0.0,0.0,782.43,782.43,0.0,-782.43,-0.782,gap widened (past the session band),bullish/normal
parity,NIFTY,24000.0,2026-09-29,2026-06-29 09:41 IST,2026-06-29 09:41 IST,1,75,1806323.0,854.35,432.25,24084.3,854.35,432.25,0.01408,25437.68,0.0,0.0,770.23,770.23,0.0,-770.23,-0.77,gap widened (past the session band),bullish/normal
parity,NIFTY,24000.0,2026-09-29,2026-06-29 09:43 IST,2026-06-29 09:43 IST,1,75,1806975.0,863.1,427.5,24093.0,863.1,427.5,0.01428,25808.34,0.00596,11334.88,770.48,12105.36,0.0,-12105.36,-12.105,gap widened (past the session band),bullish/normal
parity,NIFTY,24000.0,2026-09-29,2026-06-29 09:45 IST,2026-06-29 10:04 IST,1,75,1807350.0,862.25,428.95,24098.0,847.05,438.0,0.01398,25266.94,0.0025,4757.71,771.45,5529.16,-426.67,-5955.83,-5.956,gap widened (past the session band),bullish/normal
parity,NIFTY,25500.0,2026-09-29,2026-06-29 09:46 IST,2026-06-29 09:46 IST,1,75,1807118.0,193.1,1220.2,24094.9,193.1,1220.2,0.01474,26637.5,0.0,0.0,777.44,777.44,0.0,-777.44,-0.777,gap widened (past the session band),bullish/normal
parity,BANKNIFTY,57000.0,2026-09-29,2026-06-29 10:01 IST,2026-06-29 10:01 IST,1,15,870972.0,3020.1,911.25,58064.8,3020.1,911.25,0.01828,15920.29,0.0,0.0,428.28,428.28,0.0,-428.28,-0.428,gap widened (past the session band),bullish/normal
parity,BANKNIFTY,57000.0,2026-09-29,2026-06-29 10:03 IST,2026-06-29 10:03 IST,1,15,870645.0,3002.4,922.7,58043.0,3002.4,922.7,0.01815,15804.73,0.00595,5536.46,427.73,5964.19,0.0,-5964.19,-5.964,gap widened (past the session band),bullish/normal
parity,NIFTY,24000.0,2026-09-29,2026-06-29 10:07 IST,2026-06-29 10:08 IST,1,75,1807425.0,860.0,428.0,24099.0,864.95,425.0,0.01388,25095.66,0.01108,21063.82,768.3,21832.12,-963.11,-22795.23,-22.795,gap widened (past the session band),bullish/normal
parity,NIFTY,25500.0,2026-09-29,2026-06-29 10:22 IST,2026-06-29 10:22 IST,1,75,1806870.0,195.0,1226.1,24091.6,195.0,1226.1,0.01471,26581.03,0.0045,8616.48,779.04,9395.52,0.0,-9395.52,-9.396,gap widened (past the session band),bullish/normal
parity,NIFTY,24000.0,2026-09-29,2026-06-29 10:23 IST,2026-06-29 10:28 IST,1,75,1807875.0,867.1,426.0,24105.0,883.0,412.15,0.01401,25335.47,0.00022,411.68,770.73,1182.41,-180.61,-1363.02,-1.363,gap widened (past the session band),bullish/normal
parity,NIFTY,25500.0,2026-09-29,2026-06-29 10:34 IST,2026-06-29 10:34 IST,1,75,1809465.0,203.15,1190.0,24126.2,203.15,1190.0,0.01511,27346.98,0.00039,746.89,776.28,1523.17,0.0,-1523.17,-1.523,gap widened (past the session band),bullish/normal
parity,NIFTY,24000.0,2026-09-29,2026-06-29 10:37 IST,2026-06-29 10:37 IST,1,75,1808625.0,876.6,416.0,24115.0,876.6,416.0,0.01441,26060.16,0.0,0.0,773.21,773.21,0.0,-773.21,-0.773,gap widened (past the session band),bullish/normal
parity,NIFTY,24000.0,2026-09-29,2026-06-29 10:41 IST,2026-06-29 10:41 IST,1,75,1809150.0,881.6,417.05,24122.0,881.6,417.05,0.01428,25839.94,0.00134,2561.79,772.96,3334.75,0.0,-3334.75,-3.335,gap widened (past the session band),bullish/normal
parity,NIFTY,24000.0,2026-09-29,2026-06-29 10:43 IST,2026-06-29 10:43 IST,1,75,1809600.0,883.6,414.5,24128.0,883.6,414.5,0.01422,25738.5,0.0,0.0,773.62,773.62,0.0,-773.62,-0.774,gap widened (past the session band),bullish/normal
parity,NIFTY,24000.0,2026-09-29,2026-06-29 10:45 IST,2026-06-29 10:46 IST,1,75,1809765.0,878.55,414.55,24130.2,879.25,417.75,0.01392,25193.74,0.00025,476.2,774.0,1250.2,-845.49,-2095.69,-2.096,gap widened (past the session band),bullish/normal
parity,NIFTY,24000.0,2026-09-29,2026-06-29 10:51 IST,2026-06-29 10:51 IST,1,75,1806300.0,856.1,427.95,24084.0,856.1,427.95,0.01435,25913.62,0.00252,4805.63,769.6,5575.23,0.0,-5575.23,-5.575,gap widened (past the session band),bullish/normal
parity,NIFTY,24000.0,2026-09-29,2026-06-29 10:53 IST,2026-06-29 10:53 IST,1,75,1804732.0,847.2,431.6,24063.1,847.2,431.6,0.01469,26514.43,0.0,0.0,768.82,768.82,0.0,-768.82,-0.769,gap widened (past the session band),bullish/normal
parity,NIFTY,25500.0,2026-09-29,2026-06-29 10:55 IST,2026-06-29 10:55 IST,1,75,1806135.0,189.0,1232.0,24081.8,189.0,1232.0,0.01462,26411.5,0.00496,9492.77,775.85,10268.62,0.0,-10268.62,-10.269,gap widened (past the session band),bullish/normal
parity,NIFTY,24000.0,2026-09-29,2026-06-29 10:57 IST,2026-06-29 10:57 IST,1,75,1806225.0,853.2,430.85,24083.0,853.2,430.85,0.01415,25552.41,1e-05,9.75,769.31,779.06,0.0,-779.06,-0.779,gap widened (past the session band),bullish/normal
parity,NIFTY,24000.0,2026-09-29,2026-06-29 10:59 IST,2026-06-29 10:59 IST,1,75,1806360.0,855.2,427.6,24084.8,855.2,427.6,0.01429,25813.29,0.00235,4478.9,769.98,5248.88,0.0,-5248.88,-5.249,gap widened (past the session band),bullish/normal
parity,NIFTY,24000.0,2026-09-29,2026-06-29 11:01 IST,2026-06-29 11:01 IST,1,75,1806900.0,857.75,427.8,24092.0,857.75,427.8,0.01409,25458.38,0.00791,15050.74,768.3,15819.04,0.0,-15819.04,-15.819,gap widened (past the session band),bullish/normal
parity,NIFTY,24000.0,2026-09-29,2026-06-29 11:03 IST,2026-06-29 11:03 IST,1,75,1807500.0,863.8,420.65,24100.0,863.8,420.65,0.01431,25858.13,0.0,0.0,770.31,770.31,0.0,-770.31,-0.77,gap widened (past the session band),bullish/normal
parity,NIFTY,25500.0,2026-09-29,2026-06-29 11:03 IST,2026-06-29 11:03 IST,1,75,1807500.0,192.55,1218.0,24100.0,192.55,1218.0,0.0146,26384.99,0.00029,548.93,777.9,1326.83,0.0,-1326.83,-1.327,gap widened (past the session band),bullish/normal
parity,NIFTY,25500.0,2026-09-29,2026-06-29 11:05 IST,2026-06-29 11:05 IST,1,75,1807620.0,194.2,1210.0,24101.6,194.2,1210.0,0.01493,26990.72,0.0075,14351.99,775.87,15127.86,0.0,-15127.86,-15.128,gap widened (past the session band),bullish/normal
parity,NIFTY,24000.0,2026-09-29,2026-06-29 11:06 IST,2026-06-29 11:07 IST,1,75,1807440.0,856.55,423.05,24099.2,863.8,419.45,0.01394,25193.46,0.00353,6717.99,770.09,7488.08,-394.51,-7882.59,-7.883,gap widened (past the session band),bullish/normal
parity,NIFTY,25500.0,2026-09-29,2026-06-29 11:07 IST,2026-06-29 11:07 IST,1,75,1807860.0,193.05,1211.6,24104.8,193.05,1211.6,0.01468,26548.29,0.0,0.0,776.8,776.8,0.0,-776.8,-0.777,gap widened (past the session band),bullish/normal
parity,NIFTY,25500.0,2026-09-29,2026-06-29 11:09 IST,2026-06-29 11:09 IST,1,75,1807762.0,192.4,1212.75,24103.5,192.4,1212.75,0.01466,26509.26,0.0,0.0,776.34,776.34,0.0,-776.34,-0.776,gap widened (past the session band),bullish/normal
parity,NIFTY,24000.0,2026-09-29,2026-06-29 11:10 IST,2026-06-29 11:10 IST,1,75,1808182.0,865.5,419.0,24109.1,865.5,419.0,0.01407,25438.0,0.00162,3075.76,769.77,3845.53,0.0,-3845.53,-3.846,gap widened (past the session band),bullish/normal
parity,NIFTY,25500.0,2026-09-29,2026-06-29 11:11 IST,2026-06-29 11:11 IST,1,75,1807868.0,193.0,1208.0,24104.9,193.0,1208.0,0.01483,26807.18,0.00417,7985.29,776.78,8762.07,0.0,-8762.07,-8.762,gap widened (past the session band),bullish/normal
parity,NIFTY,25500.0,2026-09-29,2026-06-29 11:14 IST,2026-06-29 11:14 IST,1,75,1807155.0,191.5,1219.75,24095.4,191.5,1219.75,0.01467,26514.36,0.0,0.0,777.17,777.17,0.0,-777.17,-0.777,gap widened (past the session band),bullish/normal
parity,NIFTY,25500.0,2026-09-29,2026-06-29 11:17 IST,2026-06-29 11:17 IST,1,75,1807800.0,191.2,1218.0,24104.0,191.2,1218.0,0.01438,25988.62,0.00319,6095.68,776.86,6872.54,0.0,-6872.54,-6.873,gap widened (past the session band),bullish/normal
parity,NIFTY,24000.0,2026-09-29,2026-06-29 11:18 IST,2026-06-29 11:18 IST,1,75,1807560.0,862.65,422.3,24100.8,862.65,422.3,0.01416,25589.05,0.00332,6320.35,770.0,7090.35,0.0,-7090.35,-7.09,gap widened (past the session band),bullish/normal
parity,NIFTY,25500.0,2026-09-29,2026-06-29 11:19 IST,2026-06-29 11:19 IST,1,75,1807425.0,191.0,1216.0,24099.0,191.0,1216.0,0.01466,26492.52,0.00086,1640.9,776.44,2417.34,0.0,-2417.34,-2.417,gap widened (past the session band),bullish/normal
parity,NIFTY,24000.0,2026-09-29,2026-06-29 11:22 IST,2026-06-29 11:22 IST,1,75,1807140.0,859.0,424.4,24095.2,859.0,424.4,0.01415,25571.08,8e-05,158.75,769.06,927.81,0.0,-927.81,-0.928,gap widened (past the session band),bullish/normal
parity,NIFTY,25500.0,2026-09-29,2026-06-29 11:22 IST,2026-06-29 11:22 IST,1,75,1807140.0,190.15,1220.0,24095.2,190.15,1220.0,0.01461,26409.2,0.00758,14502.86,775.82,15278.68,0.0,-15278.68,-15.279,gap widened (past the session band),bullish/normal
parity,NIFTY,24000.0,2026-09-29,2026-06-29 11:25 IST,2026-06-29 11:25 IST,1,75,1806660.0,856.85,424.4,24088.8,856.85,424.4,0.01433,25881.92,0.00239,4544.99,769.14,5314.13,0.0,-5314.13,-5.314,gap widened (past the session band),bullish/normal
parity,NIFTY,25500.0,2026-09-29,2026-06-29 11:25 IST,2026-06-29 11:25 IST,1,75,1806660.0,189.2,1223.0,24088.8,189.2,1223.0,0.01472,26585.03,0.00033,628.74,777.32,1406.06,0.0,-1406.06,-1.406,gap widened (past the session band),bullish/normal
parity,NIFTY,25500.0,2026-09-29,2026-06-29 11:28 IST,2026-06-29 11:28 IST,1,75,1806277.0,188.25,1231.25,24083.7,188.25,1231.25,0.01454,26271.43,0.00375,7179.19,777.13,7956.32,0.0,-7956.32,-7.956,gap widened (past the session band),bullish/normal
parity,NIFTY,24000.0,2026-09-29,2026-06-29 11:30 IST,2026-06-29 11:30 IST,1,75,1805850.0,856.1,429.35,24078.0,856.1,429.35,0.01454,26251.31,0.0,0.0,769.38,769.38,0.0,-769.38,-0.769,gap widened (past the session band),bullish/normal
parity,NIFTY,25500.0,2026-09-29,2026-06-29 11:30 IST,2026-06-29 11:30 IST,1,75,1805850.0,192.0,1237.3,24078.0,192.0,1237.3,0.01469,26519.43,1e-05,28.08,778.79,806.87,0.0,-806.87,-0.807,gap widened (past the session band),bullish/normal
parity,BANKNIFTY,57000.0,2026-09-29,2026-06-29 11:32 IST,2026-06-29 11:32 IST,1,15,870465.0,3011.0,925.0,58031.0,3011.0,925.0,0.01847,16076.31,0.00033,302.41,426.69,729.1,0.0,-729.1,-0.729,gap widened (past the session band),bullish/normal
parity,NIFTY,24000.0,2026-09-29,2026-06-29 11:32 IST,2026-06-29 11:32 IST,1,75,1805077.0,850.55,435.95,24067.7,850.55,435.95,0.01446,26100.07,0.00039,745.14,769.58,1514.72,0.0,-1514.72,-1.515,gap widened (past the session band),bullish/normal
parity,NIFTY,25500.0,2026-09-29,2026-06-29 11:32 IST,2026-06-29 11:32 IST,1,75,1805077.0,189.05,1239.0,24067.7,189.05,1239.0,0.01492,26930.68,0.00217,4159.73,779.01,4938.74,0.0,-4938.74,-4.939,gap widened (past the session band),bullish/normal
parity,NIFTY,24000.0,2026-09-29,2026-06-29 11:34 IST,2026-06-29 11:35 IST,1,75,1803375.0,827.0,444.65,24045.0,839.0,440.95,0.01406,25356.09,0.0,0.0,767.28,767.28,-803.15,-1570.43,-1.57,gap widened (past the session band),bullish/normal
parity,NIFTY,25500.0,2026-09-29,2026-06-29 11:34 IST,2026-06-29 11:34 IST,1,75,1803375.0,185.0,1271.7,24045.0,185.0,1271.7,0.01433,25849.21,0.0,0.0,781.64,781.64,0.0,-781.64,-0.782,gap widened (past the session band),bullish/normal
parity,NIFTY,24000.0,2026-09-29,2026-06-29 11:37 IST,2026-06-29 11:37 IST,1,75,1804875.0,844.7,436.55,24065.0,844.7,436.55,0.0143,25815.47,0.00027,513.92,768.68,1282.6,0.0,-1282.6,-1.283,gap widened (past the session band),bullish/normal
parity,NIFTY,25500.0,2026-09-29,2026-06-29 11:38 IST,2026-06-29 11:38 IST,1,75,1804388.0,188.65,1254.0,24058.5,188.65,1254.0,0.01466,26454.41,0.0,0.0,780.72,780.72,0.0,-780.72,-0.781,gap widened (past the session band),bullish/normal
parity,NIFTY,24000.0,2026-09-29,2026-06-29 11:41 IST,2026-06-29 11:41 IST,1,75,1804500.0,842.85,440.0,24060.0,842.85,440.0,0.01429,25786.87,0.00465,8837.22,768.58,9605.8,0.0,-9605.8,-9.606,gap widened (past the session band),bullish/normal
parity,NIFTY,24000.0,2026-09-29,2026-06-29 11:44 IST,2026-06-29 11:44 IST,1,75,1803375.0,838.65,443.3,24045.0,838.65,443.3,0.0146,26331.1,0.00019,353.24,769.02,1122.26,0.0,-1122.26,-1.122,gap widened (past the session band),bullish/normal
parity,NIFTY,24000.0,2026-09-29,2026-06-29 11:47 IST,2026-06-29 11:47 IST,1,75,1803750.0,836.95,445.15,24050.0,836.95,445.15,0.01425,25695.94,0.0,0.0,767.9,767.9,0.0,-767.9,-0.768,gap widened (past the session band),bullish/normal
parity,NIFTY,25500.0,2026-09-29,2026-06-29 11:47 IST,2026-06-29 11:47 IST,1,75,1803750.0,188.0,1256.5,24050.0,188.0,1256.5,0.01488,26845.3,0.00157,3003.38,779.87,3783.25,0.0,-3783.25,-3.783,gap widened (past the session band),bullish/normal
parity,NIFTY,24000.0,2026-09-29,2026-06-29 11:51 IST,2026-06-29 11:51 IST,1,75,1802677.0,828.05,452.1,24035.7,828.05,452.1,0.01418,25562.32,0.00082,1555.33,767.93,2323.26,0.0,-2323.26,-2.323,gap widened (past the session band),bullish/normal
parity,NIFTY,24000.0,2026-09-29,2026-06-29 11:53 IST,2026-06-29 11:53 IST,1,75,1802250.0,826.0,453.0,24030.0,826.0,453.0,0.01429,25761.56,0.00291,5520.43,768.25,6288.68,0.0,-6288.68,-6.289,gap widened (past the session band),bullish/normal
parity,NIFTY,24000.0,2026-09-29,2026-06-29 11:55 IST,2026-06-29 11:55 IST,1,75,1802093.0,827.7,454.65,24027.9,827.7,454.65,0.01438,25920.23,0.00205,3883.37,768.21,4651.58,0.0,-4651.58,-4.652,gap widened (past the session band),bullish/normal
parity,NIFTY,25500.0,2026-09-29,2026-06-29 11:55 IST,2026-06-29 11:55 IST,1,75,1802093.0,183.95,1286.95,24027.9,183.95,1286.95,0.01437,25888.34,0.00037,714.86,783.06,1497.92,0.0,-1497.92,-1.498,gap widened (past the session band),bullish/normal
parity,NIFTY,24000.0,2026-09-29,2026-06-29 11:57 IST,2026-06-29 11:57 IST,1,75,1802025.0,828.55,453.1,24027.0,828.55,453.1,0.01452,26166.66,0.00529,10034.39,767.61,10802.0,0.0,-10802.0,-10.802,gap widened (past the session band),bullish/normal
parity,NIFTY,25500.0,2026-09-29,2026-06-29 11:58 IST,2026-06-29 11:58 IST,1,75,1802640.0,186.95,1272.5,24035.2,186.95,1272.5,0.01479,26658.57,0.00075,1429.51,782.88,2212.39,0.0,-2212.39,-2.212,gap widened (past the session band),bullish/normal
parity,NIFTY,24000.0,2026-09-29,2026-06-29 11:59 IST,2026-06-29 11:59 IST,1,75,1802130.0,827.0,451.7,24028.4,827.0,451.7,0.01446,26052.08,0.0,0.0,768.01,768.01,0.0,-768.01,-0.768,gap widened (past the session band),bullish/normal
parity,NIFTY,25500.0,2026-09-29,2026-06-29 12:00 IST,2026-06-29 12:00 IST,1,75,1802243.0,185.85,1279.25,24029.9,185.85,1279.25,0.01468,26460.78,0.0048,9167.28,782.39,9949.67,0.0,-9949.67,-9.95,gap widened (past the session band),bullish/normal
parity,NIFTY,25500.0,2026-09-29,2026-06-29 12:02 IST,2026-06-29 12:02 IST,1,75,1802610.0,185.9,1275.0,24034.8,185.9,1275.0,0.01466,26421.72,0.00135,2572.22,782.21,3354.43,0.0,-3354.43,-3.354,gap widened (past the session band),bullish/normal
parity,NIFTY,24000.0,2026-09-29,2026-06-29 12:03 IST,2026-06-29 12:03 IST,1,75,1802062.0,827.5,452.95,24027.5,827.5,452.95,0.01446,26062.26,0.00161,3051.17,768.35,3819.52,0.0,-3819.52,-3.82,gap widened (past the session band),bullish/normal
parity,NIFTY,24000.0,2026-09-29,2026-06-29 12:06 IST,2026-06-29 12:06 IST,1,75,1801890.0,826.45,454.5,24025.2,826.45,454.5,0.01445,26037.02,0.00079,1493.59,768.29,2261.88,0.0,-2261.88,-2.262,gap widened (past the session band),bullish/normal
parity,NIFTY,25500.0,2026-09-29,2026-06-29 12:09 IST,2026-06-29 12:09 IST,1,75,1802625.0,187.0,1271.3,24035.0,187.0,1271.3,0.01485,26767.02,0.00027,513.54,783.08,1296.62,0.0,-1296.62,-1.297,gap widened (past the session band),bullish/normal
parity,NIFTY,24000.0,2026-09-29,2026-06-29 12:10 IST,2026-06-29 12:10 IST,1,75,1802460.0,830.25,450.95,24032.8,830.25,450.95,0.01444,26027.42,0.00213,4038.57,767.85,4806.42,0.0,-4806.42,-4.806,gap widened (past the session band),bullish/normal
parity,NIFTY,25500.0,2026-09-29,2026-06-29 12:11 IST,2026-06-29 12:11 IST,1,75,1802235.0,185.6,1280.95,24029.8,185.6,1280.95,0.01461,26321.88,0.00038,735.83,782.14,1517.97,0.0,-1517.97,-1.518,gap widened (past the session band),bullish/normal
parity,NIFTY,24000.0,2026-09-29,2026-06-29 12:12 IST,2026-06-29 12:12 IST,1,75,1800938.0,817.6,460.5,24012.5,817.6,460.5,0.01436,25860.23,0.0015,2845.31,768.02,3613.33,0.0,-3613.33,-3.613,gap widened (past the session band),bullish/normal
parity,NIFTY,25500.0,2026-09-29,2026-06-29 12:13 IST,2026-06-29 12:13 IST,1,75,1801350.0,185.0,1288.15,24018.0,185.0,1288.15,0.01477,26607.55,0.0,0.0,784.04,784.04,0.0,-784.04,-0.784,gap widened (past the session band),bullish/normal
parity,NIFTY,24000.0,2026-09-29,2026-06-29 12:14 IST,2026-06-29 12:14 IST,1,75,1800712.0,823.4,458.9,24009.5,823.4,458.9,0.01479,26636.58,0.00174,3304.56,767.57,4072.13,0.0,-4072.13,-4.072,gap widened (past the session band),bullish/normal
parity,NIFTY,25500.0,2026-09-29,2026-06-29 12:18 IST,2026-06-29 12:18 IST,1,75,1799625.0,183.75,1293.0,23995.0,183.75,1293.0,0.01547,27847.02,0.00388,7413.51,783.61,8197.12,0.0,-8197.12,-8.197,gap widened (past the session band),bullish/normal
parity,NIFTY,25500.0,2026-09-29,2026-06-29 12:20 IST,2026-06-29 12:20 IST,1,75,1800143.0,183.65,1300.45,24001.9,183.65,1300.45,0.01487,26771.66,0.00018,335.14,784.54,1119.68,0.0,-1119.68,-1.12,gap widened (past the session band),bullish/normal
parity,NIFTY,25500.0,2026-09-29,2026-06-29 12:22 IST,2026-06-29 12:22 IST,1,75,1799625.0,182.6,1296.9,23995.0,182.6,1296.9,0.01526,27468.27,0.00752,14361.24,783.88,15145.12,0.0,-15145.12,-15.145,gap widened (past the session band),bullish/normal
parity,NIFTY,24000.0,2026-09-29,2026-06-29 12:23 IST,2026-06-29 12:23 IST,1,75,1800225.0,815.0,463.0,24003.0,815.0,463.0,0.01454,26178.66,0.00587,11124.42,767.47,11891.89,0.0,-11891.89,-11.892,gap widened (past the session band),bullish/normal
parity,NIFTY,24000.0,2026-09-29,2026-06-29 12:27 IST,2026-06-29 12:27 IST,1,75,1800398.0,817.8,463.75,24005.3,817.8,463.75,0.01453,26162.65,0.00058,1103.08,767.19,1870.27,0.0,-1870.27,-1.87,gap widened (past the session band),bullish/normal
parity,NIFTY,25500.0,2026-09-29,2026-06-29 12:27 IST,2026-06-29 12:27 IST,1,75,1800398.0,184.0,1294.95,24005.3,184.0,1294.95,0.01497,26959.52,0.00143,2730.24,784.1,3514.34,0.0,-3514.34,-3.514,gap widened (past the session band),bullish/normal
parity,NIFTY,24000.0,2026-09-29,2026-06-29 12:29 IST,2026-06-29 12:29 IST,1,75,1799250.0,810.65,467.75,23990.0,810.65,467.75,0.0147,26455.31,0.00149,2833.4,767.35,3600.75,0.0,-3600.75,-3.601,gap widened (past the session band),bullish/normal
parity,NIFTY,25500.0,2026-09-29,2026-06-29 12:29 IST,2026-06-29 12:29 IST,1,75,1799250.0,181.55,1301.2,23990.0,181.55,1301.2,0.01525,27435.93,0.00399,7616.36,783.47,8399.83,0.0,-8399.83,-8.4,gap widened (past the session band),bullish/normal
parity,NIFTY,24000.0,2026-09-29,2026-06-29 12:31 IST,2026-06-29 12:31 IST,1,75,1798275.0,805.0,473.05,23977.0,805.0,473.05,0.01479,26593.22,0.00206,3896.2,766.69,4662.89,0.0,-4662.89,-4.663,gap widened (past the session band),bullish/normal
parity,NIFTY,25500.0,2026-09-29,2026-06-29 12:32 IST,2026-06-29 12:32 IST,1,75,1796993.0,176.05,1325.35,23959.9,176.05,1325.35,0.01527,27432.97,0.00459,8757.79,784.31,9542.1,0.0,-9542.1,-9.542,gap widened (past the session band),bullish/normal
parity,NIFTY,24000.0,2026-09-29,2026-06-29 12:33 IST,2026-06-29 12:33 IST,1,75,1796850.0,789.15,483.75,23958.0,789.15,483.75,0.01447,26003.81,0.0,0.0,765.31,765.31,0.0,-765.31,-0.765,gap widened (past the session band),bullish/normal
parity,NIFTY,24000.0,2026-09-29,2026-06-29 12:35 IST,2026-06-29 12:35 IST,1,75,1797638.0,797.95,479.85,23968.5,797.95,479.85,0.01456,26181.61,0.00016,304.71,765.75,1070.46,0.0,-1070.46,-1.07,gap widened (past the session band),bullish/normal
parity,NIFTY,24000.0,2026-09-29,2026-06-29 12:37 IST,2026-06-29 12:37 IST,1,75,1797075.0,794.95,481.5,23961.0,794.95,481.5,0.01468,26386.22,0.00214,4059.17,766.33,4825.5,0.0,-4825.5,-4.826,gap widened (past the session band),bullish/normal
parity,NIFTY,25500.0,2026-09-29,2026-06-29 12:38 IST,2026-06-29 12:38 IST,1,75,1796512.0,176.05,1333.0,23953.5,176.05,1333.0,0.01521,27331.44,0.0,0.0,786.48,786.48,0.0,-786.48,-0.786,gap widened (past the session band),bullish/normal
parity,NIFTY,24000.0,2026-09-29,2026-06-29 12:40 IST,2026-06-29 12:40 IST,1,75,1796250.0,790.0,486.1,23950.0,790.0,486.1,0.01474,26481.56,0.0,0.0,766.09,766.09,0.0,-766.09,-0.766,gap widened (past the session band),bullish/normal
parity,NIFTY,25500.0,2026-09-29,2026-06-29 12:41 IST,2026-06-29 12:41 IST,1,75,1796123.0,175.7,1333.9,23948.3,175.7,1333.9,0.01538,27621.3,0.00341,6520.92,787.32,7308.24,0.0,-7308.24,-7.308,gap widened (past the session band),bullish/normal
parity,NIFTY,24000.0,2026-09-29,2026-06-29 12:42 IST,2026-06-29 12:42 IST,1,75,1796775.0,793.3,485.5,23957.0,793.3,485.5,0.01461,26257.59,0.00409,7734.36,765.54,8499.9,0.0,-8499.9,-8.5,gap widened (past the session band),bullish/normal
parity,NIFTY,25500.0,2026-09-29,2026-06-29 12:46 IST,2026-06-29 12:46 IST,1,75,1798110.0,179.15,1321.5,23974.8,179.15,1321.5,0.01494,26854.85,0.0,0.0,786.64,786.64,0.0,-786.64,-0.787,gap widened (past the session band),bullish/normal
parity,NIFTY,24000.0,2026-09-29,2026-06-29 12:47 IST,2026-06-29 12:47 IST,1,75,1797375.0,796.9,480.35,23965.0,796.9,480.35,0.01465,26323.59,0.0001,182.07,766.33,948.4,0.0,-948.4,-0.948,gap widened (past the session band),bullish/normal
parity,NIFTY,24000.0,2026-09-29,2026-06-29 12:49 IST,2026-06-29 12:49 IST,1,75,1797750.0,791.35,480.6,23970.0,791.35,480.6,0.0142,25519.69,0.0107,20276.54,767.13,21043.67,0.0,-21043.67,-21.044,gap widened (past the session band),bullish/normal
parity,NIFTY,25500.0,2026-09-29,2026-06-29 12:49 IST,2026-06-29 12:49 IST,1,75,1797750.0,178.0,1323.35,23970.0,178.0,1323.35,0.01501,26984.06,0.00491,9385.47,785.49,10170.96,0.0,-10170.96,-10.171,gap widened (past the session band),bullish/normal
parity,NIFTY,24000.0,2026-09-29,2026-06-29 12:51 IST,2026-06-29 12:51 IST,1,75,1797788.0,799.35,477.65,23970.5,799.35,477.65,0.01463,26304.05,0.00148,2808.36,765.04,3573.4,0.0,-3573.4,-3.573,gap widened (past the session band),bullish/normal
parity,NIFTY,25500.0,2026-09-29,2026-06-29 12:51 IST,2026-06-29 12:51 IST,1,75,1797788.0,176.5,1330.0,23970.5,176.5,1330.0,0.01465,26335.91,0.00165,3152.72,787.0,3939.72,0.0,-3939.72,-3.94,gap widened (past the session band),bullish/normal
parity,NIFTY,25500.0,2026-09-29,2026-06-29 12:54 IST,2026-06-29 12:54 IST,1,75,1797750.0,176.7,1324.0,23970.0,176.7,1324.0,0.01493,26837.8,0.0062,11835.84,786.05,12621.89,0.0,-12621.89,-12.622,gap widened (past the session band),bullish/normal
parity,NIFTY,24000.0,2026-09-29,2026-06-29 12:57 IST,2026-06-29 12:57 IST,1,75,1798673.0,802.4,472.45,23982.3,802.4,472.45,0.01448,26052.12,0.00021,398.62,766.68,1165.3,0.0,-1165.3,-1.165,gap widened (past the session band),bullish/normal
parity,NIFTY,25500.0,2026-09-29,2026-06-29 12:57 IST,2026-06-29 12:57 IST,1,75,1798673.0,178.55,1311.7,23982.3,178.55,1311.7,0.01501,26991.49,0.00364,6952.42,786.47,7738.89,0.0,-7738.89,-7.739,gap widened (past the session band),bullish/normal
parity,NIFTY,24000.0,2026-09-29,2026-06-29 13:00 IST,2026-06-29 13:00 IST,1,75,1798830.0,798.35,468.65,23984.4,798.35,468.65,0.01439,25878.46,0.00244,4626.62,764.95,5391.57,0.0,-5391.57,-5.392,gap widened (past the session band),bullish/normal
parity,BANKNIFTY,57000.0,2026-09-29,2026-06-29 13:04 IST,2026-06-29 13:04 IST,1,15,866706.0,2849.3,1010.6,57780.4,2849.3,1010.6,0.01854,16064.75,0.0,0.0,423.58,423.58,0.0,-423.58,-0.424,gap widened (past the session band),bullish/normal
parity,NIFTY,24000.0,2026-09-29,2026-06-29 13:05 IST,2026-06-29 13:05 IST,1,75,1798050.0,801.35,476.65,23974.0,801.35,476.65,0.01461,26270.81,0.0,0.0,765.22,765.22,0.0,-765.22,-0.765,gap widened (past the session band),bullish/normal
parity,NIFTY,24000.0,2026-09-29,2026-06-29 13:11 IST,2026-06-29 13:11 IST,1,75,1799235.0,805.45,467.15,23989.8,805.45,467.15,0.01452,26125.01,0.00045,854.62,765.42,1620.04,0.0,-1620.04,-1.62,gap widened (past the session band),bullish/normal
parity,NIFTY,24000.0,2026-09-29,2026-06-29 13:17 IST,2026-06-29 13:17 IST,1,75,1798343.0,802.9,475.0,23977.9,802.9,475.0,0.01458,26223.04,0.00164,3111.41,765.9,3877.31,0.0,-3877.31,-3.877,gap widened (past the session band),bullish/normal
parity,NIFTY,25500.0,2026-09-29,2026-06-29 13:18 IST,2026-06-29 13:18 IST,1,75,1797750.0,176.05,1322.0,23970.0,176.05,1322.0,0.01498,26939.05,0.00018,340.26,785.07,1125.33,0.0,-1125.33,-1.125,gap widened (past the session band),bullish/normal
parity,NIFTY,24000.0,2026-09-29,2026-06-29 13:20 IST,2026-06-29 13:20 IST,1,75,1797750.0,795.0,478.4,23970.0,795.0,478.4,0.01444,25958.44,0.0,0.0,765.25,765.25,0.0,-765.25,-0.765,gap widened (past the session band),bullish/normal
parity,NIFTY,24000.0,2026-09-29,2026-06-29 13:22 IST,2026-06-29 13:22 IST,1,75,1797825.0,796.5,479.6,23971.0,796.5,479.6,0.01441,25907.16,0.00084,1595.34,765.41,2360.75,0.0,-2360.75,-2.361,gap widened (past the session band),bullish/normal
parity,NIFTY,25500.0,2026-09-29,2026-06-29 13:25 IST,2026-06-29 13:25 IST,1,75,1797675.0,177.5,1320.0,23969.0,177.5,1320.0,0.01517,27271.58,0.00143,2723.75,786.03,3509.78,0.0,-3509.78,-3.51,gap widened (past the session band),bullish/normal
parity,NIFTY,24000.0,2026-09-29,2026-06-29 13:27 IST,2026-06-29 13:27 IST,1,75,1798507.0,803.5,472.1,23980.1,803.5,472.1,0.01464,26323.28,2e-05,39.57,766.0,805.57,0.0,-805.57,-0.806,gap widened (past the session band),bullish/normal
parity,NIFTY,24000.0,2026-09-29,2026-06-29 13:31 IST,2026-06-29 13:31 IST,1,75,1799198.0,801.0,471.5,23989.3,801.0,471.5,0.01417,25501.9,0.00353,6687.15,766.92,7454.07,0.0,-7454.07,-7.454,gap widened (past the session band),bullish/normal
parity,NIFTY,25500.0,2026-09-29,2026-06-29 13:44 IST,2026-06-29 13:44 IST,1,75,1797630.0,178.45,1320.0,23968.4,178.45,1320.0,0.01524,27387.07,0.0002,383.9,786.24,1170.14,0.0,-1170.14,-1.17,gap widened (past the session band),bullish/normal
parity,NIFTY,24000.0,2026-09-29,2026-06-29 13:45 IST,2026-06-29 13:45 IST,1,75,1797248.0,791.9,476.95,23963.3,791.9,476.95,0.01465,26328.96,0.00537,10157.16,765.12,10922.28,0.0,-10922.28,-10.922,gap widened (past the session band),bullish/normal
parity,NIFTY,25500.0,2026-09-29,2026-06-29 13:48 IST,2026-06-29 13:48 IST,1,75,1798350.0,179.45,1310.2,23978.0,179.45,1310.2,0.01529,27488.81,0.00434,8293.44,785.24,9078.68,0.0,-9078.68,-9.079,gap widened (past the session band),bullish/normal
parity,NIFTY,24000.0,2026-09-29,2026-06-29 13:51 IST,2026-06-29 13:51 IST,1,75,1797502.0,789.0,481.15,23966.7,789.0,481.15,0.01421,25545.72,0.0,0.0,764.77,764.77,0.0,-764.77,-0.765,gap widened (past the session band),bullish/normal
parity,NIFTY,25500.0,2026-09-29,2026-06-29 13:51 IST,2026-06-29 13:51 IST,1,75,1797502.0,177.4,1328.25,23966.7,177.4,1328.25,0.01492,26815.09,0.00016,306.22,786.45,1092.67,0.0,-1092.67,-1.093,gap widened (past the session band),bullish/normal
parity,NIFTY,24000.0,2026-09-29,2026-06-29 13:54 IST,2026-06-29 13:54 IST,1,75,1797570.0,796.0,477.65,23967.6,796.0,477.65,0.01461,26266.79,0.0,0.0,765.09,765.09,0.0,-765.09,-0.765,gap widened (past the session band),bullish/normal
parity,NIFTY,24000.0,2026-09-29,2026-06-29 13:57 IST,2026-06-29 13:57 IST,1,75,1798050.0,798.05,473.9,23974.0,798.05,473.9,0.01459,26229.56,0.0,0.0,765.61,765.61,0.0,-765.61,-0.766,gap widened (past the session band),bullish/normal
parity,NIFTY,25500.0,2026-09-29,2026-06-29 13:57 IST,2026-06-29 13:57 IST,1,75,1798050.0,179.55,1322.9,23974.0,179.55,1322.9,0.01493,26838.93,0.00039,735.75,785.79,1521.54,0.0,-1521.54,-1.522,gap widened (past the session band),bullish/normal
parity,NIFTY,24000.0,2026-09-29,2026-06-29 14:01 IST,2026-06-29 14:01 IST,1,75,1798590.0,798.75,471.2,23981.2,798.75,471.2,0.01443,25953.39,0.0003,560.81,765.71,1326.52,0.0,-1326.52,-1.327,gap widened (past the session band),bullish/normal
parity,NIFTY,25500.0,2026-09-29,2026-06-29 14:01 IST,2026-06-29 14:01 IST,1,75,1798590.0,180.2,1310.0,23981.2,180.2,1310.0,0.01519,27324.01,0.00186,3551.62,786.97,4338.59,0.0,-4338.59,-4.339,gap widened (past the session band),bullish/normal
parity,NIFTY,24000.0,2026-09-29,2026-06-29 14:03 IST,2026-06-29 14:03 IST,1,75,1798770.0,800.9,470.1,23983.6,800.9,470.1,0.01447,26020.04,8e-05,150.65,765.3,915.95,0.0,-915.95,-0.916,gap widened (past the session band),bullish/normal
parity,NIFTY,24000.0,2026-09-29,2026-06-29 14:06 IST,2026-06-29 14:06 IST,1,75,1798875.0,804.15,469.65,23985.0,804.15,469.65,0.01456,26194.22,0.00313,5934.25,766.51,6700.76,0.0,-6700.76,-6.701,gap widened (past the session band),bullish/normal
parity,NIFTY,24000.0,2026-09-29,2026-06-29 14:08 IST,2026-06-29 14:08 IST,1,75,1798500.0,804.9,467.8,23980.0,804.9,467.8,0.01488,26758.13,0.00615,11652.44,766.39,12418.83,0.0,-12418.83,-12.419,gap widened (past the session band),bullish/normal
parity,NIFTY,24000.0,2026-09-29,2026-06-29 14:10 IST,2026-06-29 14:10 IST,1,75,1797960.0,799.8,473.25,23972.8,799.8,473.25,0.01474,26498.04,0.00349,6608.64,765.44,7374.08,0.0,-7374.08,-7.374,gap widened (past the session band),bullish/normal
parity,NIFTY,24000.0,2026-09-29,2026-06-29 14:12 IST,2026-06-29 14:12 IST,1,75,1798673.0,799.25,471.5,23982.3,799.25,471.5,0.01439,25887.12,0.00236,4467.05,766.29,5233.34,0.0,-5233.34,-5.233,gap widened (past the session band),bullish/normal
parity,NIFTY,24000.0,2026-09-29,2026-06-29 14:14 IST,2026-06-29 14:14 IST,1,75,1798688.0,804.4,468.35,23982.5,804.4,468.35,0.01473,26494.92,0.00644,12207.02,765.79,12972.81,0.0,-12972.81,-12.973,gap widened (past the session band),bullish/normal
parity,NIFTY,24000.0,2026-09-29,2026-06-29 14:16 IST,2026-06-29 14:16 IST,1,75,1797907.0,796.5,474.05,23972.1,796.5,474.05,0.0146,26242.28,0.00221,4180.42,764.92,4945.34,0.0,-4945.34,-4.945,gap widened (past the session band),bullish/normal
parity,NIFTY,24000.0,2026-09-29,2026-06-29 14:21 IST,2026-06-29 14:21 IST,1,75,1798980.0,804.45,465.0,23986.4,804.45,465.0,0.01471,26462.15,0.00165,3120.24,765.49,3885.73,0.0,-3885.73,-3.886,gap widened (past the session band),bullish/normal
parity,NIFTY,25500.0,2026-09-29,2026-06-29 14:21 IST,2026-06-29 14:21 IST,1,75,1798980.0,180.55,1300.0,23986.4,180.55,1300.0,0.01541,27716.51,0.00345,6582.78,784.38,7367.16,0.0,-7367.16,-7.367,gap widened (past the session band),bullish/normal
parity,NIFTY,24000.0,2026-09-29,2026-06-29 14:24 IST,2026-06-29 14:24 IST,1,75,1797645.0,793.4,475.0,23968.6,793.4,475.0,0.01457,26196.76,0.0,0.0,765.0,765.0,0.0,-765.0,-0.765,gap widened (past the session band),bullish/normal
parity,BANKNIFTY,57000.0,2026-09-29,2026-06-29 14:25 IST,2026-06-29 14:25 IST,1,15,868380.0,2887.0,969.55,57892.0,2887.0,969.55,0.01796,15599.18,0.00068,630.38,424.0,1054.38,0.0,-1054.38,-1.054,gap widened (past the session band),bullish/normal
parity,NIFTY,25500.0,2026-09-29,2026-06-29 14:31 IST,2026-06-29 14:31 IST,1,75,1797368.0,179.3,1325.0,23964.9,179.3,1325.0,0.01521,27334.06,0.00159,3041.15,785.18,3826.33,0.0,-3826.33,-3.826,gap widened (past the session band),bullish/normal
parity,NIFTY,24000.0,2026-09-29,2026-06-29 14:32 IST,2026-06-29 14:32 IST,1,75,1799025.0,798.0,468.7,23987.0,798.0,468.7,0.01426,25656.66,0.00117,2220.3,764.61,2984.91,0.0,-2984.91,-2.985,gap widened (past the session band),bullish/normal
parity,NIFTY,25500.0,2026-09-29,2026-06-29 14:37 IST,2026-06-29 14:37 IST,1,75,1798470.0,179.0,1303.8,23979.6,179.0,1303.8,0.01547,27817.03,0.00773,14763.6,784.07,15547.67,0.0,-15547.67,-15.548,gap widened (past the session band),bullish/normal
parity,NIFTY,24000.0,2026-09-29,2026-06-29 14:41 IST,2026-06-29 14:41 IST,1,75,1798373.0,796.95,472.8,23978.3,796.95,472.8,0.01441,25912.25,2e-05,31.18,764.34,795.52,0.0,-795.52,-0.796,gap widened (past the session band),bullish/normal
parity,NIFTY,24000.0,2026-09-29,2026-06-29 14:58 IST,2026-06-29 14:58 IST,1,75,1796250.0,783.05,483.15,23950.0,783.05,483.15,0.01458,26181.56,0.00028,523.25,763.32,1286.57,0.0,-1286.57,-1.287,gap widened (past the session band),bullish/normal
parity,NIFTY,25500.0,2026-09-29,2026-06-29 14:59 IST,2026-06-29 14:59 IST,1,75,1796520.0,176.7,1322.25,23953.6,176.7,1322.25,0.01569,28179.09,0.0,0.0,786.75,786.75,0.0,-786.75,-0.787,gap widened (past the session band),bullish/normal
parity,NIFTY,24000.0,2026-09-29,2026-06-29 15:00 IST,2026-06-29 15:00 IST,1,75,1800210.0,804.0,456.7,24002.8,804.0,456.7,0.01435,25840.85,0.00863,16318.87,763.24,17082.11,0.0,-17082.11,-17.082,gap widened (past the session band),bullish/normal
parity,NIFTY,24000.0,2026-09-29,2026-06-29 15:04 IST,2026-06-29 15:04 IST,1,75,1797375.0,792.85,468.9,23965.0,792.85,468.9,0.01495,26878.59,0.00121,2298.33,763.24,3061.57,0.0,-3061.57,-3.062,gap widened (past the session band),bullish/normal
parity,NIFTY,25500.0,2026-09-29,2026-06-29 15:06 IST,2026-06-29 15:06 IST,1,75,1797907.0,178.0,1315.15,23972.1,178.0,1315.15,0.01526,27444.14,0.0,0.0,783.81,783.81,0.0,-783.81,-0.784,gap widened (past the session band),bullish/normal
parity,NIFTY,24000.0,2026-09-29,2026-06-29 15:07 IST,2026-06-29 15:07 IST,1,75,1798500.0,794.0,467.55,23980.0,794.0,467.55,0.01443,25959.38,0.01097,20761.26,762.71,21523.97,0.0,-21523.97,-21.524,gap widened (past the session band),bullish/normal
parity,NIFTY,24000.0,2026-09-29,2026-06-29 15:09 IST,2026-06-29 15:09 IST,1,75,1798005.0,798.75,468.65,23973.4,798.75,468.65,0.01486,26720.05,0.00035,666.06,764.23,1430.29,0.0,-1430.29,-1.43,gap widened (past the session band),bullish/normal
parity,NIFTY,24000.0,2026-09-29,2026-06-29 15:11 IST,2026-06-29 15:11 IST,1,75,1796850.0,797.65,473.75,23958.0,797.65,473.75,0.01524,27391.31,0.0,0.0,762.95,762.95,0.0,-762.95,-0.763,gap widened (past the session band),bullish/normal
parity,NIFTY,24000.0,2026-09-29,2026-06-29 15:13 IST,2026-06-29 15:13 IST,1,75,1797502.0,788.95,470.05,23966.7,788.95,470.05,0.01467,26374.47,0.0011,2089.35,763.55,2852.9,0.0,-2852.9,-2.853,gap widened (past the session band),bullish/normal
parity,NIFTY,25500.0,2026-09-29,2026-06-29 15:14 IST,2026-06-29 15:14 IST,1,75,1796985.0,175.95,1322.0,23959.8,175.95,1322.0,0.01541,27684.06,0.0023,4392.39,786.59,5178.98,0.0,-5178.98,-5.179,gap widened (past the session band),bullish/normal
parity,NIFTY,24000.0,2026-09-29,2026-06-29 15:18 IST,2026-06-29 15:18 IST,1,75,1797750.0,795.85,465.35,23970.0,795.85,465.35,0.01502,27000.94,0.0,0.0,763.49,763.49,0.0,-763.49,-0.763,gap widened (past the session band),bullish/normal
parity,NIFTY,25500.0,2026-09-29,2026-06-29 15:19 IST,2026-06-29 15:19 IST,1,75,1798125.0,176.7,1312.1,23975.0,176.7,1312.1,0.01522,27361.4,7e-05,128.24,784.95,913.19,0.0,-913.19,-0.913,gap widened (past the session band),bullish/normal
parity,NIFTY,24000.0,2026-09-29,2026-06-29 15:22 IST,2026-06-29 15:22 IST,1,75,1797675.0,789.0,469.5,23969.0,789.0,469.5,0.0146,26249.72,0.00535,10134.23,763.04,10897.27,0.0,-10897.27,-10.897,gap widened (past the session band),bullish/normal
parity,NIFTY,25500.0,2026-09-29,2026-06-29 15:22 IST,2026-06-29 15:22 IST,1,75,1797675.0,177.1,1320.05,23969.0,177.1,1320.05,0.01515,27237.83,0.00028,536.63,783.86,1320.49,0.0,-1320.49,-1.32,gap widened (past the session band),bullish/normal
parity,NIFTY,24000.0,2026-09-29,2026-06-29 15:24 IST,2026-06-29 15:24 IST,1,75,1797848.0,792.0,464.0,23971.3,792.0,464.0,0.01486,26717.46,0.01005,19012.38,762.51,19774.89,0.0,-19774.89,-19.775,gap widened (past the session band),bullish/normal
parity,NIFTY,24000.0,2026-09-29,2026-06-29 15:27 IST,2026-06-29 15:27 IST,1,75,1798432.0,801.65,457.95,23979.1,801.65,457.95,0.01519,27319.56,0.0,0.0,762.87,762.87,0.0,-762.87,-0.763,gap widened (past the session band),bullish/normal
parity,NIFTY,25500.0,2026-09-29,2026-06-29 15:27 IST,2026-06-29 15:27 IST,1,75,1798432.0,177.65,1296.0,23979.1,177.65,1296.0,0.01576,28337.67,0.00338,6450.71,784.5,7235.21,0.0,-7235.21,-7.235,gap widened (past the session band),bullish/normal
parity,NIFTY,24000.0,2026-09-29,2026-06-29 15:29 IST,2026-06-29 15:29 IST,1,75,1797825.0,804.8,460.0,23971.0,804.8,460.0,0.01557,27999.66,0.00674,12762.34,763.11,13525.45,0.0,-13525.45,-13.525,gap widened (past the session band),bullish/normal
parity,NIFTY,24000.0,2026-09-29,2026-06-30 09:16 IST,2026-06-30 09:16 IST,1,75,1797150.0,785.65,465.95,23962.0,785.65,465.95,0.0149,26781.69,0.0,0.0,761.38,761.38,0.0,-761.38,-0.761,gap widened (past the session band),bullish/normal
parity,NIFTY,25500.0,2026-09-29,2026-06-30 09:16 IST,2026-06-30 09:16 IST,1,75,1797150.0,176.7,1296.95,23962.0,176.7,1296.95,0.0164,29477.02,0.0,0.0,782.16,782.16,0.0,-782.16,-0.782,gap widened (past the session band),bullish/normal
parity,NIFTY,25500.0,2026-09-29,2026-06-30 09:18 IST,2026-06-30 09:18 IST,1,75,1796618.0,174.0,1308.1,23954.9,174.0,1308.1,0.01612,28962.18,0.00051,977.69,782.43,1760.12,0.0,-1760.12,-1.76,gap widened (past the session band),bullish/normal
parity,NIFTY,24000.0,2026-09-29,2026-06-30 09:20 IST,2026-06-30 09:20 IST,1,75,1796250.0,785.0,470.45,23950.0,785.0,470.45,0.01519,27280.97,0.00064,1206.79,761.31,1968.1,0.0,-1968.1,-1.968,gap widened (past the session band),bullish/normal
parity,NIFTY,24000.0,2026-09-29,2026-06-30 09:22 IST,2026-06-30 09:22 IST,1,75,1794750.0,770.0,483.55,23930.0,770.0,483.55,0.01485,26649.36,1e-05,10.34,760.86,771.2,0.0,-771.2,-0.771,gap widened (past the session band),bullish/normal
parity,NIFTY,24000.0,2026-09-29,2026-06-30 09:24 IST,2026-06-30 09:24 IST,1,75,1794000.0,766.6,487.6,23920.0,766.6,487.6,0.01495,26828.55,0.00409,7716.24,760.87,8477.11,0.0,-8477.11,-8.477,gap widened (past the session band),bullish/normal
parity,NIFTY,24000.0,2026-09-29,2026-06-30 09:26 IST,2026-06-30 09:26 IST,1,75,1794000.0,767.85,489.1,23920.0,767.85,489.1,0.01494,26809.8,0.00299,5642.59,761.94,6404.53,0.0,-6404.53,-6.405,gap widened (past the session band),bullish/normal
parity,NIFTY,24000.0,2026-09-29,2026-06-30 09:29 IST,2026-06-30 09:29 IST,1,75,1793625.0,772.3,492.2,23915.0,772.3,492.2,0.01521,27280.02,2e-05,44.03,761.89,805.92,0.0,-805.92,-0.806,gap widened (past the session band),bullish/normal
parity,NIFTY,24000.0,2026-09-29,2026-06-30 09:31 IST,2026-06-30 09:31 IST,1,75,1793025.0,769.2,496.3,23907.0,769.2,496.3,0.01524,27330.38,0.00042,789.24,762.41,1551.65,0.0,-1551.65,-1.552,gap widened (past the session band),bullish/normal
parity,NIFTY,24000.0,2026-09-29,2026-06-30 09:33 IST,2026-06-30 09:33 IST,1,75,1790955.0,758.35,503.75,23879.4,758.35,503.75,0.01563,27994.57,0.01093,20615.78,761.37,21377.15,0.0,-21377.15,-21.377,gap widened (past the session band),bullish/normal
parity,NIFTY,25500.0,2026-09-29,2026-06-30 09:37 IST,2026-06-30 09:37 IST,1,75,1792275.0,171.6,1363.35,23897.0,171.6,1363.35,0.01613,28911.15,0.0,0.0,788.74,788.74,0.0,-788.74,-0.789,gap widened (past the session band),bullish/normal
parity,NIFTY,24000.0,2026-09-29,2026-06-30 09:38 IST,2026-06-30 09:38 IST,1,75,1792470.0,760.55,501.4,23899.6,760.55,501.4,0.01498,26845.23,0.0,0.0,760.89,760.89,0.0,-760.89,-0.761,gap widened (past the session band),bullish/normal
parity,NIFTY,24000.0,2026-09-29,2026-06-30 09:40 IST,2026-06-30 09:40 IST,1,75,1792500.0,760.05,498.45,23900.0,760.05,498.45,0.01506,26999.44,0.00324,6101.74,760.44,6862.18,0.0,-6862.18,-6.862,gap widened (past the session band),bullish/normal
parity,NIFTY,24000.0,2026-09-29,2026-06-30 09:42 IST,2026-06-30 09:42 IST,1,75,1791600.0,760.0,501.95,23888.0,760.0,501.95,0.01542,27618.72,0.0058,10931.18,760.85,11692.03,0.0,-11692.03,-11.692,gap widened (past the session band),bullish/normal
parity,NIFTY,24000.0,2026-09-29,2026-06-30 09:44 IST,2026-06-30 09:44 IST,1,75,1791052.0,752.15,504.45,23880.7,752.15,504.45,0.01529,27381.23,0.00951,17936.35,761.61,18697.96,0.0,-18697.96,-18.698,gap widened (past the session band),bullish/normal
parity,NIFTY,24000.0,2026-09-29,2026-06-30 09:46 IST,2026-06-30 09:46 IST,1,75,1790475.0,753.05,504.5,23873.0,753.05,504.5,0.01565,28013.14,0.004,7538.11,761.35,8299.46,0.0,-8299.46,-8.299,gap widened (past the session band),bullish/normal
parity,NIFTY,25500.0,2026-09-29,2026-06-30 09:46 IST,2026-06-30 09:46 IST,1,75,1790475.0,171.7,1375.65,23873.0,171.7,1375.65,0.01663,29767.21,0.00048,921.9,789.18,1711.08,0.0,-1711.08,-1.711,gap widened (past the session band),bullish/normal
parity,NIFTY,24000.0,2026-09-29,2026-06-30 09:48 IST,2026-06-30 09:48 IST,1,75,1790107.0,749.2,504.95,23868.1,749.2,504.95,0.01567,28052.26,0.00603,11368.99,760.41,12129.4,0.0,-12129.4,-12.129,gap widened (past the session band),bullish/normal
parity,NIFTY,25500.0,2026-09-29,2026-06-30 09:48 IST,2026-06-30 09:48 IST,1,75,1790107.0,170.35,1376.6,23868.1,170.35,1376.6,0.01673,29956.34,0.00525,10003.12,790.44,10793.56,0.0,-10793.56,-10.794,gap widened (past the session band),bullish/normal
parity,NIFTY,24000.0,2026-09-29,2026-06-30 09:50 IST,2026-06-30 09:50 IST,1,75,1790475.0,751.45,506.35,23873.0,751.45,506.35,0.0155,27754.39,0.00491,9253.66,760.26,10013.92,0.0,-10013.92,-10.014,gap widened (past the session band),bullish/normal
parity,NIFTY,25500.0,2026-09-29,2026-06-30 09:50 IST,2026-06-30 09:50 IST,1,75,1790475.0,169.4,1376.6,23873.0,169.4,1376.6,0.01649,29523.46,0.00019,361.08,790.26,1151.34,0.0,-1151.34,-1.151,gap widened (past the session band),bullish/normal
parity,NIFTY,24000.0,2026-09-29,2026-06-30 09:52 IST,2026-06-30 09:52 IST,1,75,1791225.0,756.8,500.0,23883.0,756.8,500.0,0.01557,27893.94,3e-05,55.28,760.5,815.78,0.0,-815.78,-0.816,gap widened (past the session band),bullish/normal
parity,NIFTY,24000.0,2026-09-29,2026-06-30 09:54 IST,2026-06-30 09:54 IST,1,75,1791375.0,759.0,500.0,23885.0,759.0,500.0,0.01558,27911.35,0.00441,8309.21,760.04,9069.25,0.0,-9069.25,-9.069,gap widened (past the session band),bullish/normal
parity,NIFTY,24000.0,2026-09-29,2026-06-30 09:56 IST,2026-06-30 09:56 IST,1,75,1792500.0,771.9,490.5,23900.0,771.9,490.5,0.01589,28484.44,0.00255,4819.06,761.44,5580.5,0.0,-5580.5,-5.58,gap widened (past the session band),bullish/normal
parity,NIFTY,25500.0,2026-09-29,2026-06-30 09:57 IST,2026-06-30 09:57 IST,1,75,1792275.0,175.0,1348.85,23897.0,175.0,1348.85,0.01688,30253.65,0.0,0.0,788.82,788.82,0.0,-788.82,-0.789,gap widened (past the session band),bullish/normal
parity,BANKNIFTY,58500.0,2026-09-29,2026-06-30 09:58 IST,2026-06-30 09:58 IST,1,15,867105.0,1914.35,1521.7,57807.0,1914.35,1521.7,0.01859,16117.65,0.0,0.0,407.29,407.29,0.0,-407.29,-0.407,gap widened (past the session band),bullish/normal
parity,NIFTY,24000.0,2026-09-29,2026-06-30 09:58 IST,2026-06-30 09:58 IST,1,75,1792943.0,772.15,492.2,23905.9,772.15,492.2,0.01558,27940.27,0.00232,4375.12,762.01,5137.13,0.0,-5137.13,-5.137,gap widened (past the session band),bullish/normal
parity,NIFTY,24000.0,2026-09-29,2026-06-30 10:00 IST,2026-06-30 10:00 IST,1,75,1792432.0,766.7,492.25,23899.1,766.7,492.25,0.01564,28029.63,0.00587,11067.63,760.99,11828.62,0.0,-11828.62,-11.829,gap widened (past the session band),bullish/normal
parity,NIFTY,24000.0,2026-09-29,2026-06-30 10:03 IST,2026-06-30 10:03 IST,1,75,1793625.0,775.45,482.75,23915.0,775.45,482.75,0.01574,28225.02,0.0,0.0,761.72,761.72,0.0,-761.72,-0.762,gap widened (past the session band),bullish/normal
parity,NIFTY,24000.0,2026-09-29,2026-06-30 10:05 IST,2026-06-30 10:05 IST,1,75,1794375.0,781.9,478.8,23925.0,781.9,478.8,0.01575,28267.08,0.00023,437.19,762.44,1199.63,0.0,-1199.63,-1.2,gap widened (past the session band),bullish/normal
parity,NIFTY,24000.0,2026-09-29,2026-06-30 10:07 IST,2026-06-30 10:07 IST,1,75,1792500.0,765.9,487.65,23900.0,765.9,487.65,0.01576,28248.19,7e-05,139.26,761.59,900.85,0.0,-900.85,-0.901,gap widened (past the session band),bullish/normal
parity,NIFTY,24000.0,2026-09-29,2026-06-30 10:09 IST,2026-06-30 10:09 IST,1,75,1791682.0,762.35,490.75,23889.1,762.35,490.75,0.01594,28553.82,0.0052,9803.79,760.14,10563.93,0.0,-10563.93,-10.564,gap widened (past the session band),bullish/normal
parity,NIFTY,24000.0,2026-09-29,2026-06-30 10:11 IST,2026-06-30 10:11 IST,1,75,1792500.0,769.7,487.0,23900.0,769.7,487.0,0.01595,28581.94,0.00993,18738.81,760.54,19499.35,0.0,-19499.35,-19.499,gap widened (past the session band),bullish/normal
parity,NIFTY,24000.0,2026-09-29,2026-06-30 10:14 IST,2026-06-30 10:14 IST,1,75,1792500.0,770.05,488.65,23900.0,770.05,488.65,0.01589,28484.44,0.00785,14815.18,760.74,15575.92,0.0,-15575.92,-15.576,gap widened (past the session band),bullish/normal
parity,NIFTY,24000.0,2026-09-29,2026-06-30 10:16 IST,2026-06-30 10:16 IST,1,75,1792470.0,771.6,488.1,23899.6,771.6,488.1,0.016,28671.48,0.00098,1850.54,761.32,2611.86,0.0,-2611.86,-2.612,gap widened (past the session band),bullish/normal
parity,NIFTY,24000.0,2026-09-29,2026-06-30 10:20 IST,2026-06-30 10:20 IST,1,75,1791968.0,763.0,490.3,23892.9,763.0,490.3,0.01582,28355.85,0.0,0.0,761.29,761.29,0.0,-761.29,-0.761,gap widened (past the session band),bullish/normal
parity,NIFTY,25500.0,2026-09-29,2026-06-30 10:22 IST,2026-06-30 10:22 IST,1,75,1791773.0,168.5,1349.45,23890.3,168.5,1349.45,0.01686,30215.52,0.0058,11057.2,787.43,11844.63,0.0,-11844.63,-11.845,gap widened (past the session band),bullish/normal
parity,NIFTY,24000.0,2026-09-29,2026-06-30 10:23 IST,2026-06-30 10:23 IST,1,75,1791682.0,762.5,493.9,23889.1,762.5,493.9,0.01581,28328.83,8e-05,151.27,760.04,911.31,0.0,-911.31,-0.911,gap widened (past the session band),bullish/normal
parity,NIFTY,24000.0,2026-09-29,2026-06-30 10:25 IST,2026-06-30 10:25 IST,1,75,1793243.0,772.1,485.0,23909.9,772.1,485.0,0.01572,28181.34,0.0068,12827.66,760.49,13588.15,0.0,-13588.15,-13.588,gap widened (past the session band),bullish/normal
parity,NIFTY,24000.0,2026-09-29,2026-06-30 10:27 IST,2026-06-30 10:27 IST,1,75,1793100.0,774.45,487.2,23908.0,774.45,487.2,0.0158,28332.83,0.0,0.0,761.47,761.47,0.0,-761.47,-0.761,gap widened (past the session band),bullish/normal
parity,NIFTY,24000.0,2026-09-29,2026-06-30 10:31 IST,2026-06-30 10:31 IST,1,75,1792132.0,764.3,490.7,23895.1,764.3,490.7,0.01577,28261.06,0.00083,1564.6,760.45,2325.05,0.0,-2325.05,-2.325,gap widened (past the session band),bullish/normal
parity,NIFTY,24000.0,2026-09-29,2026-06-30 10:33 IST,2026-06-30 10:33 IST,1,75,1793625.0,771.5,485.8,23915.0,771.5,485.8,0.01544,27700.02,0.00316,5952.9,760.35,6713.25,0.0,-6713.25,-6.713,gap widened (past the session band),bullish/normal
parity,NIFTY,24000.0,2026-09-29,2026-06-30 10:35 IST,2026-06-30 10:35 IST,1,75,1793835.0,768.65,488.05,23917.8,768.65,488.05,0.01511,27110.84,0.00357,6734.28,761.31,7495.59,0.0,-7495.59,-7.496,gap widened (past the session band),bullish/normal
parity,BANKNIFTY,57000.0,2026-09-29,2026-06-30 10:36 IST,2026-06-30 10:36 IST,1,15,867723.0,2854.8,978.9,57848.2,2854.8,978.9,0.018,15620.03,0.00048,444.58,422.97,867.55,0.0,-867.55,-0.868,gap widened (past the session band),bullish/normal
parity,NIFTY,24000.0,2026-09-29,2026-06-30 10:37 IST,2026-06-30 10:37 IST,1,75,1793475.0,769.05,484.1,23913.0,769.05,484.1,0.0155,27791.36,0.00074,1390.6,761.43,2152.03,0.0,-2152.03,-2.152,gap widened (past the session band),bullish/normal
parity,NIFTY,24000.0,2026-09-29,2026-06-30 10:40 IST,2026-06-30 10:40 IST,1,75,1792425.0,761.0,492.0,23899.0,761.0,492.0,0.01541,27628.23,0.00141,2656.97,761.25,3418.22,0.0,-3418.22,-3.418,gap widened (past the session band),bullish/normal
parity,NIFTY,24000.0,2026-09-29,2026-06-30 10:44 IST,2026-06-30 10:44 IST,1,75,1792343.0,760.05,491.6,23897.9,760.05,491.6,0.01544,27668.13,0.00473,8913.36,759.75,9673.11,0.0,-9673.11,-9.673,gap widened (past the session band),bullish/normal
parity,NIFTY,24000.0,2026-09-29,2026-06-30 10:46 IST,2026-06-30 10:46 IST,1,75,1792807.0,765.05,488.9,23904.1,765.05,488.9,0.0155,27788.16,0.00137,2576.04,760.47,3336.51,0.0,-3336.51,-3.337,gap widened (past the session band),bullish/normal
parity,NIFTY,24000.0,2026-09-29,2026-06-30 10:48 IST,2026-06-30 10:48 IST,1,75,1793700.0,772.4,484.0,23916.0,772.4,484.0,0.01551,27828.73,0.00011,207.58,760.73,968.31,0.0,-968.31,-0.968,gap widened (past the session band),bullish/normal
parity,NIFTY,24000.0,2026-09-29,2026-06-30 10:50 IST,2026-06-30 10:50 IST,1,75,1795088.0,778.8,473.0,23934.5,778.8,473.0,0.01547,27768.53,0.0,0.0,761.07,761.07,0.0,-761.07,-0.761,gap widened (past the session band),bullish/normal
parity,NIFTY,24000.0,2026-09-29,2026-06-30 10:53 IST,2026-06-30 10:53 IST,1,75,1795012.0,782.05,476.25,23933.5,782.05,476.25,0.01551,27842.33,0.00022,423.83,762.35,1186.18,0.0,-1186.18,-1.186,gap widened (past the session band),bullish/normal
parity,NIFTY,24000.0,2026-09-29,2026-06-30 10:56 IST,2026-06-30 10:56 IST,1,75,1793415.0,774.05,478.5,23912.2,774.05,478.5,0.01597,28645.45,0.00207,3906.28,760.79,4667.07,0.0,-4667.07,-4.667,gap widened (past the session band),bullish/normal
parity,NIFTY,24000.0,2026-09-29,2026-06-30 10:58 IST,2026-06-30 10:58 IST,1,75,1792125.0,765.35,487.3,23895.0,765.35,487.3,0.01596,28602.16,0.0,0.0,760.01,760.01,0.0,-760.01,-0.76,gap widened (past the session band),bullish/normal
parity,NIFTY,24000.0,2026-09-29,2026-06-30 11:04 IST,2026-06-30 11:04 IST,1,75,1791435.0,759.95,492.05,23885.8,759.95,492.05,0.01592,28519.76,0.00081,1524.67,759.93,2284.6,0.0,-2284.6,-2.285,gap widened (past the session band),bullish/normal
parity,NIFTY,24000.0,2026-09-29,2026-06-30 11:07 IST,2026-06-30 11:07 IST,1,75,1791690.0,761.6,490.65,23889.2,761.6,490.65,0.01591,28497.72,0.00369,6953.28,759.2,7712.48,0.0,-7712.48,-7.712,gap widened (past the session band),bullish/normal
parity,NIFTY,24000.0,2026-09-29,2026-06-30 11:09 IST,2026-06-30 11:09 IST,1,75,1792530.0,763.5,488.1,23900.4,763.5,488.1,0.01562,28004.89,0.00206,3885.07,759.67,4644.74,0.0,-4644.74,-4.645,gap widened (past the session band),bullish/normal
parity,NIFTY,24000.0,2026-09-29,2026-06-30 11:11 IST,2026-06-30 11:11 IST,1,75,1795200.0,778.5,473.2,23936.0,778.5,473.2,0.01539,27620.34,0.0,0.0,760.48,760.48,0.0,-760.48,-0.76,gap widened (past the session band),bullish/normal
parity,NIFTY,24000.0,2026-09-29,2026-06-30 11:13 IST,2026-06-30 11:13 IST,1,75,1796295.0,789.95,463.1,23950.6,789.95,463.1,0.01568,28159.22,0.0,0.0,761.06,761.06,0.0,-761.06,-0.761,gap widened (past the session band),bullish/normal
parity,NIFTY,24000.0,2026-09-29,2026-06-30 11:15 IST,2026-06-30 11:15 IST,1,75,1796250.0,785.35,466.15,23950.0,785.35,466.15,0.01538,27629.72,0.00184,3486.26,760.87,4247.13,0.0,-4247.13,-4.247,gap widened (past the session band),bullish/normal
parity,NIFTY,24000.0,2026-09-29,2026-06-30 11:19 IST,2026-06-30 11:19 IST,1,75,1796295.0,785.35,464.05,23950.6,785.35,464.05,0.01544,27742.97,0.00241,4558.66,760.02,5318.68,0.0,-5318.68,-5.319,gap widened (past the session band),bullish/normal
parity,NIFTY,25500.0,2026-09-29,2026-06-30 11:20 IST,2026-06-30 11:20 IST,1,75,1795575.0,172.2,1313.9,23941.0,172.2,1313.9,0.01638,29417.94,0.0,0.0,783.44,783.44,0.0,-783.44,-0.783,gap widened (past the session band),bullish/normal
parity,NIFTY,24000.0,2026-09-29,2026-06-30 11:22 IST,2026-06-30 11:22 IST,1,75,1796362.0,788.9,460.7,23951.5,788.9,460.7,0.0157,28194.03,0.00061,1145.71,760.1,1905.81,0.0,-1905.81,-1.906,gap widened (past the session band),bullish/normal
parity,NIFTY,24000.0,2026-09-29,2026-06-30 11:24 IST,2026-06-30 11:24 IST,1,75,1801110.0,814.7,440.0,24014.8,814.7,440.0,0.015,27010.29,0.0,0.0,761.75,761.75,0.0,-761.75,-0.762,gap widened (past the session band),bullish/normal
parity,NIFTY,25500.0,2026-09-29,2026-06-30 11:24 IST,2026-06-30 11:24 IST,1,75,1801110.0,181.95,1262.4,24014.8,181.95,1262.4,0.01586,28565.61,0.0,0.0,781.99,781.99,0.0,-781.99,-0.782,gap widened (past the session band),bullish/normal
parity,NIFTY,24000.0,2026-09-29,2026-06-30 11:26 IST,2026-06-30 11:26 IST,1,75,1800360.0,810.15,443.25,24004.8,810.15,443.25,0.01509,27163.23,0.00342,6486.82,761.61,7248.43,0.0,-7248.43,-7.248,gap widened (past the session band),bullish/normal
parity,NIFTY,24000.0,2026-09-29,2026-06-30 11:29 IST,2026-06-30 11:29 IST,1,75,1799325.0,804.05,444.75,23991.0,804.05,444.75,0.01535,27611.65,0.00721,13646.93,759.96,14406.89,0.0,-14406.89,-14.407,gap widened (past the session band),bullish/normal
parity,NIFTY,24000.0,2026-09-29,2026-06-30 11:40 IST,2026-06-30 11:40 IST,1,75,1797907.0,796.65,452.7,23972.1,796.65,452.7,0.01549,27855.14,0.00782,14783.58,760.17,15543.75,0.0,-15543.75,-15.544,gap widened (past the session band),bullish/normal
parity,NIFTY,24000.0,2026-09-29,2026-06-30 11:44 IST,2026-06-30 11:44 IST,1,75,1795230.0,783.8,464.05,23936.4,783.8,464.05,0.01597,28674.54,0.0,0.0,760.23,760.23,0.0,-760.23,-0.76,gap widened (past the session band),bullish/normal
parity,BANKNIFTY,58500.0,2026-09-29,2026-06-30 11:46 IST,2026-06-30 11:46 IST,1,15,865953.0,1868.0,1515.7,57730.2,1868.0,1515.7,0.01922,16645.9,0.00415,3806.03,405.82,4211.85,0.0,-4211.85,-4.212,gap widened (past the session band),bullish/normal
parity,NIFTY,24000.0,2026-09-29,2026-06-30 11:48 IST,2026-06-30 11:48 IST,1,75,1795612.0,789.3,461.75,23941.5,789.3,461.75,0.01609,28883.22,0.00285,5383.45,758.47,6141.92,0.0,-6141.92,-6.142,gap widened (past the session band),bullish/normal
parity,NIFTY,24000.0,2026-09-29,2026-06-30 11:56 IST,2026-06-30 11:56 IST,1,75,1796250.0,790.65,461.5,23950.0,790.65,461.5,0.0158,28375.97,0.00022,417.37,760.91,1178.28,0.0,-1178.28,-1.178,gap widened (past the session band),bullish/normal
parity,NIFTY,24000.0,2026-09-29,2026-06-30 11:58 IST,2026-06-30 11:58 IST,1,75,1796588.0,790.0,459.45,23954.5,790.0,459.45,0.01567,28148.89,0.00442,8353.68,760.31,9113.99,0.0,-9113.99,-9.114,gap widened (past the session band),bullish/normal
parity,NIFTY,25500.0,2026-09-29,2026-06-30 12:05 IST,2026-06-30 12:05 IST,1,75,1794870.0,170.0,1307.3,23931.6,170.0,1307.3,0.01696,30441.64,0.00296,5635.95,781.67,6417.62,0.0,-6417.62,-6.418,gap widened (past the session band),bullish/normal
parity,NIFTY,24000.0,2026-09-29,2026-06-30 12:18 IST,2026-06-30 12:18 IST,1,75,1794465.0,778.9,467.35,23926.2,778.9,467.35,0.01606,28812.33,0.00408,7710.15,759.17,8469.32,0.0,-8469.32,-8.469,gap widened (past the session band),bullish/normal
parity,NIFTY,25500.0,2026-09-29,2026-06-30 12:25 IST,2026-06-30 12:25 IST,1,75,1795500.0,171.45,1310.35,23940.0,171.45,1310.35,0.01654,29701.74,0.00332,6323.28,782.05,7105.33,0.0,-7105.33,-7.105,gap widened (past the session band),bullish/normal
parity,NIFTY,25500.0,2026-09-29,2026-06-30 12:32 IST,2026-06-30 12:32 IST,1,75,1795275.0,170.4,1326.45,23937.0,170.4,1326.45,0.01595,28636.88,0.0,0.0,784.49,784.49,0.0,-784.49,-0.784,gap widened (past the session band),bullish/normal
parity,NIFTY,24000.0,2026-09-29,2026-06-30 12:34 IST,2026-06-30 12:34 IST,1,75,1794518.0,778.0,469.0,23926.9,778.0,469.0,0.01592,28569.34,0.0,0.0,759.51,759.51,0.0,-759.51,-0.76,gap widened (past the session band),bullish/normal
parity,NIFTY,25500.0,2026-09-29,2026-06-30 12:34 IST,2026-06-30 12:34 IST,1,75,1794518.0,171.0,1325.9,23926.9,171.0,1325.9,0.01642,29468.42,0.0002,377.33,783.91,1161.24,0.0,-1161.24,-1.161,gap widened (past the session band),bullish/normal
parity,NIFTY,24000.0,2026-09-29,2026-06-30 12:38 IST,2026-06-30 12:38 IST,1,75,1796693.0,788.0,457.95,23955.9,788.0,457.95,0.01559,28008.05,0.0,0.0,760.26,760.26,0.0,-760.26,-0.76,gap widened (past the session band),bullish/normal
parity,NIFTY,24000.0,2026-09-29,2026-06-30 12:42 IST,2026-06-30 12:42 IST,1,75,1797675.0,796.5,454.55,23969.0,796.5,454.55,0.01554,27933.88,0.0,0.0,760.82,760.82,0.0,-760.82,-0.761,gap widened (past the session band),bullish/normal
parity,NIFTY,25500.0,2026-09-29,2026-06-30 12:44 IST,2026-06-30 12:44 IST,1,75,1797352.0,175.6,1298.9,23964.7,175.6,1298.9,0.01616,29049.07,0.00013,241.73,782.45,1024.18,0.0,-1024.18,-1.024,gap widened (past the session band),bullish/normal
parity,NIFTY,24000.0,2026-09-29,2026-06-30 12:45 IST,2026-06-30 12:45 IST,1,75,1797788.0,796.0,453.2,23970.5,796.0,453.2,0.01551,27886.93,0.00251,4753.29,760.9,5514.19,0.0,-5514.19,-5.514,gap widened (past the session band),bullish/normal
parity,NIFTY,24000.0,2026-09-29,2026-06-30 12:50 IST,2026-06-30 12:50 IST,1,75,1797375.0,791.65,456.8,23965.0,791.65,456.8,0.01541,27696.56,0.00339,6416.93,761.39,7178.32,0.0,-7178.32,-7.178,gap widened (past the session band),bullish/normal
parity,NIFTY,24000.0,2026-09-29,2026-06-30 12:52 IST,2026-06-30 12:52 IST,1,75,1796677.0,788.85,463.5,23955.7,788.85,463.5,0.0154,27670.4,0.0001,191.54,760.24,951.78,0.0,-951.78,-0.952,gap widened (past the session band),bullish/normal
parity,NIFTY,25500.0,2026-09-29,2026-06-30 13:11 IST,2026-06-30 13:11 IST,1,75,1795388.0,173.05,1307.0,23938.5,173.05,1307.0,0.01681,30183.68,0.00042,804.36,782.13,1586.49,0.0,-1586.49,-1.586,gap widened (past the session band),bullish/normal
parity,BANKNIFTY,58500.0,2026-09-29,2026-06-30 13:23 IST,2026-06-30 13:23 IST,1,15,864270.0,1800.0,1560.1,57618.0,1800.0,1560.1,0.01923,16615.83,0.00069,627.81,405.21,1033.02,0.0,-1033.02,-1.033,gap widened (past the session band),bullish/normal
parity,NIFTY,24000.0,2026-09-29,2026-06-30 13:38 IST,2026-06-30 13:38 IST,1,75,1796055.0,785.2,457.95,23947.4,785.2,457.95,0.01583,28425.31,0.00093,1758.79,759.89,2518.68,0.0,-2518.68,-2.519,gap widened (past the session band),bullish/normal
parity,NIFTY,24000.0,2026-09-29,2026-06-30 13:40 IST,2026-06-30 13:40 IST,1,75,1796100.0,783.0,459.75,23948.0,783.0,459.75,0.01563,28081.06,0.00713,13467.17,758.99,14226.16,0.0,-14226.16,-14.226,gap widened (past the session band),bullish/normal
parity,NIFTY,24000.0,2026-09-29,2026-06-30 13:43 IST,2026-06-30 13:43 IST,1,75,1796880.0,790.85,457.25,23958.4,790.85,457.25,0.01563,28089.82,0.0,0.0,760.82,760.82,0.0,-760.82,-0.761,gap widened (past the session band),bullish/normal
parity,NIFTY,24000.0,2026-09-29,2026-06-30 13:56 IST,2026-06-30 13:56 IST,1,75,1795425.0,781.0,467.0,23939.0,781.0,467.0,0.01562,28051.46,0.00085,1598.57,761.12,2359.69,0.0,-2359.69,-2.36,gap widened (past the session band),bullish/normal
parity,NIFTY,24000.0,2026-09-29,2026-06-30 13:59 IST,2026-06-30 13:59 IST,1,75,1794960.0,779.55,467.05,23932.8,779.55,467.05,0.01582,28396.42,0.00604,11407.42,759.46,12166.88,0.0,-12166.88,-12.167,gap widened (past the session band),bullish/normal
parity,NIFTY,24000.0,2026-09-29,2026-06-30 14:02 IST,2026-06-30 14:02 IST,1,75,1794600.0,775.45,470.0,23928.0,775.45,470.0,0.01573,28221.95,0.0053,9997.68,759.12,10756.8,0.0,-10756.8,-10.757,gap widened (past the session band),bullish/normal
parity,BANKNIFTY,58500.0,2026-09-29,2026-06-30 14:03 IST,2026-06-30 14:03 IST,1,15,862950.0,1781.0,1600.0,57530.0,1781.0,1600.0,0.01974,17031.11,1e-05,12.17,403.85,416.02,0.0,-416.02,-0.416,gap widened (past the session band),bullish/normal
parity,NIFTY,24000.0,2026-09-29,2026-06-30 14:04 IST,2026-06-30 14:04 IST,1,75,1792350.0,756.1,485.35,23898.0,756.1,485.35,0.01553,27833.27,0.0,0.0,757.23,757.23,0.0,-757.23,-0.757,gap widened (past the session band),bullish/normal
parity,NIFTY,24000.0,2026-09-29,2026-06-30 14:06 IST,2026-06-30 14:06 IST,1,75,1791832.0,757.35,487.2,23891.1,757.35,487.2,0.01579,28297.48,0.00254,4787.78,758.39,5546.17,0.0,-5546.17,-5.546,gap widened (past the session band),bullish/normal
parity,NIFTY,24000.0,2026-09-29,2026-06-30 14:08 IST,2026-06-30 14:08 IST,1,75,1792335.0,762.95,484.15,23897.8,762.95,484.15,0.01587,28451.73,0.00023,431.02,758.86,1189.88,0.0,-1189.88,-1.19,gap widened (past the session band),bullish/normal
parity,NIFTY,24000.0,2026-09-29,2026-06-30 14:10 IST,2026-06-30 14:10 IST,1,75,1792275.0,758.35,480.55,23897.0,758.35,480.55,0.01587,28435.82,0.00593,11188.15,757.9,11946.05,0.0,-11946.05,-11.946,gap widened (past the session band),bullish/normal
parity,NIFTY,24000.0,2026-09-29,2026-06-30 14:18 IST,2026-06-30 14:18 IST,1,75,1790235.0,748.65,490.05,23869.8,748.65,490.05,0.0162,29002.97,0.00904,17037.24,758.02,17795.26,0.0,-17795.26,-17.795,gap widened (past the session band),bullish/normal
parity,NIFTY,25500.0,2026-09-29,2026-06-30 14:18 IST,2026-06-30 14:18 IST,1,75,1790235.0,167.0,1357.15,23869.8,167.0,1357.15,0.01734,31038.3,0.00025,480.73,786.03,1266.76,0.0,-1266.76,-1.267,gap widened (past the session band),bullish/normal
parity,NIFTY,24000.0,2026-09-29,2026-06-30 14:20 IST,2026-06-30 14:20 IST,1,75,1790490.0,752.55,490.35,23873.2,752.55,490.35,0.01621,29022.18,0.00471,8874.46,757.07,9631.53,0.0,-9631.53,-9.632,gap widened (past the session band),bullish/normal
parity,NIFTY,24000.0,2026-09-29,2026-06-30 14:23 IST,2026-06-30 14:23 IST,1,75,1793625.0,771.55,477.7,23915.0,771.55,477.7,0.01578,28311.27,0.00022,408.13,758.17,1166.3,0.0,-1166.3,-1.166,gap widened (past the session band),bullish/normal
parity,BANKNIFTY,57000.0,2026-09-29,2026-06-30 14:25 IST,2026-06-30 14:25 IST,1,15,865827.0,2750.0,999.6,57721.8,2750.0,999.6,0.01802,15603.03,0.0,0.0,419.31,419.31,0.0,-419.31,-0.419,gap widened (past the session band),bullish/normal
parity,NIFTY,24000.0,2026-09-29,2026-06-30 14:25 IST,2026-06-30 14:25 IST,1,75,1798343.0,800.15,448.45,23977.9,800.15,448.45,0.01557,28008.33,0.0,0.0,760.66,760.66,0.0,-760.66,-0.761,gap widened (past the session band),bullish/normal
parity,BANKNIFTY,57000.0,2026-09-29,2026-06-30 14:27 IST,2026-06-30 14:27 IST,1,15,865932.0,2761.6,977.15,57728.8,2761.6,977.15,0.01849,16010.47,0.00017,156.29,418.96,575.25,0.0,-575.25,-0.575,gap widened (past the session band),bullish/normal
parity,NIFTY,24000.0,2026-09-29,2026-06-30 14:28 IST,2026-06-30 14:28 IST,1,75,1796280.0,793.2,454.2,23950.4,793.2,454.2,0.01619,29085.17,0.00463,8758.19,759.9,9518.09,0.0,-9518.09,-9.518,gap widened (past the session band),bullish/normal
parity,BANKNIFTY,57000.0,2026-09-29,2026-06-30 14:29 IST,2026-06-30 14:29 IST,1,15,865743.0,2760.35,979.3,57716.2,2760.35,979.3,0.01865,16145.46,0.00915,8435.92,419.09,8855.01,0.0,-8855.01,-8.855,gap widened (past the session band),bullish/normal
parity,BANKNIFTY,57000.0,2026-09-29,2026-06-30 14:31 IST,2026-06-30 14:31 IST,1,15,865650.0,2759.4,981.95,57710.0,2759.4,981.95,0.01869,16182.95,0.00385,3548.34,418.96,3967.3,0.0,-3967.3,-3.967,gap widened (past the session band),bullish/normal
parity,NIFTY,24000.0,2026-09-29,2026-06-30 14:37 IST,2026-06-30 14:37 IST,1,75,1795838.0,792.95,455.5,23944.5,792.95,455.5,0.01637,29404.34,0.00807,15241.64,759.75,16001.39,0.0,-16001.39,-16.001,gap widened (past the session band),bullish/normal
parity,BANKNIFTY,57000.0,2026-09-29,2026-06-30 14:42 IST,2026-06-30 14:42 IST,1,15,865953.0,2750.0,990.0,57730.2,2750.0,990.0,0.01804,15623.08,0.00495,4567.16,420.4,4987.56,0.0,-4987.56,-4.988,gap widened (past the session band),bullish/normal
parity,NIFTY,24000.0,2026-09-29,2026-06-30 14:42 IST,2026-06-30 14:42 IST,1,75,1796925.0,792.35,450.0,23959.0,792.35,450.0,0.01597,28701.82,0.00033,617.99,760.11,1378.1,0.0,-1378.1,-1.378,gap widened (past the session band),bullish/normal
parity,NIFTY,24000.0,2026-09-29,2026-06-30 14:45 IST,2026-06-30 14:45 IST,1,75,1796048.0,791.25,456.45,23947.3,791.25,456.45,0.01615,28998.91,0.00219,4138.98,759.32,4898.3,0.0,-4898.3,-4.898,gap widened (past the session band),bullish/normal
parity,NIFTY,24000.0,2026-09-29,2026-06-30 14:47 IST,2026-06-30 14:47 IST,1,75,1795935.0,787.05,455.0,23945.8,787.05,455.0,0.01609,28903.35,0.0092,17383.85,759.2,18143.05,0.0,-18143.05,-18.143,gap widened (past the session band),bullish/normal
parity,NIFTY,25500.0,2026-09-29,2026-06-30 14:47 IST,2026-06-30 14:47 IST,1,75,1795935.0,176.15,1299.95,23945.8,176.15,1299.95,0.01693,30406.18,0.0,0.0,783.28,783.28,0.0,-783.28,-0.783,gap widened (past the session band),bullish/normal
parity,NIFTY,24000.0,2026-09-29,2026-06-30 14:49 IST,2026-06-30 14:49 IST,1,75,1795560.0,788.8,453.75,23940.8,788.8,453.75,0.01643,29497.32,0.00485,9154.37,759.07,9913.44,0.0,-9913.44,-9.913,gap widened (past the session band),bullish/normal
parity,BANKNIFTY,57000.0,2026-09-29,2026-06-30 14:50 IST,2026-06-30 14:50 IST,1,15,864825.0,2747.05,985.6,57655.0,2747.05,985.6,0.01937,16754.69,0.00256,2363.83,419.29,2783.12,0.0,-2783.12,-2.783,gap widened (past the session band),bullish/normal
parity,NIFTY,24000.0,2026-09-29,2026-06-30 14:52 IST,2026-06-30 14:52 IST,1,75,1795725.0,787.65,455.0,23943.0,787.65,455.0,0.01624,29155.03,0.00332,6270.82,758.65,7029.47,0.0,-7029.47,-7.029,gap widened (past the session band),bullish/normal
parity,BANKNIFTY,57000.0,2026-09-29,2026-06-30 14:53 IST,2026-06-30 14:53 IST,1,15,865281.0,2766.25,978.05,57685.4,2766.25,978.05,0.01931,16707.29,0.00082,751.56,419.16,1170.72,0.0,-1170.72,-1.171,gap widened (past the session band),bullish/normal
parity,NIFTY,24000.0,2026-09-29,2026-06-30 14:55 IST,2026-06-30 14:55 IST,1,75,1795860.0,787.65,456.05,23944.8,787.65,456.05,0.01612,28943.4,0.00024,458.25,758.92,1217.17,0.0,-1217.17,-1.217,gap widened (past the session band),bullish/normal
parity,NIFTY,24000.0,2026-09-29,2026-06-30 14:57 IST,2026-06-30 14:57 IST,1,75,1795890.0,780.55,460.0,23945.2,780.55,460.0,0.01564,28085.24,0.00079,1497.71,759.03,2256.74,0.0,-2256.74,-2.257,gap widened (past the session band),bullish/normal
parity,BANKNIFTY,57000.0,2026-09-29,2026-06-30 14:58 IST,2026-06-30 14:58 IST,1,15,864222.0,2738.2,983.6,57614.8,2738.2,983.6,0.01995,17245.23,0.00126,1158.69,418.8,1577.49,0.0,-1577.49,-1.577,gap widened (past the session band),bullish/normal
parity,NIFTY,24000.0,2026-09-29,2026-06-30 14:59 IST,2026-06-30 14:59 IST,1,75,1793235.0,772.15,466.9,23909.8,772.15,466.9,0.01648,29549.95,7e-05,139.62,757.56,897.18,0.0,-897.18,-0.897,gap widened (past the session band),bullish/normal
parity,NIFTY,24000.0,2026-09-29,2026-06-30 15:01 IST,2026-06-30 15:01 IST,1,75,1788150.0,752.1,492.25,23842.0,752.1,492.25,0.01742,31148.26,0.00507,9549.34,756.87,10306.21,0.0,-10306.21,-10.306,gap widened (past the session band),bullish/normal
parity,NIFTY,24000.0,2026-09-29,2026-06-30 15:03 IST,2026-06-30 15:03 IST,1,75,1788150.0,759.9,491.8,23842.0,759.9,491.8,0.01777,31767.02,0.00961,18090.82,757.73,18848.55,0.0,-18848.55,-18.849,gap widened (past the session band),bullish/normal
parity,NIFTY,24000.0,2026-09-29,2026-06-30 15:06 IST,2026-06-30 15:06 IST,1,75,1789125.0,766.45,488.7,23855.0,766.45,488.7,0.01762,31531.44,0.00296,5575.86,758.52,6334.38,0.0,-6334.38,-6.334,gap widened (past the session band),bullish/normal
parity,NIFTY,24000.0,2026-09-29,2026-06-30 15:08 IST,2026-06-30 15:08 IST,1,75,1789350.0,766.0,483.5,23858.0,766.0,483.5,0.0177,31666.3,0.0,0.0,759.62,759.62,0.0,-759.62,-0.76,gap widened (past the session band),bullish/normal
parity,BANKNIFTY,58500.0,2026-09-29,2026-06-30 15:09 IST,2026-06-30 15:09 IST,1,15,862956.0,1760.0,1570.0,57530.4,1760.0,1570.0,0.01989,17160.23,0.0,1.49,403.93,405.42,0.0,-405.42,-0.405,gap widened (past the session band),bullish/normal
parity,NIFTY,24000.0,2026-09-29,2026-06-30 15:10 IST,2026-06-30 15:10 IST,1,75,1790310.0,776.75,476.45,23870.8,776.75,476.45,0.01791,32056.68,0.0041,7723.46,758.71,8482.17,0.0,-8482.17,-8.482,gap widened (past the session band),bullish/normal
parity,NIFTY,25500.0,2026-09-29,2026-06-30 15:11 IST,2026-06-30 15:11 IST,1,75,1789905.0,174.1,1328.7,23865.4,174.1,1328.7,0.01901,34029.28,3e-05,63.2,784.3,847.5,0.0,-847.5,-0.848,gap widened (past the session band),bullish/normal
parity,NIFTY,24000.0,2026-09-29,2026-06-30 15:12 IST,2026-06-30 15:12 IST,1,75,1789957.0,780.7,471.65,23866.1,780.7,471.65,0.01847,33059.85,0.00016,293.56,759.48,1053.04,0.0,-1053.04,-1.053,gap widened (past the session band),bullish/normal
parity,NIFTY,24000.0,2026-09-29,2026-06-30 15:14 IST,2026-06-30 15:14 IST,1,75,1789793.0,780.0,471.95,23863.9,780.0,471.95,0.01852,33147.14,0.00714,13456.27,759.35,14215.62,0.0,-14215.62,-14.216,gap widened (past the session band),bullish/normal
parity,NIFTY,24000.0,2026-09-29,2026-06-30 15:16 IST,2026-06-30 15:16 IST,1,75,1789800.0,789.8,472.5,23864.0,789.8,472.5,0.0189,33833.54,0.00012,222.4,760.16,982.56,0.0,-982.56,-0.983,gap widened (past the session band),bullish/normal
parity,NIFTY,24000.0,2026-09-29,2026-06-30 15:18 IST,2026-06-30 15:18 IST,1,75,1789695.0,790.0,470.0,23862.6,790.0,470.0,0.01908,34139.38,0.00088,1656.39,760.81,2417.2,0.0,-2417.2,-2.417,gap widened (past the session band),bullish/normal
parity,NIFTY,25500.0,2026-09-29,2026-06-30 15:19 IST,2026-06-30 15:19 IST,1,75,1789950.0,177.95,1315.15,23866.0,177.95,1315.15,0.01972,35290.02,0.0,0.0,783.13,783.13,0.0,-783.13,-0.783,gap widened (past the session band),bullish/normal
parity,NIFTY,24000.0,2026-09-29,2026-06-30 15:20 IST,2026-06-30 15:20 IST,1,75,1789868.0,786.05,467.0,23864.9,786.05,467.0,0.01894,33898.34,0.00391,7364.54,759.67,8124.21,0.0,-8124.21,-8.124,gap widened (past the session band),bullish/normal
parity,NIFTY,24000.0,2026-09-29,2026-06-30 15:22 IST,2026-06-30 15:22 IST,1,75,1789793.0,788.0,467.0,23863.9,788.0,467.0,0.01906,34118.39,0.00182,3426.85,759.86,4186.71,0.0,-4186.71,-4.187,gap widened (past the session band),bullish/normal
parity,NIFTY,24000.0,2026-09-29,2026-06-30 15:24 IST,2026-06-30 15:24 IST,1,75,1789755.0,783.0,465.55,23863.4,783.0,465.55,0.01894,33889.03,0.00102,1919.05,759.73,2678.78,0.0,-2678.78,-2.679,gap widened (past the session band),bullish/normal
parity,NIFTY,25500.0,2026-09-29,2026-06-30 15:24 IST,2026-06-30 15:24 IST,1,75,1789755.0,175.7,1318.85,23863.4,175.7,1318.85,0.01958,35035.61,0.0,0.0,781.94,781.94,0.0,-781.94,-0.782,gap widened (past the session band),bullish/normal
parity,NIFTY,24000.0,2026-09-29,2026-06-30 15:26 IST,2026-06-30 15:26 IST,1,75,1789785.0,786.9,468.0,23863.8,786.9,468.0,0.01898,33968.24,0.00451,8497.49,760.11,9257.6,0.0,-9257.6,-9.258,gap widened (past the session band),bullish/normal
parity,NIFTY,25500.0,2026-09-29,2026-06-30 15:26 IST,2026-06-30 15:26 IST,1,75,1789785.0,175.7,1327.4,23863.8,175.7,1327.4,0.0192,34364.81,2e-05,35.99,784.13,820.12,0.0,-820.12,-0.82,gap widened (past the session band),bullish/normal
parity,BANKNIFTY,57000.0,2026-09-29,2026-06-30 15:28 IST,2026-06-30 15:28 IST,1,15,863175.0,2722.5,1000.2,57545.0,2722.5,1000.2,0.02061,17790.91,0.0054,4957.67,417.12,5374.79,0.0,-5374.79,-5.375,gap widened (past the session band),bullish/normal
parity,NIFTY,24000.0,2026-09-29,2026-06-30 15:28 IST,2026-06-30 15:28 IST,1,75,1789927.0,789.95,461.25,23865.7,789.95,461.25,0.01931,34563.14,0.0024,4514.52,759.49,5274.01,0.0,-5274.01,-5.274,gap widened (past the session band),bullish/normal
parity,NIFTY,24000.0,2026-09-29,2026-07-01 09:15 IST,2026-07-27 13:14 IST,1,75,1800300.0,772.6,484.0,24004.0,592.0,406.1,0.01186,21349.77,6e-05,114.6,758.92,873.52,6283.09,5409.57,5.41,time exit (past the measured hold),bullish/calm
parity,NIFTY,23000.0,2026-09-29,2026-07-01 09:19 IST,2026-07-08 12:41 IST,1,75,1801140.0,1460.0,206.55,24015.2,1615.2,131.3,0.01059,19079.41,0.0,0.0,813.14,813.14,-1439.53,-2252.67,-2.253,gap widened (past the session band),bullish/calm
parity,BANKNIFTY,57000.0,2026-09-29,2026-07-01 09:30 IST,2026-07-03 15:05 IST,1,15,869010.0,2609.3,1033.25,57934.0,2823.35,873.75,0.01134,9853.5,0.0,0.0,417.37,417.37,-1444.92,-1862.29,-1.862,gap widened (past the session band),bullish/calm
parity,NIFTY,25000.0,2026-09-29,2026-07-01 09:41 IST,2026-08-04 12:17 IST,1,75,1802632.0,303.7,971.2,24035.1,280.85,568.9,0.01174,21154.41,0.0,0.0,762.77,762.77,10687.66,9924.89,9.925,time exit (past the measured hold),bullish/calm
parity,NIFTY,24500.0,2026-09-29,2026-07-01 09:44 IST,2026-07-29 13:11 IST,1,75,1803052.0,512.55,692.2,24040.7,429.65,478.95,0.01133,20426.1,0.0,0.0,753.97,753.97,11000.62,10246.65,10.247,time exit (past the measured hold),bullish/calm
parity,NIFTY,25500.0,2026-09-29,2026-07-01 09:52 IST,2026-07-13 09:35 IST,1,75,1802835.0,173.0,1337.7,24037.8,133.15,1248.0,0.01141,20568.81,6e-05,115.66,781.59,897.25,-3887.17,-4784.42,-4.784,gap widened (past the session band),bullish/calm
parity,NIFTY,23500.0,2026-09-29,2026-07-01 10:23 IST,2026-07-27 14:00 IST,1,75,1809750.0,1167.05,289.2,24130.0,915.0,238.0,0.01069,19340.01,0.0,0.0,784.98,784.98,4806.77,4021.79,4.022,time exit (past the measured hold),bullish/calm
parity,NIFTY,24400.0,2026-09-29,2026-07-01 12:14 IST,2026-07-01 12:14 IST,1,75,1809165.0,595.35,600.55,24122.2,595.35,600.55,0.01112,20113.79,0.0,0.0,752.59,752.59,0.0,-752.59,-0.753,gap widened (past the session band),bullish/calm
parity,BANKNIFTY,58500.0,2026-09-29,2026-07-01 13:17 IST,2026-07-01 13:36 IST,1,15,874650.0,1909.9,1430.6,58310.0,1965.0,1413.0,0.01143,9994.19,0.00211,1954.18,407.05,2361.23,-1114.45,-3475.68,-3.476,gap widened (past the session band),bullish/calm
parity,BANKNIFTY,58500.0,2026-09-29,2026-07-02 09:18 IST,2026-07-02 14:15 IST,1,15,877050.0,2029.9,1348.6,58470.0,1920.0,1405.0,0.01216,10662.42,0.0,0.0,407.25,407.25,-1322.62,-1729.87,-1.73,gap widened (past the session band),bullish/calm
parity,NIFTY,24400.0,2026-09-29,2026-07-02 10:28 IST,2026-07-02 10:28 IST,1,75,1814100.0,609.5,552.0,24188.0,609.5,552.0,0.011,19962.48,0.0,0.0,748.93,748.93,0.0,-748.93,-0.749,gap widened (past the session band),bullish/calm
parity,NIFTY,24400.0,2026-09-29,2026-07-02 11:28 IST,2026-07-02 11:28 IST,1,75,1812382.0,602.0,569.0,24165.1,602.0,569.0,0.01093,19815.5,0.0,0.0,748.83,748.83,0.0,-748.83,-0.749,gap widened (past the session band),bullish/calm
parity,NIFTY,23900.0,2026-09-29,2026-07-02 13:21 IST,2026-07-02 13:21 IST,1,75,1816875.0,955.9,354.75,24225.0,955.9,354.75,0.01161,21094.53,0.0,0.0,766.37,766.37,0.0,-766.37,-0.766,gap widened (past the session band),bullish/calm
parity,BANKNIFTY,58500.0,2026-09-29,2026-07-03 11:00 IST,2026-07-03 11:18 IST,1,15,875640.0,1930.0,1377.0,58376.0,1900.0,1355.0,0.01156,10126.08,0.009,8325.76,405.89,8731.65,-1466.33,-10197.98,-10.198,gap widened (past the session band),bullish/calm
parity,NIFTY,24700.0,2026-09-29,2026-07-03 11:37 IST,2026-07-03 11:37 IST,1,75,1830975.0,546.0,572.9,24413.0,546.0,572.9,0.01047,19172.8,0.0,0.0,744.21,744.21,0.0,-744.21,-0.744,gap widened (past the session band),bullish/calm
parity,NIFTY,24400.0,2026-09-29,2026-07-03 12:08 IST,2026-07-03 12:08 IST,1,75,1833495.0,736.0,437.0,24446.6,736.0,437.0,0.01035,18984.37,0.0,0.0,755.11,755.11,0.0,-755.11,-0.755,gap widened (past the session band),bullish/calm
parity,NIFTY,24800.0,2026-09-29,2026-07-03 12:14 IST,2026-07-03 12:14 IST,1,75,1833495.0,512.0,604.05,24446.6,512.0,604.05,0.01047,19189.15,0.0,0.0,741.65,741.65,0.0,-741.65,-0.742,gap widened (past the session band),bullish/calm
parity,NIFTY,24400.0,2026-09-29,2026-07-03 12:47 IST,2026-07-03 12:47 IST,1,75,1831875.0,728.05,440.7,24425.0,728.05,440.7,0.01076,19705.4,0.0,0.0,755.53,755.53,0.0,-755.53,-0.756,gap widened (past the session band),bullish/calm
parity,NIFTY,24400.0,2026-09-29,2026-07-03 14:38 IST,2026-07-03 14:38 IST,1,75,1825875.0,685.0,470.0,24345.0,685.0,470.0,0.01106,20185.86,0.0,0.0,750.64,750.64,0.0,-750.64,-0.751,gap widened (past the session band),bullish/calm
parity,NIFTY,24600.0,2026-09-29,2026-07-03 15:05 IST,2026-07-03 15:05 IST,1,75,1826888.0,570.0,546.1,24358.5,570.0,546.1,0.01074,19623.37,0.0,0.0,746.44,746.44,0.0,-746.44,-0.746,gap widened (past the session band),bullish/calm
parity,BANKNIFTY,57000.0,2026-09-29,2026-07-03 15:07 IST,2026-07-03 15:09 IST,1,15,873228.0,2817.9,874.35,58215.2,2818.45,893.0,0.01284,11208.69,0.00357,3311.18,419.26,3730.44,-141.41,-3871.85,-3.872,gap widened (past the session band),bullish/calm
parity,BANKNIFTY,57000.0,2026-09-29,2026-07-03 15:11 IST,2026-07-08 13:46 IST,1,15,873150.0,2822.2,884.4,58210.0,2549.5,878.3,0.01283,11199.21,0.00022,208.94,419.87,628.81,-476.25,-1105.06,-1.105,gap widened (past the session band),bullish/calm
parity,BANKNIFTY,59000.0,2026-09-29,2026-07-03 15:13 IST,2026-07-03 15:13 IST,1,15,873315.0,1575.45,1599.0,58221.0,1575.45,1599.0,0.01277,11150.06,0.0,0.0,398.02,398.02,0.0,-398.02,-0.398,gap widened (past the session band),bullish/calm
parity,BANKNIFTY,59000.0,2026-09-29,2026-07-03 15:20 IST,2026-07-03 15:20 IST,1,15,873285.0,1583.95,1594.75,58219.0,1583.95,1594.75,0.01302,11370.84,0.00039,362.36,400.12,762.48,0.0,-762.48,-0.762,gap widened (past the session band),bullish/calm
parity,BANKNIFTY,58500.0,2026-09-29,2026-07-03 15:24 IST,2026-07-03 15:24 IST,1,15,873360.0,1875.2,1394.35,58224.0,1875.2,1394.35,0.01293,11288.38,0.00412,3795.05,402.15,4197.2,0.0,-4197.2,-4.197,gap widened (past the session band),bullish/calm
parity,NIFTY,23900.0,2026-09-29,2026-07-03 15:29 IST,2026-07-08 14:13 IST,1,75,1826332.0,979.35,294.1,24351.1,775.0,480.0,0.0099,18087.34,0.0,0.0,772.01,772.01,-2749.1,-3521.11,-3.521,gap widened (past the session band),bullish/calm
parity,BANKNIFTY,58500.0,2026-09-29,2026-07-06 09:16 IST,2026-07-06 09:20 IST,1,15,877800.0,1972.0,1260.0,58520.0,2016.4,1258.9,0.01183,10384.51,0.0,0.0,402.99,402.99,-1125.68,-1528.67,-1.529,gap widened (past the session band),bullish/normal
parity,NIFTY,24700.0,2026-09-29,2026-07-06 09:33 IST,2026-07-06 09:33 IST,1,75,1831725.0,534.0,548.0,24423.0,534.0,548.0,0.0106,19412.9,0.0,0.67,738.04,738.71,0.0,-738.71,-0.739,gap widened (past the session band),bullish/normal
parity,BANKNIFTY,58500.0,2026-09-29,2026-07-06 10:17 IST,2026-07-06 11:54 IST,1,15,878250.0,2006.6,1239.0,58550.0,1970.0,1217.1,0.01227,10775.27,0.0,0.0,402.51,402.51,-947.54,-1350.05,-1.35,gap widened (past the session band),bullish/normal
parity,NIFTY,24400.0,2026-09-29,2026-07-06 10:23 IST,2026-07-06 10:23 IST,1,75,1834875.0,737.25,416.8,24465.0,737.25,416.8,0.01048,19231.99,0.00931,17853.36,749.81,18603.17,0.0,-18603.17,-18.603,gap widened (past the session band),bullish/normal
parity,NIFTY,24400.0,2026-09-29,2026-07-06 10:29 IST,2026-07-06 10:29 IST,1,75,1835527.0,739.3,411.0,24473.7,739.3,411.0,0.01045,19178.1,0.00134,2574.58,750.85,3325.43,0.0,-3325.43,-3.325,gap widened (past the session band),bullish/normal
parity,NIFTY,24800.0,2026-09-29,2026-07-06 10:31 IST,2026-07-06 10:31 IST,1,75,1834882.0,508.55,573.25,24465.1,508.55,573.25,0.01084,19887.69,0.0,0.0,741.89,741.89,0.0,-741.89,-0.742,gap widened (past the session band),bullish/normal
parity,NIFTY,24400.0,2026-09-29,2026-07-06 10:41 IST,2026-07-06 10:41 IST,1,75,1835025.0,735.6,412.0,24467.0,735.6,412.0,0.01053,19320.49,0.00055,1063.85,750.96,1814.81,0.0,-1814.81,-1.815,gap widened (past the session band),bullish/normal
parity,NIFTY,24400.0,2026-09-29,2026-07-06 10:57 IST,2026-07-06 10:57 IST,1,75,1835325.0,734.0,408.9,24471.0,734.0,408.9,0.01043,19137.5,0.0,0.0,750.94,750.94,0.0,-750.94,-0.751,gap widened (past the session band),bullish/normal
parity,NIFTY,24400.0,2026-09-29,2026-07-06 11:00 IST,2026-07-06 11:00 IST,1,75,1836000.0,734.0,409.0,24480.0,734.0,409.0,0.01006,18465.14,0.00078,1491.9,750.26,2242.16,0.0,-2242.16,-2.242,gap widened (past the session band),bullish/normal
parity,NIFTY,24400.0,2026-09-29,2026-07-06 11:02 IST,2026-07-06 11:02 IST,1,75,1835415.0,734.0,405.15,24472.2,734.0,405.15,0.01053,19330.16,0.00018,341.24,750.44,1091.68,0.0,-1091.68,-1.092,gap widened (past the session band),bullish/normal
parity,NIFTY,24400.0,2026-09-29,2026-07-06 11:04 IST,2026-07-06 11:04 IST,1,75,1835250.0,734.0,407.95,24470.0,734.0,407.95,0.01051,19282.62,0.00093,1780.06,749.63,2529.69,0.0,-2529.69,-2.53,gap widened (past the session band),bullish/normal
parity,NIFTY,24800.0,2026-09-29,2026-07-06 11:08 IST,2026-07-06 11:08 IST,1,75,1835475.0,506.0,567.5,24473.0,506.0,567.5,0.01065,19544.06,0.0,0.0,737.76,737.76,0.0,-737.76,-0.738,gap widened (past the session band),bullish/normal
parity,NIFTY,24700.0,2026-09-29,2026-07-06 12:15 IST,2026-07-06 12:15 IST,1,75,1837598.0,578.0,514.0,24501.3,578.0,514.0,0.0106,19478.56,0.0,0.0,738.23,738.23,0.0,-738.23,-0.738,gap widened (past the session band),bullish/normal
parity,BANKNIFTY,58500.0,2026-09-29,2026-07-06 13:25 IST,2026-07-06 13:25 IST,1,15,879165.0,2036.0,1191.1,58611.0,2036.0,1191.1,0.01255,11033.51,0.0,0.0,403.17,403.17,0.0,-403.17,-0.403,gap widened (past the session band),bullish/normal
parity,NIFTY,24200.0,2026-09-29,2026-07-06 14:07 IST,2026-07-08 09:16 IST,1,75,1835100.0,869.9,344.05,24468.0,770.95,393.65,0.0107,19640.72,0.00011,220.63,764.34,984.97,-583.7,-1568.67,-1.569,gap widened (past the session band),bullish/normal
parity,NIFTY,24700.0,2026-09-29,2026-07-06 14:34 IST,2026-07-06 14:34 IST,1,75,1834988.0,560.75,525.1,24466.5,560.75,525.1,0.01086,19923.16,0.0,0.0,738.85,738.85,0.0,-738.85,-0.739,gap widened (past the session band),bullish/normal
parity,NIFTY,24600.0,2026-09-29,2026-07-06 15:00 IST,2026-07-06 15:00 IST,1,75,1835520.0,617.9,479.0,24473.6,617.9,479.0,0.01076,19755.11,0.0,0.0,742.31,742.31,0.0,-742.31,-0.742,gap widened (past the session band),bullish/normal
parity,NIFTY,24700.0,2026-09-29,2026-07-06 15:19 IST,2026-07-06 15:19 IST,1,75,1836345.0,562.3,519.95,24484.6,562.3,519.95,0.01039,19088.58,0.00264,5056.02,738.35,5794.37,0.0,-5794.37,-5.794,gap widened (past the session band),bullish/normal
parity,NIFTY,24400.0,2026-09-29,2026-07-06 15:23 IST,2026-07-06 15:23 IST,1,75,1836007.0,741.0,400.05,24480.1,741.0,400.05,0.0107,19654.03,3e-05,61.72,749.99,811.71,0.0,-811.71,-0.812,gap widened (past the session band),bullish/normal
parity,NIFTY,24800.0,2026-09-29,2026-07-07 09:31 IST,2026-07-07 09:31 IST,1,75,1836210.0,523.3,557.65,24482.8,523.3,557.65,0.01136,20860.47,0.0,0.0,733.84,733.84,0.0,-733.84,-0.734,gap widened (past the session band),bullish/normal
parity,BANKNIFTY,59000.0,2026-09-29,2026-07-07 09:35 IST,2026-07-07 09:35 IST,1,15,879024.0,1669.2,1349.0,58601.6,1669.2,1349.0,0.01216,10690.25,0.00652,6033.71,396.15,6429.86,0.0,-6429.86,-6.43,gap widened (past the session band),bullish/normal
parity,BANKNIFTY,58500.0,2026-09-29,2026-07-07 10:24 IST,2026-07-07 10:41 IST,1,15,878847.0,1961.0,1177.0,58589.8,1977.8,1170.0,0.01187,10432.99,0.0,0.0,399.78,399.78,-1000.82,-1400.6,-1.401,gap widened (past the session band),bullish/normal
parity,BANKNIFTY,59000.0,2026-09-29,2026-07-07 10:24 IST,2026-07-07 10:24 IST,1,15,878847.0,1676.3,1365.0,58589.8,1676.3,1365.0,0.01221,10731.13,0.00438,4053.47,395.76,4449.23,0.0,-4449.23,-4.449,gap widened (past the session band),bullish/normal
parity,NIFTY,24800.0,2026-09-29,2026-07-07 10:30 IST,2026-07-07 10:30 IST,1,75,1839765.0,525.0,535.45,24530.2,525.0,535.45,0.01041,19150.87,0.0046,8818.38,736.82,9555.2,0.0,-9555.2,-9.555,gap widened (past the session band),bullish/normal
parity,BANKNIFTY,58000.0,2026-09-29,2026-07-07 10:41 IST,2026-07-07 15:14 IST,1,15,878202.0,2260.0,999.9,58546.8,2130.05,1019.05,0.01232,10821.27,0.0,0.0,403.96,403.96,-106.88,-510.84,-0.511,gap widened (past the session band),bullish/normal
parity,NIFTY,24700.0,2026-09-29,2026-07-07 10:42 IST,2026-07-07 10:42 IST,1,75,1839000.0,578.0,496.0,24520.0,578.0,496.0,0.01058,19449.56,0.0,0.0,737.98,737.98,0.0,-737.98,-0.738,gap widened (past the session band),bullish/normal
parity,NIFTY,24800.0,2026-09-29,2026-07-07 10:44 IST,2026-07-07 10:44 IST,1,75,1838625.0,522.0,540.35,24515.0,522.0,540.35,0.0107,19681.38,0.00133,2545.81,736.37,3282.18,0.0,-3282.18,-3.282,gap widened (past the session band),bullish/normal
parity,NIFTY,24400.0,2026-09-29,2026-07-07 14:03 IST,2026-07-07 14:03 IST,1,75,1837500.0,742.0,386.0,24500.0,742.0,386.0,0.01051,19311.36,9e-05,171.43,747.02,918.45,0.0,-918.45,-0.918,gap widened (past the session band),bullish/normal
parity,NIFTY,24700.0,2026-09-29,2026-07-07 14:16 IST,2026-07-07 14:16 IST,1,75,1836832.0,563.0,504.35,24491.1,563.0,504.35,0.0108,19833.65,0.0,0.0,736.03,736.03,0.0,-736.03,-0.736,gap widened (past the session band),bullish/normal
parity,NIFTY,24700.0,2026-09-29,2026-07-07 15:20 IST,2026-07-07 15:20 IST,1,75,1832288.0,524.0,534.1,24430.5,524.0,534.1,0.01045,19154.9,0.00014,277.18,733.33,1010.51,0.0,-1010.51,-1.011,gap widened (past the session band),bullish/normal
parity,BANKNIFTY,59000.0,2026-09-29,2026-07-07 15:27 IST,2026-07-07 15:27 IST,1,15,875400.0,1533.25,1425.0,58360.0,1533.25,1425.0,0.01266,11081.21,0.00338,3126.4,394.47,3520.87,0.0,-3520.87,-3.521,gap widened (past the session band),bullish/normal
parity,NIFTY,24400.0,2026-09-29,2026-07-07 15:28 IST,2026-07-07 15:28 IST,1,75,1831035.0,690.0,422.0,24413.8,690.0,422.0,0.01042,19080.31,0.0,0.0,741.88,741.88,0.0,-741.88,-0.742,gap widened (past the session band),bullish/normal
parity,BANKNIFTY,58000.0,2026-09-29,2026-07-08 09:19 IST,2026-07-08 09:30 IST,1,15,871140.0,1917.9,1158.8,58076.0,1849.9,1245.0,0.01178,10263.23,0.00311,2853.46,396.06,3249.52,-611.56,-3861.08,-3.861,gap widened (past the session band),bearish/wild
parity,BANKNIFTY,58500.0,2026-09-29,2026-07-08 09:21 IST,2026-07-08 09:21 IST,1,15,871107.0,1699.6,1377.0,58073.8,1699.6,1377.0,0.01279,11138.19,0.0,0.0,395.58,395.58,0.0,-395.58,-0.396,gap widened (past the session band),bearish/wild
parity,NIFTY,24600.0,2026-09-29,2026-07-08 09:23 IST,2026-07-08 09:23 IST,1,75,1821000.0,510.15,576.0,24280.0,510.15,576.0,0.01027,18709.12,0.0,0.0,736.39,736.39,0.0,-736.39,-0.736,gap widened (past the session band),bearish/wild
parity,BANKNIFTY,58500.0,2026-09-29,2026-07-08 09:24 IST,2026-07-08 09:24 IST,1,15,869400.0,1659.85,1419.0,57960.0,1659.85,1419.0,0.01334,11593.91,0.0,0.0,394.34,394.34,0.0,-394.34,-0.394,gap widened (past the session band),bearish/wild
parity,BANKNIFTY,59000.0,2026-09-29,2026-07-08 09:26 IST,2026-07-08 09:26 IST,1,15,869835.0,1380.1,1640.2,57989.0,1380.1,1640.2,0.01269,11041.0,0.0,0.0,391.67,391.67,0.0,-391.67,-0.392,gap widened (past the session band),bearish/wild
parity,NIFTY,24600.0,2026-09-29,2026-07-08 09:26 IST,2026-07-08 09:26 IST,1,75,1819957.0,514.5,577.0,24266.1,514.5,577.0,0.01098,19987.6,0.00329,6262.54,735.87,6998.41,0.0,-6998.41,-6.998,gap widened (past the session band),bearish/wild
parity,BANKNIFTY,58500.0,2026-09-29,2026-07-08 09:27 IST,2026-07-08 09:27 IST,1,15,869325.0,1636.0,1424.9,57955.0,1636.0,1424.9,0.01291,11221.56,0.0008,730.34,394.18,1124.52,0.0,-1124.52,-1.125,gap widened (past the session band),bearish/wild
parity,NIFTY,24400.0,2026-09-29,2026-07-08 09:30 IST,2026-07-08 09:30 IST,1,75,1818488.0,612.0,495.0,24246.5,612.0,495.0,0.01106,20118.59,3e-05,50.46,739.67,790.13,0.0,-790.13,-0.79,gap widened (past the session band),bearish/wild
parity,BANKNIFTY,58500.0,2026-09-29,2026-07-08 09:31 IST,2026-07-08 09:31 IST,1,15,868050.0,1610.0,1481.55,57870.0,1610.0,1481.55,0.01295,11238.1,0.0,0.0,394.7,394.7,0.0,-394.7,-0.395,gap widened (past the session band),bearish/wild
parity,NIFTY,24800.0,2026-09-29,2026-07-08 09:42 IST,2026-07-08 09:42 IST,1,75,1819125.0,415.0,680.0,24255.0,415.0,680.0,0.01121,20400.28,0.0,0.0,736.1,736.1,0.0,-736.1,-0.736,gap widened (past the session band),bearish/wild
parity,NIFTY,24600.0,2026-09-29,2026-07-08 10:00 IST,2026-07-08 10:00 IST,1,75,1820257.0,516.0,565.0,24270.1,516.0,565.0,0.01137,20704.5,0.00014,274.12,734.9,1009.02,0.0,-1009.02,-1.009,gap widened (past the session band),bearish/wild
parity,NIFTY,24100.0,2026-09-29,2026-07-08 10:06 IST,2026-07-08 10:06 IST,1,75,1819702.0,795.0,366.0,24262.7,795.0,366.0,0.01107,20151.59,0.0,0.0,770.76,770.76,0.0,-770.76,-0.771,gap widened (past the session band),bearish/wild
parity,NIFTY,24400.0,2026-09-29,2026-07-08 10:23 IST,2026-07-08 10:23 IST,1,75,1819875.0,613.0,491.9,24265.0,613.0,491.9,0.01047,19058.95,0.0,0.0,739.4,739.4,0.0,-739.4,-0.739,gap widened (past the session band),bearish/wild
parity,BANKNIFTY,58500.0,2026-09-29,2026-07-08 10:40 IST,2026-07-08 10:40 IST,1,15,872790.0,1756.05,1317.6,58186.0,1756.05,1317.6,0.01285,11217.65,0.0,0.0,395.21,395.21,0.0,-395.21,-0.395,gap widened (past the session band),bearish/wild
parity,BANKNIFTY,58000.0,2026-09-29,2026-07-08 10:58 IST,2026-07-08 10:58 IST,1,15,872112.0,2022.15,1131.6,58140.8,2022.15,1131.6,0.01293,11277.23,0.0,0.0,395.8,395.8,0.0,-395.8,-0.396,gap widened (past the session band),bearish/wild
parity,BANKNIFTY,58500.0,2026-09-29,2026-07-08 12:08 IST,2026-07-08 12:08 IST,1,15,870105.0,1640.55,1404.9,58007.0,1640.55,1404.9,0.01244,10821.25,0.0,0.0,395.04,395.04,0.0,-395.04,-0.395,gap widened (past the session band),bearish/wild
parity,NIFTY,24600.0,2026-09-29,2026-07-08 12:15 IST,2026-07-08 12:15 IST,1,75,1818750.0,506.0,580.75,24250.0,506.0,580.75,0.01114,20258.61,0.0,0.0,736.88,736.88,0.0,-736.88,-0.737,gap widened (past the session band),bearish/wild
parity,NIFTY,23800.0,2026-09-29,2026-07-08 12:16 IST,2026-07-08 14:09 IST,1,75,1818300.0,982.0,283.9,24244.0,864.0,425.0,0.01075,19546.08,0.0,0.0,779.82,779.82,-2486.35,-3266.17,-3.266,gap widened (past the session band),bearish/wild
parity,BANKNIFTY,58500.0,2026-09-29,2026-07-08 12:25 IST,2026-07-08 12:25 IST,1,15,869265.0,1615.2,1421.5,57951.0,1615.2,1421.5,0.01268,11019.67,0.00012,113.43,393.08,506.51,0.0,-506.51,-0.507,gap widened (past the session band),bearish/wild
parity,BANKNIFTY,58500.0,2026-09-29,2026-07-08 12:54 IST,2026-07-08 12:54 IST,1,15,870150.0,1663.0,1394.65,58010.0,1663.0,1394.65,0.01295,11267.41,0.0,0.79,393.8,394.59,0.0,-394.59,-0.395,gap widened (past the session band),bearish/wild
parity,BANKNIFTY,59000.0,2026-09-29,2026-07-08 12:54 IST,2026-07-08 12:54 IST,1,15,870150.0,1401.15,1629.9,58010.0,1401.15,1629.9,0.01287,11200.87,0.00449,4107.26,392.77,4500.03,0.0,-4500.03,-4.5,gap widened (past the session band),bearish/wild
parity,NIFTY,23000.0,2026-09-29,2026-07-08 13:03 IST,2026-07-08 14:05 IST,1,75,1820250.0,1625.0,124.5,24270.0,1440.05,212.45,0.01027,18685.02,0.0,0.0,823.11,823.11,-2510.28,-3333.39,-3.333,gap widened (past the session band),bearish/wild
parity,NIFTY,24600.0,2026-09-29,2026-07-08 13:34 IST,2026-07-08 13:34 IST,1,75,1818082.0,498.6,583.25,24241.1,498.6,583.25,0.0111,20173.84,0.00171,3251.68,733.98,3985.66,0.0,-3985.66,-3.986,gap widened (past the session band),bearish/wild
parity,BANKNIFTY,58000.0,2026-09-29,2026-07-08 13:41 IST,2026-07-08 13:48 IST,1,15,870585.0,1925.2,1180.0,58039.0,1800.0,1310.0,0.01218,10601.58,0.0,0.0,392.92,392.92,-375.32,-768.24,-0.768,gap widened (past the session band),bearish/wild
parity,NIFTY,24200.0,2026-09-29,2026-07-08 13:46 IST,2026-07-08 13:46 IST,1,75,1815600.0,711.85,423.0,24208.0,711.85,423.0,0.01161,21072.55,3e-05,65.51,745.83,811.34,0.0,-811.34,-0.811,gap widened (past the session band),bearish/wild
parity,BANKNIFTY,59000.0,2026-09-29,2026-07-08 13:47 IST,2026-07-08 13:47 IST,1,15,866358.0,1309.25,1760.0,57757.2,1309.25,1760.0,0.0134,11607.24,0.0,0.0,398.21,398.21,0.0,-398.21,-0.398,gap widened (past the session band),bearish/wild
parity,NIFTY,24400.0,2026-09-29,2026-07-08 13:47 IST,2026-07-08 13:47 IST,1,75,1811250.0,587.0,548.4,24150.0,587.0,548.4,0.0118,21369.9,0.00346,6574.76,735.87,7310.63,0.0,-7310.63,-7.311,gap widened (past the session band),bearish/wild
parity,BANKNIFTY,57000.0,2026-09-29,2026-07-08 13:48 IST,2026-07-08 13:58 IST,1,15,866373.0,2425.0,943.1,57758.2,2300.0,1121.6,0.01272,11022.38,0.0,0.0,407.18,407.18,-619.09,-1026.27,-1.026,gap widened (past the session band),bearish/wild
parity,NIFTY,24700.0,2026-09-29,2026-07-08 13:48 IST,2026-07-08 13:57 IST,1,75,1811625.0,421.0,729.95,24155.0,406.0,729.95,0.00944,17104.03,0.00254,4824.64,734.03,5558.67,-5227.6,-10786.27,-10.786,gap widened (past the session band),bearish/wild
parity,NIFTY,24100.0,2026-09-29,2026-07-08 13:49 IST,2026-07-08 13:49 IST,1,75,1811205.0,741.95,422.0,24149.4,741.95,422.0,0.01123,20345.58,0.0,0.0,746.18,746.18,0.0,-746.18,-0.746,gap widened (past the session band),bearish/wild
parity,NIFTY,24200.0,2026-09-29,2026-07-08 13:49 IST,2026-07-08 13:49 IST,1,75,1811205.0,682.0,462.0,24149.4,682.0,462.0,0.01117,20239.29,0.0,0.0,745.59,745.59,0.0,-745.59,-0.746,gap widened (past the session band),bearish/wild
parity,BANKNIFTY,58000.0,2026-09-29,2026-07-08 13:51 IST,2026-07-08 13:51 IST,1,15,865200.0,1805.3,1340.0,57680.0,1805.3,1340.0,0.01353,11709.07,0.00128,1169.3,393.75,1563.05,0.0,-1563.05,-1.563,gap widened (past the session band),bearish/wild
parity,NIFTY,24800.0,2026-09-29,2026-07-08 13:51 IST,2026-07-08 13:51 IST,1,75,1809750.0,372.4,786.0,24130.0,372.4,786.0,0.01022,18492.73,0.0,0.0,736.51,736.51,0.0,-736.51,-0.737,gap widened (past the session band),bearish/wild
parity,BANKNIFTY,58500.0,2026-09-29,2026-07-08 13:52 IST,2026-07-08 13:52 IST,1,15,864525.0,1521.4,1597.55,57635.0,1521.4,1597.55,0.01347,11642.38,0.00062,571.86,393.46,965.32,0.0,-965.32,-0.965,gap widened (past the session band),bearish/wild
parity,NIFTY,24400.0,2026-09-29,2026-07-08 13:52 IST,2026-07-08 13:52 IST,1,75,1809300.0,560.0,582.0,24124.0,560.0,582.0,0.01036,18746.29,0.0,0.0,740.5,740.5,0.0,-740.5,-0.74,gap widened (past the session band),bearish/wild
parity,BANKNIFTY,58000.0,2026-09-29,2026-07-08 13:56 IST,2026-07-08 14:02 IST,1,15,863715.0,1700.0,1405.0,57581.0,1640.0,1606.35,0.01229,10617.79,0.00807,7358.03,396.29,7754.32,-791.87,-8546.19,-8.546,gap widened (past the session band),bearish/wild
parity,NIFTY,24600.0,2026-09-29,2026-07-08 13:56 IST,2026-07-08 13:56 IST,1,75,1807132.0,456.2,723.95,24095.1,456.2,723.95,0.00953,17230.68,0.0,0.0,736.33,736.33,0.0,-736.33,-0.736,gap widened (past the session band),bearish/wild
parity,BANKNIFTY,58500.0,2026-09-29,2026-07-08 13:57 IST,2026-07-08 13:57 IST,1,15,862569.0,1466.4,1725.4,57504.6,1466.4,1725.4,0.01255,10826.91,0.0,0.0,396.75,396.75,0.0,-396.75,-0.397,gap widened (past the session band),bearish/wild
parity,NIFTY,24100.0,2026-09-29,2026-07-08 13:57 IST,2026-07-08 13:57 IST,1,75,1805257.0,708.0,455.5,24070.1,708.0,455.5,0.01171,21147.13,0.00026,500.85,747.05,1247.9,0.0,-1247.9,-1.248,gap widened (past the session band),bearish/wild
parity,NIFTY,24400.0,2026-09-29,2026-07-08 13:58 IST,2026-07-08 13:58 IST,1,75,1803735.0,538.0,623.95,24049.8,538.0,623.95,0.01077,19433.33,0.0,0.0,740.78,740.78,0.0,-740.78,-0.741,gap widened (past the session band),bearish/wild
parity,BANKNIFTY,58500.0,2026-09-29,2026-07-08 13:59 IST,2026-07-08 13:59 IST,1,15,860310.0,1446.4,1777.35,57354.0,1446.4,1777.35,0.01392,11973.54,0.0,0.0,397.44,397.44,0.0,-397.44,-0.397,gap widened (past the session band),bearish/wild
parity,BANKNIFTY,57000.0,2026-09-29,2026-07-08 14:00 IST,2026-07-08 14:00 IST,1,15,860790.0,2267.75,1141.6,57386.0,2267.75,1141.6,0.013,11187.2,0.0,0.0,404.64,404.64,0.0,-404.64,-0.405,gap widened (past the session band),bearish/wild
parity,NIFTY,23700.0,2026-09-29,2026-07-08 14:00 IST,2026-07-08 15:08 IST,1,75,1802625.0,860.0,342.95,24035.0,885.0,415.0,0.00778,14022.39,0.0,0.0,765.97,765.97,-6382.88,-7148.85,-7.149,gap widened (past the session band),bearish/wild
parity,NIFTY,24700.0,2026-09-29,2026-07-08 14:01 IST,2026-07-08 14:01 IST,1,75,1801875.0,395.1,792.0,24025.0,395.1,792.0,0.01116,20114.72,0.0,0.0,749.3,749.3,0.0,-749.3,-0.749,gap widened (past the session band),bearish/wild
parity,BANKNIFTY,57000.0,2026-09-29,2026-07-08 14:03 IST,2026-07-08 14:05 IST,1,15,859386.0,2211.0,1193.5,57292.4,2180.5,1250.0,0.01273,10940.88,0.0,0.0,404.42,404.42,-513.53,-917.95,-0.918,gap widened (past the session band),bearish/wild
parity,NIFTY,24900.0,2026-09-29,2026-07-08 14:03 IST,2026-07-08 14:03 IST,1,75,1801477.0,319.95,917.3,24019.7,319.95,917.3,0.01124,20252.62,0.0,0.0,768.67,768.67,0.0,-768.67,-0.769,gap widened (past the session band),bearish/wild
parity,NIFTY,24200.0,2026-09-29,2026-07-08 14:04 IST,2026-07-08 14:04 IST,1,75,1800000.0,635.65,564.0,24000.0,635.65,564.0,0.0112,20153.67,0.0,0.0,747.39,747.39,0.0,-747.39,-0.747,gap widened (past the session band),bearish/wild
parity,NIFTY,24600.0,2026-09-29,2026-07-08 14:04 IST,2026-07-08 14:04 IST,1,75,1800000.0,441.0,758.1,24000.0,441.0,758.1,0.01142,20557.26,0.0,0.0,751.07,751.07,0.0,-751.07,-0.751,gap widened (past the session band),bearish/wild
parity,BANKNIFTY,58500.0,2026-09-29,2026-07-08 14:05 IST,2026-07-08 14:05 IST,1,15,857565.0,1368.75,1883.9,57171.0,1368.75,1883.9,0.01389,11915.26,0.0,0.0,399.29,399.29,0.0,-399.29,-0.399,gap widened (past the session band),bearish/wild
parity,NIFTY,24400.0,2026-09-29,2026-07-08 14:06 IST,2026-07-08 14:06 IST,1,75,1798882.0,519.0,660.0,23985.1,519.0,660.0,0.01117,20085.97,0.0032,6037.8,746.01,6783.81,0.0,-6783.81,-6.784,gap widened (past the session band),bearish/wild
parity,BANKNIFTY,57000.0,2026-09-29,2026-07-08 14:07 IST,2026-07-08 14:10 IST,1,15,858291.0,2175.0,1260.3,57219.4,2142.5,1311.1,0.01221,10477.81,0.0,0.0,405.32,405.32,-754.27,-1159.59,-1.16,gap widened (past the session band),bearish/wild
parity,NIFTY,23000.0,2026-09-29,2026-07-08 14:07 IST,2026-07-08 14:15 IST,1,75,1799393.0,1451.65,208.95,23991.9,1431.15,230.9,0.01106,19901.47,7e-05,136.62,807.23,943.85,-1625.75,-2569.6,-2.57,gap widened (past the session band),bearish/wild
parity,NIFTY,24100.0,2026-09-29,2026-07-08 14:08 IST,2026-07-08 14:08 IST,1,75,1798612.0,684.0,549.95,23981.5,684.0,549.95,0.01046,18810.85,0.0,0.0,754.88,754.88,0.0,-754.88,-0.755,gap widened (past the session band),bearish/wild
parity,BANKNIFTY,58500.0,2026-09-29,2026-07-08 14:09 IST,2026-07-08 14:09 IST,1,15,856527.0,1351.6,1944.1,57101.8,1351.6,1944.1,0.01375,11777.77,0.0,0.0,400.85,400.85,0.0,-400.85,-0.401,gap widened (past the session band),bearish/wild
parity,NIFTY,24200.0,2026-09-29,2026-07-08 14:09 IST,2026-07-08 14:09 IST,1,75,1796325.0,627.95,577.0,23951.0,627.95,577.0,0.01237,22222.25,7e-05,134.33,752.84,887.17,0.0,-887.17,-0.887,gap widened (past the session band),bearish/wild
parity,BANKNIFTY,57000.0,2026-09-29,2026-07-08 14:14 IST,2026-07-08 14:14 IST,1,15,855474.0,2141.7,1350.2,57031.6,2141.7,1350.2,0.01333,11405.43,0.0,0.0,405.73,405.73,0.0,-405.73,-0.406,gap widened (past the session band),bearish/wild
parity,BANKNIFTY,57000.0,2026-09-29,2026-07-08 14:16 IST,2026-07-08 14:21 IST,1,15,856380.0,2135.05,1304.15,57092.0,2125.0,1334.15,0.01297,11103.75,0.00474,4298.71,406.97,4705.68,-28.2,-4733.88,-4.734,gap widened (past the session band),bearish/wild
parity,NIFTY,23900.0,2026-09-29,2026-07-08 14:16 IST,2026-07-08 14:16 IST,1,75,1797000.0,788.0,460.0,23960.0,788.0,460.0,0.01122,20166.02,0.00046,873.31,760.18,1633.49,0.0,-1633.49,-1.633,gap widened (past the session band),bearish/wild
parity,NIFTY,24200.0,2026-09-29,2026-07-08 14:16 IST,2026-07-08 14:16 IST,1,75,1797000.0,629.85,587.9,23960.0,629.85,587.9,0.01162,20882.15,8e-05,147.11,751.71,898.82,0.0,-898.82,-0.899,gap widened (past the session band),bearish/wild
parity,NIFTY,24600.0,2026-09-29,2026-07-08 14:18 IST,2026-07-08 14:18 IST,1,75,1797000.0,416.55,801.95,23960.0,416.55,801.95,0.01023,18390.74,4e-05,67.62,754.93,822.55,0.0,-822.55,-0.823,gap widened (past the session band),bearish/wild
parity,NIFTY,24800.0,2026-09-29,2026-07-08 14:18 IST,2026-07-08 14:18 IST,1,75,1797000.0,334.0,893.95,23960.0,334.0,893.95,0.01117,20079.41,0.0,0.0,743.79,743.79,0.0,-743.79,-0.744,gap widened (past the session band),bearish/wild
parity,NIFTY,23000.0,2026-09-29,2026-07-08 14:19 IST,2026-07-08 14:58 IST,1,75,1796625.0,1415.5,220.35,23955.0,1380.65,245.95,0.01061,19062.14,0.00336,6450.06,806.82,7256.88,-2234.62,-9491.5,-9.492,gap widened (past the session band),bearish/wild
parity,NIFTY,24700.0,2026-09-29,2026-07-08 14:21 IST,2026-07-08 14:21 IST,1,75,1795500.0,371.0,858.0,23940.0,371.0,858.0,0.01094,19638.69,0.01042,19698.31,750.83,20449.14,0.0,-20449.14,-20.449,gap widened (past the session band),bearish/wild
parity,NIFTY,23900.0,2026-09-29,2026-07-08 14:24 IST,2026-07-08 14:27 IST,1,75,1795950.0,770.0,465.0,23946.0,768.0,471.4,0.01084,19475.62,0.00296,5601.13,757.93,6359.06,-491.0,-6850.06,-6.85,gap widened (past the session band),bearish/wild
parity,NIFTY,24200.0,2026-09-29,2026-07-08 14:24 IST,2026-07-08 14:27 IST,1,75,1795950.0,602.2,592.85,23946.0,607.95,596.0,0.01084,19471.75,0.00112,2115.89,750.14,2866.03,-1316.51,-4182.54,-4.183,gap widened (past the session band),bearish/wild
parity,NIFTY,24400.0,2026-09-29,2026-07-08 14:29 IST,2026-07-08 14:29 IST,1,75,1793243.0,494.9,700.0,23909.9,494.9,700.0,0.01162,20835.66,0.0,0.0,750.92,750.92,0.0,-750.92,-0.751,gap widened (past the session band),bearish/wild
parity,NIFTY,23800.0,2026-09-29,2026-07-08 14:30 IST,2026-07-08 14:59 IST,1,75,1795500.0,838.0,436.05,23940.0,812.0,462.75,0.01103,19800.31,0.00351,6633.21,765.82,7399.03,-427.5,-7826.53,-7.827,gap widened (past the session band),bearish/wild
parity,BANKNIFTY,58500.0,2026-09-29,2026-07-08 14:32 IST,2026-07-08 14:32 IST,1,15,854550.0,1314.45,2081.0,56970.0,1314.45,2081.0,0.01301,11115.02,4e-05,33.61,401.8,435.41,0.0,-435.41,-0.435,gap widened (past the session band),bearish/wild
parity,NIFTY,23900.0,2026-09-29,2026-07-08 14:32 IST,2026-07-08 14:37 IST,1,75,1795275.0,764.0,472.4,23937.0,764.0,481.25,0.01066,19135.72,0.00147,2769.0,759.24,3528.24,-1728.93,-5257.17,-5.257,gap widened (past the session band),bearish/wild
parity,BANKNIFTY,57000.0,2026-09-29,2026-07-08 14:39 IST,2026-07-08 14:39 IST,1,15,853857.0,2049.9,1386.3,56923.8,2049.9,1386.3,0.01298,11080.22,0.0,0.0,404.9,404.9,0.0,-404.9,-0.405,gap widened (past the session band),bearish/wild
parity,NIFTY,24200.0,2026-09-29,2026-07-08 14:41 IST,2026-07-08 14:41 IST,1,75,1792800.0,592.5,616.0,23904.0,592.5,616.0,0.01122,20111.78,0.00066,1251.39,752.04,2003.43,0.0,-2003.43,-2.003,gap widened (past the session band),bearish/wild
parity,BANKNIFTY,58000.0,2026-09-29,2026-07-08 14:45 IST,2026-07-08 14:45 IST,1,15,852333.0,1490.0,1838.0,56822.2,1490.0,1838.0,0.0143,12187.8,0.00211,1905.11,399.09,2304.2,0.0,-2304.2,-2.304,gap widened (past the session band),bearish/wild
parity,BANKNIFTY,58500.0,2026-09-29,2026-07-08 14:45 IST,2026-07-08 14:45 IST,1,15,852333.0,1277.4,2174.85,56822.2,1277.4,2174.85,0.0133,11336.01,0.0,0.0,402.31,402.31,0.0,-402.31,-0.402,gap widened (past the session band),bearish/wild
parity,NIFTY,23600.0,2026-09-29,2026-07-08 14:45 IST,2026-07-17 09:23 IST,1,75,1792110.0,936.0,386.95,23894.8,1107.85,246.8,0.01082,19393.09,0.0,0.0,770.48,770.48,-2384.78,-3155.26,-3.155,gap widened (past the session band),bearish/wild
parity,BANKNIFTY,57000.0,2026-09-29,2026-07-08 14:47 IST,2026-07-08 14:47 IST,1,15,852129.0,2020.0,1430.0,56808.6,2020.0,1430.0,0.01371,11678.85,0.0,0.0,404.93,404.93,0.0,-404.93,-0.405,gap widened (past the session band),bearish/wild
parity,NIFTY,24100.0,2026-09-29,2026-07-08 14:47 IST,2026-07-08 14:47 IST,1,75,1791375.0,631.95,585.0,23885.0,631.95,585.0,0.01084,19409.66,0.0,0.0,751.41,751.41,0.0,-751.41,-0.751,gap widened (past the session band),bearish/wild
parity,NIFTY,24400.0,2026-09-29,2026-07-08 14:48 IST,2026-07-08 14:48 IST,1,75,1791660.0,486.0,728.0,23888.8,486.0,728.0,0.01095,19627.41,0.0,0.0,753.94,753.94,0.0,-753.94,-0.754,gap widened (past the session band),bearish/wild
parity,BANKNIFTY,57000.0,2026-09-29,2026-07-08 14:50 IST,2026-07-08 14:50 IST,1,15,851436.0,1972.5,1442.9,56762.4,1972.5,1442.9,0.01345,11455.73,0.00041,367.56,403.61,771.17,0.0,-771.17,-0.771,gap widened (past the session band),bearish/wild
parity,BANKNIFTY,58000.0,2026-09-29,2026-07-08 14:50 IST,2026-07-08 14:50 IST,1,15,851436.0,1443.15,1900.0,56762.4,1443.15,1900.0,0.01343,11438.9,1e-05,11.52,400.11,411.63,0.0,-411.63,-0.412,gap widened (past the session band),bearish/wild
parity,NIFTY,23900.0,2026-09-29,2026-07-08 14:50 IST,2026-07-08 14:58 IST,1,75,1790760.0,736.0,502.4,23876.8,754.0,511.8,0.01074,19234.41,0.0,0.0,759.29,759.29,-1564.74,-2324.03,-2.324,gap widened (past the session band),bearish/wild
parity,NIFTY,24600.0,2026-09-29,2026-07-08 14:51 IST,2026-07-08 14:51 IST,1,75,1788818.0,389.0,825.95,23850.9,389.0,825.95,0.01263,22586.9,0.0,0.0,754.8,754.8,0.0,-754.8,-0.755,gap widened (past the session band),bearish/wild
parity,NIFTY,24800.0,2026-09-29,2026-07-08 14:51 IST,2026-07-08 14:51 IST,1,75,1788818.0,309.0,964.05,23850.9,309.0,964.05,0.01174,21009.32,0.0,0.0,768.57,768.57,0.0,-768.57,-0.769,gap widened (past the session band),bearish/wild
parity,BANKNIFTY,57000.0,2026-09-29,2026-07-08 14:54 IST,2026-07-08 14:54 IST,1,15,851319.0,1986.95,1451.0,56754.6,1986.95,1451.0,0.0137,11666.22,0.0,0.0,402.61,402.61,0.0,-402.61,-0.403,gap widened (past the session band),bearish/wild
parity,BANKNIFTY,57000.0,2026-09-29,2026-07-08 14:59 IST,2026-07-08 14:59 IST,1,15,852300.0,2015.0,1420.0,56820.0,2015.0,1420.0,0.01359,11585.39,0.00955,8624.68,403.26,9027.94,0.0,-9027.94,-9.028,gap widened (past the session band),bearish/wild
parity,NIFTY,23800.0,2026-09-29,2026-07-08 15:01 IST,2026-07-24 10:36 IST,1,75,1791323.0,805.95,460.1,23884.3,577.7,507.1,0.011,19708.96,0.00148,2791.9,761.97,3553.87,3889.93,336.06,0.336,time exit (past the measured hold),bearish/wild
parity,NIFTY,24400.0,2026-09-29,2026-07-08 15:01 IST,2026-07-08 15:01 IST,1,75,1791323.0,487.0,712.0,23884.3,487.0,712.0,0.01185,21234.96,0.00123,2306.54,750.17,3056.71,0.0,-3056.71,-3.057,gap widened (past the session band),bearish/wild
parity,NIFTY,23000.0,2026-09-29,2026-07-08 15:04 IST,2026-07-14 10:19 IST,1,75,1792395.0,1370.0,235.55,23898.6,1485.4,170.15,0.01042,18677.61,0.0,0.0,803.72,803.72,-2305.41,-3109.13,-3.109,gap widened (past the session band),bearish/wild
parity,NIFTY,24800.0,2026-09-29,2026-07-08 15:04 IST,2026-07-08 15:04 IST,1,75,1792395.0,318.0,944.0,23898.6,318.0,944.0,0.01097,19663.12,0.00095,1797.56,758.11,2555.67,0.0,-2555.67,-2.556,gap widened (past the session band),bearish/wild
parity,BANKNIFTY,57000.0,2026-09-29,2026-07-08 15:05 IST,2026-07-08 15:05 IST,1,15,853350.0,2030.0,1393.2,56890.0,2030.0,1393.2,0.0131,11177.79,0.0,0.0,403.26,403.26,0.0,-403.26,-0.403,gap widened (past the session band),bearish/wild
parity,BANKNIFTY,58500.0,2026-09-29,2026-07-08 15:08 IST,2026-07-08 15:08 IST,1,15,854037.0,1279.3,2045.9,56935.8,1279.3,2045.9,0.01361,11619.74,0.00045,402.76,399.85,802.61,0.0,-802.61,-0.803,gap widened (past the session band),bearish/wild
parity,BANKNIFTY,57000.0,2026-09-29,2026-07-08 15:10 IST,2026-07-08 15:10 IST,1,15,853875.0,2043.0,1354.4,56925.0,2043.0,1354.4,0.01339,11437.49,0.0,0.0,402.35,402.35,0.0,-402.35,-0.402,gap widened (past the session band),bearish/wild
parity,BANKNIFTY,58000.0,2026-09-29,2026-07-08 15:13 IST,2026-07-08 15:13 IST,1,15,853893.0,1486.75,1778.8,56926.2,1486.75,1778.8,0.01346,11489.94,0.0,0.03,398.47,398.5,0.0,-398.5,-0.398,gap widened (past the session band),bearish/wild
parity,BANKNIFTY,58500.0,2026-09-29,2026-07-08 15:13 IST,2026-07-08 15:13 IST,1,15,853893.0,1262.1,2019.75,56926.2,1262.1,2019.75,0.01393,11895.9,0.00046,412.32,399.46,811.78,0.0,-811.78,-0.812,gap widened (past the session band),bearish/wild
parity,BANKNIFTY,57000.0,2026-09-29,2026-07-08 15:16 IST,2026-07-08 15:16 IST,1,15,854550.0,2044.2,1334.0,56970.0,2044.2,1334.0,0.01299,11096.4,0.0,0.0,402.9,402.9,0.0,-402.9,-0.403,gap widened (past the session band),bearish/wild
parity,NIFTY,24600.0,2026-09-29,2026-07-08 15:16 IST,2026-07-08 15:16 IST,1,75,1794285.0,402.3,796.0,23923.8,402.3,796.0,0.01139,20443.34,0.00025,472.15,751.88,1224.03,0.0,-1224.03,-1.224,gap widened (past the session band),bearish/wild
parity,BANKNIFTY,58500.0,2026-09-29,2026-07-08 15:17 IST,2026-07-08 15:17 IST,1,15,854700.0,1297.3,2017.2,56980.0,1297.3,2017.2,0.01365,11666.98,0.00567,5129.88,400.27,5530.15,0.0,-5530.15,-5.53,gap widened (past the session band),bearish/wild
parity,NIFTY,23900.0,2026-09-29,2026-07-08 15:17 IST,2026-07-09 09:59 IST,1,75,1794675.0,760.0,470.0,23929.0,822.0,384.55,0.01093,19606.91,0.0,0.0,758.92,758.92,-852.57,-1611.49,-1.611,gap widened (past the session band),bearish/wild
parity,NIFTY,24600.0,2026-09-29,2026-07-08 15:18 IST,2026-07-08 15:18 IST,1,75,1795582.0,405.0,792.0,23941.1,405.0,792.0,0.01095,19667.47,0.00026,496.96,750.3,1247.26,0.0,-1247.26,-1.247,gap widened (past the session band),bearish/wild
parity,BANKNIFTY,57000.0,2026-09-29,2026-07-08 15:20 IST,2026-07-08 15:23 IST,1,15,855585.0,2069.75,1293.4,57039.0,2091.0,1312.1,0.01294,11068.83,0.0,0.0,403.18,403.18,-295.88,-699.06,-0.699,gap widened (past the session band),bearish/wild
parity,BANKNIFTY,58500.0,2026-09-29,2026-07-09 09:16 IST,2026-07-09 09:16 IST,1,15,859650.0,1428.45,1765.9,57310.0,1428.45,1765.9,0.01458,12529.48,0.0,0.0,400.3,400.3,0.0,-400.3,-0.4,gap widened (past the session band),sideways/normal
parity,BANKNIFTY,57000.0,2026-09-29,2026-07-09 09:18 IST,2026-07-09 09:18 IST,1,15,860619.0,2250.0,1110.7,57374.6,2250.0,1110.7,0.01342,11551.93,0.0027,2464.35,402.84,2867.19,0.0,-2867.19,-2.867,gap widened (past the session band),sideways/normal
parity,BANKNIFTY,58000.0,2026-09-29,2026-07-09 09:19 IST,2026-07-09 09:19 IST,1,15,861210.0,1666.6,1481.7,57414.0,1666.6,1481.7,0.01328,11436.07,0.00607,5515.33,395.26,5910.59,0.0,-5910.59,-5.911,gap widened (past the session band),sideways/normal
parity,BANKNIFTY,58500.0,2026-09-29,2026-07-09 09:19 IST,2026-07-09 09:19 IST,1,15,861210.0,1425.6,1713.0,57414.0,1425.6,1713.0,0.01364,11742.85,0.0,0.0,395.25,395.25,0.0,-395.25,-0.395,gap widened (past the session band),sideways/normal
parity,BANKNIFTY,57000.0,2026-09-29,2026-07-09 09:20 IST,2026-07-09 09:20 IST,1,15,861150.0,2269.0,1103.2,57410.0,2269.0,1103.2,0.01327,11426.16,0.00656,5982.25,403.71,6385.96,0.0,-6385.96,-6.386,gap widened (past the session band),sideways/normal
parity,BANKNIFTY,58500.0,2026-09-29,2026-07-09 09:21 IST,2026-07-09 09:21 IST,1,15,860250.0,1400.1,1754.5,57350.0,1400.1,1754.5,0.01358,11683.93,0.00034,310.86,394.72,705.58,0.0,-705.58,-0.706,gap widened (past the session band),sideways/normal
parity,BANKNIFTY,59000.0,2026-09-29,2026-07-09 09:22 IST,2026-07-09 09:22 IST,1,15,859857.0,1158.15,1988.55,57323.8,1158.15,1988.55,0.01433,12322.5,0.0,0.0,395.78,395.78,0.0,-395.78,-0.396,gap widened (past the session band),sideways/normal
parity,BANKNIFTY,57000.0,2026-09-29,2026-07-09 09:23 IST,2026-07-09 09:23 IST,1,15,860700.0,2245.0,1106.05,57380.0,2245.0,1106.05,0.01332,11466.88,0.0,0.0,402.88,402.88,0.0,-402.88,-0.403,gap widened (past the session band),sideways/normal
parity,BANKNIFTY,58500.0,2026-09-29,2026-07-09 09:23 IST,2026-07-09 09:23 IST,1,15,860700.0,1418.3,1728.65,57380.0,1418.3,1728.65,0.01383,11901.21,0.00316,2865.77,395.28,3261.05,0.0,-3261.05,-3.261,gap widened (past the session band),sideways/normal
parity,NIFTY,24200.0,2026-09-29,2026-07-09 09:23 IST,2026-07-09 12:53 IST,1,75,1803375.0,623.2,530.0,24045.0,644.2,492.05,0.01023,18446.48,0.0,0.0,745.08,745.08,-1439.1,-2184.18,-2.184,gap widened (past the session band),sideways/normal
parity,BANKNIFTY,59000.0,2026-09-29,2026-07-09 09:24 IST,2026-07-09 09:24 IST,1,15,861345.0,1185.9,1960.45,57423.0,1185.9,1960.45,0.01358,11693.83,0.00443,4015.63,393.09,4408.72,0.0,-4408.72,-4.409,gap widened (past the session band),sideways/normal
parity,BANKNIFTY,57000.0,2026-09-29,2026-07-09 09:25 IST,2026-07-09 09:25 IST,1,15,861450.0,2280.0,1096.15,57430.0,2280.0,1096.15,0.01323,11401.25,0.0,0.0,401.68,401.68,0.0,-401.68,-0.402,gap widened (past the session band),sideways/normal
parity,BANKNIFTY,58000.0,2026-09-29,2026-07-09 09:25 IST,2026-07-09 09:25 IST,1,15,861450.0,1662.9,1450.8,57430.0,1662.9,1450.8,0.01347,11607.55,0.0,0.0,393.35,393.35,0.0,-393.35,-0.393,gap widened (past the session band),sideways/normal
parity,BANKNIFTY,58500.0,2026-09-29,2026-07-09 09:25 IST,2026-07-09 09:25 IST,1,15,861450.0,1436.65,1729.0,57430.0,1436.65,1729.0,0.01327,11432.08,0.0,0.0,394.81,394.81,0.0,-394.81,-0.395,gap widened (past the session band),sideways/normal
parity,BANKNIFTY,57000.0,2026-09-29,2026-07-09 09:28 IST,2026-07-09 09:28 IST,1,15,861375.0,2279.9,1099.95,57425.0,2279.9,1099.95,0.01325,11416.67,0.0,0.0,402.72,402.72,0.0,-402.72,-0.403,gap widened (past the session band),sideways/normal
parity,BANKNIFTY,58000.0,2026-09-29,2026-07-09 09:28 IST,2026-07-09 09:28 IST,1,15,861375.0,1652.65,1496.6,57425.0,1652.65,1496.6,0.01259,10840.72,0.00194,1758.69,394.88,2153.57,0.0,-2153.57,-2.154,gap widened (past the session band),sideways/normal
parity,BANKNIFTY,58000.0,2026-09-29,2026-07-09 09:31 IST,2026-07-09 09:31 IST,1,15,860355.0,1640.0,1537.7,57357.0,1640.0,1537.7,0.01283,11039.68,0.00035,315.63,396.33,711.96,0.0,-711.96,-0.712,gap widened (past the session band),sideways/normal
parity,BANKNIFTY,57000.0,2026-09-29,2026-07-09 09:32 IST,2026-07-09 09:32 IST,1,15,859950.0,2204.9,1135.0,57330.0,2204.9,1135.0,0.01299,11170.26,0.00173,1580.68,403.97,1984.65,0.0,-1984.65,-1.985,gap widened (past the session band),sideways/normal
parity,BANKNIFTY,57000.0,2026-09-29,2026-07-09 09:36 IST,2026-07-09 09:38 IST,1,15,860400.0,2219.5,1134.4,57360.0,2244.25,1130.0,0.01273,10954.78,0.0,0.0,404.38,404.38,-587.09,-991.47,-0.991,gap widened (past the session band),sideways/normal
parity,BANKNIFTY,59000.0,2026-09-29,2026-07-09 09:36 IST,2026-07-09 09:36 IST,1,15,860400.0,1155.0,1997.9,57360.0,1155.0,1997.9,0.01348,11599.88,0.0,0.0,395.66,395.66,0.0,-395.66,-0.396,gap widened (past the session band),sideways/normal
parity,BANKNIFTY,58500.0,2026-09-29,2026-07-09 09:40 IST,2026-07-09 09:40 IST,1,15,861207.0,1429.45,1706.0,57413.8,1429.45,1706.0,0.01383,11908.54,0.00433,3932.97,397.18,4330.15,0.0,-4330.15,-4.33,gap widened (past the session band),sideways/normal
parity,BANKNIFTY,58500.0,2026-09-29,2026-07-09 09:42 IST,2026-07-09 09:42 IST,1,15,860850.0,1393.55,1739.0,57390.0,1393.55,1739.0,0.01304,11226.88,5e-05,42.63,394.69,437.32,0.0,-437.32,-0.437,gap widened (past the session band),sideways/normal
parity,BANKNIFTY,58500.0,2026-09-29,2026-07-09 09:46 IST,2026-07-09 09:46 IST,1,15,861750.0,1423.05,1722.85,57450.0,1423.05,1722.85,0.01279,11024.68,0.00117,1063.14,393.96,1457.1,0.0,-1457.1,-1.457,gap widened (past the session band),sideways/normal
parity,BANKNIFTY,58000.0,2026-09-29,2026-07-09 10:01 IST,2026-07-09 10:01 IST,1,15,862710.0,1681.6,1414.35,57514.0,1681.6,1414.35,0.01297,11193.07,0.00033,297.49,393.65,691.14,0.0,-691.14,-0.691,gap widened (past the session band),sideways/normal
parity,BANKNIFTY,57000.0,2026-09-29,2026-07-09 10:04 IST,2026-07-09 10:04 IST,1,15,862500.0,2312.0,1058.1,57500.0,2312.0,1058.1,0.01324,11417.23,0.00043,391.63,403.12,794.75,0.0,-794.75,-0.795,gap widened (past the session band),sideways/normal
parity,NIFTY,24100.0,2026-09-29,2026-07-09 10:09 IST,2026-07-09 10:41 IST,1,75,1807762.0,693.2,451.0,24103.5,735.35,433.0,0.00991,17906.31,0.0,0.0,751.43,751.43,-1037.76,-1789.19,-1.789,gap widened (past the session band),sideways/normal
parity,BANKNIFTY,58500.0,2026-09-29,2026-07-09 10:11 IST,2026-07-09 10:11 IST,1,15,862416.0,1447.9,1680.0,57494.4,1447.9,1680.0,0.0132,11383.86,0.0,0.0,394.8,394.8,0.0,-394.8,-0.395,gap widened (past the session band),sideways/normal
parity,BANKNIFTY,57000.0,2026-09-29,2026-07-09 10:18 IST,2026-07-09 10:18 IST,1,15,861810.0,2285.0,1081.5,57454.0,2285.0,1081.5,0.01316,11341.22,0.00215,1960.46,404.35,2364.81,0.0,-2364.81,-2.365,gap widened (past the session band),sideways/normal
parity,BANKNIFTY,58500.0,2026-09-29,2026-07-09 10:30 IST,2026-07-09 10:30 IST,1,15,860640.0,1387.7,1752.4,57376.0,1387.7,1752.4,0.01295,11145.09,5e-05,42.13,392.95,435.08,0.0,-435.08,-0.435,gap widened (past the session band),sideways/normal
parity,BANKNIFTY,58500.0,2026-09-29,2026-07-09 10:40 IST,2026-07-09 10:40 IST,1,15,860550.0,1368.8,1622.95,57370.0,1368.8,1622.95,0.01498,12892.03,0.0,0.0,393.99,393.99,0.0,-393.99,-0.394,gap widened (past the session band),sideways/normal
parity,BANKNIFTY,57000.0,2026-09-29,2026-07-09 10:41 IST,2026-07-09 10:52 IST,1,15,864465.0,2250.9,1022.0,57631.0,2132.2,1145.0,0.01053,9105.71,0.0,0.0,402.42,402.42,-2518.04,-2920.46,-2.92,gap widened (past the session band),sideways/normal
parity,NIFTY,24700.0,2026-09-29,2026-07-09 10:41 IST,2026-07-09 10:41 IST,1,75,1811250.0,414.75,698.0,24150.0,414.75,698.0,0.01072,19408.26,0.0,0.0,743.07,743.07,0.0,-743.07,-0.743,gap widened (past the session band),sideways/normal
parity,BANKNIFTY,58000.0,2026-09-29,2026-07-09 10:42 IST,2026-07-09 10:42 IST,1,15,864552.0,1769.0,1350.75,57636.8,1769.0,1350.75,0.01347,11642.76,0.0,0.0,394.11,394.11,0.0,-394.11,-0.394,gap widened (past the session band),sideways/normal
parity,BANKNIFTY,58500.0,2026-09-29,2026-07-09 10:42 IST,2026-07-09 10:42 IST,1,15,864552.0,1502.55,1619.4,57636.8,1502.55,1619.4,0.01273,11007.54,0.0,0.0,394.79,394.79,0.0,-394.79,-0.395,gap widened (past the session band),sideways/normal
parity,BANKNIFTY,59000.0,2026-09-29,2026-07-09 10:42 IST,2026-07-09 10:42 IST,1,15,864552.0,1264.7,1923.45,57636.8,1264.7,1923.45,0.01188,10270.31,0.0,0.0,396.33,396.33,0.0,-396.33,-0.396,gap widened (past the session band),sideways/normal
parity,NIFTY,23700.0,2026-09-29,2026-07-09 10:42 IST,2026-07-15 15:00 IST,1,75,1812007.0,928.0,306.0,24160.1,927.95,311.1,0.00698,12642.77,0.0,0.0,770.29,770.29,-7418.67,-8188.96,-8.189,gap widened (past the session band),sideways/normal
parity,NIFTY,23900.0,2026-09-29,2026-07-09 10:42 IST,2026-07-17 09:32 IST,1,75,1812007.0,878.65,373.15,24160.1,895.0,328.05,0.01031,18687.82,0.00019,356.12,752.25,1108.37,-2551.65,-3660.02,-3.66,gap widened (past the session band),sideways/normal
parity,NIFTY,24400.0,2026-09-29,2026-07-09 10:42 IST,2026-07-09 10:44 IST,1,75,1812007.0,550.1,556.65,24160.1,550.1,580.0,0.00951,17240.44,0.0,0.0,740.25,740.25,-914.2,-1654.45,-1.654,gap widened (past the session band),sideways/normal
parity,NIFTY,24600.0,2026-09-29,2026-07-09 10:42 IST,2026-07-09 10:42 IST,1,75,1812007.0,473.95,648.0,24160.1,473.95,648.0,0.01074,19460.5,0.00017,317.15,736.07,1053.22,0.0,-1053.22,-1.053,gap widened (past the session band),sideways/normal
parity,NIFTY,24800.0,2026-09-29,2026-07-09 10:42 IST,2026-07-09 12:08 IST,1,75,1812007.0,382.15,786.6,24160.1,355.0,782.0,0.00936,16963.05,0.0,0.0,741.85,741.85,-1676.98,-2418.83,-2.419,gap widened (past the session band),sideways/normal
parity,NIFTY,24400.0,2026-09-29,2026-07-09 10:46 IST,2026-07-09 10:46 IST,1,75,1805835.0,526.05,595.95,24077.8,526.05,595.95,0.01028,18572.13,0.00083,1564.35,739.62,2303.97,0.0,-2303.97,-2.304,gap widened (past the session band),sideways/normal
parity,NIFTY,24700.0,2026-09-29,2026-07-09 10:46 IST,2026-07-09 10:46 IST,1,75,1805835.0,392.0,738.0,24077.8,392.0,738.0,0.0111,20038.46,0.0,0.0,739.36,739.36,0.0,-739.36,-0.739,gap widened (past the session band),sideways/normal
parity,BANKNIFTY,58500.0,2026-09-29,2026-07-09 10:48 IST,2026-07-09 10:48 IST,1,15,859842.0,1392.0,1796.65,57322.8,1392.0,1796.65,0.01318,11332.26,0.0,0.0,394.61,394.61,0.0,-394.61,-0.395,gap widened (past the session band),sideways/normal
parity,BANKNIFTY,58000.0,2026-09-29,2026-07-09 10:51 IST,2026-07-09 10:51 IST,1,15,859653.0,1627.9,1550.0,57310.2,1627.9,1550.0,0.01322,11365.52,0.0,0.0,395.84,395.84,0.0,-395.84,-0.396,gap widened (past the session band),sideways/normal
parity,BANKNIFTY,58500.0,2026-09-29,2026-07-09 10:51 IST,2026-07-09 10:51 IST,1,15,859653.0,1339.5,1795.85,57310.2,1339.5,1795.85,0.0125,10743.04,0.0,0.0,394.4,394.4,0.0,-394.4,-0.394,gap widened (past the session band),sideways/normal
parity,BANKNIFTY,58500.0,2026-09-29,2026-07-09 11:26 IST,2026-07-09 11:26 IST,1,15,863850.0,1500.3,1616.4,57590.0,1500.3,1616.4,0.01356,11710.62,0.0,0.0,394.34,394.34,0.0,-394.34,-0.394,gap widened (past the session band),sideways/normal
parity,BANKNIFTY,59000.0,2026-09-29,2026-07-09 11:28 IST,2026-07-09 11:28 IST,1,15,864825.0,1262.65,1845.4,57655.0,1262.65,1845.4,0.01288,11141.28,0.0,0.0,394.04,394.04,0.0,-394.04,-0.394,gap widened (past the session band),sideways/normal
parity,BANKNIFTY,58500.0,2026-09-29,2026-07-09 11:29 IST,2026-07-09 11:29 IST,1,15,864822.0,1515.7,1609.95,57654.8,1515.7,1609.95,0.01281,11080.45,0.0,0.0,395.17,395.17,0.0,-395.17,-0.395,gap widened (past the session band),sideways/normal
parity,BANKNIFTY,58000.0,2026-09-29,2026-07-09 12:04 IST,2026-07-09 12:06 IST,1,15,863385.0,1701.0,1429.2,57559.0,1688.0,1437.15,0.01227,10596.11,0.0,0.0,395.84,395.84,-374.51,-770.35,-0.77,gap widened (past the session band),sideways/normal
parity,NIFTY,24600.0,2026-09-29,2026-07-09 12:40 IST,2026-07-09 12:40 IST,1,75,1806000.0,425.0,695.0,24080.0,425.0,695.0,0.01007,18184.63,0.0,0.0,738.1,738.1,0.0,-738.1,-0.738,gap widened (past the session band),sideways/normal
parity,NIFTY,24600.0,2026-09-29,2026-07-09 12:54 IST,2026-07-09 12:54 IST,1,75,1807350.0,437.55,677.5,24098.0,437.55,677.5,0.01057,19107.95,0.00029,550.35,738.54,1288.89,0.0,-1288.89,-1.289,gap widened (past the session band),sideways/normal
parity,NIFTY,24700.0,2026-09-29,2026-07-09 12:54 IST,2026-07-09 12:54 IST,1,75,1807350.0,393.15,736.0,24098.0,393.15,736.0,0.01039,18781.73,0.0,0.0,741.6,741.6,0.0,-741.6,-0.742,gap widened (past the session band),sideways/normal
parity,NIFTY,24900.0,2026-09-29,2026-07-09 12:54 IST,2026-07-09 12:54 IST,1,75,1807350.0,305.0,846.3,24098.0,305.0,846.3,0.01034,18680.53,0.0,0.0,762.8,762.8,0.0,-762.8,-0.763,gap widened (past the session band),sideways/normal
parity,BANKNIFTY,57000.0,2026-09-29,2026-07-09 13:22 IST,2026-07-13 09:34 IST,1,15,862950.0,2300.0,1065.0,57530.0,2400.0,949.0,0.01239,10690.25,0.0,0.0,403.98,403.98,-632.15,-1036.13,-1.036,gap widened (past the session band),sideways/normal
parity,NIFTY,24100.0,2026-09-29,2026-07-09 13:33 IST,2026-07-09 15:00 IST,1,75,1807950.0,702.0,449.0,24106.0,666.0,472.05,0.01025,18531.52,0.0,0.0,745.28,745.28,-494.14,-1239.42,-1.239,gap widened (past the session band),sideways/normal
parity,NIFTY,24200.0,2026-09-29,2026-07-09 13:35 IST,2026-07-09 15:06 IST,1,75,1808925.0,648.0,488.0,24119.0,586.0,544.15,0.00994,17986.93,0.0,0.0,741.64,741.64,-2073.93,-2815.57,-2.816,gap widened (past the session band),sideways/normal
parity,BANKNIFTY,58000.0,2026-09-29,2026-07-09 13:37 IST,2026-07-09 13:37 IST,1,15,863928.0,1750.0,1395.65,57595.2,1750.0,1395.65,0.01308,11299.24,0.0,0.0,395.14,395.14,0.0,-395.14,-0.395,gap widened (past the session band),sideways/normal
parity,NIFTY,24400.0,2026-09-29,2026-07-09 14:03 IST,2026-07-09 14:03 IST,1,75,1806450.0,522.75,591.8,24086.0,522.75,591.8,0.00998,18029.86,0.00255,4820.78,734.6,5555.38,0.0,-5555.38,-5.555,gap widened (past the session band),sideways/normal
parity,NIFTY,23200.0,2026-09-29,2026-07-09 15:00 IST,2026-07-09 15:00 IST,1,75,1803007.0,1286.15,206.85,24040.1,1286.15,206.85,0.01046,18853.43,0.0,0.0,797.9,797.9,0.0,-797.9,-0.798,gap widened (past the session band),sideways/normal
parity,BANKNIFTY,58000.0,2026-09-29,2026-07-09 15:03 IST,2026-07-09 15:06 IST,1,15,861960.0,1634.0,1491.65,57464.0,1662.95,1500.75,0.01167,10058.7,0.0,0.0,395.89,395.89,-1631.5,-2027.39,-2.027,gap widened (past the session band),sideways/normal
parity,BANKNIFTY,58500.0,2026-09-29,2026-07-09 15:09 IST,2026-07-09 15:09 IST,1,15,861696.0,1415.6,1714.4,57446.4,1415.6,1714.4,0.01287,11092.92,0.0,0.0,395.72,395.72,0.0,-395.72,-0.396,gap widened (past the session band),sideways/normal
parity,NIFTY,24800.0,2026-09-29,2026-07-09 15:14 IST,2026-07-09 15:14 IST,1,75,1797750.0,314.0,870.8,23970.0,314.0,870.8,0.0109,19587.59,0.00142,2680.24,742.2,3422.44,0.0,-3422.44,-3.422,gap widened (past the session band),sideways/normal
parity,BANKNIFTY,58500.0,2026-09-29,2026-07-09 15:22 IST,2026-07-09 15:22 IST,1,15,862704.0,1455.25,1663.35,57513.6,1455.25,1663.35,0.01328,11459.99,0.0,0.0,393.23,393.23,0.0,-393.23,-0.393,gap widened (past the session band),sideways/normal
parity,NIFTY,23200.0,2026-09-29,2026-07-09 15:25 IST,2026-07-09 15:25 IST,1,75,1800698.0,1246.8,217.3,24009.3,1246.8,217.3,0.00966,17394.86,0.0,0.0,783.7,783.7,0.0,-783.7,-0.784,gap widened (past the session band),sideways/normal
parity,NIFTY,24200.0,2026-09-29,2026-07-09 15:29 IST,2026-07-10 12:23 IST,1,75,1800570.0,590.3,536.9,24007.6,690.0,431.8,0.01012,18225.84,9e-05,178.97,738.58,917.55,-1355.94,-2273.49,-2.273,gap widened (past the session band),sideways/normal
parity,BANKNIFTY,58500.0,2026-09-29,2026-07-10 09:18 IST,2026-07-10 09:18 IST,1,15,868875.0,1625.15,1441.5,57925.0,1625.15,1441.5,0.01295,11256.23,0.0,0.0,393.65,393.65,0.0,-393.65,-0.394,gap widened (past the session band),bullish/calm
parity,BANKNIFTY,59000.0,2026-09-29,2026-07-10 09:22 IST,2026-07-10 09:22 IST,1,15,869025.0,1345.4,1638.15,57935.0,1345.4,1638.15,0.01307,11354.97,0.0,0.0,392.54,392.54,0.0,-392.54,-0.393,gap widened (past the session band),bullish/calm
parity,BANKNIFTY,58000.0,2026-09-29,2026-07-10 09:23 IST,2026-07-10 09:23 IST,1,15,869700.0,1890.0,1175.55,57980.0,1890.0,1175.55,0.01266,11012.45,0.0,0.0,396.41,396.41,0.0,-396.41,-0.396,gap widened (past the session band),bullish/calm
parity,BANKNIFTY,58500.0,2026-09-29,2026-07-10 09:24 IST,2026-07-10 09:24 IST,1,15,869718.0,1626.25,1408.7,57981.2,1626.25,1408.7,0.01257,10933.82,0.00023,212.55,392.23,604.78,0.0,-604.78,-0.605,gap widened (past the session band),bullish/calm
parity,BANKNIFTY,59000.0,2026-09-29,2026-07-10 09:24 IST,2026-07-10 09:24 IST,1,15,869718.0,1332.35,1610.6,57981.2,1332.35,1610.6,0.01252,10889.41,0.0001,94.75,389.83,484.58,0.0,-484.58,-0.485,gap widened (past the session band),bullish/calm
parity,BANKNIFTY,58500.0,2026-09-29,2026-07-10 09:27 IST,2026-07-10 09:27 IST,1,15,869700.0,1625.15,1395.45,57980.0,1625.15,1395.45,0.0128,11133.8,0.00294,2692.68,393.42,3086.1,0.0,-3086.1,-3.086,gap widened (past the session band),bullish/calm
parity,BANKNIFTY,58500.0,2026-09-29,2026-07-10 09:30 IST,2026-07-10 09:30 IST,1,15,870000.0,1632.25,1395.65,58000.0,1632.25,1395.65,0.01258,10941.59,0.00183,1676.65,392.92,2069.57,0.0,-2069.57,-2.07,gap widened (past the session band),bullish/calm
parity,BANKNIFTY,58500.0,2026-09-29,2026-07-10 09:32 IST,2026-07-10 09:32 IST,1,15,870000.0,1640.8,1387.3,58000.0,1640.8,1387.3,0.01287,11195.09,0.00228,2089.08,392.3,2481.38,0.0,-2481.38,-2.481,gap widened (past the session band),bullish/calm
parity,NIFTY,24600.0,2026-09-29,2026-07-10 09:50 IST,2026-07-10 09:50 IST,1,75,1817400.0,474.95,580.1,24232.0,474.95,580.1,0.01063,19318.49,0.0,0.0,739.62,739.62,0.0,-739.62,-0.74,gap widened (past the session band),bullish/calm
parity,BANKNIFTY,58500.0,2026-09-29,2026-07-10 10:15 IST,2026-07-10 10:15 IST,1,15,871200.0,1676.4,1369.95,58080.0,1676.4,1369.95,0.0124,10806.53,0.0,0.0,394.27,394.27,0.0,-394.27,-0.394,gap widened (past the session band),bullish/calm
parity,BANKNIFTY,58000.0,2026-09-29,2026-07-10 11:10 IST,2026-07-10 11:10 IST,1,15,870945.0,1940.0,1150.0,58063.0,1940.0,1150.0,0.01254,10918.53,0.00037,341.22,394.95,736.17,0.0,-736.17,-0.736,gap widened (past the session band),bullish/calm
parity,NIFTY,24400.0,2026-09-29,2026-07-10 11:48 IST,2026-07-10 11:48 IST,1,75,1816350.0,564.8,503.0,24218.0,564.8,503.0,0.00996,18089.52,0.0,0.0,732.47,732.47,0.0,-732.47,-0.732,gap widened (past the session band),bullish/calm
parity,BANKNIFTY,58500.0,2026-09-29,2026-07-10 12:44 IST,2026-07-10 12:44 IST,1,15,872253.0,1697.0,1320.0,58150.2,1697.0,1320.0,0.01241,10826.87,0.00018,164.89,392.21,557.1,0.0,-557.1,-0.557,gap widened (past the session band),bullish/calm
parity,BANKNIFTY,59000.0,2026-09-29,2026-07-10 13:07 IST,2026-07-10 13:07 IST,1,15,874140.0,1482.7,1467.6,58276.0,1482.7,1467.6,0.0125,10930.97,0.00182,1669.63,393.48,2063.11,0.0,-2063.11,-2.063,gap widened (past the session band),bullish/calm
parity,BANKNIFTY,59000.0,2026-09-29,2026-07-10 13:09 IST,2026-07-10 13:09 IST,1,15,874131.0,1479.0,1488.85,58275.4,1479.0,1488.85,0.01209,10565.62,0.0,0.0,391.59,391.59,0.0,-391.59,-0.392,gap widened (past the session band),bullish/calm
parity,BANKNIFTY,58500.0,2026-09-29,2026-07-10 13:46 IST,2026-07-10 14:05 IST,1,15,873645.0,1750.0,1285.0,58243.0,1730.0,1285.0,0.01233,10774.79,0.0,0.0,390.22,390.22,-59.31,-449.53,-0.45,gap widened (past the session band),bullish/calm
parity,BANKNIFTY,59000.0,2026-09-29,2026-07-10 14:32 IST,2026-07-10 14:32 IST,1,15,872970.0,1400.65,1503.65,58198.0,1400.65,1503.65,0.01181,10312.72,0.00071,652.55,390.66,1043.21,0.0,-1043.21,-1.043,gap widened (past the session band),bullish/calm
parity,BANKNIFTY,59000.0,2026-09-29,2026-07-10 14:49 IST,2026-07-10 14:49 IST,1,15,873630.0,1444.25,1480.35,58242.0,1444.25,1480.35,0.01221,10665.67,0.00035,322.2,390.09,712.29,0.0,-712.29,-0.712,gap widened (past the session band),bullish/calm
parity,BANKNIFTY,59000.0,2026-09-29,2026-07-10 14:53 IST,2026-07-10 14:53 IST,1,15,872700.0,1438.0,1505.5,58180.0,1438.0,1505.5,0.01273,11111.35,0.0,0.0,389.99,389.99,0.0,-389.99,-0.39,gap widened (past the session band),bullish/calm
parity,NIFTY,24200.0,2026-09-29,2026-07-10 14:59 IST,2026-07-10 14:59 IST,1,75,1815750.0,685.5,410.0,24210.0,685.5,410.0,0.01097,19923.24,0.00075,1421.85,738.54,2160.39,0.0,-2160.39,-2.16,gap widened (past the session band),bullish/calm
parity,NIFTY,24200.0,2026-09-29,2026-07-10 15:02 IST,2026-07-13 09:15 IST,1,75,1817693.0,698.0,422.0,24235.9,620.0,506.0,0.00993,18046.03,0.0059,11215.18,739.96,11955.14,-1976.74,-13931.88,-13.932,gap widened (past the session band),bullish/calm
parity,NIFTY,24700.0,2026-09-29,2026-07-10 15:07 IST,2026-07-10 15:07 IST,1,75,1817625.0,419.0,629.95,24235.0,419.0,629.95,0.01021,18554.3,0.00027,520.72,730.52,1251.24,0.0,-1251.24,-1.251,gap widened (past the session band),bullish/calm
parity,BANKNIFTY,59000.0,2026-09-29,2026-07-10 15:21 IST,2026-07-10 15:21 IST,1,15,872790.0,1467.1,1507.9,58186.0,1467.1,1507.9,0.01309,11423.14,3e-05,24.25,390.68,414.93,0.0,-414.93,-0.415,gap widened (past the session band),bullish/calm
parity,BANKNIFTY,58500.0,2026-09-29,2026-07-10 15:27 IST,2026-07-10 15:27 IST,1,15,873300.0,1720.0,1253.9,58220.0,1720.0,1253.9,0.01275,11131.35,0.00018,160.91,393.09,554.0,0.0,-554.0,-0.554,gap widened (past the session band),bullish/calm
parity,BANKNIFTY,58000.0,2026-09-29,2026-07-13 09:17 IST,2026-07-13 09:19 IST,1,15,866370.0,1720.05,1280.0,57758.0,1715.0,1306.0,0.01175,10180.68,0.00028,253.42,390.3,643.72,-777.82,-1421.54,-1.422,gap widened (past the session band),bullish/wild
parity,BANKNIFTY,58500.0,2026-09-29,2026-07-13 09:17 IST,2026-07-13 09:17 IST,1,15,866370.0,1513.65,1494.9,57758.0,1513.65,1494.9,0.01299,11257.72,0.0,0.0,389.8,389.8,0.0,-389.8,-0.39,gap widened (past the session band),bullish/wild
parity,NIFTY,24200.0,2026-09-29,2026-07-13 09:17 IST,2026-07-14 13:38 IST,1,75,1804418.0,608.0,500.0,24058.9,611.85,514.0,0.01027,18536.49,0.00046,858.65,733.36,1592.01,-1402.57,-2994.58,-2.995,gap widened (past the session band),bullish/wild
parity,NIFTY,24400.0,2026-09-29,2026-07-13 09:17 IST,2026-07-13 09:17 IST,1,75,1804418.0,497.65,588.0,24058.9,497.65,588.0,0.01023,18453.33,0.0,0.0,732.95,732.95,0.0,-732.95,-0.733,gap widened (past the session band),bullish/wild
parity,BANKNIFTY,59000.0,2026-09-29,2026-07-13 09:18 IST,2026-07-13 09:18 IST,1,15,865614.0,1229.95,1729.0,57707.6,1229.95,1729.0,0.01344,11632.81,0.0,0.0,389.98,389.98,0.0,-389.98,-0.39,gap widened (past the session band),bullish/wild
parity,NIFTY,24600.0,2026-09-29,2026-07-13 09:18 IST,2026-07-13 09:18 IST,1,75,1804065.0,402.0,688.05,24054.2,402.0,688.05,0.01049,18916.64,4e-05,81.79,727.44,809.23,0.0,-809.23,-0.809,gap widened (past the session band),bullish/wild
parity,NIFTY,24900.0,2026-09-29,2026-07-13 09:20 IST,2026-07-13 09:20 IST,1,75,1804185.0,295.0,876.0,24055.8,295.0,876.0,0.01046,18866.55,0.0,0.0,732.44,732.44,0.0,-732.44,-0.732,gap widened (past the session band),bullish/wild
parity,BANKNIFTY,58000.0,2026-09-29,2026-07-13 09:21 IST,2026-07-13 09:21 IST,1,15,864777.0,1720.0,1313.0,57651.8,1720.0,1313.0,0.01302,11255.94,0.0,0.0,390.84,390.84,0.0,-390.84,-0.391,gap widened (past the session band),bullish/wild
parity,BANKNIFTY,58500.0,2026-09-29,2026-07-13 09:21 IST,2026-07-13 09:21 IST,1,15,864777.0,1478.6,1524.0,57651.8,1478.6,1524.0,0.01372,11866.48,0.0,0.0,389.71,389.71,0.0,-389.71,-0.39,gap widened (past the session band),bullish/wild
parity,NIFTY,24800.0,2026-09-29,2026-07-13 09:21 IST,2026-07-13 09:21 IST,1,75,1803750.0,332.05,758.95,24050.0,332.05,758.95,0.013,23456.56,0.0,0.0,729.98,729.98,0.0,-729.98,-0.73,gap widened (past the session band),bullish/wild
parity,NIFTY,24700.0,2026-09-29,2026-07-13 09:34 IST,2026-07-13 09:34 IST,1,75,1803248.0,357.5,762.0,24043.3,357.5,762.0,0.01011,18235.53,0.0,0.0,737.87,737.87,0.0,-737.87,-0.738,gap widened (past the session band),bullish/wild
parity,BANKNIFTY,59000.0,2026-09-29,2026-07-13 09:36 IST,2026-07-13 09:36 IST,1,15,867120.0,1250.7,1716.15,57808.0,1250.7,1716.15,0.01228,10651.61,0.0,0.0,389.55,389.55,0.0,-389.55,-0.39,gap widened (past the session band),bullish/wild
parity,BANKNIFTY,58000.0,2026-09-29,2026-07-13 09:37 IST,2026-07-13 09:38 IST,1,15,867480.0,1780.05,1231.5,57832.0,1793.0,1246.75,0.01235,10713.49,0.00057,516.26,390.63,906.89,-262.17,-1169.06,-1.169,gap widened (past the session band),bullish/wild
parity,NIFTY,24400.0,2026-09-29,2026-07-13 09:43 IST,2026-07-13 09:43 IST,1,75,1807500.0,516.0,571.0,24100.0,516.0,571.0,0.00999,18064.63,0.00033,628.17,734.48,1362.65,0.0,-1362.65,-1.363,gap widened (past the session band),bullish/wild
parity,BANKNIFTY,58000.0,2026-09-29,2026-07-13 09:51 IST,2026-07-13 09:51 IST,1,15,869433.0,1875.0,1169.95,57962.2,1875.0,1169.95,0.01281,11134.94,0.00048,438.9,392.92,831.82,0.0,-831.82,-0.832,gap widened (past the session band),bullish/wild
parity,BANKNIFTY,58500.0,2026-09-29,2026-07-13 09:51 IST,2026-07-13 09:51 IST,1,15,869433.0,1598.15,1395.35,57962.2,1598.15,1395.35,0.01265,10997.73,0.00368,3353.17,390.06,3743.23,0.0,-3743.23,-3.743,gap widened (past the session band),bullish/wild
parity,NIFTY,25500.0,2026-09-29,2026-07-13 09:51 IST,2026-08-13 13:41 IST,1,75,1809112.0,141.4,1260.0,24121.5,70.6,941.05,0.00999,18066.33,0.00213,4067.29,773.4,4840.69,7642.62,2801.93,2.802,time exit (past the measured hold),bullish/wild
parity,BANKNIFTY,58500.0,2026-09-29,2026-07-13 09:54 IST,2026-07-13 09:54 IST,1,15,869865.0,1617.3,1376.15,57991.0,1617.3,1376.15,0.01281,11146.93,0.0,0.0,391.47,391.47,0.0,-391.47,-0.391,gap widened (past the session band),bullish/wild
parity,BANKNIFTY,58000.0,2026-09-29,2026-07-13 09:55 IST,2026-07-13 10:10 IST,1,15,870225.0,1890.55,1162.45,58015.0,1920.0,1165.0,0.0123,10699.61,0.0,0.0,393.12,393.12,-601.33,-994.45,-0.994,gap widened (past the session band),bullish/wild
parity,BANKNIFTY,58500.0,2026-09-29,2026-07-13 09:59 IST,2026-07-13 09:59 IST,1,15,870030.0,1614.55,1374.6,58002.0,1614.55,1374.6,0.0126,10966.21,0.00085,779.17,390.82,1169.99,0.0,-1169.99,-1.17,gap widened (past the session band),bullish/wild
parity,NIFTY,24600.0,2026-09-29,2026-07-13 10:06 IST,2026-07-13 10:06 IST,1,75,1809135.0,425.0,654.0,24121.8,425.0,654.0,0.01006,18195.21,0.00038,722.98,736.98,1459.96,0.0,-1459.96,-1.46,gap widened (past the session band),bullish/wild
parity,NIFTY,24100.0,2026-09-29,2026-07-13 10:12 IST,2026-07-13 10:12 IST,1,75,1808775.0,701.0,429.3,24117.0,701.0,429.3,0.01057,19120.09,0.00025,477.48,738.16,1215.64,0.0,-1215.64,-1.216,gap widened (past the session band),bullish/wild
parity,NIFTY,24800.0,2026-09-29,2026-07-13 10:28 IST,2026-07-13 10:28 IST,1,75,1812000.0,360.25,746.0,24160.0,360.25,746.0,0.01016,18406.62,3e-05,62.38,737.11,799.49,0.0,-799.49,-0.799,gap widened (past the session band),bullish/wild
parity,NIFTY,24900.0,2026-09-29,2026-07-13 10:46 IST,2026-07-13 10:46 IST,1,75,1812000.0,316.0,806.45,24160.0,316.0,806.45,0.00991,17950.66,0.00041,780.53,746.97,1527.5,0.0,-1527.5,-1.528,gap widened (past the session band),bullish/wild
parity,NIFTY,24400.0,2026-09-29,2026-07-13 10:59 IST,2026-07-13 10:59 IST,1,75,1811250.0,558.0,546.0,24150.0,558.0,546.0,0.01071,19391.36,0.0,0.0,734.66,734.66,0.0,-734.66,-0.735,gap widened (past the session band),bullish/wild
parity,NIFTY,24400.0,2026-09-29,2026-07-13 12:13 IST,2026-07-13 12:14 IST,1,75,1816425.0,576.0,527.0,24219.0,574.0,530.0,0.00939,17062.74,0.00017,322.54,734.11,1056.65,-1037.1,-2093.75,-2.094,gap widened (past the session band),bullish/wild
parity,NIFTY,24800.0,2026-09-29,2026-07-13 12:13 IST,2026-07-13 12:13 IST,1,75,1816425.0,387.7,696.8,24219.0,387.7,696.8,0.0109,19791.41,0.0,0.0,737.62,737.62,0.0,-737.62,-0.738,gap widened (past the session band),bullish/wild
parity,NIFTY,24700.0,2026-09-29,2026-07-13 12:52 IST,2026-07-13 12:53 IST,1,75,1821510.0,463.0,639.45,24286.8,453.0,639.45,0.00951,17328.7,0.0,0.0,736.79,736.79,-579.77,-1316.56,-1.317,gap widened (past the session band),bullish/wild
parity,NIFTY,24600.0,2026-09-29,2026-07-13 12:54 IST,2026-07-13 12:54 IST,1,75,1819973.0,501.05,593.1,24266.3,501.05,593.1,0.00977,17778.45,0.0,0.0,736.24,736.24,0.0,-736.24,-0.736,gap widened (past the session band),bullish/wild
parity,BANKNIFTY,57000.0,2026-09-29,2026-07-13 13:08 IST,2026-07-13 13:08 IST,1,15,871437.0,2670.25,813.6,58095.8,2670.25,813.6,0.01336,11639.48,0.0,0.0,409.65,409.65,0.0,-409.65,-0.41,gap widened (past the session band),bullish/wild
parity,BANKNIFTY,58500.0,2026-09-29,2026-07-13 14:15 IST,2026-07-13 14:15 IST,1,15,874065.0,1775.0,1269.5,58271.0,1775.0,1269.5,0.01255,10970.12,0.0,0.0,394.13,394.13,0.0,-394.13,-0.394,gap widened (past the session band),bullish/wild
parity,BANKNIFTY,58500.0,2026-09-29,2026-07-13 14:19 IST,2026-07-13 14:19 IST,1,15,874947.0,1800.0,1226.0,58329.8,1800.0,1226.0,0.01272,11127.77,0.00063,581.22,394.91,976.13,0.0,-976.13,-0.976,gap widened (past the session band),bullish/wild
parity,BANKNIFTY,58500.0,2026-09-29,2026-07-13 14:51 IST,2026-07-13 14:51 IST,1,15,874833.0,1819.95,1223.6,58322.2,1819.95,1223.6,0.01323,11575.47,2e-05,20.68,394.75,415.43,0.0,-415.43,-0.415,gap widened (past the session band),bullish/wild
parity,BANKNIFTY,59000.0,2026-09-29,2026-07-13 14:55 IST,2026-07-13 14:55 IST,1,15,874545.0,1474.6,1445.65,58303.0,1474.6,1445.65,0.01229,10745.03,0.0,0.0,391.34,391.34,0.0,-391.34,-0.391,gap widened (past the session band),bullish/wild
parity,NIFTY,24400.0,2026-09-29,2026-07-13 14:55 IST,2026-07-14 09:25 IST,1,75,1819425.0,589.6,505.95,24259.0,555.55,553.4,0.00918,16702.87,0.00164,3112.66,739.35,3852.01,-2187.42,-6039.43,-6.039,gap widened (past the session band),bullish/wild
parity,NIFTY,24900.0,2026-09-29,2026-07-13 14:55 IST,2026-07-13 14:55 IST,1,75,1819425.0,351.2,753.95,24259.0,351.2,753.95,0.00946,17205.58,0.0,0.0,742.29,742.29,0.0,-742.29,-0.742,gap widened (past the session band),bullish/wild
parity,NIFTY,24100.0,2026-09-29,2026-07-13 15:00 IST,2026-07-14 09:21 IST,1,75,1818143.0,761.2,387.95,24241.9,724.0,431.85,0.00962,17498.03,0.00025,484.44,746.39,1230.83,-1714.32,-2945.15,-2.945,gap widened (past the session band),bullish/wild
parity,BANKNIFTY,57000.0,2026-09-29,2026-07-13 15:13 IST,2026-07-14 09:20 IST,1,15,874185.0,2745.3,757.1,58279.0,2441.0,893.4,0.01247,10902.65,0.0,0.0,408.5,408.5,-559.97,-968.47,-0.968,gap widened (past the session band),bullish/wild
parity,BANKNIFTY,58000.0,2026-09-29,2026-07-13 15:26 IST,2026-07-13 15:26 IST,1,15,874263.0,2067.8,1050.25,58284.2,2067.8,1050.25,0.01265,11059.07,0.0002,187.43,397.42,584.85,0.0,-584.85,-0.585,gap widened (past the session band),bullish/wild
parity,BANKNIFTY,58000.0,2026-09-29,2026-07-14 09:17 IST,2026-07-14 09:17 IST,1,15,868320.0,1829.3,1214.4,57888.0,1829.3,1214.4,0.01253,10880.62,0.0001,94.5,397.38,491.88,0.0,-491.88,-0.492,gap widened (past the session band),sideways/calm
parity,BANKNIFTY,59000.0,2026-09-29,2026-07-14 09:21 IST,2026-07-14 09:21 IST,1,15,867600.0,1339.05,1686.65,57840.0,1339.05,1686.65,0.01377,11949.03,0.00016,148.72,391.4,540.12,0.0,-540.12,-0.54,gap widened (past the session band),sideways/calm
parity,BANKNIFTY,58500.0,2026-09-29,2026-07-14 09:22 IST,2026-07-14 09:22 IST,1,15,868278.0,1582.4,1436.55,57885.2,1582.4,1436.55,0.013,11284.17,8e-05,69.49,391.21,460.7,0.0,-460.7,-0.461,gap widened (past the session band),sideways/calm
parity,BANKNIFTY,58000.0,2026-09-29,2026-07-14 09:23 IST,2026-07-14 09:23 IST,1,15,867939.0,1837.95,1222.55,57862.6,1837.95,1222.55,0.01298,11263.91,0.00976,8920.83,393.18,9314.01,0.0,-9314.01,-9.314,gap widened (past the session band),sideways/calm
parity,BANKNIFTY,58000.0,2026-09-29,2026-07-14 09:25 IST,2026-07-14 09:25 IST,1,15,868125.0,1850.0,1199.0,57875.0,1850.0,1199.0,0.01338,11614.46,0.0015,1375.26,393.51,1768.77,0.0,-1768.77,-1.769,gap widened (past the session band),sideways/calm
parity,BANKNIFTY,57000.0,2026-09-29,2026-07-14 09:28 IST,2026-07-14 09:28 IST,1,15,867453.0,2465.0,893.65,57830.2,2465.0,893.65,0.01301,11286.86,0.0,0.0,404.92,404.92,0.0,-404.92,-0.405,gap widened (past the session band),sideways/calm
parity,BANKNIFTY,58000.0,2026-09-29,2026-07-14 09:34 IST,2026-07-14 09:34 IST,1,15,866265.0,1785.0,1280.0,57751.0,1785.0,1280.0,0.013,11259.13,0.0,0.0,392.19,392.19,0.0,-392.19,-0.392,gap widened (past the session band),sideways/calm
parity,BANKNIFTY,58000.0,2026-09-29,2026-07-14 09:40 IST,2026-07-14 09:40 IST,1,15,863700.0,1692.4,1351.45,57580.0,1692.4,1351.45,0.01312,11328.45,0.0,0.0,392.06,392.06,0.0,-392.06,-0.392,gap widened (past the session band),sideways/calm
parity,BANKNIFTY,59000.0,2026-09-29,2026-07-14 09:41 IST,2026-07-14 09:41 IST,1,15,863421.0,1115.55,1840.0,57561.4,1115.55,1840.0,0.01207,10418.39,0.00034,309.69,391.62,701.31,0.0,-701.31,-0.701,gap widened (past the session band),sideways/calm
parity,BANKNIFTY,57000.0,2026-09-29,2026-07-14 09:48 IST,2026-07-14 09:48 IST,1,15,862878.0,2287.05,1013.95,57525.2,2287.05,1013.95,0.01313,11325.8,0.0,0.0,403.41,403.41,0.0,-403.41,-0.403,gap widened (past the session band),sideways/calm
parity,BANKNIFTY,57000.0,2026-09-29,2026-07-14 09:53 IST,2026-07-14 10:19 IST,1,15,863028.0,2273.15,1000.0,57535.2,2259.0,1018.5,0.01295,11178.59,0.0,0.0,400.84,400.84,-335.02,-735.86,-0.736,gap widened (past the session band),sideways/calm
parity,BANKNIFTY,58500.0,2026-09-29,2026-07-14 09:53 IST,2026-07-14 09:53 IST,1,15,863028.0,1451.2,1580.0,57535.2,1451.2,1580.0,0.0143,12342.92,0.0,0.0,392.13,392.13,0.0,-392.13,-0.392,gap widened (past the session band),sideways/calm
parity,NIFTY,24400.0,2026-09-29,2026-07-14 10:00 IST,2026-07-14 10:00 IST,1,75,1805625.0,521.95,598.0,24075.0,521.95,598.0,0.01016,18339.29,0.0,0.0,739.77,739.77,0.0,-739.77,-0.74,gap widened (past the session band),sideways/calm
parity,NIFTY,24600.0,2026-09-29,2026-07-14 10:05 IST,2026-07-14 10:05 IST,1,75,1806877.0,428.4,688.0,24091.7,428.4,688.0,0.01004,18133.38,0.0,0.0,736.75,736.75,0.0,-736.75,-0.737,gap widened (past the session band),sideways/calm
parity,BANKNIFTY,58000.0,2026-09-29,2026-07-14 10:19 IST,2026-07-14 10:19 IST,1,15,862203.0,1663.8,1404.9,57480.2,1663.8,1404.9,0.01342,11574.33,0.0,0.0,392.59,392.59,0.0,-392.59,-0.393,gap widened (past the session band),sideways/calm
parity,BANKNIFTY,57000.0,2026-09-29,2026-07-14 10:40 IST,2026-07-14 10:40 IST,1,15,863025.0,2300.0,1003.55,57535.0,2300.0,1003.55,0.01336,11531.04,0.0,0.0,400.73,400.73,0.0,-400.73,-0.401,gap widened (past the session band),sideways/calm
parity,NIFTY,24700.0,2026-09-29,2026-07-14 10:49 IST,2026-07-14 13:38 IST,1,75,1808775.0,386.75,754.0,24117.0,361.05,776.0,0.00862,15585.77,0.0,0.0,738.78,738.78,-2925.41,-3664.19,-3.664,gap widened (past the session band),sideways/calm
parity,NIFTY,23000.0,2026-09-29,2026-07-14 10:55 IST,2026-07-23 12:49 IST,1,75,1808850.0,1492.6,158.0,24118.0,1210.1,176.55,0.00961,17386.93,1e-05,11.07,807.89,818.96,1934.26,1115.3,1.115,time exit (past the measured hold),sideways/calm
parity,BANKNIFTY,58000.0,2026-09-29,2026-07-14 10:59 IST,2026-07-14 10:59 IST,1,15,864477.0,1729.0,1341.25,57631.8,1729.0,1341.25,0.01303,11264.02,0.0,0.0,393.77,393.77,0.0,-393.77,-0.394,gap widened (past the session band),sideways/calm
parity,BANKNIFTY,58500.0,2026-09-29,2026-07-14 11:14 IST,2026-07-14 11:14 IST,1,15,865860.0,1508.0,1512.5,57724.0,1508.0,1512.5,0.01318,11413.98,0.0007,637.91,390.78,1028.69,0.0,-1028.69,-1.029,gap widened (past the session band),sideways/calm
parity,BANKNIFTY,58500.0,2026-09-29,2026-07-14 11:16 IST,2026-07-14 11:16 IST,1,15,865170.0,1492.25,1518.35,57678.0,1492.25,1518.35,0.0136,11770.58,0.00029,268.07,391.31,659.38,0.0,-659.38,-0.659,gap widened (past the session band),sideways/calm
parity,BANKNIFTY,57000.0,2026-09-29,2026-07-14 11:31 IST,2026-07-14 11:31 IST,1,15,865503.0,2383.9,940.0,57700.2,2383.9,940.0,0.01305,11298.55,0.00147,1348.1,401.81,1749.91,0.0,-1749.91,-1.75,gap widened (past the session band),sideways/calm
parity,BANKNIFTY,57000.0,2026-09-29,2026-07-14 12:07 IST,2026-07-14 12:07 IST,1,15,863304.0,2300.0,988.0,57553.6,2300.0,988.0,0.01331,11489.07,0.00023,209.86,400.93,610.79,0.0,-610.79,-0.611,gap widened (past the session band),sideways/calm
parity,BANKNIFTY,58000.0,2026-09-29,2026-07-14 12:16 IST,2026-07-14 12:16 IST,1,15,863001.0,1680.05,1367.75,57533.4,1680.05,1367.75,0.01343,11588.21,0.0,0.0,392.46,392.46,0.0,-392.46,-0.392,gap widened (past the session band),sideways/calm
parity,NIFTY,24400.0,2026-09-29,2026-07-14 12:22 IST,2026-07-14 12:22 IST,1,75,1805325.0,516.05,590.0,24071.0,516.05,590.0,0.01041,18792.71,0.00231,4373.11,733.3,5106.41,0.0,-5106.41,-5.106,gap widened (past the session band),sideways/calm
parity,BANKNIFTY,58000.0,2026-09-29,2026-07-14 12:39 IST,2026-07-14 12:39 IST,1,15,863100.0,1673.7,1373.15,57540.0,1673.7,1373.15,0.01311,11314.28,0.00193,1756.7,392.18,2148.88,0.0,-2148.88,-2.149,gap widened (past the session band),sideways/calm
parity,NIFTY,24100.0,2026-09-29,2026-07-14 13:38 IST,2026-07-14 14:52 IST,1,75,1802250.0,650.0,482.05,24030.0,661.85,485.0,0.00986,17774.75,0.00014,266.04,740.47,1006.51,-2088.8,-3095.31,-3.095,gap widened (past the session band),sideways/calm
parity,NIFTY,24400.0,2026-09-29,2026-07-14 13:38 IST,2026-07-14 13:38 IST,1,75,1802250.0,508.0,608.0,24030.0,508.0,608.0,0.01103,19872.08,0.00015,283.69,736.15,1019.84,0.0,-1019.84,-1.02,gap widened (past the session band),sideways/calm
parity,BANKNIFTY,57000.0,2026-09-29,2026-07-14 13:39 IST,2026-07-14 13:41 IST,1,15,861516.0,2222.0,1049.95,57434.4,2275.15,1041.7,0.01295,11153.51,0.0,0.0,399.12,399.12,-1035.02,-1434.14,-1.434,gap widened (past the session band),sideways/calm
parity,BANKNIFTY,58000.0,2026-09-29,2026-07-14 13:40 IST,2026-07-14 13:40 IST,1,15,861537.0,1631.9,1441.5,57435.8,1631.9,1441.5,0.013,11203.73,0.0,0.0,393.13,393.13,0.0,-393.13,-0.393,gap widened (past the session band),sideways/calm
parity,BANKNIFTY,58000.0,2026-09-29,2026-07-14 13:45 IST,2026-07-14 13:45 IST,1,15,862350.0,1657.8,1410.0,57490.0,1657.8,1410.0,0.01306,11262.82,0.01104,10015.19,392.43,10407.62,0.0,-10407.62,-10.408,gap widened (past the session band),sideways/calm
parity,BANKNIFTY,58000.0,2026-09-29,2026-07-14 13:50 IST,2026-07-14 13:50 IST,1,15,862500.0,1655.1,1432.4,57500.0,1655.1,1432.4,0.01245,10738.36,0.00011,99.72,391.77,491.49,0.0,-491.49,-0.491,gap widened (past the session band),sideways/calm
parity,BANKNIFTY,58500.0,2026-09-29,2026-07-14 14:12 IST,2026-07-14 14:12 IST,1,15,862920.0,1415.0,1611.2,57528.0,1415.0,1611.2,0.01326,11438.44,0.0,0.0,390.88,390.88,0.0,-390.88,-0.391,gap widened (past the session band),sideways/calm
parity,NIFTY,24600.0,2026-09-29,2026-07-14 14:48 IST,2026-07-14 14:48 IST,1,75,1801770.0,396.2,712.0,24023.6,396.2,712.0,0.01052,18956.29,0.0,0.0,739.46,739.46,0.0,-739.46,-0.739,gap widened (past the session band),sideways/calm
parity,BANKNIFTY,58000.0,2026-09-29,2026-07-14 14:52 IST,2026-07-14 14:52 IST,1,15,861750.0,1638.85,1433.6,57450.0,1638.85,1433.6,0.01302,11216.4,0.0,0.0,392.94,392.94,0.0,-392.94,-0.393,gap widened (past the session band),sideways/calm
parity,BANKNIFTY,58500.0,2026-09-29,2026-07-14 15:03 IST,2026-07-14 15:03 IST,1,15,863760.0,1453.1,1570.1,57584.0,1453.1,1570.1,0.01366,11797.88,0.00043,387.9,390.94,778.84,0.0,-778.84,-0.779,gap widened (past the session band),sideways/calm
parity,BANKNIFTY,58000.0,2026-09-29,2026-07-14 15:05 IST,2026-07-14 15:05 IST,1,15,863850.0,1701.85,1346.4,57590.0,1701.85,1346.4,0.01319,11397.99,0.0,0.0,391.87,391.87,0.0,-391.87,-0.392,gap widened (past the session band),sideways/calm
parity,BANKNIFTY,58500.0,2026-09-29,2026-07-14 15:05 IST,2026-07-14 15:05 IST,1,15,863850.0,1457.0,1567.0,57590.0,1457.0,1567.0,0.01368,11814.1,0.0,0.0,390.74,390.74,0.0,-390.74,-0.391,gap widened (past the session band),sideways/calm
parity,BANKNIFTY,58000.0,2026-09-29,2026-07-14 15:07 IST,2026-07-14 15:07 IST,1,15,864258.0,1721.35,1316.65,57617.2,1721.35,1316.65,0.01358,11734.31,0.0026,2363.04,391.92,2754.96,0.0,-2754.96,-2.755,gap widened (past the session band),sideways/calm
parity,BANKNIFTY,58500.0,2026-09-29,2026-07-14 15:08 IST,2026-07-15 09:16 IST,1,15,864330.0,1406.9,1560.4,57622.0,1555.55,1437.2,0.01237,10688.14,0.00346,3142.68,390.58,3533.26,-729.87,-4263.13,-4.263,gap widened (past the session band),sideways/calm
parity,BANKNIFTY,58000.0,2026-09-29,2026-07-14 15:09 IST,2026-07-14 15:09 IST,1,15,863868.0,1715.2,1327.0,57591.2,1715.2,1327.0,0.01374,11871.5,0.00125,1141.72,391.79,1533.51,0.0,-1533.51,-1.534,gap widened (past the session band),sideways/calm
parity,BANKNIFTY,58000.0,2026-09-29,2026-07-14 15:11 IST,2026-07-14 15:11 IST,1,15,863985.0,1710.6,1319.6,57599.0,1710.6,1319.6,0.01366,11798.08,0.0,0.0,391.48,391.48,0.0,-391.48,-0.391,gap widened (past the session band),sideways/calm
parity,BANKNIFTY,58000.0,2026-09-29,2026-07-14 15:14 IST,2026-07-14 15:14 IST,1,15,863283.0,1684.3,1354.35,57552.2,1684.3,1354.35,0.01341,11574.79,0.00014,131.65,391.44,523.09,0.0,-523.09,-0.523,gap widened (past the session band),sideways/calm
parity,NIFTY,24400.0,2026-09-29,2026-07-14 15:14 IST,2026-07-14 15:21 IST,1,75,1802385.0,492.95,621.95,24031.8,490.3,620.45,0.00974,17563.86,0.00225,4245.82,736.21,4982.03,-788.32,-5770.35,-5.77,gap widened (past the session band),sideways/calm
parity,BANKNIFTY,58000.0,2026-09-29,2026-07-14 15:16 IST,2026-07-14 15:16 IST,1,15,862833.0,1677.0,1366.05,57522.2,1677.0,1366.05,0.0136,11733.66,0.00038,349.5,391.58,741.08,0.0,-741.08,-0.741,gap widened (past the session band),sideways/calm
parity,BANKNIFTY,58000.0,2026-09-29,2026-07-14 15:18 IST,2026-07-14 15:18 IST,1,15,862533.0,1656.0,1400.0,57502.2,1656.0,1400.0,0.01299,11205.32,0.00021,189.5,391.13,580.63,0.0,-580.63,-0.581,gap widened (past the session band),sideways/calm
parity,BANKNIFTY,59000.0,2026-09-29,2026-07-14 15:23 IST,2026-07-14 15:23 IST,1,15,862500.0,1174.0,1876.7,57500.0,1174.0,1876.7,0.01351,11653.08,0.0,0.0,389.6,389.6,0.0,-389.6,-0.39,gap widened (past the session band),sideways/calm
parity,NIFTY,24600.0,2026-09-29,2026-07-14 15:25 IST,2026-07-14 15:25 IST,1,75,1801200.0,400.55,722.4,24016.0,400.55,722.4,0.01058,19064.75,0.00328,6183.5,737.73,6921.23,0.0,-6921.23,-6.921,gap widened (past the session band),sideways/calm
parity,NIFTY,24700.0,2026-09-29,2026-07-14 15:27 IST,2026-07-14 15:27 IST,1,75,1801500.0,355.35,788.7,24020.0,355.35,788.7,0.00988,17804.19,0.0,0.0,741.7,741.7,0.0,-741.7,-0.742,gap widened (past the session band),sideways/calm
parity,BANKNIFTY,58000.0,2026-09-29,2026-07-15 09:15 IST,2026-07-15 09:15 IST,1,15,865875.0,1750.0,1250.0,57725.0,1750.0,1250.0,0.01336,11569.55,0.0,0.0,391.89,391.89,0.0,-391.89,-0.392,gap widened (past the session band),sideways/normal
parity,BANKNIFTY,57000.0,2026-09-29,2026-07-15 09:16 IST,2026-07-15 09:16 IST,1,15,867681.0,2490.5,882.05,57845.4,2490.5,882.05,0.01339,11616.24,0.0,0.0,400.6,400.6,0.0,-400.6,-0.401,gap widened (past the session band),sideways/normal
parity,NIFTY,24200.0,2026-09-29,2026-07-15 09:16 IST,2026-07-20 10:08 IST,1,75,1808400.0,641.0,473.0,24112.0,675.0,433.5,0.01057,19111.28,0.00012,223.22,739.54,962.76,-651.28,-1614.04,-1.614,gap widened (past the session band),sideways/normal
parity,BANKNIFTY,58500.0,2026-09-29,2026-07-15 09:18 IST,2026-07-15 09:18 IST,1,15,868800.0,1577.35,1387.25,57920.0,1577.35,1387.25,0.01316,11434.54,0.0,0.0,390.31,390.31,0.0,-390.31,-0.39,gap widened (past the session band),sideways/normal
parity,BANKNIFTY,59000.0,2026-09-29,2026-07-15 09:18 IST,2026-07-15 09:18 IST,1,15,868800.0,1325.25,1622.3,57920.0,1325.25,1622.3,0.01327,11526.47,0.00027,246.09,391.85,637.94,0.0,-637.94,-0.638,gap widened (past the session band),sideways/normal
parity,NIFTY,24100.0,2026-09-29,2026-07-15 09:19 IST,2026-07-15 12:40 IST,1,75,1811625.0,710.6,418.8,24155.0,708.45,421.6,0.00983,17815.45,0.0,0.0,742.44,742.44,-1109.36,-1851.8,-1.852,gap widened (past the session band),sideways/normal
parity,BANKNIFTY,58500.0,2026-09-29,2026-07-15 09:20 IST,2026-07-15 09:20 IST,1,15,869817.0,1620.55,1348.3,57987.8,1620.55,1348.3,0.01341,11663.46,0.00032,289.88,389.42,679.3,0.0,-679.3,-0.679,gap widened (past the session band),sideways/normal
parity,BANKNIFTY,59000.0,2026-09-29,2026-07-15 09:20 IST,2026-07-15 09:20 IST,1,15,869817.0,1344.0,1561.9,57987.8,1344.0,1561.9,0.01346,11710.38,0.00354,3231.18,388.67,3619.85,0.0,-3619.85,-3.62,gap widened (past the session band),sideways/normal
parity,BANKNIFTY,58000.0,2026-09-29,2026-07-15 09:21 IST,2026-07-15 09:21 IST,1,15,870900.0,1918.0,1130.4,58060.0,1918.0,1130.4,0.01255,10926.1,0.0,0.0,391.93,391.93,0.0,-391.93,-0.392,gap widened (past the session band),sideways/normal
parity,BANKNIFTY,58500.0,2026-09-29,2026-07-15 09:22 IST,2026-07-15 09:22 IST,1,15,870900.0,1648.15,1319.25,58060.0,1648.15,1319.25,0.01314,11444.78,0.0,0.0,390.72,390.72,0.0,-390.72,-0.391,gap widened (past the session band),sideways/normal
parity,BANKNIFTY,59000.0,2026-09-29,2026-07-15 09:23 IST,2026-07-15 09:23 IST,1,15,870603.0,1358.5,1491.6,58040.2,1358.5,1491.6,0.01402,12206.97,0.0,0.0,388.53,388.53,0.0,-388.53,-0.389,gap widened (past the session band),sideways/normal
parity,BANKNIFTY,58500.0,2026-09-29,2026-07-15 09:24 IST,2026-07-15 09:24 IST,1,15,870450.0,1640.15,1336.4,58030.0,1640.15,1336.4,0.01322,11511.48,0.00276,2528.4,391.2,2919.6,0.0,-2919.6,-2.92,gap widened (past the session band),sideways/normal
parity,BANKNIFTY,58000.0,2026-09-29,2026-07-15 09:25 IST,2026-07-15 09:25 IST,1,15,871050.0,1927.9,1101.25,58070.0,1927.9,1101.25,0.01305,11363.87,0.0066,6040.21,392.66,6432.87,0.0,-6432.87,-6.433,gap widened (past the session band),sideways/normal
parity,NIFTY,24800.0,2026-09-29,2026-07-15 09:25 IST,2026-07-15 09:25 IST,1,75,1814925.0,371.15,712.0,24199.0,371.15,712.0,0.01042,18905.3,0.0,0.0,736.34,736.34,0.0,-736.34,-0.736,gap widened (past the session band),sideways/normal
parity,NIFTY,24700.0,2026-09-29,2026-07-15 09:26 IST,2026-07-15 09:26 IST,1,75,1815375.0,417.05,664.0,24205.0,417.05,664.0,0.00997,18104.68,0.0,0.0,732.01,732.01,0.0,-732.01,-0.732,gap widened (past the session band),sideways/normal
parity,BANKNIFTY,58500.0,2026-09-29,2026-07-15 09:27 IST,2026-07-15 09:27 IST,1,15,871692.0,1692.55,1310.0,58112.8,1692.55,1310.0,0.01316,11468.16,0.00027,249.96,390.83,640.79,0.0,-640.79,-0.641,gap widened (past the session band),sideways/normal
parity,BANKNIFTY,57000.0,2026-09-29,2026-07-15 09:29 IST,2026-07-15 11:44 IST,1,15,871800.0,2640.3,799.6,58120.0,2511.35,813.5,0.01266,11036.34,0.0,0.0,407.95,407.95,-406.44,-814.39,-0.814,gap widened (past the session band),sideways/normal
parity,NIFTY,24600.0,2026-09-29,2026-07-15 09:33 IST,2026-07-15 09:33 IST,1,75,1815248.0,464.05,613.0,24203.3,464.05,613.0,0.01002,18181.23,0.0,0.0,734.27,734.27,0.0,-734.27,-0.734,gap widened (past the session band),sideways/normal
parity,BANKNIFTY,58500.0,2026-09-29,2026-07-15 09:40 IST,2026-07-15 09:40 IST,1,15,872535.0,1703.45,1280.0,58169.0,1703.45,1280.0,0.01289,11250.0,8e-05,77.47,391.71,469.18,0.0,-469.18,-0.469,gap widened (past the session band),sideways/normal
parity,NIFTY,23300.0,2026-09-29,2026-07-15 10:02 IST,2026-07-23 09:33 IST,1,75,1813882.0,1295.0,186.0,24185.1,1086.15,219.65,0.00975,17684.91,0.0,0.0,794.92,794.92,-1959.63,-2754.55,-2.755,gap widened (past the session band),sideways/normal
parity,NIFTY,24400.0,2026-09-29,2026-07-15 11:01 IST,2026-07-15 11:53 IST,1,75,1814925.0,561.0,525.9,24199.0,558.05,522.0,0.00964,17504.84,0.0,0.0,732.98,732.98,-1192.72,-1925.7,-1.926,gap widened (past the session band),sideways/normal
parity,BANKNIFTY,59000.0,2026-09-29,2026-07-15 11:40 IST,2026-07-15 11:40 IST,1,15,871200.0,1375.0,1578.0,58080.0,1375.0,1578.0,0.01213,10569.49,0.0014,1283.0,389.56,1672.56,0.0,-1672.56,-1.673,gap widened (past the session band),sideways/normal
parity,BANKNIFTY,58000.0,2026-09-29,2026-07-15 11:52 IST,2026-07-15 11:52 IST,1,15,869985.0,1860.0,1120.0,57999.0,1860.0,1120.0,0.01278,11114.8,0.00204,1865.66,391.24,2256.9,0.0,-2256.9,-2.257,gap widened (past the session band),sideways/normal
parity,NIFTY,24400.0,2026-09-29,2026-07-15 12:31 IST,2026-07-15 12:41 IST,1,75,1813455.0,552.1,530.0,24179.4,542.6,545.65,0.00991,17980.05,0.00146,2764.51,731.33,3495.84,-610.78,-4106.62,-4.107,gap widened (past the session band),sideways/normal
parity,NIFTY,24100.0,2026-09-29,2026-07-15 12:54 IST,2026-07-15 12:56 IST,1,75,1809593.0,702.0,427.3,24127.9,650.0,471.55,0.01024,18538.1,0.00082,1563.1,743.97,2307.07,-401.03,-2708.1,-2.708,gap widened (past the session band),sideways/normal
parity,BANKNIFTY,57000.0,2026-09-29,2026-07-15 12:55 IST,2026-07-15 12:56 IST,1,15,868311.0,2470.0,856.5,57887.4,2400.0,908.25,0.01275,11070.46,0.00039,360.74,401.61,762.35,-263.91,-1026.26,-1.026,gap widened (past the session band),sideways/normal
parity,NIFTY,24700.0,2026-09-29,2026-07-15 12:57 IST,2026-07-15 12:57 IST,1,75,1800938.0,353.0,757.95,24012.5,353.0,757.95,0.01138,20498.09,0.0,0.0,744.48,744.48,0.0,-744.48,-0.744,gap widened (past the session band),sideways/normal
parity,NIFTY,24100.0,2026-09-29,2026-07-15 12:58 IST,2026-07-15 13:37 IST,1,75,1804440.0,666.0,471.15,24059.2,670.0,463.0,0.00977,17632.67,0.0,0.0,739.09,739.09,-1367.39,-2106.48,-2.106,gap widened (past the session band),sideways/normal
parity,NIFTY,24400.0,2026-09-29,2026-07-15 12:58 IST,2026-07-15 12:58 IST,1,75,1804440.0,505.95,592.0,24059.2,505.95,592.0,0.0104,18762.7,0.0,0.0,737.08,737.08,0.0,-737.08,-0.737,gap widened (past the session band),sideways/normal
parity,BANKNIFTY,57000.0,2026-09-29,2026-07-15 13:05 IST,2026-07-15 13:09 IST,1,15,867000.0,2375.0,883.85,57800.0,2325.05,950.0,0.01214,10528.57,0.0,0.0,402.12,402.12,-1204.74,-1606.86,-1.607,gap widened (past the session band),sideways/normal
parity,BANKNIFTY,58000.0,2026-09-29,2026-07-15 13:09 IST,2026-07-15 13:09 IST,1,15,864054.0,1700.0,1300.0,57603.6,1700.0,1300.0,0.01373,11866.04,0.00062,566.2,391.11,957.31,0.0,-957.31,-0.957,gap widened (past the session band),sideways/normal
parity,BANKNIFTY,58500.0,2026-09-29,2026-07-15 13:11 IST,2026-07-15 13:11 IST,1,15,864600.0,1531.7,1555.6,57640.0,1531.7,1555.6,0.0143,12368.08,0.0,0.0,388.75,388.75,0.0,-388.75,-0.389,gap widened (past the session band),sideways/normal
parity,BANKNIFTY,57000.0,2026-09-29,2026-07-15 13:12 IST,2026-07-16 13:47 IST,1,15,864441.0,2282.0,964.15,57629.4,2325.0,921.9,0.01209,10453.69,3e-05,25.43,399.59,425.02,-1346.08,-1771.1,-1.771,gap widened (past the session band),sideways/normal
parity,NIFTY,24600.0,2026-09-29,2026-07-15 13:19 IST,2026-07-15 13:19 IST,1,75,1806000.0,419.0,685.0,24080.0,419.0,685.0,0.01026,18525.72,0.0,0.0,730.85,730.85,0.0,-730.85,-0.731,gap widened (past the session band),sideways/normal
parity,NIFTY,24700.0,2026-09-29,2026-07-15 15:00 IST,2026-07-15 15:00 IST,1,75,1804148.0,370.0,734.05,24055.3,370.0,734.05,0.01131,20398.69,0.00029,539.35,737.91,1277.26,0.0,-1277.26,-1.277,gap widened (past the session band),sideways/normal
parity,NIFTY,24100.0,2026-09-29,2026-07-15 15:17 IST,2026-07-15 15:17 IST,1,75,1805032.0,671.75,454.55,24067.1,671.75,454.55,0.01037,18724.36,3e-05,60.95,737.61,798.56,0.0,-798.56,-0.799,gap widened (past the session band),sideways/normal
parity,BANKNIFTY,58000.0,2026-09-29,2026-07-15 15:24 IST,2026-07-15 15:24 IST,1,15,867975.0,1795.0,1200.05,57865.0,1795.0,1200.05,0.01258,10922.03,0.0,0.0,390.65,390.65,0.0,-390.65,-0.391,gap widened (past the session band),sideways/normal
parity,BANKNIFTY,58500.0,2026-09-29,2026-07-15 15:28 IST,2026-07-15 15:28 IST,1,15,868050.0,1538.1,1411.0,57870.0,1538.1,1411.0,0.01294,11229.46,0.0,0.0,388.95,388.95,0.0,-388.95,-0.389,gap widened (past the session band),sideways/normal
parity,NIFTY,24700.0,2026-09-29,2026-07-15 15:29 IST,2026-07-15 15:29 IST,1,75,1805400.0,367.25,737.6,24072.0,367.25,737.6,0.01035,18690.58,0.00159,2995.17,735.28,3730.45,0.0,-3730.45,-3.73,gap widened (past the session band),sideways/normal
parity,NIFTY,24100.0,2026-09-29,2026-07-16 09:19 IST,2026-07-16 13:40 IST,1,75,1813425.0,713.75,400.0,24179.0,655.55,444.0,0.00975,17684.86,0.0,0.0,739.03,739.03,-1535.38,-2274.41,-2.274,gap widened (past the session band),sideways/calm
parity,BANKNIFTY,58500.0,2026-09-29,2026-07-16 09:20 IST,2026-07-16 09:20 IST,1,15,869109.0,1564.15,1376.8,57940.6,1564.15,1376.8,0.01276,11089.9,0.0,0.0,388.9,388.9,0.0,-388.9,-0.389,gap widened (past the session band),sideways/calm
parity,NIFTY,24800.0,2026-09-29,2026-07-16 09:22 IST,2026-07-16 09:22 IST,1,75,1812038.0,346.0,731.7,24160.5,346.0,731.7,0.01015,18398.66,0.0,0.0,739.56,739.56,0.0,-739.56,-0.74,gap widened (past the session band),sideways/calm
parity,NIFTY,24600.0,2026-09-29,2026-07-16 09:23 IST,2026-07-16 09:23 IST,1,75,1812165.0,434.9,640.05,24162.2,434.9,640.05,0.00939,17013.17,0.0,0.0,727.85,727.85,0.0,-727.85,-0.728,gap widened (past the session band),sideways/calm
parity,BANKNIFTY,58000.0,2026-09-29,2026-07-16 09:24 IST,2026-07-16 09:24 IST,1,15,868302.0,1805.0,1173.55,57886.8,1805.0,1173.55,0.01284,11147.21,0.0,0.0,390.4,390.4,0.0,-390.4,-0.39,gap widened (past the session band),sideways/calm
parity,NIFTY,24700.0,2026-09-29,2026-07-16 09:24 IST,2026-07-16 09:24 IST,1,75,1812323.0,386.95,670.25,24164.3,386.95,670.25,0.01015,18396.89,0.0,0.0,729.47,729.47,0.0,-729.47,-0.729,gap widened (past the session band),sideways/calm
parity,NIFTY,24700.0,2026-09-29,2026-07-16 09:27 IST,2026-07-16 09:27 IST,1,75,1811632.0,387.65,676.2,24155.1,387.65,676.2,0.01031,18684.07,0.00229,4325.15,728.11,5053.26,0.0,-5053.26,-5.053,gap widened (past the session band),sideways/calm
parity,BANKNIFTY,58500.0,2026-09-29,2026-07-16 09:37 IST,2026-07-16 09:37 IST,1,15,868185.0,1547.9,1415.0,57879.0,1547.9,1415.0,0.01288,11184.91,0.0,0.0,388.46,388.46,0.0,-388.46,-0.388,gap widened (past the session band),sideways/calm
parity,NIFTY,24400.0,2026-09-29,2026-07-16 09:43 IST,2026-07-16 09:43 IST,1,75,1811625.0,535.9,537.85,24155.0,535.9,537.85,0.00993,17984.97,0.00539,10170.08,732.07,10902.15,0.0,-10902.15,-10.902,gap widened (past the session band),sideways/calm
parity,NIFTY,23700.0,2026-09-29,2026-07-16 09:54 IST,2026-07-16 09:54 IST,1,75,1811025.0,995.0,280.0,24147.0,995.0,280.0,0.01134,20544.79,0.0,0.0,759.19,759.19,0.0,-759.19,-0.759,gap widened (past the session band),sideways/calm
parity,NIFTY,24600.0,2026-09-29,2026-07-16 09:54 IST,2026-07-16 09:54 IST,1,75,1811025.0,429.95,632.0,24147.0,429.95,632.0,0.01014,18370.49,0.00227,4287.85,728.74,5016.59,0.0,-5016.59,-5.017,gap widened (past the session band),sideways/calm
parity,BANKNIFTY,58000.0,2026-09-29,2026-07-16 10:28 IST,2026-07-16 10:28 IST,1,15,866997.0,1760.9,1180.5,57799.8,1760.9,1180.5,0.01346,11669.15,0.0,0.0,389.48,389.48,0.0,-389.48,-0.389,gap widened (past the session band),sideways/calm
parity,NIFTY,24700.0,2026-09-29,2026-07-16 10:38 IST,2026-07-16 10:38 IST,1,75,1810875.0,382.0,688.05,24145.0,382.0,688.05,0.01001,18119.0,0.00121,2283.11,730.93,3014.04,0.0,-3014.04,-3.014,gap widened (past the session band),sideways/calm
parity,NIFTY,24800.0,2026-09-29,2026-07-16 11:02 IST,2026-07-17 09:17 IST,1,75,1816118.0,366.0,719.15,24214.9,345.65,719.05,0.00926,16814.01,0.00155,2931.53,732.41,3663.94,-2491.59,-6155.53,-6.156,gap widened (past the session band),sideways/calm
parity,BANKNIFTY,58500.0,2026-09-29,2026-07-16 11:07 IST,2026-07-16 11:07 IST,1,15,868875.0,1547.55,1376.55,57925.0,1547.55,1376.55,0.01275,11075.57,0.0,0.0,388.43,388.43,0.0,-388.43,-0.388,gap widened (past the session band),sideways/calm
parity,BANKNIFTY,58500.0,2026-09-29,2026-07-16 11:09 IST,2026-07-16 12:18 IST,1,15,869100.0,1545.4,1380.85,57940.0,1479.55,1438.7,0.01238,10756.8,0.00071,646.52,388.34,1034.86,-198.14,-1233.0,-1.233,gap widened (past the session band),sideways/calm
parity,BANKNIFTY,58000.0,2026-09-29,2026-07-16 11:38 IST,2026-07-16 11:49 IST,1,15,868161.0,1768.65,1193.3,57877.4,1768.65,1200.0,0.01203,10444.87,0.0,0.0,390.18,390.18,-385.09,-775.27,-0.775,gap widened (past the session band),sideways/calm
parity,BANKNIFTY,58000.0,2026-09-29,2026-07-16 11:52 IST,2026-07-16 11:52 IST,1,15,867288.0,1751.3,1207.5,57819.2,1751.3,1207.5,0.01249,10833.03,0.0,0.34,389.12,389.46,0.0,-389.46,-0.389,gap widened (past the session band),sideways/calm
parity,NIFTY,24400.0,2026-09-29,2026-07-16 11:56 IST,2026-07-16 13:30 IST,1,75,1813500.0,534.0,520.5,24180.0,507.35,564.0,0.00954,17293.59,0.0006,1133.36,733.43,1866.79,-861.28,-2728.07,-2.728,gap widened (past the session band),sideways/calm
parity,BANKNIFTY,58000.0,2026-09-29,2026-07-16 12:06 IST,2026-07-16 12:06 IST,1,15,867027.0,1753.85,1213.2,57801.8,1753.85,1213.2,0.01274,11043.29,4e-05,33.4,388.73,422.13,0.0,-422.13,-0.422,gap widened (past the session band),sideways/calm
parity,BANKNIFTY,58500.0,2026-09-29,2026-07-16 12:20 IST,2026-07-16 12:20 IST,1,15,867450.0,1489.65,1420.85,57830.0,1489.65,1420.85,0.01262,10948.66,0.00025,224.9,387.96,612.86,0.0,-612.86,-0.613,gap widened (past the session band),sideways/calm
parity,BANKNIFTY,58500.0,2026-09-29,2026-07-16 12:23 IST,2026-07-16 12:23 IST,1,15,867162.0,1479.85,1431.85,57810.8,1479.85,1431.85,0.01259,10920.83,0.00407,3707.89,388.2,4096.09,0.0,-4096.09,-4.096,gap widened (past the session band),sideways/calm
parity,BANKNIFTY,58000.0,2026-09-29,2026-07-16 12:27 IST,2026-07-16 12:44 IST,1,15,867972.0,1770.9,1195.2,57864.8,1730.7,1217.65,0.01225,10636.58,0.00156,1426.44,390.02,1816.46,-406.53,-2222.99,-2.223,gap widened (past the session band),sideways/calm
parity,BANKNIFTY,58500.0,2026-09-29,2026-07-16 12:52 IST,2026-07-16 12:52 IST,1,15,866673.0,1473.05,1445.8,57778.2,1473.05,1445.8,0.0128,11092.12,0.00121,1098.4,385.72,1484.12,0.0,-1484.12,-1.484,gap widened (past the session band),sideways/calm
parity,BANKNIFTY,58000.0,2026-09-29,2026-07-16 12:54 IST,2026-07-16 13:01 IST,1,15,866982.0,1718.85,1229.25,57798.8,1724.6,1227.5,0.01191,10321.95,0.00448,4078.9,388.97,4467.87,-469.22,-4937.09,-4.937,gap widened (past the session band),sideways/calm
parity,BANKNIFTY,58500.0,2026-09-29,2026-07-16 12:59 IST,2026-07-16 13:33 IST,1,15,866715.0,1462.1,1461.0,57781.0,1421.0,1485.8,0.0123,10658.41,8e-05,73.85,387.83,461.68,-408.79,-870.47,-0.87,gap widened (past the session band),sideways/calm
parity,BANKNIFTY,58000.0,2026-09-29,2026-07-16 13:05 IST,2026-07-16 13:24 IST,1,15,866700.0,1725.05,1224.75,57780.0,1700.0,1261.55,0.01242,10760.72,0.00099,900.3,389.17,1289.47,-16.46,-1305.93,-1.306,gap widened (past the session band),sideways/calm
parity,BANKNIFTY,58000.0,2026-09-29,2026-07-16 13:30 IST,2026-07-16 13:40 IST,1,15,865941.0,1682.6,1270.15,57729.4,1675.2,1310.7,0.01177,10191.92,0.00691,6289.84,388.25,6678.09,-752.81,-7430.9,-7.431,gap widened (past the session band),sideways/calm
parity,NIFTY,24700.0,2026-09-29,2026-07-16 13:31 IST,2026-07-16 13:31 IST,1,75,1806750.0,365.0,720.0,24090.0,365.0,720.0,0.01025,18518.02,6e-05,111.78,736.73,848.51,0.0,-848.51,-0.849,gap widened (past the session band),sideways/calm
parity,BANKNIFTY,58500.0,2026-09-29,2026-07-16 13:41 IST,2026-07-16 13:41 IST,1,15,864240.0,1401.25,1530.25,57616.0,1401.25,1530.25,0.0129,11149.07,0.0,0.0,388.6,388.6,0.0,-388.6,-0.389,gap widened (past the session band),sideways/calm
parity,BANKNIFTY,58000.0,2026-09-29,2026-07-16 13:44 IST,2026-07-16 13:44 IST,1,15,864180.0,1645.4,1310.15,57612.0,1645.4,1310.15,0.01246,10771.53,0.00022,199.46,387.68,587.14,0.0,-587.14,-0.587,gap widened (past the session band),sideways/calm
parity,BANKNIFTY,58500.0,2026-09-29,2026-07-16 13:45 IST,2026-07-16 13:47 IST,1,15,864735.0,1402.75,1539.7,57649.0,1400.85,1538.25,0.01219,10541.39,0.00016,147.29,387.99,535.28,-356.0,-891.28,-0.891,gap widened (past the session band),sideways/calm
parity,BANKNIFTY,58500.0,2026-09-29,2026-07-16 13:49 IST,2026-07-16 13:49 IST,1,15,864525.0,1404.9,1533.45,57635.0,1404.9,1533.45,0.01258,10874.61,0.00058,529.79,387.91,917.7,0.0,-917.7,-0.918,gap widened (past the session band),sideways/calm
parity,BANKNIFTY,58500.0,2026-09-29,2026-07-16 13:51 IST,2026-07-16 13:53 IST,1,15,865017.0,1410.85,1521.35,57667.8,1420.3,1515.45,0.01232,10659.87,0.00014,123.61,387.82,511.43,-167.31,-678.74,-0.679,gap widened (past the session band),sideways/calm
parity,BANKNIFTY,58500.0,2026-09-29,2026-07-16 13:59 IST,2026-07-16 13:59 IST,1,15,865875.0,1436.45,1482.1,57725.0,1436.45,1482.1,0.01246,10786.02,0.00379,3443.29,388.51,3831.8,0.0,-3831.8,-3.832,gap widened (past the session band),sideways/calm
parity,NIFTY,24700.0,2026-09-29,2026-07-16 14:25 IST,2026-07-16 14:25 IST,1,75,1807643.0,366.5,708.7,24101.9,366.5,708.7,0.01029,18597.33,0.00038,710.65,734.78,1445.43,0.0,-1445.43,-1.445,gap widened (past the session band),sideways/calm
parity,BANKNIFTY,58500.0,2026-09-29,2026-07-16 14:29 IST,2026-07-16 14:30 IST,1,15,865635.0,1424.45,1503.6,57709.0,1437.75,1485.25,0.01215,10520.33,0.0,0.0,387.99,387.99,-579.7,-967.69,-0.968,gap widened (past the session band),sideways/calm
parity,BANKNIFTY,58500.0,2026-09-29,2026-07-16 14:37 IST,2026-07-16 14:53 IST,1,15,865875.0,1434.35,1494.0,57725.0,1439.25,1461.05,0.01221,10576.02,0.00464,4222.1,387.42,4609.52,-178.08,-4787.6,-4.788,gap widened (past the session band),sideways/calm
parity,BANKNIFTY,58000.0,2026-09-29,2026-07-16 14:42 IST,2026-07-17 13:51 IST,1,15,866397.0,1671.2,1218.75,57759.8,1850.0,1113.3,0.01194,10341.94,0.0,0.05,388.27,388.32,-483.65,-871.97,-0.872,gap widened (past the session band),sideways/calm
parity,BANKNIFTY,57000.0,2026-09-29,2026-07-16 14:49 IST,2026-07-17 14:13 IST,1,15,865740.0,2300.0,881.0,57716.0,2700.0,744.25,0.01234,10687.49,0.00537,4902.91,397.69,5300.6,-916.16,-6216.76,-6.217,gap widened (past the session band),sideways/calm
parity,BANKNIFTY,58500.0,2026-09-29,2026-07-16 15:17 IST,2026-07-17 15:05 IST,1,15,866775.0,1447.35,1445.0,57785.0,1824.0,1150.15,0.01225,10617.96,0.0,0.0,386.63,386.63,-385.25,-771.88,-0.772,gap widened (past the session band),sideways/calm
parity,NIFTY,24400.0,2026-09-29,2026-07-16 15:24 IST,2026-07-16 15:24 IST,1,75,1807350.0,503.5,554.0,24098.0,503.5,554.0,0.01027,18561.99,0.0,0.0,726.96,726.96,0.0,-726.96,-0.727,gap widened (past the session band),sideways/calm
parity,NIFTY,24600.0,2026-09-29,2026-07-17 09:18 IST,2026-07-17 09:18 IST,1,75,1813200.0,440.0,614.45,24176.0,440.0,614.45,0.01009,18299.94,0.0,0.0,726.2,726.2,0.0,-726.2,-0.726,gap widened (past the session band),bullish/wild
parity,NIFTY,24100.0,2026-09-29,2026-07-17 09:20 IST,2026-07-17 09:32 IST,1,75,1813740.0,710.8,399.9,24183.2,739.9,394.75,0.00946,17159.25,0.0,0.0,738.3,738.3,-2269.47,-3007.77,-3.008,gap widened (past the session band),bullish/wild
parity,NIFTY,24700.0,2026-09-29,2026-07-17 09:25 IST,2026-07-17 09:25 IST,1,75,1814340.0,397.55,652.9,24191.2,397.55,652.9,0.0102,18509.23,0.0016,3023.95,728.1,3752.05,0.0,-3752.05,-3.752,gap widened (past the session band),bullish/wild
parity,NIFTY,24800.0,2026-09-29,2026-07-17 09:26 IST,2026-07-17 09:26 IST,1,75,1813770.0,353.5,711.95,24183.6,353.5,711.95,0.01033,18741.05,0.0062,11741.84,728.58,12470.42,0.0,-12470.42,-12.47,gap widened (past the session band),bullish/wild
parity,NIFTY,24800.0,2026-09-29,2026-07-17 09:47 IST,2026-07-17 09:47 IST,1,75,1816470.0,367.05,702.05,24219.6,367.05,702.05,0.00982,17835.15,0.00026,484.15,726.78,1210.93,0.0,-1210.93,-1.211,gap widened (past the session band),bullish/wild
parity,NIFTY,24800.0,2026-09-29,2026-07-17 10:25 IST,2026-07-17 10:25 IST,1,75,1818443.0,389.0,694.0,24245.9,389.0,694.0,0.00997,18138.42,0.00733,13902.02,729.09,14631.11,0.0,-14631.11,-14.631,gap widened (past the session band),bullish/wild
parity,NIFTY,24400.0,2026-09-29,2026-07-17 10:32 IST,2026-07-17 12:40 IST,1,75,1820220.0,591.6,490.7,24269.6,595.0,501.15,0.00946,17219.49,0.0,0.0,736.1,736.1,-1535.45,-2271.55,-2.272,gap widened (past the session band),bullish/wild
parity,NIFTY,24900.0,2026-09-29,2026-07-17 12:49 IST,2026-07-17 12:49 IST,1,75,1820055.0,338.1,704.0,24267.4,338.1,704.0,0.01065,19381.34,0.0,0.0,726.59,726.59,0.0,-726.59,-0.727,gap widened (past the session band),bullish/wild
parity,NIFTY,24800.0,2026-09-29,2026-07-17 12:50 IST,2026-07-17 12:50 IST,1,75,1819095.0,388.0,689.6,24254.6,388.0,689.6,0.00976,17749.52,0.0,0.0,731.53,731.53,0.0,-731.53,-0.732,gap widened (past the session band),bullish/wild
parity,NIFTY,24700.0,2026-09-29,2026-07-17 13:59 IST,2026-07-17 13:59 IST,1,75,1816162.0,409.0,639.45,24215.5,409.0,639.45,0.01023,18578.03,0.0,0.0,728.96,728.96,0.0,-728.96,-0.729,gap widened (past the session band),bullish/wild
parity,BANKNIFTY,58000.0,2026-09-29,2026-07-17 14:14 IST,2026-07-17 14:14 IST,1,15,873735.0,2020.0,1000.0,58249.0,2020.0,1000.0,0.01329,11613.9,0.0,0.0,392.49,392.49,0.0,-392.49,-0.392,gap widened (past the session band),bullish/wild
parity,NIFTY,23700.0,2026-09-29,2026-07-17 14:15 IST,2026-07-24 12:36 IST,1,75,1825643.0,1095.35,245.55,24341.9,698.95,398.75,0.00889,16222.73,0.0,0.0,762.82,762.82,1157.03,394.21,0.394,time exit (past the measured hold),bullish/wild
parity,NIFTY,24400.0,2026-09-29,2026-07-17 14:16 IST,2026-07-17 14:40 IST,1,75,1827060.0,634.0,450.0,24360.8,608.15,473.15,0.00914,16701.45,0.0,0.0,737.02,737.02,-1993.81,-2730.83,-2.731,gap widened (past the session band),bullish/wild
parity,NIFTY,24600.0,2026-09-29,2026-07-17 14:16 IST,2026-07-17 14:21 IST,1,75,1827060.0,519.7,532.5,24360.8,490.0,568.4,0.00917,16745.08,0.0,0.0,732.31,732.31,-370.28,-1102.59,-1.103,gap widened (past the session band),bullish/wild
parity,NIFTY,24700.0,2026-09-29,2026-07-17 14:16 IST,2026-07-17 14:22 IST,1,75,1827060.0,471.3,595.95,24360.8,438.45,619.3,0.00862,15758.14,0.0,0.0,731.5,731.5,-2454.19,-3185.69,-3.186,gap widened (past the session band),bullish/wild
parity,NIFTY,24800.0,2026-09-29,2026-07-17 14:16 IST,2026-07-17 14:16 IST,1,75,1827060.0,428.4,629.0,24360.8,428.4,629.0,0.00956,17463.7,0.00017,324.49,733.91,1058.4,0.0,-1058.4,-1.058,gap widened (past the session band),bullish/wild
parity,NIFTY,23600.0,2026-09-29,2026-07-17 14:17 IST,2026-07-24 11:54 IST,1,75,1824150.0,1133.25,222.05,24322.0,719.0,394.25,0.00817,14898.91,0.0,0.0,782.1,782.1,-879.87,-1661.97,-1.662,time exit (past the measured hold),bullish/wild
parity,NIFTY,23900.0,2026-09-29,2026-07-17 14:17 IST,2026-07-28 13:45 IST,1,75,1824150.0,933.7,296.95,24322.0,679.0,334.9,0.00906,16520.6,0.00197,3769.46,767.3,4536.76,-3561.23,-8097.99,-8.098,gap widened (past the session band),bullish/wild
parity,NIFTY,24100.0,2026-09-29,2026-07-17 14:17 IST,2026-07-20 11:24 IST,1,75,1824150.0,806.05,360.25,24322.0,731.4,390.0,0.00932,17002.97,5e-05,101.45,747.12,848.57,-2040.19,-2888.76,-2.889,gap widened (past the session band),bullish/wild
parity,BANKNIFTY,57000.0,2026-09-29,2026-07-17 14:19 IST,2026-07-20 10:03 IST,1,15,875253.0,2735.0,698.0,58350.2,2338.4,820.5,0.01207,10567.16,0.0,0.0,409.28,409.28,-971.23,-1380.51,-1.381,gap widened (past the session band),bullish/wild
parity,NIFTY,24900.0,2026-09-29,2026-07-17 14:19 IST,2026-07-17 14:23 IST,1,75,1822500.0,353.1,728.0,24300.0,344.35,732.0,0.00894,16293.38,0.0,0.0,732.73,732.73,-1809.99,-2542.72,-2.543,gap widened (past the session band),bullish/wild
parity,NIFTY,24900.0,2026-09-29,2026-07-17 14:25 IST,2026-07-17 14:25 IST,1,75,1821000.0,352.05,712.0,24280.0,352.05,712.0,0.01038,18894.99,0.00372,7074.82,732.72,7807.54,0.0,-7807.54,-7.808,gap widened (past the session band),bullish/wild
parity,NIFTY,24900.0,2026-09-29,2026-07-17 14:30 IST,2026-07-17 14:30 IST,1,75,1821975.0,353.05,704.0,24293.0,353.05,704.0,0.01021,18607.75,8e-05,157.05,730.72,887.77,0.0,-887.77,-0.888,gap widened (past the session band),bullish/wild
parity,NIFTY,24700.0,2026-09-29,2026-07-17 14:56 IST,2026-07-17 14:56 IST,1,75,1822807.0,450.0,600.0,24304.1,450.0,600.0,0.0099,18053.81,0.0,0.0,730.29,730.29,0.0,-730.29,-0.73,gap widened (past the session band),bullish/wild
parity,NIFTY,24900.0,2026-09-29,2026-07-17 15:05 IST,2026-07-17 15:05 IST,1,75,1823468.0,363.05,706.0,24312.9,363.05,706.0,0.00973,17734.76,0.00049,934.25,732.28,1666.53,0.0,-1666.53,-1.667,gap widened (past the session band),bullish/wild
parity,NIFTY,24800.0,2026-09-29,2026-07-17 15:09 IST,2026-07-17 15:09 IST,1,75,1823843.0,408.5,650.2,24317.9,408.5,650.2,0.00963,17556.61,0.0,0.0,730.58,730.58,0.0,-730.58,-0.731,gap widened (past the session band),bullish/wild
parity,NIFTY,24900.0,2026-09-29,2026-07-17 15:09 IST,2026-07-17 15:17 IST,1,75,1823843.0,362.65,712.0,24317.9,360.25,712.0,0.00926,16884.67,0.00019,362.65,732.96,1095.61,-410.39,-1506.0,-1.506,gap widened (past the session band),bullish/wild
parity,BANKNIFTY,58500.0,2026-09-29,2026-07-17 15:14 IST,2026-07-20 09:15 IST,1,15,877161.0,1830.0,1150.7,58477.4,1583.8,1250.0,0.012,10524.09,0.00141,1299.12,392.58,1691.7,-913.56,-2605.26,-2.605,gap widened (past the session band),bullish/wild
parity,BANKNIFTY,59000.0,2026-09-29,2026-07-17 15:21 IST,2026-07-17 15:21 IST,1,15,878400.0,1559.4,1299.7,58560.0,1559.4,1299.7,0.01185,10409.1,0.00964,8878.84,388.08,9266.92,0.0,-9266.92,-9.267,gap widened (past the session band),bullish/wild
parity,BANKNIFTY,59000.0,2026-09-29,2026-07-17 15:23 IST,2026-07-17 15:27 IST,1,15,878694.0,1555.35,1294.05,58579.6,1561.85,1273.0,0.01154,10142.92,0.00023,209.48,387.94,597.42,-707.06,-1304.48,-1.304,gap widened (past the session band),bullish/wild
parity,NIFTY,24900.0,2026-09-29,2026-07-17 15:23 IST,2026-07-17 15:23 IST,1,75,1824525.0,372.0,702.0,24327.0,372.0,702.0,0.00968,17662.39,0.00113,2143.37,731.7,2875.07,0.0,-2875.07,-2.875,gap widened (past the session band),bullish/wild
parity,NIFTY,24400.0,2026-09-29,2026-07-17 15:24 IST,2026-07-20 09:16 IST,1,75,1824893.0,633.1,462.25,24331.9,564.9,499.0,0.00978,17854.35,0.0,0.0,736.95,736.95,-495.47,-1232.42,-1.232,gap widened (past the session band),bullish/wild
parity,BANKNIFTY,58000.0,2026-09-29,2026-07-17 15:29 IST,2026-07-20 09:16 IST,1,15,878997.0,2150.0,911.35,58599.8,1750.0,1114.5,0.01104,9700.52,0.01011,9341.17,396.57,9737.74,-1783.43,-11521.17,-11.521,gap widened (past the session band),bullish/wild
parity,BANKNIFTY,59000.0,2026-09-29,2026-07-20 09:17 IST,2026-07-20 09:17 IST,1,15,868479.0,1214.7,1574.9,57898.6,1214.7,1574.9,0.01256,10910.4,0.00167,1517.03,383.54,1900.57,0.0,-1900.57,-1.901,gap widened (past the session band),bullish/calm
parity,BANKNIFTY,58500.0,2026-09-29,2026-07-20 09:20 IST,2026-07-20 09:20 IST,1,15,867750.0,1465.4,1378.75,57850.0,1465.4,1378.75,0.01259,10927.25,0.0,0.0,385.07,385.07,0.0,-385.07,-0.385,gap widened (past the session band),bullish/calm
parity,BANKNIFTY,58000.0,2026-09-29,2026-07-20 09:21 IST,2026-07-20 09:21 IST,1,15,868164.0,1740.0,1140.1,57877.6,1740.0,1140.1,0.01245,10811.41,0.0,0.0,387.24,387.24,0.0,-387.24,-0.387,gap widened (past the session band),bullish/calm
parity,BANKNIFTY,59000.0,2026-09-29,2026-07-20 09:21 IST,2026-07-20 09:28 IST,1,15,868164.0,1210.0,1642.95,57877.6,1165.3,1642.95,0.01167,10130.2,0.0,0.0,383.67,383.67,-724.42,-1108.09,-1.108,gap widened (past the session band),bullish/calm
parity,BANKNIFTY,58000.0,2026-09-29,2026-07-20 09:25 IST,2026-07-20 09:25 IST,1,15,867801.0,1722.8,1142.05,57853.4,1722.8,1142.05,0.01254,10882.64,0.0,0.0,387.79,387.79,0.0,-387.79,-0.388,gap widened (past the session band),bullish/calm
parity,NIFTY,24400.0,2026-09-29,2026-07-20 09:27 IST,2026-07-20 09:27 IST,1,75,1813575.0,548.4,520.5,24181.0,548.4,520.5,0.0101,18311.13,0.0,0.0,730.39,730.39,0.0,-730.39,-0.73,gap widened (past the session band),bullish/calm
parity,BANKNIFTY,58000.0,2026-09-29,2026-07-20 09:33 IST,2026-07-20 09:33 IST,1,15,865986.0,1671.25,1207.85,57732.4,1671.25,1207.85,0.0126,10914.59,0.0,0.0,385.09,385.09,0.0,-385.09,-0.385,gap widened (past the session band),bullish/calm
parity,BANKNIFTY,58000.0,2026-09-29,2026-07-20 09:35 IST,2026-07-20 09:40 IST,1,15,866616.0,1660.95,1209.95,57774.4,1645.0,1201.0,0.01166,10106.51,0.00052,468.61,384.67,853.28,-969.2,-1822.48,-1.822,gap widened (past the session band),bullish/calm
parity,BANKNIFTY,58000.0,2026-09-29,2026-07-20 09:47 IST,2026-07-20 09:47 IST,1,15,865425.0,1645.0,1225.3,57695.0,1645.0,1225.3,0.01249,10813.02,5e-05,47.02,384.59,431.61,0.0,-431.61,-0.432,gap widened (past the session band),bullish/calm
parity,BANKNIFTY,58500.0,2026-09-29,2026-07-20 09:49 IST,2026-07-20 09:49 IST,1,15,865467.0,1382.0,1450.0,57697.8,1382.0,1450.0,0.01255,10861.8,0.00367,3336.31,384.43,3720.74,0.0,-3720.74,-3.721,gap widened (past the session band),bullish/calm
parity,BANKNIFTY,58000.0,2026-09-29,2026-07-20 09:50 IST,2026-07-20 09:55 IST,1,15,865950.0,1645.0,1205.45,57730.0,1668.1,1200.0,0.01223,10592.37,0.01013,9205.54,385.04,9590.58,-338.24,-9928.82,-9.929,gap widened (past the session band),bullish/calm
parity,BANKNIFTY,59000.0,2026-09-29,2026-07-20 09:58 IST,2026-07-20 09:58 IST,1,15,866634.0,1163.65,1651.6,57775.6,1163.65,1651.6,0.01248,10815.97,0.00043,393.61,383.68,777.29,0.0,-777.29,-0.777,gap widened (past the session band),bullish/calm
parity,BANKNIFTY,58500.0,2026-09-29,2026-07-20 09:59 IST,2026-07-20 10:14 IST,1,15,866832.0,1400.0,1414.7,57788.8,1420.4,1391.25,0.0119,10313.45,0.00075,677.46,384.41,1061.87,-1026.96,-2088.83,-2.089,gap widened (past the session band),bullish/calm
parity,NIFTY,24400.0,2026-09-29,2026-07-20 09:59 IST,2026-07-20 09:59 IST,1,75,1813343.0,554.0,518.1,24177.9,554.0,518.1,0.01056,19140.68,0.00469,8873.25,729.59,9602.84,0.0,-9602.84,-9.603,gap widened (past the session band),bullish/calm
parity,NIFTY,24800.0,2026-09-29,2026-07-20 10:01 IST,2026-07-20 10:01 IST,1,75,1813350.0,358.95,719.8,24178.0,358.95,719.8,0.01048,19000.13,0.0,0.0,732.88,732.88,0.0,-732.88,-0.733,gap widened (past the session band),bullish/calm
parity,BANKNIFTY,58000.0,2026-09-29,2026-07-20 10:04 IST,2026-07-20 10:04 IST,1,15,866427.0,1670.05,1173.45,57761.8,1670.05,1173.45,0.01267,10977.1,0.00944,8580.46,386.16,8966.62,0.0,-8966.62,-8.967,gap widened (past the session band),bullish/calm
parity,NIFTY,24200.0,2026-09-29,2026-07-20 10:16 IST,2026-07-20 12:51 IST,1,75,1814850.0,673.8,431.6,24198.0,657.9,451.2,0.01009,18313.11,0.00094,1775.22,738.37,2513.59,-1688.25,-4201.84,-4.202,gap widened (past the session band),bullish/calm
parity,BANKNIFTY,57000.0,2026-09-29,2026-07-20 10:17 IST,2026-07-22 09:41 IST,1,15,867360.0,2338.4,808.0,57824.0,2016.75,904.7,0.0124,10751.29,0.00276,2526.85,397.19,2924.04,-566.12,-3490.16,-3.49,gap widened (past the session band),bullish/calm
parity,BANKNIFTY,58500.0,2026-09-29,2026-07-20 10:21 IST,2026-07-20 10:21 IST,1,15,867750.0,1455.0,1366.1,57850.0,1455.0,1366.1,0.01263,10961.0,0.0004,360.81,384.09,744.9,0.0,-744.9,-0.745,gap widened (past the session band),bullish/calm
parity,BANKNIFTY,56000.0,2026-09-29,2026-07-20 10:24 IST,2026-07-20 10:24 IST,1,15,867525.0,3084.75,555.0,57835.0,3084.75,555.0,0.01241,10767.08,0.0,0.0,410.83,410.83,0.0,-410.83,-0.411,gap widened (past the session band),bullish/calm
parity,NIFTY,24600.0,2026-09-29,2026-07-20 10:27 IST,2026-07-20 10:27 IST,1,75,1815675.0,464.95,599.35,24209.0,464.95,599.35,0.0104,18876.56,0.0,0.0,725.9,725.9,0.0,-725.9,-0.726,gap widened (past the session band),bullish/calm
parity,BANKNIFTY,58500.0,2026-09-29,2026-07-20 10:57 IST,2026-07-20 11:31 IST,1,15,866625.0,1400.7,1402.9,57775.0,1395.5,1402.9,0.01235,10705.36,0.0,0.0,383.97,383.97,-68.99,-452.96,-0.453,gap widened (past the session band),bullish/calm
parity,BANKNIFTY,59000.0,2026-09-29,2026-07-20 11:16 IST,2026-07-20 11:16 IST,1,15,866490.0,1154.0,1660.0,57766.0,1154.0,1660.0,0.01233,10687.44,0.00016,149.66,384.73,534.39,0.0,-534.39,-0.534,gap widened (past the session band),bullish/calm
parity,BANKNIFTY,58000.0,2026-09-29,2026-07-20 11:20 IST,2026-07-20 11:47 IST,1,15,866685.0,1649.55,1181.05,57779.0,1672.05,1176.4,0.01189,10300.85,0.0083,7545.62,384.94,7930.56,-977.51,-8908.07,-8.908,gap widened (past the session band),bullish/calm
parity,BANKNIFTY,58500.0,2026-09-29,2026-07-20 11:35 IST,2026-07-20 11:35 IST,1,15,866265.0,1392.9,1390.8,57751.0,1392.9,1390.8,0.01284,11125.34,0.0,0.0,383.25,383.25,0.0,-383.25,-0.383,gap widened (past the session band),bullish/calm
parity,BANKNIFTY,58500.0,2026-09-29,2026-07-20 11:47 IST,2026-07-20 11:47 IST,1,15,866115.0,1391.15,1400.0,57741.0,1391.15,1400.0,0.01283,11109.21,2e-05,17.63,383.31,400.94,0.0,-400.94,-0.401,gap widened (past the session band),bullish/calm
parity,BANKNIFTY,58000.0,2026-09-29,2026-07-20 11:57 IST,2026-07-20 12:38 IST,1,15,866334.0,1642.65,1173.4,57755.6,1637.0,1176.25,0.0123,10658.67,0.0,0.3,385.12,385.42,-253.55,-638.97,-0.639,gap widened (past the session band),bullish/calm
parity,BANKNIFTY,58500.0,2026-09-29,2026-07-20 12:09 IST,2026-07-20 12:09 IST,1,15,866250.0,1387.55,1384.75,57750.0,1387.55,1384.75,0.01287,11150.65,7e-05,65.32,383.01,448.33,0.0,-448.33,-0.448,gap widened (past the session band),bullish/calm
parity,NIFTY,24700.0,2026-09-29,2026-07-20 12:29 IST,2026-07-20 12:29 IST,1,75,1811475.0,397.45,678.0,24153.0,397.45,678.0,0.01075,19468.3,0.0,0.0,733.14,733.14,0.0,-733.14,-0.733,gap widened (past the session band),bullish/calm
parity,BANKNIFTY,58500.0,2026-09-29,2026-07-20 12:40 IST,2026-07-20 12:47 IST,1,15,866217.0,1377.7,1431.6,57747.8,1353.85,1460.1,0.01193,10332.73,0.0,0.0,383.29,383.29,-426.59,-809.88,-0.81,gap widened (past the session band),bullish/calm
parity,BANKNIFTY,58000.0,2026-09-29,2026-07-20 12:48 IST,2026-07-20 12:48 IST,1,15,864846.0,1626.45,1232.05,57656.4,1626.45,1232.05,0.01273,11005.27,0.00098,888.51,384.95,1273.46,0.0,-1273.46,-1.273,gap widened (past the session band),bullish/calm
parity,BANKNIFTY,59000.0,2026-09-29,2026-07-20 12:48 IST,2026-07-20 12:48 IST,1,15,864846.0,1120.0,1630.05,57656.4,1120.0,1630.05,0.01416,12250.05,0.00091,823.64,383.4,1207.04,0.0,-1207.04,-1.207,gap widened (past the session band),bullish/calm
parity,BANKNIFTY,58000.0,2026-09-29,2026-07-20 12:50 IST,2026-07-20 12:50 IST,1,15,865788.0,1650.0,1168.9,57719.2,1650.0,1168.9,0.01314,11375.59,0.00386,3501.06,383.58,3884.64,0.0,-3884.64,-3.885,gap widened (past the session band),bullish/calm
parity,NIFTY,24400.0,2026-09-29,2026-07-20 13:01 IST,2026-07-20 13:01 IST,1,75,1813140.0,548.05,520.05,24175.2,548.05,520.05,0.01034,18748.22,0.0,0.0,732.04,732.04,0.0,-732.04,-0.732,gap widened (past the session band),bullish/calm
parity,NIFTY,24200.0,2026-09-29,2026-07-20 13:14 IST,2026-07-22 11:15 IST,1,75,1817175.0,690.0,419.95,24229.0,552.25,490.8,0.00996,18106.08,0.0,0.0,740.76,740.76,-1807.32,-2548.08,-2.548,gap widened (past the session band),bullish/calm
parity,NIFTY,24700.0,2026-09-29,2026-07-20 13:14 IST,2026-07-20 13:14 IST,1,75,1817175.0,422.05,645.9,24229.0,422.05,645.9,0.00996,18092.42,0.00105,1992.68,730.8,2723.48,0.0,-2723.48,-2.723,gap widened (past the session band),bullish/calm
parity,NIFTY,24800.0,2026-09-29,2026-07-20 13:15 IST,2026-07-20 13:15 IST,1,75,1816185.0,379.0,692.95,24215.8,379.0,692.95,0.01086,19718.19,0.0,0.0,730.05,730.05,0.0,-730.05,-0.73,gap widened (past the session band),bullish/calm
parity,BANKNIFTY,58500.0,2026-09-29,2026-07-20 13:17 IST,2026-07-20 13:17 IST,1,15,868527.0,1500.0,1329.25,57901.8,1500.0,1329.25,0.01315,11421.5,0.00719,6531.7,384.64,6916.34,0.0,-6916.34,-6.916,gap widened (past the session band),bullish/calm
parity,BANKNIFTY,58000.0,2026-09-29,2026-07-20 13:46 IST,2026-07-21 09:25 IST,1,15,870900.0,1806.0,1065.1,58060.0,1825.0,975.25,0.01174,10224.81,0.00788,7194.51,385.47,7579.98,-618.5,-8198.48,-8.198,gap widened (past the session band),bullish/calm
parity,BANKNIFTY,58500.0,2026-09-29,2026-07-20 13:53 IST,2026-07-20 13:53 IST,1,15,870525.0,1520.0,1259.7,58035.0,1520.0,1259.7,0.0124,10791.87,0.0,0.0,383.41,383.41,0.0,-383.41,-0.383,gap widened (past the session band),bullish/calm
parity,BANKNIFTY,58500.0,2026-09-29,2026-07-20 13:55 IST,2026-07-20 13:55 IST,1,15,871275.0,1558.2,1240.45,58085.0,1558.2,1240.45,0.01253,10913.04,0.00012,107.71,383.42,491.13,0.0,-491.13,-0.491,gap widened (past the session band),bullish/calm
parity,BANKNIFTY,58500.0,2026-09-29,2026-07-20 14:01 IST,2026-07-20 14:16 IST,1,15,871800.0,1550.0,1225.5,58120.0,1565.0,1215.9,0.01204,10495.88,0.0,0.0,384.09,384.09,-336.02,-720.11,-0.72,gap widened (past the session band),bullish/calm
parity,BANKNIFTY,58500.0,2026-09-29,2026-07-20 14:18 IST,2026-07-20 14:42 IST,1,15,872328.0,1562.2,1204.45,58155.2,1564.25,1222.05,0.01201,10473.28,0.0004,361.47,383.41,744.88,-471.74,-1216.62,-1.217,gap widened (past the session band),bullish/calm
parity,BANKNIFTY,59000.0,2026-09-29,2026-07-20 14:25 IST,2026-07-20 14:25 IST,1,15,872361.0,1299.0,1418.1,58157.4,1299.0,1418.1,0.01226,10693.72,0.0,0.0,380.94,380.94,0.0,-380.94,-0.381,gap widened (past the session band),bullish/calm
parity,BANKNIFTY,59000.0,2026-09-29,2026-07-20 14:40 IST,2026-07-20 14:40 IST,1,15,871800.0,1264.15,1430.0,58120.0,1264.15,1430.0,0.0121,10546.4,0.0,0.0,381.01,381.01,0.0,-381.01,-0.381,gap widened (past the session band),bullish/calm
parity,BANKNIFTY,58500.0,2026-09-29,2026-07-20 14:50 IST,2026-07-21 09:17 IST,1,15,871680.0,1532.5,1229.05,58112.0,1593.75,1142.55,0.01181,10298.63,0.00251,2289.55,383.14,2672.69,-821.76,-3494.45,-3.494,gap widened (past the session band),bullish/calm
parity,NIFTY,25300.0,2026-09-29,2026-07-20 15:00 IST,2026-07-20 15:00 IST,1,75,1818300.0,197.35,983.5,24244.0,197.35,983.5,0.01058,19243.66,0.00223,4242.71,742.61,4985.32,0.0,-4985.32,-4.985,gap widened (past the session band),bullish/calm
parity,BANKNIFTY,59000.0,2026-09-29,2026-07-20 15:22 IST,2026-07-20 15:22 IST,1,15,871785.0,1274.85,1448.0,58119.0,1274.85,1448.0,0.01199,10451.71,0.00015,141.01,379.62,520.63,0.0,-520.63,-0.521,gap widened (past the session band),bullish/calm
parity,NIFTY,24700.0,2026-09-29,2026-07-20 15:28 IST,2026-07-20 15:28 IST,1,75,1819830.0,425.95,604.0,24264.4,425.95,604.0,0.01039,18905.75,0.0,0.0,725.14,725.14,0.0,-725.14,-0.725,gap widened (past the session band),bullish/calm
parity,NIFTY,24600.0,2026-09-29,2026-07-21 09:19 IST,2026-07-21 09:19 IST,1,75,1820070.0,469.85,557.4,24267.6,469.85,557.4,0.00992,18054.94,0.0002,371.75,729.01,1100.76,0.0,-1100.76,-1.101,gap widened (past the session band),bullish/calm
parity,NIFTY,24600.0,2026-09-29,2026-07-21 09:21 IST,2026-07-21 09:21 IST,1,75,1819860.0,467.05,559.95,24264.8,467.05,559.95,0.00981,17861.0,0.00199,3770.46,723.84,4494.3,0.0,-4494.3,-4.494,gap widened (past the session band),bullish/calm
parity,NIFTY,24800.0,2026-09-29,2026-07-21 09:22 IST,2026-07-21 09:22 IST,1,75,1818975.0,374.4,674.8,24253.0,374.4,674.8,0.00989,17986.77,0.00245,4650.93,724.52,5375.45,0.0,-5375.45,-5.375,gap widened (past the session band),bullish/calm
parity,NIFTY,24600.0,2026-09-29,2026-07-21 09:24 IST,2026-07-21 09:24 IST,1,75,1818338.0,456.7,572.05,24244.5,456.7,572.05,0.00972,17680.95,0.0,0.0,722.99,722.99,0.0,-722.99,-0.723,gap widened (past the session band),bullish/calm
parity,BANKNIFTY,58000.0,2026-09-29,2026-07-21 09:28 IST,2026-07-21 09:44 IST,1,15,872508.0,1839.5,976.0,58167.2,1829.45,991.55,0.01201,10475.58,0.0,0.0,385.97,385.97,-390.01,-775.98,-0.776,gap widened (past the session band),bullish/calm
parity,NIFTY,24700.0,2026-09-29,2026-07-21 09:29 IST,2026-07-21 09:29 IST,1,75,1819327.0,415.7,607.0,24257.7,415.7,607.0,0.01012,18414.11,0.00552,10462.13,723.2,11185.33,0.0,-11185.33,-11.185,gap widened (past the session band),bullish/calm
parity,BANKNIFTY,59000.0,2026-09-29,2026-07-21 09:30 IST,2026-07-21 09:30 IST,1,15,872100.0,1271.0,1400.0,58140.0,1271.0,1400.0,0.01239,10805.19,0.00903,8239.11,379.77,8618.88,0.0,-8618.88,-8.619,gap widened (past the session band),bullish/calm
parity,NIFTY,24700.0,2026-09-29,2026-07-21 09:35 IST,2026-07-21 09:35 IST,1,75,1817212.0,401.8,628.2,24229.5,401.8,628.2,0.00983,17870.34,0.0,0.0,723.22,723.22,0.0,-723.22,-0.723,gap widened (past the session band),bullish/calm
parity,NIFTY,24400.0,2026-09-29,2026-07-21 09:39 IST,2026-07-21 09:39 IST,1,75,1817055.0,554.2,483.0,24227.4,554.2,483.0,0.00997,18124.6,0.0,0.0,730.29,730.29,0.0,-730.29,-0.73,gap widened (past the session band),bullish/calm
parity,BANKNIFTY,58000.0,2026-09-29,2026-07-21 09:46 IST,2026-07-21 10:02 IST,1,15,871821.0,1818.15,1009.3,58121.4,1800.0,1006.6,0.01185,10334.33,7e-05,64.42,385.09,449.51,-824.66,-1274.17,-1.274,gap widened (past the session band),bullish/calm
parity,BANKNIFTY,59000.0,2026-09-29,2026-07-21 09:56 IST,2026-07-21 09:56 IST,1,15,871500.0,1251.3,1451.0,58100.0,1251.3,1451.0,0.01186,10337.26,0.0004,361.53,381.18,742.71,0.0,-742.71,-0.743,gap widened (past the session band),bullish/calm
parity,NIFTY,24700.0,2026-09-29,2026-07-21 10:01 IST,2026-07-21 10:01 IST,1,75,1816635.0,400.45,625.9,24221.8,400.45,625.9,0.01019,18511.88,0.00189,3575.09,723.46,4298.55,0.0,-4298.55,-4.299,gap widened (past the session band),bullish/calm
parity,NIFTY,24600.0,2026-09-29,2026-07-21 10:07 IST,2026-07-21 10:07 IST,1,75,1817332.0,444.0,572.25,24231.1,444.0,572.25,0.00974,17706.02,0.00649,12297.53,721.86,13019.39,0.0,-13019.39,-13.019,gap widened (past the session band),bullish/calm
parity,NIFTY,23200.0,2026-09-29,2026-07-21 10:14 IST,2026-07-22 15:28 IST,1,75,1816148.0,1370.0,148.0,24215.3,1190.0,188.4,0.00906,16445.79,0.0,0.0,787.89,787.89,-598.08,-1385.97,-1.386,gap widened (past the session band),bullish/calm
parity,NIFTY,24700.0,2026-09-29,2026-07-21 10:14 IST,2026-07-21 10:14 IST,1,75,1816148.0,394.25,631.95,24215.3,394.25,631.95,0.00995,18074.59,0.00021,404.75,723.18,1127.93,0.0,-1127.93,-1.128,gap widened (past the session band),bullish/calm
parity,BANKNIFTY,58000.0,2026-09-29,2026-07-21 10:24 IST,2026-07-21 11:02 IST,1,15,871131.0,1780.8,1022.6,58075.4,1783.2,1056.85,0.01177,10256.04,0.0,0.0,383.85,383.85,-785.6,-1169.45,-1.169,gap widened (past the session band),bullish/calm
parity,NIFTY,24700.0,2026-09-29,2026-07-21 10:27 IST,2026-07-21 10:27 IST,1,75,1814250.0,394.0,647.9,24190.0,394.0,647.9,0.01033,18733.64,0.00263,4974.58,724.58,5699.16,0.0,-5699.16,-5.699,gap widened (past the session band),bullish/calm
parity,NIFTY,24400.0,2026-09-29,2026-07-21 10:40 IST,2026-07-21 10:40 IST,1,75,1813245.0,533.6,508.4,24176.6,533.6,508.4,0.01017,18437.46,0.0,0.0,725.63,725.63,0.0,-725.63,-0.726,gap widened (past the session band),bullish/calm
parity,NIFTY,24400.0,2026-09-29,2026-07-21 10:49 IST,2026-07-21 10:49 IST,1,75,1813155.0,534.0,511.55,24175.4,534.0,511.55,0.0101,18320.04,0.00813,15386.72,726.33,16113.05,0.0,-16113.05,-16.113,gap widened (past the session band),bullish/calm
parity,BANKNIFTY,57500.0,2026-09-29,2026-07-21 11:03 IST,2026-07-21 11:03 IST,1,15,870354.0,2093.1,864.15,58023.6,2093.1,864.15,0.01227,10677.53,0.0,0.0,390.78,390.78,0.0,-390.78,-0.391,gap widened (past the session band),bullish/calm
parity,BANKNIFTY,58000.0,2026-09-29,2026-07-21 11:05 IST,2026-07-21 11:15 IST,1,15,870750.0,1801.95,1036.15,58050.0,1789.15,1037.5,0.01234,10746.29,4e-05,34.96,385.41,420.37,-342.94,-763.31,-0.763,gap widened (past the session band),bullish/calm
parity,NIFTY,24100.0,2026-09-29,2026-07-21 11:08 IST,2026-07-22 09:48 IST,1,75,1814618.0,710.05,379.0,24194.9,608.8,445.8,0.00981,17799.39,0.0,0.0,743.62,743.62,-1087.78,-1831.4,-1.831,gap widened (past the session band),bullish/calm
parity,BANKNIFTY,59000.0,2026-09-29,2026-07-21 11:13 IST,2026-07-21 11:13 IST,1,15,870225.0,1237.65,1488.0,58015.0,1237.65,1488.0,0.01245,10836.71,0.00124,1129.6,381.7,1511.3,0.0,-1511.3,-1.511,gap widened (past the session band),bullish/calm
parity,NIFTY,24700.0,2026-09-29,2026-07-21 11:14 IST,2026-07-21 11:14 IST,1,75,1814407.0,390.7,646.0,24192.1,390.7,646.0,0.01018,18473.13,0.0,0.0,724.17,724.17,0.0,-724.17,-0.724,gap widened (past the session band),bullish/calm
parity,BANKNIFTY,59000.0,2026-09-29,2026-07-21 11:16 IST,2026-07-21 11:16 IST,1,15,870051.0,1242.65,1499.45,58003.4,1242.65,1499.45,0.01254,10911.83,0.00069,630.35,382.02,1012.37,0.0,-1012.37,-1.012,gap widened (past the session band),bullish/calm
parity,BANKNIFTY,58000.0,2026-09-29,2026-07-21 11:17 IST,2026-07-22 09:21 IST,1,15,870168.0,1775.05,1055.4,58011.2,1509.9,1227.0,0.01221,10628.84,1e-05,10.49,385.38,395.87,-294.04,-689.91,-0.69,gap widened (past the session band),bullish/calm
parity,BANKNIFTY,59000.0,2026-09-29,2026-07-21 11:47 IST,2026-07-21 11:47 IST,1,15,869250.0,1204.6,1479.4,57950.0,1204.6,1479.4,0.01315,11432.88,0.0,0.0,381.93,381.93,0.0,-381.93,-0.382,gap widened (past the session band),bullish/calm
parity,NIFTY,24400.0,2026-09-29,2026-07-21 11:47 IST,2026-07-21 11:47 IST,1,75,1813050.0,525.1,507.35,24174.0,525.1,507.35,0.00997,18071.26,0.0,0.0,722.68,722.68,0.0,-722.68,-0.723,gap widened (past the session band),bullish/calm
parity,NIFTY,24400.0,2026-09-29,2026-07-21 11:53 IST,2026-07-21 11:53 IST,1,75,1812900.0,524.0,508.0,24172.0,524.0,508.0,0.00998,18088.16,0.00106,2003.4,723.59,2726.99,0.0,-2726.99,-2.727,gap widened (past the session band),bullish/calm
parity,NIFTY,24400.0,2026-09-29,2026-07-21 12:20 IST,2026-07-21 12:20 IST,1,75,1813500.0,535.1,502.0,24180.0,535.1,502.0,0.01035,18778.09,0.0,0.0,722.77,722.77,0.0,-722.77,-0.723,gap widened (past the session band),bullish/calm
parity,NIFTY,23400.0,2026-09-29,2026-07-21 12:59 IST,2026-07-21 12:59 IST,1,75,1810943.0,1170.0,191.8,24145.9,1170.0,191.8,0.01,18115.51,0.0,0.0,782.42,782.42,0.0,-782.42,-0.782,gap widened (past the session band),bullish/calm
parity,NIFTY,24700.0,2026-09-29,2026-07-21 13:01 IST,2026-07-21 13:01 IST,1,75,1811250.0,372.0,672.2,24150.0,372.0,672.2,0.01006,18223.98,0.0,0.0,724.07,724.07,0.0,-724.07,-0.724,gap widened (past the session band),bullish/calm
parity,BANKNIFTY,58500.0,2026-09-29,2026-07-21 13:02 IST,2026-07-21 15:15 IST,1,15,869763.0,1460.0,1252.0,57984.2,1445.4,1254.55,0.01237,10761.16,0.0,0.0,381.81,381.81,-108.77,-490.58,-0.491,gap widened (past the session band),bullish/calm
parity,NIFTY,24600.0,2026-09-29,2026-07-21 13:55 IST,2026-07-21 13:55 IST,1,75,1813012.0,421.0,608.8,24173.5,421.0,608.8,0.00966,17506.23,0.0,0.0,722.13,722.13,0.0,-722.13,-0.722,gap widened (past the session band),bullish/calm
parity,NIFTY,24700.0,2026-09-29,2026-07-21 14:04 IST,2026-07-21 14:04 IST,1,75,1813125.0,375.1,650.0,24175.0,375.1,650.0,0.01008,18269.71,0.0,0.0,722.56,722.56,0.0,-722.56,-0.723,gap widened (past the session band),bullish/calm
parity,NIFTY,24400.0,2026-09-29,2026-07-21 14:33 IST,2026-07-21 14:47 IST,1,75,1812488.0,516.55,508.4,24166.5,522.0,510.45,0.00988,17906.8,0.00017,318.17,721.66,1039.83,-524.37,-1564.2,-1.564,gap widened (past the session band),bullish/calm
parity,BANKNIFTY,59000.0,2026-09-29,2026-07-21 14:42 IST,2026-07-21 14:42 IST,1,15,869523.0,1185.0,1518.5,57968.2,1185.0,1518.5,0.01183,10282.78,0.00068,616.66,380.67,997.33,0.0,-997.33,-0.997,gap widened (past the session band),bullish/calm
parity,NIFTY,24400.0,2026-09-29,2026-07-21 15:01 IST,2026-07-21 15:13 IST,1,75,1813650.0,522.5,505.4,24182.0,525.6,507.45,0.00961,17429.95,0.00015,279.38,720.77,1000.15,-602.46,-1602.61,-1.603,gap widened (past the session band),bullish/calm
parity,NIFTY,24600.0,2026-09-29,2026-07-21 15:13 IST,2026-07-21 15:13 IST,1,75,1813125.0,419.0,602.0,24175.0,419.0,602.0,0.00979,17755.12,0.0,0.0,720.83,720.83,0.0,-720.83,-0.721,gap widened (past the session band),bullish/calm
parity,NIFTY,24600.0,2026-09-29,2026-07-21 15:15 IST,2026-07-21 15:15 IST,1,75,1813425.0,422.0,601.9,24179.0,422.0,601.9,0.00976,17691.34,0.0,0.0,721.56,721.56,0.0,-721.56,-0.722,gap widened (past the session band),bullish/calm
parity,NIFTY,24600.0,2026-09-29,2026-07-21 15:18 IST,2026-07-21 15:18 IST,1,75,1813350.0,419.45,600.0,24178.0,419.45,600.0,0.00977,17716.66,3e-05,65.44,721.61,787.05,0.0,-787.05,-0.787,gap widened (past the session band),bullish/calm
parity,NIFTY,24600.0,2026-09-29,2026-07-21 15:21 IST,2026-07-21 15:21 IST,1,75,1813350.0,420.7,600.0,24178.0,420.7,600.0,0.00982,17810.41,8e-05,150.46,720.92,871.38,0.0,-871.38,-0.871,gap widened (past the session band),bullish/calm
parity,NIFTY,24600.0,2026-09-29,2026-07-21 15:23 IST,2026-07-21 15:23 IST,1,75,1813988.0,419.75,599.4,24186.5,419.75,599.4,0.00946,17154.55,0.00025,468.99,720.81,1189.8,0.0,-1189.8,-1.19,gap widened (past the session band),bullish/calm
parity,NIFTY,24600.0,2026-09-29,2026-07-21 15:25 IST,2026-07-21 15:25 IST,1,75,1813500.0,419.4,594.8,24180.0,419.4,594.8,0.0099,17954.77,0.00037,690.25,720.8,1411.05,0.0,-1411.05,-1.411,gap widened (past the session band),bullish/calm
parity,BANKNIFTY,59000.0,2026-09-29,2026-07-21 15:26 IST,2026-07-21 15:26 IST,1,15,869520.0,1190.0,1501.9,57968.0,1190.0,1501.9,0.0122,10609.73,0.0,0.27,379.56,379.83,0.0,-379.83,-0.38,gap widened (past the session band),bullish/calm
parity,NIFTY,24400.0,2026-09-29,2026-07-21 15:28 IST,2026-07-21 15:28 IST,1,75,1813373.0,517.4,486.9,24178.3,517.4,486.9,0.01032,18708.96,0.0,0.0,721.52,721.52,0.0,-721.52,-0.722,gap widened (past the session band),bullish/calm
parity,NIFTY,24600.0,2026-09-29,2026-07-21 15:28 IST,2026-07-21 15:28 IST,1,75,1813373.0,419.55,597.85,24178.3,419.55,597.85,0.00985,17863.13,0.00013,236.99,720.19,957.18,0.0,-957.18,-0.957,gap widened (past the session band),bullish/calm
parity,BANKNIFTY,58500.0,2026-09-29,2026-07-22 09:17 IST,2026-07-22 09:18 IST,1,15,863394.0,1235.4,1483.55,57559.6,1246.95,1467.95,0.01183,10211.46,0.0,0.0,381.28,381.28,-539.29,-920.57,-0.921,gap widened (past the session band),sideways/normal
parity,BANKNIFTY,59000.0,2026-09-29,2026-07-22 09:18 IST,2026-07-22 09:18 IST,1,15,863262.0,1027.55,1749.9,57550.8,1027.55,1749.9,0.01232,10637.26,0.00775,7016.24,381.64,7397.88,0.0,-7397.88,-7.398,gap widened (past the session band),sideways/normal
parity,NIFTY,24600.0,2026-09-29,2026-07-22 09:19 IST,2026-07-22 09:19 IST,1,75,1806038.0,380.95,659.0,24080.5,380.95,659.0,0.00976,17632.92,0.00029,543.94,720.66,1264.6,0.0,-1264.6,-1.265,gap widened (past the session band),sideways/normal
parity,BANKNIFTY,58500.0,2026-09-29,2026-07-22 09:20 IST,2026-07-22 09:28 IST,1,15,863556.0,1250.0,1460.0,57570.4,1200.0,1515.35,0.0123,10623.73,0.00917,8288.45,378.84,8667.29,-211.33,-8878.62,-8.879,gap widened (past the session band),sideways/normal
parity,BANKNIFTY,58000.0,2026-09-29,2026-07-22 09:23 IST,2026-07-22 09:23 IST,1,15,862527.0,1480.0,1248.0,57501.8,1480.0,1248.0,0.01259,10861.72,0.0,0.0,379.5,379.5,0.0,-379.5,-0.38,gap widened (past the session band),sideways/normal
parity,NIFTY,24600.0,2026-09-29,2026-07-22 09:23 IST,2026-07-22 09:23 IST,1,75,1806000.0,376.35,662.0,24080.0,376.35,662.0,0.00947,17099.96,0.00466,8783.46,721.73,9505.19,0.0,-9505.19,-9.505,gap widened (past the session band),sideways/normal
parity,NIFTY,24400.0,2026-09-29,2026-07-22 09:25 IST,2026-07-22 09:46 IST,1,75,1806000.0,470.0,555.0,24080.0,451.0,578.85,0.0096,17331.9,3e-05,64.19,717.95,782.14,-954.98,-1737.12,-1.737,gap widened (past the session band),sideways/normal
parity,BANKNIFTY,58000.0,2026-09-29,2026-07-22 09:28 IST,2026-07-22 09:30 IST,1,15,861765.0,1455.7,1290.0,57451.0,1437.75,1299.95,0.01232,10619.93,1e-05,9.72,379.37,389.09,-211.73,-600.82,-0.601,gap widened (past the session band),sideways/normal
parity,BANKNIFTY,59000.0,2026-09-29,2026-07-22 09:28 IST,2026-07-22 09:28 IST,1,15,861765.0,965.0,1810.0,57451.0,965.0,1810.0,0.01192,10276.24,0.0,0.0,382.99,382.99,0.0,-382.99,-0.383,gap widened (past the session band),sideways/normal
parity,NIFTY,24600.0,2026-09-29,2026-07-22 09:29 IST,2026-07-22 09:29 IST,1,75,1803825.0,366.05,672.0,24051.0,366.05,672.0,0.00983,17725.9,0.00521,9821.36,722.38,10543.74,0.0,-10543.74,-10.544,gap widened (past the session band),sideways/normal
parity,BANKNIFTY,58000.0,2026-09-29,2026-07-22 09:32 IST,2026-07-22 09:32 IST,1,15,861060.0,1430.05,1300.45,57404.0,1430.05,1300.45,0.01251,10774.82,0.0,0.0,379.16,379.16,0.0,-379.16,-0.379,gap widened (past the session band),sideways/normal
parity,BANKNIFTY,58500.0,2026-09-29,2026-07-22 09:34 IST,2026-07-22 09:34 IST,1,15,860589.0,1175.0,1541.1,57372.6,1175.0,1541.1,0.01303,11212.95,0.0,0.0,379.96,379.96,0.0,-379.96,-0.38,gap widened (past the session band),sideways/normal
parity,BANKNIFTY,58000.0,2026-09-29,2026-07-22 09:36 IST,2026-07-22 09:36 IST,1,15,860292.0,1417.5,1339.3,57352.8,1417.5,1339.3,0.01251,10762.43,0.00069,618.81,379.7,998.51,0.0,-998.51,-0.999,gap widened (past the session band),sideways/normal
parity,BANKNIFTY,57500.0,2026-09-29,2026-07-22 09:38 IST,2026-07-22 09:38 IST,1,15,860775.0,1701.95,1101.8,57385.0,1701.95,1101.8,0.01244,10706.18,0.01126,10157.77,381.63,10539.4,0.0,-10539.4,-10.539,gap widened (past the session band),sideways/normal
parity,BANKNIFTY,58000.0,2026-09-29,2026-07-22 09:41 IST,2026-07-22 09:41 IST,1,15,860520.0,1433.0,1307.6,57368.0,1433.0,1307.6,0.01307,11245.23,0.00193,1742.73,379.47,2122.2,0.0,-2122.2,-2.122,gap widened (past the session band),sideways/normal
parity,BANKNIFTY,58000.0,2026-09-29,2026-07-22 09:45 IST,2026-07-22 09:48 IST,1,15,861000.0,1428.75,1310.0,57400.0,1409.35,1328.4,0.01239,10671.34,0.0,0.0,379.37,379.37,-33.13,-412.5,-0.413,gap widened (past the session band),sideways/normal
parity,BANKNIFTY,57000.0,2026-09-29,2026-07-22 09:47 IST,2026-07-23 14:55 IST,1,15,860265.0,1985.5,919.6,57351.0,1495.8,1200.0,0.01254,10787.8,0.00779,7052.79,386.32,7439.11,-393.06,-7832.17,-7.832,gap widened (past the session band),sideways/normal
parity,BANKNIFTY,57500.0,2026-09-29,2026-07-22 09:48 IST,2026-07-22 09:48 IST,1,15,860400.0,1687.25,1123.35,57360.0,1687.25,1123.35,0.01224,10532.85,0.00239,2158.92,381.94,2540.86,0.0,-2540.86,-2.541,gap widened (past the session band),sideways/normal
parity,BANKNIFTY,58000.0,2026-09-29,2026-07-22 09:50 IST,2026-07-22 09:50 IST,1,15,860820.0,1420.0,1304.9,57388.0,1420.0,1304.9,0.01254,10794.39,0.0,0.0,378.38,378.38,0.0,-378.38,-0.378,gap widened (past the session band),sideways/normal
parity,NIFTY,24600.0,2026-09-29,2026-07-22 09:50 IST,2026-07-22 09:50 IST,1,75,1802070.0,358.0,690.0,24027.6,358.0,690.0,0.00971,17505.75,0.0,0.0,722.17,722.17,0.0,-722.17,-0.722,gap widened (past the session band),sideways/normal
parity,BANKNIFTY,57500.0,2026-09-29,2026-07-22 09:51 IST,2026-07-22 09:51 IST,1,15,860829.0,1695.85,1100.0,57388.6,1695.85,1100.0,0.0123,10588.32,0.0,0.0,382.05,382.05,0.0,-382.05,-0.382,gap widened (past the session band),sideways/normal
parity,BANKNIFTY,56000.0,2026-09-29,2026-07-22 09:53 IST,2026-07-22 09:53 IST,1,15,861096.0,2685.15,617.4,57406.4,2685.15,617.4,0.01182,10177.91,0.0,0.0,400.45,400.45,0.0,-400.45,-0.4,gap widened (past the session band),sideways/normal
parity,BANKNIFTY,58000.0,2026-09-29,2026-07-22 09:55 IST,2026-07-22 09:55 IST,1,15,860370.0,1414.65,1319.55,57358.0,1414.65,1319.55,0.01271,10938.89,0.00186,1673.66,378.79,2052.45,0.0,-2052.45,-2.052,gap widened (past the session band),sideways/normal
parity,BANKNIFTY,58500.0,2026-09-29,2026-07-22 09:58 IST,2026-07-22 09:58 IST,1,15,860295.0,1150.0,1559.45,57353.0,1150.0,1559.45,0.01262,10853.13,0.00498,4491.15,378.67,4869.82,0.0,-4869.82,-4.87,gap widened (past the session band),sideways/normal
parity,BANKNIFTY,56000.0,2026-09-29,2026-07-22 09:59 IST,2026-07-22 09:59 IST,1,15,860994.0,2650.0,617.95,57399.6,2650.0,617.95,0.01132,9743.12,0.00461,4191.77,399.63,4591.4,0.0,-4591.4,-4.591,gap widened (past the session band),sideways/normal
parity,BANKNIFTY,58000.0,2026-09-29,2026-07-22 09:59 IST,2026-07-22 10:16 IST,1,15,860994.0,1395.0,1316.1,57399.6,1400.0,1307.2,0.01171,10079.49,0.00032,290.12,378.23,668.35,-856.86,-1525.21,-1.525,gap widened (past the session band),sideways/normal
parity,NIFTY,24600.0,2026-09-29,2026-07-22 10:22 IST,2026-07-22 10:22 IST,1,75,1801050.0,356.75,693.0,24014.0,356.75,693.0,0.0101,18194.51,0.0,0.0,723.69,723.69,0.0,-723.69,-0.724,gap widened (past the session band),sideways/normal
parity,BANKNIFTY,58500.0,2026-09-29,2026-07-22 10:26 IST,2026-07-22 10:26 IST,1,15,858900.0,1113.1,1595.45,57260.0,1113.1,1595.45,0.01297,11137.6,0.00342,3081.8,378.13,3459.93,0.0,-3459.93,-3.46,gap widened (past the session band),sideways/normal
parity,NIFTY,24100.0,2026-09-29,2026-07-22 10:26 IST,2026-07-22 10:26 IST,1,75,1797510.0,590.0,464.0,23966.8,590.0,464.0,0.01075,19317.94,0.0,0.0,726.17,726.17,0.0,-726.17,-0.726,gap widened (past the session band),sideways/normal
parity,BANKNIFTY,58000.0,2026-09-29,2026-07-22 10:27 IST,2026-07-22 10:27 IST,1,15,858963.0,1360.0,1335.45,57264.2,1360.0,1335.45,0.01312,11270.47,0.0,0.0,378.16,378.16,0.0,-378.16,-0.378,gap widened (past the session band),sideways/normal
parity,NIFTY,24700.0,2026-09-29,2026-07-22 10:27 IST,2026-07-22 10:27 IST,1,75,1798275.0,308.95,732.0,23977.0,308.95,732.0,0.01214,21834.03,0.0,0.0,721.22,721.22,0.0,-721.22,-0.721,gap widened (past the session band),sideways/normal
parity,NIFTY,23400.0,2026-09-29,2026-07-22 10:28 IST,2026-07-22 10:28 IST,1,75,1799175.0,1047.75,224.85,23989.0,1047.75,224.85,0.01005,18081.99,0.0,0.0,771.34,771.34,0.0,-771.34,-0.771,gap widened (past the session band),sideways/normal
parity,BANKNIFTY,56000.0,2026-09-29,2026-07-22 10:53 IST,2026-07-22 10:53 IST,1,15,859695.0,2626.2,638.0,57313.0,2626.2,638.0,0.01206,10368.52,0.00912,8285.79,399.32,8685.11,0.0,-8685.11,-8.685,gap widened (past the session band),sideways/normal
parity,BANKNIFTY,57500.0,2026-09-29,2026-07-22 10:56 IST,2026-07-22 10:56 IST,1,15,859809.0,1640.5,1135.15,57320.6,1640.5,1135.15,0.01191,10238.36,0.01034,9316.54,380.23,9696.77,0.0,-9696.77,-9.697,gap widened (past the session band),sideways/normal
parity,BANKNIFTY,58000.0,2026-09-29,2026-07-22 10:56 IST,2026-07-22 11:00 IST,1,15,859809.0,1372.65,1338.95,57320.6,1375.0,1322.45,0.0123,10572.02,0.0,0.0,377.8,377.8,-216.75,-594.55,-0.595,gap widened (past the session band),sideways/normal
parity,BANKNIFTY,58000.0,2026-09-29,2026-07-22 11:03 IST,2026-07-22 11:03 IST,1,15,859701.0,1370.0,1323.75,57313.4,1370.0,1323.75,0.01264,10867.0,0.0,0.0,377.99,377.99,0.0,-377.99,-0.378,gap widened (past the session band),sideways/normal
parity,NIFTY,24400.0,2026-09-29,2026-07-22 11:04 IST,2026-07-22 11:04 IST,1,75,1800488.0,444.95,590.05,24006.5,444.95,590.05,0.01015,18269.58,0.00061,1144.31,720.38,1864.69,0.0,-1864.69,-1.865,gap widened (past the session band),sideways/normal
parity,BANKNIFTY,58000.0,2026-09-29,2026-07-22 11:08 IST,2026-07-22 11:08 IST,1,15,859689.0,1375.0,1329.7,57312.6,1375.0,1329.7,0.01264,10864.55,0.00048,433.67,377.97,811.64,0.0,-811.64,-0.812,gap widened (past the session band),sideways/normal
parity,BANKNIFTY,58500.0,2026-09-29,2026-07-22 11:08 IST,2026-07-22 11:08 IST,1,15,859689.0,1131.7,1585.0,57312.6,1131.7,1585.0,0.01256,10793.96,0.0073,6575.21,379.01,6954.22,0.0,-6954.22,-6.954,gap widened (past the session band),sideways/normal
parity,BANKNIFTY,56000.0,2026-09-29,2026-07-22 11:10 IST,2026-07-22 11:10 IST,1,15,859650.0,2605.15,629.85,57310.0,2605.15,629.85,0.01189,10219.47,0.0003,269.61,399.38,668.99,0.0,-668.99,-0.669,gap widened (past the session band),sideways/normal
parity,BANKNIFTY,58000.0,2026-09-29,2026-07-22 11:12 IST,2026-07-22 11:14 IST,1,15,859926.0,1370.0,1338.75,57328.4,1369.95,1344.5,0.01212,10419.74,0.0,0.0,377.64,377.64,-339.1,-716.74,-0.717,gap widened (past the session band),sideways/normal
parity,BANKNIFTY,58000.0,2026-09-29,2026-07-22 11:22 IST,2026-07-22 11:22 IST,1,15,860550.0,1399.5,1304.1,57370.0,1399.5,1304.1,0.01251,10765.59,5e-05,47.38,377.49,424.87,0.0,-424.87,-0.425,gap widened (past the session band),sideways/normal
parity,BANKNIFTY,58000.0,2026-09-29,2026-07-22 11:43 IST,2026-07-22 11:43 IST,1,15,859950.0,1380.4,1314.45,57330.0,1380.4,1314.45,0.01269,10916.52,4e-05,35.5,377.68,413.18,0.0,-413.18,-0.413,gap widened (past the session band),sideways/normal
parity,BANKNIFTY,58500.0,2026-09-29,2026-07-22 11:54 IST,2026-07-22 11:54 IST,1,15,859125.0,1110.0,1610.0,57275.0,1110.0,1610.0,0.0124,10650.6,0.00125,1127.47,378.55,1506.02,0.0,-1506.02,-1.506,gap widened (past the session band),sideways/normal
parity,BANKNIFTY,58000.0,2026-09-29,2026-07-22 12:01 IST,2026-07-22 12:02 IST,1,15,858150.0,1311.05,1398.15,57210.0,1308.95,1392.2,0.01212,10398.78,0.00041,365.89,377.12,743.01,-294.82,-1037.83,-1.038,gap widened (past the session band),sideways/normal
parity,NIFTY,24200.0,2026-09-29,2026-07-22 12:02 IST,2026-07-22 12:40 IST,1,75,1798755.0,537.0,497.85,23983.4,544.0,521.0,0.01055,18982.83,0.0,0.0,721.24,721.24,-1441.5,-2162.74,-2.163,gap widened (past the session band),sideways/normal
parity,NIFTY,24800.0,2026-09-29,2026-07-22 12:03 IST,2026-07-22 12:03 IST,1,75,1798688.0,270.95,823.95,23982.5,270.95,823.95,0.01061,19088.72,0.00115,2160.56,731.97,2892.53,0.0,-2892.53,-2.893,gap widened (past the session band),sideways/normal
parity,BANKNIFTY,58000.0,2026-09-29,2026-07-22 12:07 IST,2026-07-22 12:15 IST,1,15,858030.0,1312.8,1400.0,57202.0,1305.85,1428.3,0.01226,10515.82,0.00998,8967.22,377.52,9344.74,-176.42,-9521.16,-9.521,gap widened (past the session band),sideways/normal
parity,NIFTY,24400.0,2026-09-29,2026-07-22 12:09 IST,2026-07-22 12:09 IST,1,75,1798538.0,432.0,594.0,23980.5,432.0,594.0,0.01052,18928.26,0.0,0.0,719.5,719.5,0.0,-719.5,-0.72,gap widened (past the session band),sideways/normal
parity,BANKNIFTY,58000.0,2026-09-29,2026-07-22 12:19 IST,2026-07-22 12:19 IST,1,15,856827.0,1290.0,1438.85,57121.8,1290.0,1438.85,0.01258,10779.36,0.00773,6942.06,377.39,7319.45,0.0,-7319.45,-7.319,gap widened (past the session band),sideways/normal
parity,BANKNIFTY,58500.0,2026-09-29,2026-07-22 12:19 IST,2026-07-22 12:36 IST,1,15,856827.0,1054.0,1710.0,57121.8,1036.15,1735.0,0.01235,10580.52,0.0,0.0,378.71,378.71,-65.39,-444.1,-0.444,gap widened (past the session band),sideways/normal
parity,NIFTY,24100.0,2026-09-29,2026-07-22 12:19 IST,2026-07-22 12:47 IST,1,75,1797150.0,580.35,469.95,23962.0,604.2,455.6,0.0103,18503.6,0.0,0.0,718.61,718.61,-820.43,-1539.04,-1.539,gap widened (past the session band),sideways/normal
parity,NIFTY,24600.0,2026-09-29,2026-07-22 12:19 IST,2026-07-22 12:19 IST,1,75,1797150.0,337.0,700.2,23962.0,337.0,700.2,0.01114,20025.63,0.00144,2710.66,721.54,3432.2,0.0,-3432.2,-3.432,gap widened (past the session band),sideways/normal
parity,BANKNIFTY,58000.0,2026-09-29,2026-07-22 12:21 IST,2026-07-22 12:21 IST,1,15,856815.0,1290.0,1432.05,57121.0,1290.0,1432.05,0.01271,10893.23,0.00028,249.66,377.83,627.49,0.0,-627.49,-0.627,gap widened (past the session band),sideways/normal
parity,BANKNIFTY,56000.0,2026-09-29,2026-07-22 12:35 IST,2026-07-22 12:35 IST,1,15,856215.0,2495.1,703.0,57081.0,2495.1,703.0,0.01269,10864.53,0.00868,7892.32,400.28,8292.6,0.0,-8292.6,-8.293,gap widened (past the session band),sideways/normal
parity,BANKNIFTY,58000.0,2026-09-29,2026-07-22 12:35 IST,2026-07-22 12:35 IST,1,15,856215.0,1274.0,1467.0,57081.0,1274.0,1467.0,0.01252,10721.65,0.00011,102.64,379.03,481.67,0.0,-481.67,-0.482,gap widened (past the session band),sideways/normal
parity,BANKNIFTY,59000.0,2026-09-29,2026-07-22 12:35 IST,2026-07-22 12:35 IST,1,15,856215.0,845.85,2019.95,57081.0,845.85,2019.95,0.01264,10821.96,0.0,0.0,385.72,385.72,0.0,-385.72,-0.386,gap widened (past the session band),sideways/normal
parity,BANKNIFTY,58000.0,2026-09-29,2026-07-22 12:40 IST,2026-07-22 12:40 IST,1,15,855975.0,1270.75,1450.15,57065.0,1270.75,1450.15,0.01304,11162.72,0.00098,880.24,378.65,1258.89,0.0,-1258.89,-1.259,gap widened (past the session band),sideways/normal
parity,NIFTY,24700.0,2026-09-29,2026-07-22 12:41 IST,2026-07-22 12:41 IST,1,75,1797135.0,301.1,780.15,23961.8,301.1,780.15,0.01044,18760.05,0.00012,219.62,729.99,949.61,0.0,-949.61,-0.95,gap widened (past the session band),sideways/normal
parity,BANKNIFTY,59000.0,2026-09-29,2026-07-22 12:45 IST,2026-07-22 12:45 IST,1,15,856800.0,866.0,1949.65,57120.0,866.0,1949.65,0.01354,11600.86,0.003,2697.85,381.63,3079.48,0.0,-3079.48,-3.079,gap widened (past the session band),sideways/normal
parity,BANKNIFTY,58000.0,2026-09-29,2026-07-22 12:48 IST,2026-07-22 14:12 IST,1,15,857967.0,1317.0,1403.95,57197.8,1266.0,1461.0,0.01233,10581.79,0.0,0.0,377.65,377.65,-462.64,-840.29,-0.84,gap widened (past the session band),sideways/normal
parity,NIFTY,24200.0,2026-09-29,2026-07-22 12:48 IST,2026-07-28 14:50 IST,1,75,1799257.0,538.05,496.6,23990.1,497.0,455.35,0.01037,18659.02,0.0,0.0,721.55,721.55,-1088.9,-1810.45,-1.81,gap widened (past the session band),sideways/normal
parity,NIFTY,24600.0,2026-09-29,2026-07-22 12:49 IST,2026-07-22 12:49 IST,1,75,1799475.0,348.0,700.0,23993.0,348.0,700.0,0.01032,18569.03,0.0,0.0,722.23,722.23,0.0,-722.23,-0.722,gap widened (past the session band),sideways/normal
parity,NIFTY,24800.0,2026-09-29,2026-07-22 12:49 IST,2026-07-22 12:49 IST,1,75,1799475.0,272.95,818.0,23993.0,272.95,818.0,0.01051,18907.09,0.00104,1950.37,734.76,2685.13,0.0,-2685.13,-2.685,gap widened (past the session band),sideways/normal
parity,NIFTY,24100.0,2026-09-29,2026-07-22 12:53 IST,2026-07-22 13:11 IST,1,75,1800000.0,592.0,450.4,24000.0,582.5,461.8,0.01002,18028.41,0.00016,304.47,723.4,1027.87,-1428.29,-2456.16,-2.456,gap widened (past the session band),sideways/normal
parity,NIFTY,24700.0,2026-09-29,2026-07-22 12:54 IST,2026-07-22 12:54 IST,1,75,1799993.0,310.0,761.45,23999.9,310.0,761.45,0.01,18007.47,0.0,0.0,725.98,725.98,0.0,-725.98,-0.726,gap widened (past the session band),sideways/normal
parity,NIFTY,24700.0,2026-09-29,2026-07-22 12:58 IST,2026-07-22 12:58 IST,1,75,1800000.0,308.05,753.25,24000.0,308.05,753.25,0.01026,18468.84,0.00176,3299.03,725.22,4024.25,0.0,-4024.25,-4.024,gap widened (past the session band),sideways/normal
parity,BANKNIFTY,58500.0,2026-09-29,2026-07-22 13:35 IST,2026-07-22 13:41 IST,1,15,857787.0,1080.0,1670.6,57185.8,1070.0,1717.45,0.01237,10613.24,0.0,0.02,379.03,379.05,-540.36,-919.41,-0.919,gap widened (past the session band),sideways/normal
parity,NIFTY,24400.0,2026-09-29,2026-07-22 13:35 IST,2026-07-22 13:35 IST,1,75,1799625.0,448.0,594.95,23995.0,448.0,594.95,0.01055,18982.79,0.0,0.0,720.95,720.95,0.0,-720.95,-0.721,gap widened (past the session band),sideways/normal
parity,NIFTY,24600.0,2026-09-29,2026-07-22 13:35 IST,2026-07-22 13:35 IST,1,75,1799625.0,351.0,706.0,23995.0,351.0,706.0,0.01011,18195.86,0.0041,7700.77,723.54,8424.31,0.0,-8424.31,-8.424,gap widened (past the session band),sideways/normal
parity,NIFTY,24700.0,2026-09-29,2026-07-22 13:40 IST,2026-07-22 13:40 IST,1,75,1798995.0,309.0,759.0,23986.6,309.0,759.0,0.01062,19101.6,0.00769,14450.46,728.05,15178.51,0.0,-15178.51,-15.179,gap widened (past the session band),sideways/normal
parity,NIFTY,24800.0,2026-09-29,2026-07-22 13:42 IST,2026-07-22 13:42 IST,1,75,1797750.0,268.0,838.65,23970.0,268.0,838.65,0.0104,18691.02,0.00025,468.51,730.44,1198.95,0.0,-1198.95,-1.199,gap widened (past the session band),sideways/normal
parity,BANKNIFTY,56000.0,2026-09-29,2026-07-22 13:52 IST,2026-07-22 13:52 IST,1,15,856698.0,2490.0,703.0,57113.2,2490.0,703.0,0.01204,10310.94,0.0,0.0,395.53,395.53,0.0,-395.53,-0.396,gap widened (past the session band),sideways/normal
parity,NIFTY,24100.0,2026-09-29,2026-07-22 14:03 IST,2026-07-22 14:12 IST,1,75,1797990.0,585.95,468.05,23973.2,585.0,464.0,0.01014,18236.42,0.0,0.0,725.11,725.11,-846.46,-1571.57,-1.572,gap widened (past the session band),sideways/normal
parity,NIFTY,24700.0,2026-09-29,2026-07-22 14:04 IST,2026-07-22 14:04 IST,1,75,1797218.0,302.0,768.05,23962.9,302.0,768.05,0.01094,19653.59,0.0,0.0,728.72,728.72,0.0,-728.72,-0.729,gap widened (past the session band),sideways/normal
parity,BANKNIFTY,58500.0,2026-09-29,2026-07-22 14:17 IST,2026-07-22 14:42 IST,1,15,857340.0,1044.4,1715.0,57156.0,1060.2,1690.0,0.01149,9854.8,0.00063,564.5,379.69,944.19,-1320.57,-2264.76,-2.265,gap widened (past the session band),sideways/normal
parity,BANKNIFTY,59000.0,2026-09-29,2026-07-22 14:40 IST,2026-07-22 14:40 IST,1,15,857118.0,865.0,2000.0,57141.2,865.0,2000.0,0.01227,10516.5,0.00976,8791.13,383.19,9174.32,0.0,-9174.32,-9.174,gap widened (past the session band),sideways/normal
parity,BANKNIFTY,59000.0,2026-09-29,2026-07-22 14:58 IST,2026-07-22 14:58 IST,1,15,856800.0,862.15,2023.6,57120.0,862.15,2023.6,0.01218,10433.86,0.0,0.0,382.39,382.39,0.0,-382.39,-0.382,gap widened (past the session band),sideways/normal
parity,BANKNIFTY,58000.0,2026-09-29,2026-07-22 15:11 IST,2026-07-22 15:12 IST,1,15,857697.0,1306.25,1431.55,57179.8,1337.1,1391.85,0.01198,10273.24,0.0,0.0,378.05,378.05,-485.07,-863.12,-0.863,gap widened (past the session band),sideways/normal
parity,NIFTY,24400.0,2026-09-29,2026-07-22 15:12 IST,2026-07-22 15:12 IST,1,75,1799265.0,439.95,597.95,23990.2,439.95,597.95,0.01029,18509.71,0.0,0.0,720.16,720.16,0.0,-720.16,-0.72,gap widened (past the session band),sideways/normal
parity,BANKNIFTY,58500.0,2026-09-29,2026-07-22 15:18 IST,2026-07-22 15:29 IST,1,15,858417.0,1099.0,1650.0,57227.8,1096.55,1683.25,0.01233,10584.94,0.0,0.0,379.32,379.32,-262.83,-642.15,-0.642,gap widened (past the session band),sideways/normal
parity,BANKNIFTY,59000.0,2026-09-29,2026-07-22 15:20 IST,2026-07-22 15:20 IST,1,15,858537.0,885.85,1940.0,57235.8,885.85,1940.0,0.01203,10327.56,0.0,0.0,381.41,381.41,0.0,-381.41,-0.381,gap widened (past the session band),sideways/normal
parity,NIFTY,24400.0,2026-09-29,2026-07-22 15:21 IST,2026-07-22 15:24 IST,1,75,1799265.0,432.0,602.1,23990.2,435.0,603.8,0.00978,17602.21,0.00245,4595.84,720.54,5316.38,-344.36,-5660.74,-5.661,gap widened (past the session band),sideways/normal
parity,BANKNIFTY,56500.0,2026-09-29,2026-07-22 15:23 IST,2026-07-22 15:23 IST,1,15,858300.0,2208.25,815.0,57220.0,2208.25,815.0,0.01192,10230.64,0.0,0.0,389.65,389.65,0.0,-389.65,-0.39,gap widened (past the session band),sideways/normal
parity,NIFTY,24400.0,2026-09-29,2026-07-22 15:26 IST,2026-07-22 15:26 IST,1,75,1798748.0,433.6,606.15,23983.3,433.6,606.15,0.00997,17929.52,0.00011,199.73,721.09,920.82,0.0,-920.82,-0.921,gap widened (past the session band),sideways/normal
parity,BANKNIFTY,58000.0,2026-09-29,2026-07-22 15:28 IST,2026-07-22 15:28 IST,1,15,857628.0,1298.95,1396.4,57175.2,1298.95,1396.4,0.01255,10759.17,0.00556,4991.73,376.58,5368.31,0.0,-5368.31,-5.368,gap widened (past the session band),sideways/normal
parity,NIFTY,24800.0,2026-09-29,2026-07-22 15:29 IST,2026-07-22 15:29 IST,1,75,1798650.0,270.0,821.5,23982.0,270.0,821.5,0.0107,19238.26,0.00086,1621.52,731.78,2353.3,0.0,-2353.3,-2.353,gap widened (past the session band),sideways/normal
parity,BANKNIFTY,56000.0,2026-09-29,2026-07-23 09:18 IST,2026-07-23 09:18 IST,1,15,852936.0,2321.0,745.0,56862.4,2321.0,745.0,0.01273,10859.73,0.0,0.0,397.34,397.34,0.0,-397.34,-0.397,gap widened (past the session band),bearish/normal
parity,BANKNIFTY,58000.0,2026-09-29,2026-07-23 09:19 IST,2026-07-23 09:21 IST,1,15,853800.0,1150.0,1517.75,56920.0,1200.0,1481.0,0.01228,10488.76,0.0,0.0,375.76,375.76,-400.6,-776.36,-0.776,gap widened (past the session band),bearish/normal
parity,BANKNIFTY,59000.0,2026-09-29,2026-07-23 09:19 IST,2026-07-23 09:19 IST,1,15,853800.0,760.45,2100.0,56920.0,760.45,2100.0,0.01257,10731.21,0.0,0.0,381.03,381.03,0.0,-381.03,-0.381,gap widened (past the session band),bearish/normal
parity,NIFTY,24400.0,2026-09-29,2026-07-23 09:19 IST,2026-07-23 09:19 IST,1,75,1794705.0,402.75,622.0,23929.4,402.75,622.0,0.01027,18426.39,0.0,0.0,720.82,720.82,0.0,-720.82,-0.721,gap widened (past the session band),bearish/normal
parity,BANKNIFTY,56000.0,2026-09-29,2026-07-23 09:23 IST,2026-07-23 09:23 IST,1,15,855450.0,2385.0,703.7,57030.0,2385.0,703.7,0.01164,9955.46,0.00138,1243.25,390.3,1633.55,0.0,-1633.55,-1.634,gap widened (past the session band),bearish/normal
parity,BANKNIFTY,58000.0,2026-09-29,2026-07-23 09:23 IST,2026-08-17 11:48 IST,1,15,855450.0,1211.0,1476.05,57030.0,740.95,1019.95,0.01216,10399.12,0.0009,801.68,375.23,1176.91,5073.19,3896.28,3.896,time exit (past the measured hold),bearish/normal
parity,BANKNIFTY,59000.0,2026-09-29,2026-07-23 09:23 IST,2026-07-23 09:23 IST,1,15,855450.0,808.55,2050.0,57030.0,808.55,2050.0,0.01236,10572.57,0.0,0.0,382.87,382.87,0.0,-382.87,-0.383,gap widened (past the session band),bearish/normal
parity,BANKNIFTY,58500.0,2026-09-29,2026-07-23 09:27 IST,2026-07-23 13:01 IST,1,15,854520.0,965.3,1794.3,56968.0,799.7,2090.0,0.01202,10268.4,0.00396,3546.08,378.56,3924.64,-328.14,-4252.78,-4.253,gap widened (past the session band),bearish/normal
parity,BANKNIFTY,59000.0,2026-09-29,2026-07-23 09:27 IST,2026-07-23 09:27 IST,1,15,854520.0,782.75,2110.0,56968.0,782.75,2110.0,0.01194,10204.38,7e-05,60.25,383.51,443.76,0.0,-443.76,-0.444,gap widened (past the session band),bearish/normal
parity,BANKNIFTY,56000.0,2026-09-29,2026-07-23 09:30 IST,2026-07-23 09:30 IST,1,15,853875.0,2329.9,742.95,56925.0,2329.9,742.95,0.01182,10096.26,0.00706,6364.39,391.4,6755.79,0.0,-6755.79,-6.756,gap widened (past the session band),bearish/normal
parity,NIFTY,24100.0,2026-09-29,2026-07-23 09:33 IST,2026-07-28 10:36 IST,1,75,1793618.0,540.4,496.2,23914.9,565.55,404.2,0.00949,17030.37,0.0,0.0,719.47,719.47,-2642.15,-3361.62,-3.362,gap widened (past the session band),bearish/normal
parity,BANKNIFTY,59000.0,2026-09-29,2026-07-23 09:34 IST,2026-07-23 09:34 IST,1,15,853002.0,735.0,2160.0,56866.8,735.0,2160.0,0.012,10237.84,0.0,0.0,383.36,383.36,0.0,-383.36,-0.383,gap widened (past the session band),bearish/normal
parity,BANKNIFTY,59000.0,2026-09-29,2026-07-23 09:36 IST,2026-07-23 09:38 IST,1,15,851775.0,710.7,2244.55,56785.0,721.0,2198.0,0.01153,9817.33,0.0,0.0,385.3,385.3,-402.77,-788.07,-0.788,gap widened (past the session band),bearish/normal
parity,BANKNIFTY,56000.0,2026-09-29,2026-07-23 09:37 IST,2026-07-23 09:37 IST,1,15,852000.0,2250.0,790.0,56800.0,2250.0,790.0,0.01179,10044.44,0.0,0.0,391.15,391.15,0.0,-391.15,-0.391,gap widened (past the session band),bearish/normal
parity,NIFTY,24600.0,2026-09-29,2026-07-23 09:55 IST,2026-07-23 09:55 IST,1,75,1795650.0,319.95,720.0,23942.0,319.95,720.0,0.01044,18752.25,0.0,0.0,724.41,724.41,0.0,-724.41,-0.724,gap widened (past the session band),bearish/normal
parity,NIFTY,24600.0,2026-09-29,2026-07-23 10:04 IST,2026-07-23 10:04 IST,1,75,1797690.0,325.9,722.0,23969.2,325.9,722.0,0.00947,17033.11,0.0,0.0,721.35,721.35,0.0,-721.35,-0.721,gap widened (past the session band),bearish/normal
parity,NIFTY,24700.0,2026-09-29,2026-07-23 10:07 IST,2026-07-23 10:07 IST,1,75,1796955.0,284.95,782.0,23959.4,284.95,782.0,0.00979,17597.65,0.0,0.0,726.07,726.07,0.0,-726.07,-0.726,gap widened (past the session band),bearish/normal
parity,NIFTY,24700.0,2026-09-29,2026-07-23 10:17 IST,2026-07-23 13:16 IST,1,75,1798493.0,289.2,775.0,23979.9,242.95,882.0,0.00941,16922.41,0.0,0.0,725.25,725.25,-847.11,-1572.36,-1.572,gap widened (past the session band),bearish/normal
parity,NIFTY,24800.0,2026-09-29,2026-07-23 10:26 IST,2026-07-23 10:26 IST,1,75,1797225.0,250.0,851.65,23963.0,250.0,851.65,0.0094,16895.65,0.00041,778.9,732.87,1511.77,0.0,-1511.77,-1.512,gap widened (past the session band),bearish/normal
parity,BANKNIFTY,57500.0,2026-09-29,2026-07-23 10:38 IST,2026-07-23 10:38 IST,1,15,854049.0,1418.15,1271.05,56936.6,1418.15,1271.05,0.01236,10555.76,0.0,0.0,373.91,373.91,0.0,-373.91,-0.374,gap widened (past the session band),bearish/normal
parity,BANKNIFTY,57500.0,2026-09-29,2026-07-23 10:41 IST,2026-07-23 10:41 IST,1,15,853935.0,1415.45,1272.9,56929.0,1415.45,1272.9,0.01241,10600.16,0.00037,331.57,375.79,707.36,0.0,-707.36,-0.707,gap widened (past the session band),bearish/normal
parity,BANKNIFTY,57500.0,2026-09-29,2026-07-23 10:48 IST,2026-07-23 10:48 IST,1,15,854184.0,1395.95,1300.25,56945.6,1395.95,1300.25,0.0113,9651.38,0.0001,91.63,375.42,467.05,0.0,-467.05,-0.467,gap widened (past the session band),bearish/normal
parity,NIFTY,24800.0,2026-09-29,2026-07-23 10:54 IST,2026-07-23 12:30 IST,1,75,1797848.0,249.0,843.45,23971.3,225.15,894.0,0.00936,16820.59,0.00282,5301.83,730.38,6032.21,-878.37,-6910.58,-6.911,gap widened (past the session band),bearish/normal
parity,BANKNIFTY,59000.0,2026-09-29,2026-07-23 11:11 IST,2026-07-23 11:11 IST,1,15,853950.0,750.0,2105.85,56930.0,750.0,2105.85,0.01211,10338.51,0.0,0.0,382.15,382.15,0.0,-382.15,-0.382,gap widened (past the session band),bearish/normal
parity,NIFTY,24400.0,2026-09-29,2026-07-23 11:12 IST,2026-07-23 14:52 IST,1,75,1798755.0,406.9,626.05,23983.4,356.5,686.15,0.00802,14432.64,0.00193,3621.02,716.48,4337.5,-3432.75,-7770.25,-7.77,gap widened (past the session band),bearish/normal
parity,BANKNIFTY,56000.0,2026-09-29,2026-07-23 11:15 IST,2026-07-23 11:15 IST,1,15,852810.0,2277.0,748.0,56854.0,2277.0,748.0,0.01205,10279.19,0.0,0.0,387.79,387.79,0.0,-387.79,-0.388,gap widened (past the session band),bearish/normal
parity,BANKNIFTY,56000.0,2026-09-29,2026-07-23 11:24 IST,2026-07-23 11:24 IST,1,15,852090.0,2200.25,765.85,56806.0,2200.25,765.85,0.01123,9571.52,0.0,0.0,387.67,387.67,0.0,-387.67,-0.388,gap widened (past the session band),bearish/normal
parity,BANKNIFTY,59000.0,2026-09-29,2026-07-23 11:53 IST,2026-07-23 11:53 IST,1,15,850725.0,675.25,2267.6,56715.0,675.25,2267.6,0.01173,9977.2,0.0,0.0,383.75,383.75,0.0,-383.75,-0.384,gap widened (past the session band),bearish/normal
parity,BANKNIFTY,56000.0,2026-09-29,2026-07-23 12:22 IST,2026-07-23 12:22 IST,1,15,850200.0,2160.0,815.1,56680.0,2160.0,815.1,0.01188,10096.27,0.0,0.0,385.57,385.57,0.0,-385.57,-0.386,gap widened (past the session band),bearish/normal
parity,NIFTY,24600.0,2026-09-29,2026-07-23 12:23 IST,2026-07-23 13:32 IST,1,75,1794000.0,305.3,758.0,23920.0,280.05,820.2,0.00916,16433.63,0.00155,2909.54,721.16,3630.7,-322.64,-3953.34,-3.953,gap widened (past the session band),bearish/normal
parity,BANKNIFTY,56000.0,2026-09-29,2026-07-23 12:27 IST,2026-07-23 12:27 IST,1,15,850047.0,2121.7,826.6,56669.8,2121.7,826.6,0.01118,9500.42,0.00022,192.97,384.59,577.56,0.0,-577.56,-0.578,gap widened (past the session band),bearish/normal
parity,BANKNIFTY,56000.0,2026-09-29,2026-07-23 12:31 IST,2026-07-23 12:31 IST,1,15,848550.0,2057.15,834.05,56570.0,2057.15,834.05,0.01167,9899.41,0.0,0.0,383.94,383.94,0.0,-383.94,-0.384,gap widened (past the session band),bearish/normal
parity,BANKNIFTY,59000.0,2026-09-29,2026-07-23 12:38 IST,2026-07-23 13:16 IST,1,15,848787.0,655.5,2391.55,56585.8,628.45,2437.8,0.01147,9736.36,0.0,0.0,386.63,386.63,-749.07,-1135.7,-1.136,gap widened (past the session band),bearish/normal
parity,BANKNIFTY,56000.0,2026-09-29,2026-07-23 12:46 IST,2026-07-23 12:46 IST,1,15,847293.0,2049.0,888.0,56486.2,2049.0,888.0,0.01205,10209.79,0.0,0.0,383.4,383.4,0.0,-383.4,-0.383,gap widened (past the session band),bearish/normal
parity,NIFTY,24800.0,2026-09-29,2026-07-23 12:47 IST,2026-07-23 13:17 IST,1,75,1789118.0,216.65,935.0,23854.9,214.3,938.35,0.00903,16153.04,0.0,0.0,738.11,738.11,-2357.87,-3095.98,-3.096,gap widened (past the session band),bearish/normal
parity,NIFTY,23000.0,2026-09-29,2026-07-23 12:52 IST,2026-07-28 15:12 IST,1,75,1787625.0,1210.05,177.75,23835.0,1320.0,123.3,0.0087,15551.29,0.00023,437.65,767.98,1205.63,-2766.01,-3971.64,-3.972,time exit (past the measured hold),bearish/normal
parity,BANKNIFTY,56000.0,2026-09-29,2026-07-23 13:01 IST,2026-07-23 13:01 IST,1,15,847275.0,2050.0,904.1,56485.0,2050.0,904.1,0.0118,10001.07,0.00112,998.82,383.39,1382.21,0.0,-1382.21,-1.382,gap widened (past the session band),bearish/normal
parity,BANKNIFTY,56500.0,2026-09-29,2026-07-23 13:18 IST,2026-07-23 13:18 IST,1,15,847422.0,1770.45,1089.75,56494.8,1770.45,1089.75,0.01214,10287.55,0.0,0.0,377.43,377.43,0.0,-377.43,-0.377,gap widened (past the session band),bearish/normal
parity,NIFTY,24700.0,2026-09-29,2026-07-23 13:26 IST,2026-07-24 15:26 IST,1,75,1787775.0,247.95,878.0,23837.0,236.85,880.0,0.00934,16692.18,0.0,0.0,735.27,735.27,-742.8,-1478.07,-1.478,gap widened (past the session band),bearish/normal
parity,BANKNIFTY,56000.0,2026-09-29,2026-07-23 13:30 IST,2026-07-23 13:30 IST,1,15,847650.0,2059.7,892.6,56510.0,2059.7,892.6,0.01174,9948.58,0.00031,272.67,384.21,656.88,0.0,-656.88,-0.657,gap widened (past the session band),bearish/normal
parity,BANKNIFTY,56500.0,2026-09-29,2026-07-23 13:43 IST,2026-07-23 13:43 IST,1,15,848115.0,1794.05,1070.0,56541.0,1794.05,1070.0,0.01209,10253.15,0.0,0.0,380.72,380.72,0.0,-380.72,-0.381,gap widened (past the session band),bearish/normal
parity,NIFTY,24800.0,2026-09-29,2026-07-23 13:43 IST,2026-07-23 14:37 IST,1,75,1788420.0,217.0,945.85,23845.6,226.15,925.2,0.00898,16054.7,0.00366,6858.82,738.66,7597.48,-865.97,-8463.45,-8.463,gap widened (past the session band),bearish/normal
parity,BANKNIFTY,56000.0,2026-09-29,2026-07-23 14:11 IST,2026-07-23 14:11 IST,1,15,848649.0,2102.0,866.0,56576.6,2102.0,866.0,0.01178,9995.08,0.00077,685.85,384.72,1070.57,0.0,-1070.57,-1.071,gap widened (past the session band),bearish/normal
parity,BANKNIFTY,56500.0,2026-09-29,2026-07-23 14:22 IST,2026-07-23 14:22 IST,1,15,849720.0,1825.6,1015.0,56648.0,1825.6,1015.0,0.01173,9965.72,0.0,0.0,379.56,379.56,0.0,-379.56,-0.38,gap widened (past the session band),bearish/normal
parity,BANKNIFTY,56000.0,2026-09-29,2026-07-23 14:33 IST,2026-07-23 14:33 IST,1,15,850410.0,2161.9,824.0,56694.0,2161.9,824.0,0.0115,9783.8,0.00342,3054.51,385.57,3440.08,0.0,-3440.08,-3.44,gap widened (past the session band),bearish/normal
parity,NIFTY,23200.0,2026-09-29,2026-07-23 14:33 IST,2026-07-24 11:44 IST,1,75,1791330.0,1085.8,213.95,23884.4,988.45,270.7,0.00819,14676.56,0.0,0.0,754.16,754.16,-1732.51,-2486.67,-2.487,gap widened (past the session band),bearish/normal
parity,BANKNIFTY,57500.0,2026-09-29,2026-07-23 14:40 IST,2026-07-23 14:40 IST,1,15,848700.0,1240.2,1485.35,56580.0,1240.2,1485.35,0.01173,9956.65,0.0,0.0,374.57,374.57,0.0,-374.57,-0.375,gap widened (past the session band),bearish/normal
parity,NIFTY,23400.0,2026-09-29,2026-07-23 14:42 IST,2026-07-28 15:16 IST,1,75,1787977.0,923.9,282.25,23839.7,1033.0,194.0,0.00869,15543.25,0.0,0.0,745.19,745.19,-4258.0,-5003.19,-5.003,gap widened (past the session band),bearish/normal
parity,NIFTY,24800.0,2026-09-29,2026-07-23 14:58 IST,2026-07-23 14:58 IST,1,75,1787543.0,218.8,948.0,23833.9,218.8,948.0,0.00945,16895.33,0.0,0.0,739.0,739.0,0.0,-739.0,-0.739,gap widened (past the session band),bearish/normal
parity,NIFTY,24600.0,2026-09-29,2026-07-23 15:00 IST,2026-07-24 10:59 IST,1,75,1788218.0,288.0,822.1,23842.9,237.75,904.0,0.00897,16041.51,0.0,0.0,731.46,731.46,-4047.47,-4778.93,-4.779,gap widened (past the session band),bearish/normal
parity,NIFTY,24900.0,2026-09-29,2026-07-23 15:00 IST,2026-07-23 15:00 IST,1,75,1788218.0,195.0,990.4,23842.9,195.0,990.4,0.01044,18673.18,0.0,0.0,733.07,733.07,0.0,-733.07,-0.733,gap widened (past the session band),bearish/normal
parity,BANKNIFTY,58500.0,2026-09-29,2026-07-23 15:02 IST,2026-07-24 12:03 IST,1,15,850524.0,844.0,1991.0,56701.6,766.3,2133.95,0.01111,9446.28,0.0,0.0,381.17,381.17,-1179.85,-1561.02,-1.561,gap widened (past the session band),bearish/normal
parity,BANKNIFTY,57000.0,2026-09-29,2026-07-23 15:07 IST,2026-08-18 13:09 IST,1,15,850350.0,1530.8,1208.7,56690.0,1353.05,557.3,0.01108,9425.53,0.0,0.0,376.47,376.47,3941.84,3565.37,3.565,time exit (past the measured hold),bearish/normal
parity,BANKNIFTY,59000.0,2026-09-29,2026-07-23 15:26 IST,2026-07-23 15:26 IST,1,15,849999.0,659.55,2284.85,56666.6,659.55,2284.85,0.012,10200.18,0.0,0.0,385.32,385.32,0.0,-385.32,-0.385,gap widened (past the session band),bearish/normal
parity,NIFTY,24400.0,2026-09-29,2026-07-23 15:28 IST,2026-07-24 11:56 IST,1,75,1791382.0,374.15,667.2,23885.1,313.95,717.15,0.00903,16173.96,0.0,0.0,717.94,717.94,-3517.79,-4235.73,-4.236,gap widened (past the session band),bearish/normal
parity,BANKNIFTY,56000.0,2026-09-29,2026-07-24 09:17 IST,2026-07-24 09:17 IST,1,15,845385.0,1949.95,938.0,56359.0,1949.95,938.0,0.01166,9858.12,0.0,0.0,379.56,379.56,0.0,-379.56,-0.38,gap widened (past the session band),bearish/normal
parity,BANKNIFTY,56000.0,2026-09-29,2026-07-24 09:19 IST,2026-07-24 09:19 IST,1,15,846120.0,1979.55,941.25,56408.0,1979.55,941.25,0.01126,9527.09,0.0,0.0,381.82,381.82,0.0,-381.82,-0.382,gap widened (past the session band),bearish/normal
parity,BANKNIFTY,59000.0,2026-09-29,2026-07-24 09:21 IST,2026-07-24 09:21 IST,1,15,845715.0,590.05,2490.0,56381.0,590.05,2490.0,0.0122,10319.81,0.00185,1647.35,388.87,2036.22,0.0,-2036.22,-2.036,gap widened (past the session band),bearish/normal
parity,BANKNIFTY,56000.0,2026-09-29,2026-07-24 09:24 IST,2026-07-24 09:24 IST,1,15,845145.0,1960.0,971.3,56343.0,1960.0,971.3,0.01153,9746.52,0.00041,366.17,380.98,747.15,0.0,-747.15,-0.747,gap widened (past the session band),bearish/normal
parity,BANKNIFTY,59000.0,2026-09-29,2026-07-24 09:24 IST,2026-07-24 09:45 IST,1,15,845145.0,575.45,2565.0,56343.0,562.2,2600.0,0.01129,9539.05,0.0,0.0,388.67,388.67,-972.23,-1360.9,-1.361,gap widened (past the session band),bearish/normal
parity,NIFTY,23300.0,2026-09-29,2026-07-24 09:24 IST,2026-07-24 12:21 IST,1,75,1780725.0,920.3,287.65,23743.0,973.5,288.25,0.00821,14617.82,0.0,0.0,749.36,749.36,-4574.35,-5323.71,-5.324,gap widened (past the session band),bearish/normal
parity,NIFTY,24800.0,2026-09-29,2026-07-24 09:25 IST,2026-07-27 10:41 IST,1,75,1779375.0,196.25,1040.0,23725.0,223.0,821.0,0.00921,16387.49,0.00012,231.91,747.37,979.28,-3476.36,-4455.64,-4.456,gap widened (past the session band),bearish/normal
parity,BANKNIFTY,56500.0,2026-09-29,2026-07-24 09:26 IST,2026-07-24 09:26 IST,1,15,844746.0,1625.0,1169.05,56316.4,1625.0,1169.05,0.01132,9560.61,0.0,0.0,378.07,378.07,0.0,-378.07,-0.378,gap widened (past the session band),bearish/normal
parity,NIFTY,23100.0,2026-09-29,2026-07-24 09:30 IST,2026-07-24 09:30 IST,1,75,1779225.0,1100.45,239.35,23723.0,1100.45,239.35,0.01035,18411.68,0.0,0.0,792.36,792.36,0.0,-792.36,-0.792,gap widened (past the session band),bearish/normal
parity,BANKNIFTY,56000.0,2026-09-29,2026-07-24 09:36 IST,2026-07-24 09:36 IST,1,15,843765.0,1879.85,999.9,56251.0,1879.85,999.9,0.01123,9478.9,0.00206,1828.98,380.86,2209.84,0.0,-2209.84,-2.21,gap widened (past the session band),bearish/normal
parity,BANKNIFTY,56000.0,2026-09-29,2026-07-24 09:44 IST,2026-07-24 09:44 IST,1,15,843000.0,1877.0,1008.85,56200.0,1877.0,1008.85,0.01193,10057.83,0.0,0.0,380.53,380.53,0.0,-380.53,-0.381,gap widened (past the session band),bearish/normal
parity,BANKNIFTY,56500.0,2026-09-29,2026-07-24 09:49 IST,2026-07-24 09:49 IST,1,15,842400.0,1565.0,1221.55,56160.0,1565.0,1221.55,0.0121,10191.26,0.0,0.0,377.35,377.35,0.0,-377.35,-0.377,gap widened (past the session band),bearish/normal
parity,BANKNIFTY,56000.0,2026-09-29,2026-07-24 09:50 IST,2026-07-24 09:50 IST,1,15,842601.0,1861.0,1030.0,56173.4,1861.0,1030.0,0.01174,9894.87,0.0,0.0,380.36,380.36,0.0,-380.36,-0.38,gap widened (past the session band),bearish/normal
parity,BANKNIFTY,56000.0,2026-09-29,2026-07-24 09:53 IST,2026-07-24 09:53 IST,1,15,842991.0,1858.0,1021.85,56199.4,1858.0,1021.85,0.01137,9586.75,0.00725,6430.09,380.44,6810.53,0.0,-6810.53,-6.811,gap widened (past the session band),bearish/normal
parity,BANKNIFTY,56000.0,2026-09-29,2026-07-24 09:59 IST,2026-07-24 09:59 IST,1,15,843000.0,1863.05,1020.0,56200.0,1863.05,1020.0,0.01148,9681.33,0.00653,5800.77,382.24,6183.01,0.0,-6183.01,-6.183,gap widened (past the session band),bearish/normal
parity,BANKNIFTY,56000.0,2026-09-29,2026-07-24 10:02 IST,2026-07-24 10:02 IST,1,15,842904.0,1859.55,1040.0,56193.6,1859.55,1040.0,0.01118,9423.67,0.00053,472.21,380.55,852.76,0.0,-852.76,-0.853,gap widened (past the session band),bearish/normal
parity,BANKNIFTY,56000.0,2026-09-29,2026-07-24 10:13 IST,2026-07-24 10:13 IST,1,15,842706.0,1879.5,1040.0,56180.4,1879.5,1040.0,0.01177,9918.62,0.00553,4901.2,380.31,5281.51,0.0,-5281.51,-5.282,gap widened (past the session band),bearish/normal
parity,BANKNIFTY,56000.0,2026-09-29,2026-07-24 10:33 IST,2026-07-24 10:38 IST,1,15,843975.0,1904.0,1035.05,56265.0,1943.85,1027.35,0.01079,9106.4,0.00044,392.05,381.79,773.84,-788.24,-1562.08,-1.562,gap widened (past the session band),bearish/normal
parity,BANKNIFTY,56000.0,2026-09-29,2026-07-24 11:01 IST,2026-07-24 11:01 IST,1,15,843120.0,1887.6,1040.0,56208.0,1887.6,1040.0,0.01142,9631.0,7e-05,61.35,381.9,443.25,0.0,-443.25,-0.443,gap widened (past the session band),bearish/normal
parity,NIFTY,23800.0,2026-09-29,2026-07-24 11:27 IST,2026-07-28 15:00 IST,1,75,1776750.0,588.6,492.2,23690.0,749.9,307.65,0.00866,15382.15,0.0,0.0,723.07,723.07,-5977.3,-6700.37,-6.7,gap widened (past the session band),bearish/normal
parity,BANKNIFTY,56000.0,2026-09-29,2026-07-24 11:45 IST,2026-07-24 11:45 IST,1,15,844650.0,1966.8,972.4,56310.0,1966.8,972.4,0.01222,10321.15,0.0,0.0,382.76,382.76,0.0,-382.76,-0.383,gap widened (past the session band),bearish/normal
parity,BANKNIFTY,56000.0,2026-09-29,2026-07-24 11:57 IST,2026-07-24 11:57 IST,1,15,845532.0,1960.0,970.0,56368.8,1960.0,970.0,0.0111,9383.6,0.00047,413.78,382.47,796.25,0.0,-796.25,-0.796,gap widened (past the session band),bearish/normal
parity,NIFTY,23600.0,2026-09-29,2026-07-24 11:59 IST,2026-07-28 15:00 IST,1,75,1779000.0,719.0,398.15,23720.0,878.0,243.65,0.00853,15170.5,0.00035,644.8,729.06,1373.86,-5795.04,-7168.9,-7.169,gap widened (past the session band),bearish/normal
parity,BANKNIFTY,58500.0,2026-09-29,2026-07-24 12:05 IST,2026-07-27 09:27 IST,1,15,847260.0,780.5,2138.9,56484.0,1020.0,1509.85,0.01122,9505.34,0.0087,7750.39,382.61,8133.0,-1066.49,-9199.49,-9.199,gap widened (past the session band),bearish/normal
parity,BANKNIFTY,56500.0,2026-09-29,2026-07-24 12:11 IST,2026-07-24 12:11 IST,1,15,846450.0,1684.85,1148.45,56430.0,1684.85,1148.45,0.01073,9083.55,0.00074,657.46,379.08,1036.54,0.0,-1036.54,-1.037,gap widened (past the session band),bearish/normal
parity,BANKNIFTY,56500.0,2026-09-29,2026-07-24 12:13 IST,2026-07-24 12:13 IST,1,15,845880.0,1668.15,1162.6,56392.0,1668.15,1162.6,0.01086,9184.04,0.00036,320.09,378.9,698.99,0.0,-698.99,-0.699,gap widened (past the session band),bearish/normal
parity,BANKNIFTY,56500.0,2026-09-29,2026-07-24 12:15 IST,2026-07-24 12:15 IST,1,15,846390.0,1689.65,1145.8,56426.0,1689.65,1145.8,0.01093,9254.58,0.0,0.0,378.97,378.97,0.0,-378.97,-0.379,gap widened (past the session band),bearish/normal
parity,BANKNIFTY,56500.0,2026-09-29,2026-07-24 12:22 IST,2026-07-24 12:22 IST,1,15,846675.0,1704.9,1131.75,56445.0,1704.9,1131.75,0.01112,9412.47,0.00375,3332.43,378.71,3711.14,0.0,-3711.14,-3.711,gap widened (past the session band),bearish/normal
parity,BANKNIFTY,56000.0,2026-09-29,2026-07-24 12:25 IST,2026-07-24 12:25 IST,1,15,848532.0,2100.0,889.65,56568.8,2100.0,889.65,0.01146,9724.43,0.00149,1324.84,387.25,1712.09,0.0,-1712.09,-1.712,gap widened (past the session band),bearish/normal
parity,BANKNIFTY,56500.0,2026-09-29,2026-07-24 12:28 IST,2026-07-24 12:34 IST,1,15,852750.0,1900.0,999.0,56850.0,1829.05,1008.6,0.00977,8327.27,0.0,0.0,380.71,380.71,-691.32,-1072.03,-1.072,gap widened (past the session band),bearish/normal
parity,BANKNIFTY,57500.0,2026-09-29,2026-07-24 12:29 IST,2026-07-24 12:29 IST,1,15,851883.0,1373.2,1398.6,56792.2,1373.2,1398.6,0.01187,10110.09,0.0,0.0,377.33,377.33,0.0,-377.33,-0.377,gap widened (past the session band),bearish/normal
parity,NIFTY,23300.0,2026-09-29,2026-07-24 12:30 IST,2026-07-28 14:39 IST,1,75,1786125.0,980.0,262.35,23815.0,1103.0,169.05,0.00877,15656.87,0.00225,4228.66,750.33,4978.99,-3146.05,-8125.04,-8.125,gap widened (past the session band),bearish/normal
parity,NIFTY,23100.0,2026-09-29,2026-07-24 12:31 IST,2026-08-21 14:44 IST,1,75,1786875.0,1106.75,213.2,23825.0,1322.25,34.75,0.00744,13286.17,0.00073,1368.83,761.64,2130.47,5177.52,3047.05,3.047,time exit (past the measured hold),bearish/normal
parity,NIFTY,24400.0,2026-09-29,2026-07-24 12:34 IST,2026-07-28 10:22 IST,1,75,1785000.0,338.0,728.95,23800.0,392.0,560.0,0.00848,15145.02,0.0,0.0,721.93,721.93,-2855.35,-3577.28,-3.577,gap widened (past the session band),bearish/normal
parity,BANKNIFTY,56500.0,2026-09-29,2026-07-24 12:36 IST,2026-07-24 12:37 IST,1,15,851217.0,1834.65,1036.15,56747.8,1834.65,1029.85,0.00976,8304.57,0.00615,5496.0,380.82,5876.82,-654.79,-6531.61,-6.532,gap widened (past the session band),bearish/normal
parity,NIFTY,23700.0,2026-09-29,2026-07-24 12:41 IST,2026-07-28 15:22 IST,1,75,1785788.0,712.0,390.0,23810.5,816.0,262.85,0.00894,15960.79,0.0,0.0,725.96,725.96,-3816.58,-4542.54,-4.543,gap widened (past the session band),bearish/normal
parity,BANKNIFTY,59000.0,2026-09-29,2026-07-24 12:45 IST,2026-07-24 15:10 IST,1,15,852450.0,687.25,2214.4,56830.0,711.15,2192.45,0.01086,9256.69,0.0,0.0,388.88,388.88,-1137.9,-1526.78,-1.527,gap widened (past the session band),bearish/normal
parity,BANKNIFTY,56500.0,2026-09-29,2026-07-24 12:53 IST,2026-07-24 12:53 IST,1,15,852300.0,1897.55,980.15,56820.0,1897.55,980.15,0.01058,9017.93,0.0,0.0,382.39,382.39,0.0,-382.39,-0.382,gap widened (past the session band),bearish/normal
parity,BANKNIFTY,56500.0,2026-09-29,2026-07-24 12:56 IST,2026-07-24 12:56 IST,1,15,853080.0,1937.8,978.2,56872.0,1937.8,978.2,0.01041,8880.18,0.00078,697.3,384.01,1081.31,0.0,-1081.31,-1.081,gap widened (past the session band),bearish/normal
parity,BANKNIFTY,56500.0,2026-09-29,2026-07-24 13:00 IST,2026-07-24 13:00 IST,1,15,852630.0,1904.25,976.1,56842.0,1904.25,976.1,0.01038,8853.1,0.0,0.0,382.53,382.53,0.0,-382.53,-0.383,gap widened (past the session band),bearish/normal
parity,BANKNIFTY,56500.0,2026-09-29,2026-07-24 13:27 IST,2026-07-24 13:41 IST,1,15,852987.0,1861.6,972.4,56865.8,1837.4,1030.6,0.00928,7916.07,0.00023,203.89,382.5,586.39,-1323.38,-1909.77,-1.91,gap widened (past the session band),bearish/normal
parity,NIFTY,24600.0,2026-09-29,2026-07-24 13:35 IST,2026-07-24 13:40 IST,1,75,1783395.0,263.15,858.2,23778.6,263.15,818.0,0.00911,16245.6,0.00197,3676.42,727.92,4404.34,-2251.05,-6655.39,-6.655,gap widened (past the session band),bearish/normal
parity,BANKNIFTY,57500.0,2026-09-29,2026-07-24 13:41 IST,2026-07-24 13:41 IST,1,15,850425.0,1281.55,1467.9,56695.0,1281.55,1467.9,0.01074,9136.53,1e-05,4.71,377.21,381.92,0.0,-381.92,-0.382,gap widened (past the session band),bearish/normal
parity,BANKNIFTY,56000.0,2026-09-29,2026-07-24 14:05 IST,2026-07-24 14:50 IST,1,15,853614.0,2273.6,795.0,56907.6,2250.0,786.0,0.01022,8726.45,0.0,0.0,385.31,385.31,-1139.61,-1524.92,-1.525,gap widened (past the session band),bearish/normal
parity,BANKNIFTY,56500.0,2026-09-29,2026-07-24 14:08 IST,2026-07-24 14:08 IST,1,15,853050.0,1931.4,964.9,56870.0,1931.4,964.9,0.01057,9013.33,0.0044,3943.06,382.84,4325.9,0.0,-4325.9,-4.326,gap widened (past the session band),bearish/normal
parity,BANKNIFTY,56500.0,2026-09-29,2026-07-24 14:12 IST,2026-07-24 14:12 IST,1,15,853140.0,1940.0,966.45,56876.0,1940.0,966.45,0.01058,9030.14,1e-05,12.54,383.18,395.72,0.0,-395.72,-0.396,gap widened (past the session band),bearish/normal
parity,BANKNIFTY,56500.0,2026-09-29,2026-07-24 14:57 IST,2026-07-24 14:57 IST,1,15,853155.0,1919.95,963.45,56877.0,1919.95,963.45,0.01027,8759.57,0.0,0.0,382.5,382.5,0.0,-382.5,-0.382,gap widened (past the session band),bearish/normal
parity,BANKNIFTY,56500.0,2026-09-29,2026-07-24 15:01 IST,2026-07-24 15:01 IST,1,15,852039.0,1893.65,988.9,56802.6,1893.65,988.9,0.01066,9086.06,0.00196,1756.65,382.91,2139.56,0.0,-2139.56,-2.14,gap widened (past the session band),bearish/normal
parity,BANKNIFTY,56500.0,2026-09-29,2026-07-24 15:04 IST,2026-07-24 15:08 IST,1,15,852525.0,1888.15,995.4,56835.0,1917.6,997.0,0.00988,8425.85,0.00025,220.56,382.48,603.04,-777.37,-1380.41,-1.38,gap widened (past the session band),bearish/normal
parity,BANKNIFTY,56500.0,2026-09-29,2026-07-24 15:21 IST,2026-07-24 15:21 IST,1,15,853080.0,1934.3,972.35,56872.0,1934.3,972.35,0.01045,8915.43,0.0,0.0,383.2,383.2,0.0,-383.2,-0.383,gap widened (past the session band),bearish/normal
parity,BANKNIFTY,56000.0,2026-09-29,2026-07-24 15:26 IST,2026-07-27 09:17 IST,1,15,853005.0,2267.85,800.0,56867.0,2577.6,610.05,0.01075,9167.0,0.00031,279.07,389.59,668.66,-275.53,-944.19,-0.944,gap widened (past the session band),bearish/normal
parity,NIFTY,24700.0,2026-09-29,2026-07-27 09:19 IST,2026-07-27 13:50 IST,1,75,1795125.0,254.05,799.5,23935.0,255.9,727.0,0.00881,15816.04,5e-05,84.79,723.48,808.27,-3252.9,-4061.17,-4.061,gap widened (past the session band),sideways/calm
parity,NIFTY,24600.0,2026-09-29,2026-07-27 09:20 IST,2026-07-27 14:05 IST,1,75,1796362.0,292.1,732.0,23951.5,299.45,656.65,0.0084,15093.81,0.0,0.0,717.34,717.34,-2846.96,-3564.3,-3.564,gap widened (past the session band),sideways/calm
parity,BANKNIFTY,56000.0,2026-09-29,2026-07-27 09:21 IST,2026-07-27 09:21 IST,1,15,860100.0,2564.05,590.05,57340.0,2564.05,590.05,0.01132,9737.79,0.00016,147.29,393.72,541.01,0.0,-541.01,-0.541,gap widened (past the session band),sideways/calm
parity,BANKNIFTY,56500.0,2026-09-29,2026-07-27 09:28 IST,2026-07-27 09:28 IST,1,15,859434.0,2162.1,751.75,57295.6,2162.1,751.75,0.01089,9356.47,0.00057,516.15,384.94,901.09,0.0,-901.09,-0.901,gap widened (past the session band),sideways/calm
parity,BANKNIFTY,59000.0,2026-09-29,2026-07-27 09:46 IST,2026-07-27 13:55 IST,1,15,858903.0,791.0,1893.1,57260.2,744.45,1979.15,0.01079,9269.77,0.00904,8124.67,375.97,8500.64,-910.49,-9411.13,-9.411,gap widened (past the session band),sideways/calm
parity,BANKNIFTY,58500.0,2026-09-29,2026-07-27 09:48 IST,2026-07-28 09:52 IST,1,15,859275.0,1015.0,1622.95,57285.0,845.2,1782.3,0.01036,8899.21,0.00046,417.85,374.17,792.02,-1900.59,-2692.61,-2.693,gap widened (past the session band),sideways/calm
parity,BANKNIFTY,56000.0,2026-09-29,2026-07-27 09:51 IST,2026-07-27 13:59 IST,1,15,858678.0,2451.9,632.0,57245.2,2366.75,662.35,0.01029,8832.18,0.00152,1377.31,393.49,1770.8,-745.05,-2515.85,-2.516,gap widened (past the session band),sideways/calm
parity,BANKNIFTY,56500.0,2026-09-29,2026-07-27 09:58 IST,2026-07-27 09:58 IST,1,15,857400.0,2043.65,797.0,57160.0,2043.65,797.0,0.01039,8911.94,0.0,0.0,383.08,383.08,0.0,-383.08,-0.383,gap widened (past the session band),sideways/calm
parity,BANKNIFTY,57500.0,2026-09-29,2026-07-27 10:23 IST,2026-07-27 10:23 IST,1,15,856980.0,1434.0,1190.0,57132.0,1434.0,1190.0,0.01064,9117.44,0.00402,3605.7,373.64,3979.34,0.0,-3979.34,-3.979,gap widened (past the session band),sideways/calm
parity,BANKNIFTY,57500.0,2026-09-29,2026-07-27 10:54 IST,2026-07-27 10:54 IST,1,15,857031.0,1460.2,1151.25,57135.4,1460.2,1151.25,0.01172,10041.29,0.00175,1569.63,372.58,1942.21,0.0,-1942.21,-1.942,gap widened (past the session band),sideways/calm
parity,BANKNIFTY,56500.0,2026-09-29,2026-07-27 11:59 IST,2026-07-27 11:59 IST,1,15,856002.0,1987.85,838.5,57066.8,1987.85,838.5,0.01032,8834.59,0.0,0.0,381.83,381.83,0.0,-381.83,-0.382,gap widened (past the session band),sideways/calm
parity,BANKNIFTY,56500.0,2026-09-29,2026-07-27 13:00 IST,2026-07-27 13:00 IST,1,15,856428.0,2034.95,811.7,57095.2,2034.95,811.7,0.01112,9521.94,0.00215,1937.07,382.03,2319.1,0.0,-2319.1,-2.319,gap widened (past the session band),sideways/calm
parity,NIFTY,24000.0,2026-09-29,2026-07-27 13:16 IST,2026-08-19 13:03 IST,1,75,1799370.0,592.8,401.05,23991.6,478.0,226.9,0.00834,15004.14,0.0,0.0,713.13,713.13,5144.02,4430.89,4.431,time exit (past the measured hold),sideways/calm
parity,NIFTY,23500.0,2026-09-29,2026-07-27 14:03 IST,2026-08-14 15:05 IST,1,75,1800607.0,922.6,234.15,24008.1,1154.05,73.1,0.00775,13958.13,0.00243,4579.28,742.53,5321.81,3963.97,-1357.84,-1.358,time exit (past the measured hold),sideways/calm
parity,NIFTY,24800.0,2026-09-29,2026-07-27 14:24 IST,2026-07-27 15:00 IST,1,75,1800893.0,230.0,798.0,24011.9,232.95,781.95,0.00879,15837.63,0.0,0.0,719.05,719.05,-1642.17,-2361.22,-2.361,gap widened (past the session band),sideways/calm
parity,BANKNIFTY,57500.0,2026-09-29,2026-07-27 14:26 IST,2026-07-27 14:26 IST,1,15,858000.0,1464.0,1135.9,57200.0,1464.0,1135.9,0.01092,9370.5,0.0,0.0,372.49,372.49,0.0,-372.49,-0.372,gap widened (past the session band),sideways/calm
parity,BANKNIFTY,59000.0,2026-09-29,2026-07-27 14:51 IST,2026-07-28 09:51 IST,1,15,857835.0,760.0,1923.25,57189.0,667.1,2103.05,0.01097,9408.4,0.0,0.0,375.81,375.81,-859.27,-1235.08,-1.235,gap widened (past the session band),sideways/calm
parity,BANKNIFTY,56000.0,2026-09-29,2026-07-27 14:54 IST,2026-07-28 09:23 IST,1,15,857610.0,2406.95,637.0,57174.0,2280.05,692.25,0.01066,9138.82,0.0,0.0,391.13,391.13,-423.65,-814.78,-0.815,gap widened (past the session band),sideways/calm
parity,NIFTY,24700.0,2026-09-29,2026-07-27 15:05 IST,2026-07-28 09:16 IST,1,75,1801650.0,270.0,715.0,24022.0,266.2,701.0,0.00938,16898.74,0.0,0.0,714.06,714.06,-1335.87,-2049.93,-2.05,gap widened (past the session band),sideways/calm
parity,BANKNIFTY,57500.0,2026-09-29,2026-07-27 15:23 IST,2026-07-27 15:23 IST,1,15,857853.0,1454.1,1150.05,57190.2,1454.1,1150.05,0.01067,9155.1,0.00864,7750.01,372.62,8122.63,0.0,-8122.63,-8.123,gap widened (past the session band),sideways/calm
parity,NIFTY,24600.0,2026-09-29,2026-07-27 15:27 IST,2026-07-28 09:25 IST,1,75,1803000.0,316.15,650.0,24040.0,306.9,655.9,0.00914,16485.28,0.00145,2717.08,707.66,3424.74,-1043.02,-4467.76,-4.468,gap widened (past the session band),sideways/calm
parity,BANKNIFTY,56500.0,2026-09-29,2026-07-27 15:29 IST,2026-07-27 15:29 IST,1,15,857535.0,2057.25,783.0,57169.0,2057.25,783.0,0.01072,9192.47,0.0,0.0,382.07,382.07,0.0,-382.07,-0.382,gap widened (past the session band),sideways/calm
parity,NIFTY,24800.0,2026-09-29,2026-07-28 09:28 IST,2026-07-28 10:05 IST,1,75,1801125.0,235.6,805.9,24015.0,223.7,790.05,0.00858,15445.66,0.0,0.0,717.41,717.41,-3308.95,-4026.36,-4.026,gap widened (past the session band),sideways/calm
parity,NIFTY,24600.0,2026-09-29,2026-07-28 09:45 IST,2026-07-28 09:45 IST,1,75,1801125.0,309.0,656.4,24015.0,309.0,656.4,0.00962,17330.51,0.00021,398.65,707.69,1106.34,0.0,-1106.34,-1.106,gap widened (past the session band),sideways/calm
parity,NIFTY,24700.0,2026-09-29,2026-07-28 09:46 IST,2026-07-28 09:46 IST,1,75,1801493.0,269.0,688.4,24019.9,269.0,688.4,0.01054,18983.41,0.00136,2547.38,710.97,3258.35,0.0,-3258.35,-3.258,gap widened (past the session band),sideways/calm
parity,BANKNIFTY,56000.0,2026-09-29,2026-07-28 09:51 IST,2026-07-28 10:08 IST,1,15,852894.0,2200.0,726.35,56859.6,2210.0,721.85,0.01097,9354.58,0.00523,4695.24,384.59,5079.83,-181.52,-5261.35,-5.261,gap widened (past the session band),sideways/calm
parity,NIFTY,24600.0,2026-09-29,2026-07-28 09:56 IST,2026-07-28 09:56 IST,1,75,1801043.0,312.95,657.75,24013.9,312.95,657.75,0.00978,17607.06,0.0,0.0,708.43,708.43,0.0,-708.43,-0.708,gap widened (past the session band),sideways/calm
parity,BANKNIFTY,56500.0,2026-09-29,2026-07-28 09:59 IST,2026-07-28 09:59 IST,1,15,852885.0,1868.15,884.2,56859.0,1868.15,884.2,0.01106,9434.33,0.0,0.0,377.71,377.71,0.0,-377.71,-0.378,gap widened (past the session band),sideways/calm
parity,BANKNIFTY,59000.0,2026-09-29,2026-07-28 10:00 IST,2026-07-28 10:00 IST,1,15,852612.0,660.0,2121.0,56840.8,660.0,2121.0,0.01186,10111.65,8e-05,74.23,378.11,452.34,0.0,-452.34,-0.452,gap widened (past the session band),sideways/calm
parity,BANKNIFTY,57500.0,2026-09-29,2026-07-28 10:03 IST,2026-07-28 10:03 IST,1,15,852894.0,1293.15,1294.7,56859.6,1293.15,1294.7,0.01111,9475.56,0.00248,2213.7,371.4,2585.1,0.0,-2585.1,-2.585,gap widened (past the session band),sideways/calm
parity,NIFTY,24700.0,2026-09-29,2026-07-28 10:19 IST,2026-07-28 10:19 IST,1,75,1799550.0,264.0,723.0,23994.0,264.0,723.0,0.00997,17934.26,0.0,0.0,710.7,710.7,0.0,-710.7,-0.711,gap widened (past the session band),sideways/calm
parity,BANKNIFTY,59000.0,2026-09-29,2026-07-28 10:25 IST,2026-07-28 14:31 IST,1,15,854250.0,683.7,2055.0,56950.0,626.05,2125.35,0.01152,9837.44,0.0,0.0,377.67,377.67,-632.8,-1010.47,-1.01,gap widened (past the session band),sideways/calm
parity,NIFTY,24600.0,2026-09-29,2026-07-28 10:28 IST,2026-07-28 10:28 IST,1,75,1798995.0,305.0,665.95,23986.6,305.0,665.95,0.01024,18420.52,0.0,0.0,708.43,708.43,0.0,-708.43,-0.708,gap widened (past the session band),sideways/calm
parity,NIFTY,24400.0,2026-09-29,2026-07-28 10:29 IST,2026-07-28 10:29 IST,1,75,1798875.0,395.0,553.7,23985.0,395.0,553.7,0.01049,18875.25,0.00291,5440.41,703.67,6144.08,0.0,-6144.08,-6.144,gap widened (past the session band),sideways/calm
parity,NIFTY,24400.0,2026-09-29,2026-07-28 10:40 IST,2026-07-28 10:40 IST,1,75,1800720.0,403.0,549.65,24009.6,403.0,549.65,0.00997,17954.62,4e-05,79.28,702.63,781.91,0.0,-781.91,-0.782,gap widened (past the session band),sideways/calm
parity,NIFTY,24700.0,2026-09-29,2026-07-28 11:18 IST,2026-07-28 11:18 IST,1,75,1802250.0,276.25,702.65,24030.0,276.25,702.65,0.00983,17709.39,0.0,0.0,711.28,711.28,0.0,-711.28,-0.711,gap widened (past the session band),sideways/calm
parity,NIFTY,24600.0,2026-09-29,2026-07-28 11:33 IST,2026-07-28 11:33 IST,1,75,1800750.0,319.0,656.05,24010.0,319.0,656.05,0.01026,18477.58,0.0,0.0,706.97,706.97,0.0,-706.97,-0.707,gap widened (past the session band),sideways/calm
parity,NIFTY,24100.0,2026-09-29,2026-07-28 11:36 IST,2026-07-28 12:26 IST,1,75,1800675.0,552.4,415.8,24009.0,569.0,397.35,0.00944,16993.86,0.0,0.0,707.55,707.55,-2104.04,-2811.59,-2.812,gap widened (past the session band),sideways/calm
parity,BANKNIFTY,56500.0,2026-09-29,2026-07-28 11:53 IST,2026-07-28 11:53 IST,1,15,854463.0,1900.9,855.0,56964.2,1900.9,855.0,0.0103,8803.19,0.00015,137.83,378.04,515.87,0.0,-515.87,-0.516,gap widened (past the session band),sideways/calm
parity,BANKNIFTY,56500.0,2026-09-29,2026-07-28 11:55 IST,2026-07-28 11:55 IST,1,15,854430.0,1900.8,859.0,56962.0,1900.8,859.0,0.01027,8774.32,0.00272,2440.56,378.61,2819.17,0.0,-2819.17,-2.819,gap widened (past the session band),sideways/calm
parity,BANKNIFTY,56500.0,2026-09-29,2026-07-28 12:00 IST,2026-07-28 12:00 IST,1,15,854487.0,1904.05,859.35,56965.8,1904.05,859.35,0.01025,8761.44,0.0,0.0,378.5,378.5,0.0,-378.5,-0.378,gap widened (past the session band),sideways/calm
parity,BANKNIFTY,58500.0,2026-09-29,2026-07-28 12:18 IST,2026-08-19 12:26 IST,1,15,854538.0,850.0,1765.0,56969.2,489.25,1379.8,0.01051,8980.84,0.0,0.0,374.58,374.58,3900.33,3525.75,3.526,time exit (past the measured hold),sideways/calm
parity,NIFTY,24700.0,2026-09-29,2026-07-28 12:23 IST,2026-07-28 12:23 IST,1,75,1801500.0,275.0,701.95,24020.0,275.0,701.95,0.01022,18409.77,0.00099,1854.92,710.39,2565.31,0.0,-2565.31,-2.565,gap widened (past the session band),sideways/calm
parity,BANKNIFTY,56000.0,2026-09-29,2026-07-28 12:58 IST,2026-07-28 14:50 IST,1,15,853200.0,2164.0,715.0,56880.0,2143.0,727.5,0.01018,8682.27,0.0,0.0,384.74,384.74,-955.69,-1340.43,-1.34,gap widened (past the session band),sideways/calm
parity,BANKNIFTY,56500.0,2026-09-29,2026-07-28 13:05 IST,2026-07-28 13:15 IST,1,15,853425.0,1848.1,885.7,56895.0,1817.7,905.6,0.01005,8577.1,7e-05,65.26,377.35,442.61,-204.67,-647.28,-0.647,gap widened (past the session band),sideways/calm
parity,NIFTY,25300.0,2026-09-29,2026-07-28 13:15 IST,2026-07-28 13:15 IST,1,75,1798125.0,103.0,1145.0,23975.0,103.0,1145.0,0.01119,20116.33,0.00138,2634.33,747.9,3382.23,0.0,-3382.23,-3.382,gap widened (past the session band),sideways/calm
parity,BANKNIFTY,56500.0,2026-09-29,2026-07-28 13:48 IST,2026-07-28 14:31 IST,1,15,852195.0,1795.25,910.0,56813.0,1786.8,919.0,0.01013,8636.13,0.0,0.0,375.88,375.88,-232.88,-608.76,-0.609,gap widened (past the session band),sideways/calm
parity,NIFTY,24800.0,2026-09-29,2026-07-28 13:52 IST,2026-07-28 13:52 IST,1,75,1799707.0,232.45,779.0,23996.1,232.45,779.0,0.01035,18628.63,0.0,9.34,715.41,724.75,0.0,-724.75,-0.725,gap widened (past the session band),sideways/calm
parity,NIFTY,24600.0,2026-09-29,2026-07-28 14:08 IST,2026-07-28 14:08 IST,1,75,1799595.0,305.5,656.0,23994.6,305.5,656.0,0.01034,18610.97,0.0,0.0,706.47,706.47,0.0,-706.47,-0.706,gap widened (past the session band),sideways/calm
parity,NIFTY,24800.0,2026-09-29,2026-07-28 14:38 IST,2026-07-28 14:38 IST,1,75,1799100.0,229.95,760.0,23988.0,229.95,760.0,0.01138,20466.82,0.00499,9352.32,715.53,10067.85,0.0,-10067.85,-10.068,gap widened (past the session band),sideways/calm
parity,BANKNIFTY,57500.0,2026-09-29,2026-07-28 14:45 IST,2026-07-28 14:45 IST,1,15,852000.0,1249.85,1312.0,56800.0,1249.85,1312.0,0.01109,9450.61,6e-05,52.61,370.74,423.35,0.0,-423.35,-0.423,gap widened (past the session band),sideways/calm
parity,NIFTY,24600.0,2026-09-29,2026-07-28 14:54 IST,2026-07-28 14:54 IST,1,75,1799160.0,304.0,652.2,23988.8,304.0,652.2,0.01068,19213.53,0.00101,1897.95,704.47,2602.42,0.0,-2602.42,-2.602,gap widened (past the session band),sideways/calm
parity,NIFTY,24200.0,2026-09-29,2026-07-28 15:01 IST,2026-07-28 15:01 IST,1,75,1796693.0,492.9,458.2,23955.9,492.9,458.2,0.01152,20705.72,0.00557,10401.45,703.35,11104.8,0.0,-11104.8,-11.105,gap widened (past the session band),sideways/calm
parity,NIFTY,24200.0,2026-09-29,2026-07-28 15:03 IST,2026-07-28 15:11 IST,1,75,1797682.0,490.65,460.0,23969.1,487.0,458.2,0.0108,19423.08,0.005,9345.12,703.4,10048.52,-611.24,-10659.76,-10.66,gap widened (past the session band),sideways/calm
parity,BANKNIFTY,56000.0,2026-09-29,2026-07-28 15:04 IST,2026-07-28 15:04 IST,1,15,850536.0,2096.0,749.85,56702.4,2096.0,749.85,0.01149,9773.82,0.0,0.0,379.26,379.26,0.0,-379.26,-0.379,gap widened (past the session band),sideways/calm
parity,BANKNIFTY,59000.0,2026-09-29,2026-07-28 15:06 IST,2026-07-28 15:06 IST,1,15,850800.0,623.65,2179.85,56720.0,623.65,2179.85,0.01231,10475.45,0.0,0.0,378.53,378.53,0.0,-378.53,-0.379,gap widened (past the session band),sideways/calm
parity,NIFTY,23900.0,2026-09-29,2026-07-28 15:15 IST,2026-07-28 15:15 IST,1,75,1798050.0,678.0,334.0,23974.0,678.0,334.0,0.0113,20311.92,0.0,0.0,714.5,714.5,0.0,-714.5,-0.714,gap widened (past the session band),sideways/calm
parity,NIFTY,24200.0,2026-09-29,2026-07-28 15:15 IST,2026-07-28 15:15 IST,1,75,1798050.0,495.8,443.95,23974.0,495.8,443.95,0.01148,20649.65,0.0,0.0,702.81,702.81,0.0,-702.81,-0.703,gap widened (past the session band),sideways/calm
parity,BANKNIFTY,57500.0,2026-09-29,2026-07-28 15:17 IST,2026-07-28 15:17 IST,1,15,850500.0,1211.6,1343.7,56700.0,1211.6,1343.7,0.01162,9884.62,0.0,0.0,370.27,370.27,0.0,-370.27,-0.37,gap widened (past the session band),sideways/calm
parity,BANKNIFTY,59000.0,2026-09-29,2026-07-28 15:17 IST,2026-07-28 15:17 IST,1,15,850500.0,619.0,2195.3,56700.0,619.0,2195.3,0.01231,10470.6,0.01,8925.26,379.49,9304.75,0.0,-9304.75,-9.305,gap widened (past the session band),sideways/calm
parity,BANKNIFTY,59000.0,2026-09-29,2026-07-28 15:19 IST,2026-07-28 15:25 IST,1,15,851955.0,629.0,2195.3,56797.0,632.7,2150.0,0.01078,9181.83,0.0,0.0,379.95,379.95,-1215.5,-1595.45,-1.595,gap widened (past the session band),sideways/calm
parity,BANKNIFTY,56500.0,2026-09-29,2026-07-28 15:21 IST,2026-07-28 15:21 IST,1,15,851790.0,1815.0,900.0,56786.0,1815.0,900.0,0.01113,9482.86,0.0004,356.99,375.58,732.57,0.0,-732.57,-0.733,gap widened (past the session band),sideways/calm
parity,NIFTY,24200.0,2026-09-29,2026-07-28 15:23 IST,2026-07-28 15:23 IST,1,75,1799602.0,505.25,440.0,23994.7,505.25,440.0,0.01118,20119.53,0.0,0.0,703.79,703.79,0.0,-703.79,-0.704,gap widened (past the session band),sideways/calm
parity,BANKNIFTY,57500.0,2026-09-29,2026-07-28 15:24 IST,2026-07-28 15:24 IST,1,15,851550.0,1235.1,1320.5,56770.0,1235.1,1320.5,0.01121,9546.84,0.0,0.0,370.32,370.32,0.0,-370.32,-0.37,gap widened (past the session band),sideways/calm
parity,NIFTY,24200.0,2026-09-29,2026-07-28 15:25 IST,2026-07-28 15:25 IST,1,75,1798905.0,504.85,440.7,23985.4,504.85,440.7,0.01152,20726.66,0.0013,2421.82,703.05,3124.87,0.0,-3124.87,-3.125,gap widened (past the session band),sideways/calm
parity,NIFTY,23800.0,2026-09-29,2026-07-28 15:26 IST,2026-07-28 15:26 IST,1,75,1798950.0,754.9,292.0,23986.0,754.9,292.0,0.01163,20923.13,0.0,0.0,722.3,722.3,0.0,-722.3,-0.722,gap widened (past the session band),sideways/calm
parity,NIFTY,23000.0,2026-09-29,2026-07-28 15:28 IST,2026-07-30 12:33 IST,1,75,1798807.0,1358.35,117.9,23984.1,1550.0,81.2,0.01115,20049.71,0.0,0.0,779.03,779.03,13496.59,12717.56,12.718,banked (gap < cost),sideways/calm
parity,NIFTY,23600.0,2026-09-29,2026-07-28 15:28 IST,2026-07-28 15:28 IST,1,75,1798807.0,891.95,229.3,23984.1,891.95,229.3,0.01179,21212.67,0.0,0.0,737.38,737.38,0.0,-737.38,-0.737,gap widened (past the session band),sideways/calm
parity,BANKNIFTY,57500.0,2026-09-29,2026-07-28 15:29 IST,2026-07-28 15:29 IST,1,15,851274.0,1238.1,1311.55,56751.6,1238.1,1311.55,0.01175,9998.98,0.0012,1064.69,369.54,1434.23,0.0,-1434.23,-1.434,gap widened (past the session band),sideways/calm
parity,BANKNIFTY,59000.0,2026-09-29,2026-07-28 15:29 IST,2026-07-28 15:29 IST,1,15,851274.0,630.0,2150.05,56751.6,630.0,2150.05,0.01239,10548.96,0.00422,3771.73,378.43,4150.16,0.0,-4150.16,-4.15,gap widened (past the session band),sideways/calm
parity,NIFTY,23800.0,2026-09-29,2026-07-28 15:29 IST,2026-07-28 15:29 IST,1,75,1798740.0,753.0,292.0,23983.2,753.0,292.0,0.01167,20988.35,0.00596,11186.27,721.99,11908.26,0.0,-11908.26,-11.908,gap widened (past the session band),sideways/calm
parity,BANKNIFTY,56000.0,2026-09-29,2026-07-29 09:15 IST,2026-08-20 09:29 IST,1,15,858432.0,2243.2,661.6,57228.8,2222.0,245.0,0.0064,5494.38,6e-05,53.26,381.76,435.02,1460.94,1025.92,1.026,time exit (past the measured hold),bullish/calm
parity,NIFTY,23900.0,2026-09-29,2026-07-29 09:16 IST,2026-08-18 14:49 IST,1,75,1819680.0,769.05,268.95,24262.4,632.0,166.25,0.00584,10625.92,0.0,0.0,723.07,723.07,995.76,272.69,0.273,time exit (past the measured hold),bullish/calm
parity,NIFTY,24200.0,2026-09-29,2026-07-29 09:16 IST,2026-08-05 12:34 IST,1,75,1819680.0,577.15,370.1,24262.4,774.0,216.55,0.00599,10900.11,0.0,0.0,707.02,707.02,666.68,-40.34,-0.04,time exit (past the measured hold),bullish/calm
parity,NIFTY,23800.0,2026-09-29,2026-07-29 09:17 IST,2026-08-03 12:26 IST,1,75,1820393.0,839.3,240.0,24271.9,1085.0,121.55,0.00546,9943.59,0.0,0.0,733.97,733.97,3396.58,2662.61,2.663,banked (gap < cost),bullish/calm
parity,NIFTY,24100.0,2026-09-29,2026-07-29 09:17 IST,2026-08-18 12:07 IST,1,75,1820393.0,645.4,332.7,24271.9,512.5,224.8,0.00588,10701.54,0.0,0.0,712.34,712.34,655.42,-56.92,-0.057,time exit (past the measured hold),bullish/calm
parity,NIFTY,23700.0,2026-09-29,2026-07-29 09:18 IST,2026-08-03 09:24 IST,1,75,1820040.0,908.3,215.0,24267.2,1126.9,124.4,0.00545,9924.66,0.0,0.0,742.71,742.71,2727.55,1984.84,1.985,banked (gap < cost),bullish/calm
parity,NIFTY,24400.0,2026-09-29,2026-07-29 09:18 IST,2026-08-12 14:45 IST,1,75,1820040.0,466.0,454.95,24267.2,475.4,298.5,0.00587,10679.44,0.0,0.0,702.37,702.37,-580.97,-1283.34,-1.283,time exit (past the measured hold),bullish/calm
parity,NIFTY,24600.0,2026-09-29,2026-07-29 09:18 IST,2026-08-11 09:32 IST,1,75,1820040.0,364.3,547.55,24267.2,448.05,359.0,0.00601,10942.24,0.0,0.0,701.47,701.47,1330.78,629.31,0.629,time exit (past the measured hold),bullish/calm
parity,NIFTY,24700.0,2026-09-29,2026-07-29 09:18 IST,2026-08-11 09:47 IST,1,75,1820040.0,317.7,599.6,24267.2,384.1,411.0,0.00602,10961.14,0.0,0.0,707.88,707.88,90.6,-617.28,-0.617,time exit (past the measured hold),bullish/calm
parity,NIFTY,23600.0,2026-09-29,2026-07-29 09:19 IST,2026-08-03 12:26 IST,1,75,1820145.0,990.0,190.65,24268.6,1235.3,96.1,0.00569,10356.89,0.0,0.0,745.09,745.09,5449.99,4704.9,4.705,banked (gap < cost),bullish/calm
parity,BANKNIFTY,57500.0,2026-09-29,2026-07-29 09:24 IST,2026-08-18 12:44 IST,1,15,858093.0,1291.15,1222.4,57206.2,1033.35,751.9,0.00628,5389.87,0.0,0.0,369.17,369.17,191.22,-177.95,-0.178,time exit (past the measured hold),bullish/calm
parity,BANKNIFTY,56500.0,2026-09-29,2026-07-29 09:27 IST,2026-08-21 09:17 IST,1,15,858450.0,1908.6,818.75,57230.0,1760.0,331.55,0.00643,5517.98,0.0,0.0,376.73,376.73,881.44,504.71,0.505,time exit (past the measured hold),bullish/calm
parity,BANKNIFTY,58400.0,2026-09-29,2026-07-29 09:27 IST,2026-07-29 09:27 IST,1,15,858450.0,885.1,1684.25,57230.0,885.1,1684.25,0.00626,5370.04,0.0,0.0,382.0,382.0,0.0,-382.0,-0.382,gap widened (past the session band),bullish/calm
parity,BANKNIFTY,57200.0,2026-09-29,2026-07-29 09:36 IST,2026-08-20 12:48 IST,1,15,857595.0,1492.6,1079.1,57173.0,1371.5,480.0,0.0077,6603.05,0.0,0.0,370.8,370.8,2199.99,1829.19,1.829,time exit (past the measured hold),bullish/calm
parity,NIFTY,24900.0,2026-09-29,2026-07-29 09:39 IST,2026-08-12 10:13 IST,1,75,1821525.0,248.9,715.9,24287.0,237.95,544.0,0.00573,10445.18,0.0,0.0,722.93,722.93,-960.07,-1683.0,-1.683,time exit (past the measured hold),bullish/calm
parity,BANKNIFTY,57700.0,2026-09-29,2026-07-29 09:40 IST,2026-08-21 12:52 IST,1,15,858750.0,1227.4,1310.2,57250.0,1020.75,662.7,0.00633,5433.88,0.0,0.0,370.96,370.96,1227.92,856.96,0.857,time exit (past the measured hold),bullish/calm
parity,BANKNIFTY,57900.0,2026-09-29,2026-07-29 09:42 IST,2026-07-29 09:42 IST,1,15,857949.0,1157.0,1408.5,57196.6,1157.0,1408.5,0.00777,6662.62,0.0,0.0,370.66,370.66,0.0,-370.66,-0.371,gap widened (past the session band),bullish/calm
parity,NIFTY,23400.0,2026-09-29,2026-07-29 09:46 IST,2026-08-03 14:26 IST,1,75,1821300.0,1143.55,149.95,24284.0,1400.0,80.55,0.00491,8948.0,0.0,0.0,763.08,763.08,2516.83,1753.75,1.754,banked (gap < cost),bullish/calm
parity,NIFTY,24800.0,2026-09-29,2026-07-29 09:48 IST,2026-08-07 11:49 IST,1,75,1821300.0,283.2,652.6,24284.0,403.75,423.7,0.0058,10570.06,0.00297,5617.85,708.49,6326.34,513.25,-5813.09,-5.813,time exit (past the measured hold),bullish/calm
parity,BANKNIFTY,56900.0,2026-09-29,2026-07-29 09:50 IST,2026-07-29 09:53 IST,1,15,858480.0,1669.15,958.45,57232.0,1672.25,958.45,0.00668,5735.18,0.0,0.0,369.38,369.38,-192.91,-562.29,-0.562,gap widened (past the session band),bullish/calm
parity,BANKNIFTY,57100.0,2026-09-29,2026-07-29 09:59 IST,2026-08-20 15:00 IST,1,15,858369.0,1557.0,1010.8,57224.6,1381.2,475.75,0.00739,6344.5,0.0,0.0,375.95,375.95,1826.24,1450.29,1.45,time exit (past the measured hold),bullish/calm
parity,BANKNIFTY,57400.0,2026-09-29,2026-07-29 10:04 IST,2026-08-05 09:29 IST,1,15,859350.0,1412.85,1135.1,57290.0,1450.0,672.1,0.00675,5798.13,0.00165,1477.0,371.32,1848.32,4104.73,2256.41,2.256,banked (gap < cost),bullish/calm
parity,BANKNIFTY,59000.0,2026-09-29,2026-07-29 10:04 IST,2026-08-19 11:33 IST,1,15,859350.0,689.05,1979.85,57290.0,335.0,1725.0,0.00699,6006.35,0.00015,132.59,376.96,509.55,706.7,197.15,0.197,time exit (past the measured hold),bullish/calm
parity,BANKNIFTY,58200.0,2026-09-29,2026-07-29 10:10 IST,2026-07-29 11:06 IST,1,15,860175.0,1010.0,1491.55,57345.0,1015.05,1474.0,0.00635,5460.93,0.0,0.0,373.91,373.91,-862.1,-1236.01,-1.236,gap widened (past the session band),bullish/calm
parity,NIFTY,23200.0,2026-09-29,2026-07-29 10:15 IST,2026-08-03 10:10 IST,1,75,1821682.0,1335.3,116.3,24289.1,1575.0,64.4,0.00584,10639.44,0.0,0.0,782.29,782.29,4418.09,3635.8,3.636,banked (gap < cost),bullish/calm
parity,NIFTY,25300.0,2026-09-29,2026-07-29 10:55 IST,2026-08-14 10:27 IST,1,75,1821420.0,129.0,982.65,24285.6,90.0,830.95,0.00616,11220.89,0.0,0.0,735.15,735.15,-103.83,-838.98,-0.839,time exit (past the measured hold),bullish/calm
parity,BANKNIFTY,57300.0,2026-09-29,2026-07-29 12:22 IST,2026-08-03 12:47 IST,1,15,860865.0,1493.05,1039.05,57391.0,1793.35,745.8,0.00634,5459.99,0.00024,216.05,374.66,590.71,-2398.37,-2989.08,-2.989,gap widened (past the session band),bullish/calm
parity,NIFTY,25100.0,2026-09-29,2026-07-29 12:49 IST,2026-08-14 13:49 IST,1,75,1820595.0,175.1,832.05,24274.6,145.7,639.25,0.00657,11954.04,0.0,0.0,739.21,739.21,1442.18,702.97,0.703,time exit (past the measured hold),bullish/calm
parity,BANKNIFTY,57800.0,2026-09-29,2026-07-29 13:10 IST,2026-08-21 11:47 IST,1,15,860700.0,1225.0,1270.5,57380.0,984.8,687.35,0.00645,5548.32,0.0,0.0,370.89,370.89,1365.7,994.81,0.995,time exit (past the measured hold),bullish/calm
parity,NIFTY,24500.0,2026-09-29,2026-07-29 13:14 IST,2026-08-18 09:43 IST,1,75,1824225.0,429.05,477.65,24323.0,289.4,379.4,0.0052,9484.24,0.00428,8095.87,701.96,8797.83,-534.79,-9332.62,-9.333,time exit (past the measured hold),bullish/calm
parity,BANKNIFTY,56800.0,2026-09-29,2026-07-30 09:40 IST,2026-07-30 10:32 IST,1,15,854499.0,1556.2,1008.55,56966.6,1623.35,1002.75,0.00672,5742.73,0.0,0.0,370.72,370.72,-1633.08,-2003.8,-2.004,gap widened (past the session band),bullish/calm
parity,BANKNIFTY,56800.0,2026-09-29,2026-07-30 12:34 IST,2026-08-24 15:14 IST,1,15,859095.0,1722.75,885.0,57273.0,1388.75,460.0,0.00646,5547.91,0.0,0.0,375.38,375.38,866.26,490.88,0.491,time exit (past the measured hold),bullish/calm
parity,NIFTY,23000.0,2026-09-29,2026-07-30 12:37 IST,2026-07-30 13:54 IST,1,75,1827000.0,1545.95,81.8,24360.0,1522.75,85.0,0.00488,8913.28,0.00321,6253.44,807.75,7061.19,1905.52,-5155.67,-5.156,banked (gap < cost),bullish/calm
parity,NIFTY,23000.0,2026-09-29,2026-07-30 14:37 IST,2026-08-03 09:18 IST,1,75,1824585.0,1512.0,86.25,24327.8,1758.55,55.15,0.00462,8422.13,0.0,0.0,802.07,802.07,1176.17,374.1,0.374,banked (gap < cost),bullish/calm
parity,NIFTY,25200.0,2026-09-29,2026-07-31 09:48 IST,2026-08-06 11:50 IST,1,75,1831425.0,171.65,808.0,24419.0,251.9,592.85,0.00558,10226.21,0.0,0.0,725.96,725.96,264.78,-461.18,-0.461,time exit (past the measured hold),bullish/calm
parity,NIFTY,25400.0,2026-09-29,2026-07-31 11:38 IST,2026-08-12 10:05 IST,1,75,1831612.0,118.7,944.95,24421.5,95.8,890.0,0.00581,10638.78,0.00124,2364.29,731.2,3095.49,-1144.5,-4239.99,-4.24,time exit (past the measured hold),bullish/calm
parity,BANKNIFTY,57600.0,2026-09-29,2026-07-31 13:40 IST,2026-08-21 11:40 IST,1,15,862650.0,1326.4,1052.4,57510.0,1100.0,613.2,0.00631,5445.65,4e-05,33.81,368.24,402.05,1248.84,846.79,0.847,time exit (past the measured hold),bullish/calm
parity,NIFTY,23000.0,2026-09-29,2026-08-03 09:20 IST,2026-08-03 15:00 IST,1,75,1846718.0,1762.3,56.5,24622.9,1784.3,52.15,0.00403,7446.74,0.00177,3511.72,836.9,4348.62,341.64,-4006.98,-4.007,banked (gap < cost),bullish/wild
parity,BANKNIFTY,57900.0,2026-09-29,2026-08-03 09:51 IST,2026-08-21 15:21 IST,1,15,869607.0,1357.5,997.15,57973.8,882.95,754.0,0.00496,4309.42,0.0,0.0,364.78,364.78,-251.24,-616.02,-0.616,time exit (past the measured hold),bullish/wild
parity,NIFTY,23700.0,2026-09-29,2026-08-03 10:19 IST,2026-08-03 12:17 IST,1,75,1849793.0,1172.4,111.4,24663.9,1180.0,107.6,0.00433,8012.58,4e-05,68.68,766.57,835.25,740.13,-95.12,-0.095,banked (gap < cost),bullish/wild
parity,NIFTY,23800.0,2026-09-29,2026-08-03 13:28 IST,2026-08-05 15:16 IST,1,75,1848900.0,1090.0,126.45,24652.0,1060.1,118.0,0.00487,9011.6,0.00298,5770.77,756.66,6527.43,1832.54,-4694.89,-4.695,banked (gap < cost),bullish/wild
parity,BANKNIFTY,58300.0,2026-09-29,2026-08-03 15:01 IST,2026-08-03 15:01 IST,1,15,868686.0,1116.0,1160.7,57912.4,1116.0,1160.7,0.00585,5084.81,0.0,0.0,362.99,362.99,0.0,-362.99,-0.363,gap widened (past the session band),bullish/wild
parity,NIFTY,23000.0,2026-09-29,2026-08-03 15:10 IST,2026-08-13 09:18 IST,1,75,1847625.0,1790.0,53.55,24635.0,1590.0,42.5,0.00479,8847.18,2e-05,33.57,839.84,873.41,-1242.34,-2115.75,-2.116,time exit (past the measured hold),bullish/wild
parity,NIFTY,23600.0,2026-09-29,2026-08-03 15:21 IST,2026-08-19 10:45 IST,1,75,1847820.0,1237.45,101.7,24637.6,758.5,123.15,0.00441,8147.21,0.00288,5611.31,772.86,6384.17,-1361.73,-7745.9,-7.746,time exit (past the measured hold),bullish/wild
parity,NIFTY,23400.0,2026-09-29,2026-08-04 10:56 IST,2026-08-21 15:39 IST,1,75,1847400.0,1420.0,74.55,24632.0,1045.0,55.25,0.0051,9425.64,0.0,0.0,791.45,791.45,1218.83,427.38,0.427,time exit (past the measured hold),bullish/wild
parity,NIFTY,25000.0,2026-09-29,2026-08-04 12:20 IST,2026-08-26 09:15 IST,1,75,1843868.0,282.1,563.2,24584.9,90.1,559.65,0.00528,9741.04,0.00449,8556.06,695.44,9251.5,8724.39,-527.11,-0.527,banked (gap < cost),bullish/wild
parity,NIFTY,23700.0,2026-09-29,2026-08-04 14:09 IST,2026-08-18 14:23 IST,1,75,1839000.0,1087.4,129.6,24520.0,780.3,127.25,0.00595,10945.27,0.0,0.0,756.79,756.79,1306.32,549.53,0.55,time exit (past the measured hold),bullish/wild
parity,BANKNIFTY,58100.0,2026-09-29,2026-08-05 10:31 IST,2026-08-07 13:47 IST,1,15,867762.0,1202.0,1072.75,57850.8,1265.85,986.95,0.0065,5640.31,0.0,0.0,362.26,362.26,-548.94,-911.2,-0.911,gap widened (past the session band),bullish/normal
parity,NIFTY,24200.0,2026-09-29,2026-08-05 13:50 IST,2026-08-05 15:16 IST,1,75,1844925.0,758.0,226.15,24599.0,749.85,204.05,0.00556,10255.42,0.00153,2942.52,721.37,3663.89,3106.66,-557.23,-0.557,banked (gap < cost),bullish/normal
parity,NIFTY,24200.0,2026-09-29,2026-08-05 15:34 IST,2026-08-17 13:00 IST,1,75,1848600.0,780.75,199.0,24648.0,565.0,205.7,0.0056,10358.74,0.00473,9094.9,722.65,9817.55,-1402.08,-11219.63,-11.22,time exit (past the measured hold),bullish/normal
parity,NIFTY,23800.0,2026-09-29,2026-08-06 09:41 IST,2026-08-18 10:54 IST,1,75,1854375.0,1162.2,109.95,24725.0,714.3,148.75,0.0055,10207.69,0.0,0.0,766.01,766.01,-21.94,-787.95,-0.788,time exit (past the measured hold),bullish/calm
parity,BANKNIFTY,58600.0,2026-09-29,2026-08-06 10:19 IST,2026-08-06 10:19 IST,1,15,869868.0,1017.7,1236.75,57991.2,1017.7,1236.75,0.00662,5758.87,0.0,0.0,361.65,361.65,0.0,-361.65,-0.362,gap widened (past the session band),bullish/calm
parity,NIFTY,25200.0,2026-09-29,2026-08-06 13:18 IST,2026-08-14 10:03 IST,1,75,1853857.0,248.7,595.95,24718.1,113.3,749.7,0.00526,9752.88,0.00444,8514.18,698.32,9212.5,-1013.86,-10226.36,-10.226,time exit (past the measured hold),bullish/calm
parity,BANKNIFTY,58400.0,2026-09-29,2026-08-06 15:35 IST,2026-08-06 15:35 IST,1,15,872733.0,1175.1,1032.95,58182.2,1175.1,1032.95,0.00615,5368.0,0.0,0.0,362.22,362.22,0.0,-362.22,-0.362,gap widened (past the session band),bullish/calm
parity,BANKNIFTY,58200.0,2026-09-29,2026-08-06 15:37 IST,2026-08-19 10:22 IST,1,15,872862.0,1290.5,950.9,58190.8,608.4,1195.15,0.00599,5230.67,5e-05,44.63,362.72,407.35,102.25,-305.1,-0.305,time exit (past the measured hold),bullish/calm
parity,NIFTY,24800.0,2026-09-29,2026-08-07 11:51 IST,2026-08-18 10:05 IST,1,75,1847250.0,399.6,426.5,24630.0,163.55,569.75,0.00575,10612.73,0.00075,1441.96,692.6,2134.56,1133.76,-1000.8,-1.001,time exit (past the measured hold),bullish/calm
parity,BANKNIFTY,58300.0,2026-09-29,2026-08-07 13:20 IST,2026-08-07 13:20 IST,1,15,868626.0,1104.95,1109.85,57908.4,1104.95,1109.85,0.00661,5745.34,0.0,0.0,362.68,362.68,0.0,-362.68,-0.363,gap widened (past the session band),bullish/calm
parity,BANKNIFTY,58400.0,2026-09-29,2026-08-07 15:37 IST,2026-08-07 15:37 IST,1,15,870024.0,1080.9,1089.15,58001.6,1080.9,1089.15,0.00666,5796.09,0.00285,2569.89,359.77,2929.66,0.0,-2929.66,-2.93,gap widened (past the session band),bullish/calm
parity,BANKNIFTY,58400.0,2026-09-29,2026-08-10 09:33 IST,2026-08-10 09:33 IST,1,15,867429.0,1011.6,1190.8,57828.6,1011.6,1190.8,0.00669,5807.0,0.0,0.0,359.97,359.97,0.0,-359.97,-0.36,gap widened (past the session band),bullish/calm
parity,BANKNIFTY,58400.0,2026-09-29,2026-08-10 15:27 IST,2026-08-10 15:27 IST,1,15,868170.0,976.35,1142.0,57878.0,976.35,1142.0,0.00608,5275.84,0.0,0.0,357.78,357.78,0.0,-357.78,-0.358,gap widened (past the session band),bullish/calm
parity,BANKNIFTY,58100.0,2026-09-29,2026-08-10 15:35 IST,2026-08-19 10:12 IST,1,15,867900.0,1130.0,1005.5,57860.0,680.35,1123.0,0.00626,5435.59,0.0,0.63,357.48,358.11,640.31,282.2,0.282,time exit (past the measured hold),bullish/calm
parity,BANKNIFTY,57300.0,2026-09-29,2026-08-11 09:31 IST,2026-08-24 09:47 IST,1,15,861828.0,1385.0,849.05,57455.2,1267.45,483.95,0.00665,5731.49,0.0,0.0,359.54,359.54,1248.21,888.67,0.889,time exit (past the measured hold),bullish/calm
parity,NIFTY,24600.0,2026-09-29,2026-08-11 09:35 IST,2026-08-18 15:28 IST,1,75,1842000.0,451.25,357.05,24560.0,219.65,452.2,0.00545,10038.94,0.00211,4020.16,687.25,4707.41,-48.87,-4756.28,-4.756,time exit (past the measured hold),bullish/calm
parity,BANKNIFTY,59500.0,2026-09-29,2026-08-11 09:44 IST,2026-08-21 12:40 IST,1,15,861735.0,415.8,2125.0,57449.0,263.15,1682.8,0.00564,4859.71,0.0,0.0,365.7,365.7,274.9,-90.8,-0.091,time exit (past the measured hold),bullish/calm
parity,NIFTY,24700.0,2026-09-29,2026-08-11 09:49 IST,2026-08-19 09:50 IST,1,75,1840500.0,384.55,409.9,24540.0,151.55,568.0,0.00543,9994.49,0.00122,2313.03,684.24,2997.27,501.67,-2495.6,-2.496,time exit (past the measured hold),bullish/calm
parity,BANKNIFTY,57400.0,2026-09-29,2026-08-12 09:29 IST,2026-08-24 11:01 IST,1,15,868050.0,1500.0,685.0,57870.0,1100.0,573.55,0.00603,5235.01,0.0,0.0,358.82,358.82,21.88,-336.94,-0.337,time exit (past the measured hold),bullish/normal
parity,NIFTY,23300.0,2026-09-29,2026-08-12 10:10 IST,2026-08-19 15:16 IST,1,75,1833412.0,1347.45,61.6,24445.5,1009.15,73.25,0.00614,11257.49,0.0,0.0,809.6,809.6,1387.3,577.7,0.578,time exit (past the measured hold),bullish/normal
parity,NIFTY,24900.0,2026-09-29,2026-08-12 10:15 IST,2026-08-26 09:16 IST,1,75,1833000.0,237.45,542.75,24440.0,117.0,489.25,0.00617,11308.85,0.00153,2891.77,680.33,3572.1,10529.3,6957.2,6.957,banked (gap < cost),bullish/normal
parity,BANKNIFTY,58400.0,2026-09-29,2026-08-12 11:06 IST,2026-08-12 11:06 IST,1,15,867591.0,909.25,1115.55,57839.4,909.25,1115.55,0.00604,5242.95,0.0,0.0,353.82,353.82,0.0,-353.82,-0.354,gap widened (past the session band),bullish/normal
parity,BANKNIFTY,58700.0,2026-09-29,2026-08-12 12:09 IST,2026-08-12 12:09 IST,1,15,866190.0,716.95,1334.65,57746.0,716.95,1334.65,0.00568,4922.7,0.0,0.0,353.64,353.64,0.0,-353.64,-0.354,gap widened (past the session band),bullish/normal
parity,NIFTY,25400.0,2026-09-29,2026-08-12 13:44 IST,2026-08-26 09:15 IST,1,75,1828290.0,84.0,939.65,24377.2,29.25,897.65,0.0065,11883.39,0.00023,429.55,719.26,1148.81,10969.64,9820.83,9.821,banked (gap < cost),bullish/normal
parity,BANKNIFTY,58300.0,2026-09-29,2026-08-12 14:24 IST,2026-08-12 14:32 IST,1,15,866325.0,885.0,1105.6,57755.0,939.65,1028.75,0.00554,4796.42,0.0,0.0,351.88,351.88,-281.99,-633.87,-0.634,gap widened (past the session band),bullish/normal
parity,NIFTY,24400.0,2026-09-29,2026-08-12 14:47 IST,2026-08-19 10:30 IST,1,75,1832100.0,479.05,297.9,24428.0,255.75,405.3,0.00628,11504.12,0.00224,4235.94,678.75,4914.69,1856.32,-3058.37,-3.058,time exit (past the measured hold),bullish/normal
parity,BANKNIFTY,58300.0,2026-09-29,2026-08-12 14:54 IST,2026-08-12 15:19 IST,1,15,870381.0,995.45,976.05,58025.4,1001.55,970.2,0.00503,4374.96,0.0,0.0,351.13,351.13,-648.94,-1000.07,-1.0,gap widened (past the session band),bullish/normal
parity,BANKNIFTY,58400.0,2026-09-29,2026-08-12 14:57 IST,2026-08-14 12:52 IST,1,15,870510.0,955.25,985.45,58034.0,718.0,1136.95,0.00573,4990.27,0.0,0.0,351.1,351.1,-244.65,-595.75,-0.596,gap widened (past the session band),bullish/normal
parity,BANKNIFTY,58300.0,2026-09-29,2026-08-13 09:18 IST,2026-08-13 09:23 IST,1,15,867825.0,942.55,1058.9,57855.0,911.9,1072.85,0.00562,4874.11,0.0,0.0,351.89,351.89,-675.4,-1027.29,-1.027,gap widened (past the session band),bullish/calm
parity,BANKNIFTY,58300.0,2026-09-29,2026-08-13 09:31 IST,2026-08-13 09:31 IST,1,15,866730.0,901.2,1074.5,57782.0,901.2,1074.5,0.00589,5105.74,5e-05,48.82,351.53,400.35,0.0,-400.35,-0.4,gap widened (past the session band),bullish/calm
parity,NIFTY,23000.0,2026-09-29,2026-08-13 09:32 IST,2026-08-19 10:08 IST,1,75,1829820.0,1572.0,42.7,24397.6,1315.0,48.0,0.00588,10751.2,0.0,0.0,805.06,805.06,1909.87,1104.81,1.105,time exit (past the measured hold),bullish/calm
parity,BANKNIFTY,56200.0,2026-09-29,2026-08-13 13:32 IST,2026-08-24 11:14 IST,1,15,867648.0,2266.0,312.4,57843.2,1850.0,294.0,0.0056,4861.45,0.0,0.0,375.89,375.89,-46.61,-422.5,-0.423,time exit (past the measured hold),bullish/calm
parity,NIFTY,25500.0,2026-09-29,2026-08-13 13:44 IST,2026-08-26 09:15 IST,1,75,1836157.0,71.9,928.95,24482.1,22.65,985.0,0.00622,11427.47,9e-05,172.56,721.44,894.0,10101.85,9207.85,9.208,banked (gap < cost),bullish/calm
parity,NIFTY,25200.0,2026-09-29,2026-08-14 10:17 IST,2026-08-21 09:30 IST,1,75,1830488.0,112.6,762.05,24406.5,43.8,861.9,0.00564,10318.23,0.0001,183.15,695.3,878.45,3115.96,2237.51,2.238,banked (gap < cost),bullish/calm
parity,NIFTY,23200.0,2026-09-29,2026-08-14 15:18 IST,2026-08-19 12:12 IST,1,75,1833862.0,1440.0,50.8,24451.5,1094.35,66.8,0.00605,11093.26,0.0,0.0,781.69,781.69,2103.89,1322.2,1.322,time exit (past the measured hold),bullish/calm
parity,NIFTY,23500.0,2026-09-29,2026-08-14 15:21 IST,2026-08-21 09:19 IST,1,75,1834110.0,1157.7,74.4,24454.8,958.0,69.2,0.00557,10221.66,0.00177,3403.4,752.53,4155.93,3056.19,-1099.74,-1.1,banked (gap < cost),bullish/calm
parity,NIFTY,25100.0,2026-09-29,2026-08-17 09:18 IST,2026-08-26 09:18 IST,1,75,1826475.0,117.5,720.0,24353.0,67.9,645.0,0.0057,10410.13,0.0,0.0,681.55,681.55,9573.4,8891.85,8.892,banked (gap < cost),sideways/calm
parity,BANKNIFTY,58000.0,2026-09-29,2026-08-17 11:51 IST,2026-08-25 15:02 IST,1,15,860625.0,752.65,1000.0,57375.0,652.35,911.9,0.0065,5593.24,0.00011,93.33,341.22,434.55,2249.88,1815.33,1.815,banked (gap < cost),sideways/calm
parity,NIFTY,25300.0,2026-09-29,2026-08-17 12:46 IST,2026-08-26 09:16 IST,1,75,1829610.0,76.95,828.65,24394.8,38.75,806.2,0.00601,10994.56,0.0,0.0,700.02,700.02,10038.42,9338.4,9.338,banked (gap < cost),sideways/calm
parity,BANKNIFTY,58400.0,2026-09-29,2026-08-17 13:00 IST,2026-08-18 09:34 IST,1,15,867690.0,777.0,991.95,57846.0,619.35,1156.95,0.00579,5022.36,0.0,0.0,344.71,344.71,-360.22,-704.93,-0.705,gap widened (past the session band),sideways/calm
parity,NIFTY,24200.0,2026-09-29,2026-08-17 13:03 IST,2026-08-19 15:03 IST,1,75,1831575.0,565.0,203.0,24421.0,357.25,296.25,0.00584,10701.44,0.00181,3419.89,676.64,4096.53,425.26,-3671.27,-3.671,time exit (past the measured hold),sideways/calm
parity,BANKNIFTY,58300.0,2026-09-29,2026-08-17 13:38 IST,2026-08-17 13:38 IST,1,15,867528.0,817.35,941.2,57835.2,817.35,941.2,0.00583,5061.08,0.0,0.0,343.14,343.14,0.0,-343.14,-0.343,gap widened (past the session band),sideways/calm
parity,BANKNIFTY,58300.0,2026-09-29,2026-08-18 09:44 IST,2026-08-18 09:44 IST,1,15,862200.0,653.0,1100.55,57480.0,653.0,1100.55,0.00637,5495.1,0.0,0.0,342.01,342.01,0.0,-342.01,-0.342,gap widened (past the session band),sideways/calm
parity,NIFTY,24500.0,2026-09-29,2026-08-18 09:45 IST,2026-08-21 09:23 IST,1,75,1819500.0,282.8,386.85,24260.0,246.2,360.2,0.00553,10062.12,0.00117,2195.76,655.36,2851.12,2823.07,-28.05,-0.028,banked (gap < cost),sideways/calm
parity,NIFTY,24800.0,2026-09-29,2026-08-18 10:08 IST,2026-08-21 09:43 IST,1,75,1819493.0,163.45,570.05,24259.9,128.15,533.55,0.00534,9710.63,0.00287,5384.79,666.85,6051.64,2445.94,-3605.7,-3.606,banked (gap < cost),sideways/calm
parity,NIFTY,23800.0,2026-09-29,2026-08-18 11:00 IST,2026-08-19 14:48 IST,1,75,1817730.0,713.75,148.45,24236.4,602.15,169.9,0.00545,9911.36,0.00031,574.75,690.76,1265.51,-70.06,-1335.57,-1.336,time exit (past the measured hold),sideways/calm
parity,BANKNIFTY,58400.0,2026-09-29,2026-08-18 11:36 IST,2026-08-18 11:36 IST,1,15,860775.0,609.8,1234.95,57385.0,609.8,1234.95,0.00666,5734.3,0.0,0.0,342.89,342.89,0.0,-342.89,-0.343,gap widened (past the session band),sideways/calm
parity,NIFTY,24100.0,2026-09-29,2026-08-18 12:11 IST,2026-08-20 13:12 IST,1,75,1819125.0,509.9,225.05,24255.0,508.2,174.25,0.0054,9825.37,2e-05,39.38,667.35,706.73,1707.38,1000.65,1.001,time exit (past the measured hold),sideways/calm
parity,BANKNIFTY,57500.0,2026-09-29,2026-08-18 12:46 IST,2026-08-25 15:02 IST,1,15,861303.0,1024.35,761.8,57420.2,916.2,674.35,0.00595,5126.34,0.00429,3812.66,342.7,4155.36,1712.86,-2442.5,-2.442,banked (gap < cost),sideways/calm
parity,BANKNIFTY,57000.0,2026-09-29,2026-08-18 13:18 IST,2026-08-25 15:01 IST,1,15,861774.0,1347.5,562.9,57451.6,1228.0,493.0,0.00585,5045.45,0.00168,1499.31,347.64,1846.95,1626.4,-220.55,-0.221,banked (gap < cost),sideways/calm
parity,BANKNIFTY,56700.0,2026-09-29,2026-08-18 14:11 IST,2026-08-25 12:25 IST,1,15,861519.0,1560.95,463.8,57434.6,1459.3,395.4,0.00641,5520.33,0.0,0.0,349.67,349.67,1171.62,821.95,0.822,time exit (past the measured hold),sideways/calm
parity,NIFTY,23700.0,2026-09-29,2026-08-18 14:27 IST,2026-08-20 10:18 IST,1,75,1817190.0,778.2,127.45,24229.2,785.35,92.9,0.00518,9412.06,0.00032,603.49,701.29,1304.78,538.49,-766.29,-0.766,time exit (past the measured hold),sideways/calm
parity,BANKNIFTY,56900.0,2026-09-29,2026-08-18 14:36 IST,2026-08-25 10:24 IST,1,15,861615.0,1429.95,584.9,57441.0,1290.0,468.85,0.00536,4621.22,0.0,0.0,374.36,374.36,161.75,-212.61,-0.213,time exit (past the measured hold),sideways/calm
parity,BANKNIFTY,58400.0,2026-09-29,2026-08-18 14:38 IST,2026-08-24 11:14 IST,1,15,861675.0,618.65,1249.0,57445.0,508.3,1119.45,0.00553,4763.01,0.0,0.0,347.61,347.61,-393.16,-740.77,-0.741,gap widened (past the session band),sideways/calm
parity,NIFTY,23900.0,2026-09-29,2026-08-18 14:58 IST,2026-08-20 15:38 IST,1,75,1818225.0,634.85,162.6,24243.0,630.9,134.5,0.00544,9885.44,0.0,0.0,679.89,679.89,1691.21,1011.32,1.011,time exit (past the measured hold),sideways/calm
parity,NIFTY,24600.0,2026-09-29,2026-08-18 15:31 IST,2026-08-21 09:23 IST,1,75,1817198.0,216.4,463.9,24229.3,201.1,414.35,0.00497,9032.77,0.00438,8182.99,655.23,8838.22,1798.55,-7039.67,-7.04,banked (gap < cost),sideways/calm
parity,BANKNIFTY,58700.0,2026-09-29,2026-08-19 09:34 IST,2026-08-19 09:34 IST,1,15,857580.0,402.6,1540.8,57172.0,402.6,1540.8,0.00662,5680.26,0.0,0.0,347.1,347.1,0.0,-347.1,-0.347,gap widened (past the session band),sideways/calm
parity,BANKNIFTY,58300.0,2026-09-29,2026-08-19 09:37 IST,2026-08-19 09:37 IST,1,15,857532.0,534.0,1306.1,57168.8,534.0,1306.1,0.00614,5263.05,0.0,0.0,343.64,343.64,0.0,-343.64,-0.344,gap widened (past the session band),sideways/calm
parity,NIFTY,24700.0,2026-09-29,2026-08-19 09:52 IST,2026-08-21 09:39 IST,1,75,1811625.0,151.4,567.8,24155.0,158.75,484.2,0.00516,9347.64,0.0,0.0,662.73,662.73,2286.63,1623.9,1.624,banked (gap < cost),sideways/calm
parity,BANKNIFTY,58700.0,2026-09-29,2026-08-19 10:11 IST,2026-08-19 10:11 IST,1,15,860442.0,452.5,1473.5,57362.8,452.5,1473.5,0.00534,4597.07,0.00372,3301.53,347.59,3649.12,0.0,-3649.12,-3.649,gap widened (past the session band),sideways/calm
parity,NIFTY,23000.0,2026-09-29,2026-08-19 10:11 IST,2026-08-20 11:15 IST,1,75,1810950.0,1305.0,48.7,24146.0,1392.1,32.8,0.00491,8897.77,0.00029,550.93,763.0,1313.93,2082.44,768.51,0.769,banked (gap < cost),sideways/calm
parity,NIFTY,24400.0,2026-09-29,2026-08-19 10:34 IST,2026-08-21 09:23 IST,1,75,1808700.0,254.5,407.25,24116.0,294.25,311.0,0.00536,9688.8,0.00312,5796.89,650.43,6447.32,2645.97,-3801.35,-3.801,banked (gap < cost),sideways/calm
parity,NIFTY,23600.0,2026-09-29,2026-08-19 11:08 IST,2026-08-21 09:33 IST,1,75,1807500.0,750.95,125.1,24100.0,843.55,84.3,0.00537,9711.56,5e-05,96.35,693.78,790.13,3046.0,2255.87,2.256,banked (gap < cost),sideways/calm
parity,BANKNIFTY,59000.0,2026-09-29,2026-08-19 11:35 IST,2026-08-25 15:02 IST,1,15,858489.0,332.0,1730.5,57232.6,282.15,1530.85,0.00622,5340.62,0.0029,2582.32,352.4,2934.72,1936.35,-998.37,-0.998,banked (gap < cost),sideways/calm
parity,BANKNIFTY,58300.0,2026-09-29,2026-08-19 11:54 IST,2026-08-19 11:54 IST,1,15,860250.0,587.3,1188.15,57350.0,587.3,1188.15,0.00597,5133.58,0.0,0.0,344.6,344.6,0.0,-344.6,-0.345,gap widened (past the session band),sideways/calm
parity,BANKNIFTY,58300.0,2026-09-29,2026-08-19 11:56 IST,2026-08-19 11:57 IST,1,15,860154.0,583.55,1211.75,57343.6,585.95,1196.0,0.0056,4818.61,0.00015,132.27,342.07,474.34,-236.32,-710.66,-0.711,gap widened (past the session band),sideways/calm
parity,BANKNIFTY,58700.0,2026-09-29,2026-08-19 12:18 IST,2026-08-19 12:18 IST,1,15,858600.0,422.1,1527.75,57240.0,422.1,1527.75,0.00601,5155.93,0.0,0.0,347.14,347.14,0.0,-347.14,-0.347,gap widened (past the session band),sideways/calm
parity,NIFTY,23200.0,2026-09-29,2026-08-19 12:18 IST,2026-08-21 09:33 IST,1,75,1808850.0,1092.0,65.65,24118.0,1202.35,44.0,0.00477,8627.12,0.00256,4852.59,735.73,5588.32,1817.35,-3770.97,-3.771,banked (gap < cost),sideways/calm
parity,BANKNIFTY,58500.0,2026-09-29,2026-08-19 12:28 IST,2026-08-25 15:01 IST,1,15,859110.0,486.55,1375.8,57274.0,441.35,1196.25,0.00572,4917.47,0.00013,112.5,344.91,457.41,1497.33,1039.92,1.04,banked (gap < cost),sideways/calm
parity,NIFTY,24000.0,2026-09-29,2026-08-19 13:05 IST,2026-08-21 09:23 IST,1,75,1809330.0,476.25,228.5,24124.4,546.55,163.6,0.00515,9319.09,0.0,0.0,659.51,659.51,2089.93,1430.42,1.43,banked (gap < cost),sideways/calm
parity,BANKNIFTY,58100.0,2026-09-29,2026-08-19 14:08 IST,2026-08-19 14:35 IST,1,15,860499.0,684.95,1058.05,57366.6,697.0,1077.0,0.00619,5324.45,0.00397,3511.85,341.69,3853.54,2067.6,-1785.94,-1.786,banked (gap < cost),sideways/calm
parity,BANKNIFTY,58300.0,2026-09-29,2026-08-19 14:36 IST,2026-08-19 14:36 IST,1,15,861750.0,638.4,1136.25,57450.0,638.4,1136.25,0.00602,5189.5,0.0,0.0,342.67,342.67,0.0,-342.67,-0.343,gap widened (past the session band),sideways/calm
parity,BANKNIFTY,58700.0,2026-09-29,2026-08-19 14:54 IST,2026-08-19 14:54 IST,1,15,860862.0,448.0,1420.45,57390.8,448.0,1420.45,0.0057,4908.38,5e-05,41.01,347.32,388.33,0.0,-388.33,-0.388,gap widened (past the session band),sideways/calm
parity,NIFTY,23800.0,2026-09-29,2026-08-19 15:01 IST,2026-08-20 12:47 IST,1,75,1809390.0,612.0,158.0,24125.2,714.9,105.6,0.00544,9837.49,0.0026,4858.3,671.49,5529.79,2748.4,-2781.39,-2.781,banked (gap < cost),sideways/calm
parity,NIFTY,24200.0,2026-09-29,2026-08-19 15:05 IST,2026-08-21 09:23 IST,1,75,1808730.0,352.7,300.55,24116.4,410.5,226.75,0.0056,10135.61,0.0,0.0,649.11,649.11,2952.34,2303.23,2.303,banked (gap < cost),sideways/calm
parity,BANKNIFTY,58100.0,2026-09-29,2026-08-20 09:17 IST,2026-08-21 13:37 IST,1,15,864696.0,763.35,920.3,57646.4,784.25,846.35,0.00509,4401.48,0.0,0.0,338.13,338.13,64.24,-273.89,-0.274,time exit (past the measured hold),sideways/calm
parity,BANKNIFTY,58200.0,2026-09-29,2026-08-20 09:17 IST,2026-08-24 09:31 IST,1,15,864696.0,722.1,972.55,57646.4,751.7,815.65,0.00519,4488.33,0.0,0.0,338.37,338.37,-43.5,-381.87,-0.382,time exit (past the measured hold),sideways/calm
parity,BANKNIFTY,58300.0,2026-09-29,2026-08-20 09:18 IST,2026-08-20 15:32 IST,1,15,864858.0,683.0,1003.4,57657.2,658.5,986.35,0.00551,4767.57,0.0,0.0,340.06,340.06,-220.8,-560.86,-0.561,gap widened (past the session band),sideways/calm
parity,BANKNIFTY,56000.0,2026-09-29,2026-08-20 09:33 IST,2026-08-25 14:43 IST,1,15,865500.0,2230.0,248.0,57700.0,1940.8,248.2,0.0051,4411.0,0.00328,2956.95,370.28,3327.23,1155.46,-2171.77,-2.172,banked (gap < cost),sideways/calm
parity,BANKNIFTY,58600.0,2026-09-29,2026-08-20 09:49 IST,2026-08-20 09:49 IST,1,15,866388.0,578.55,1115.55,57759.2,578.55,1115.55,0.00516,4467.49,0.0,0.0,341.85,341.85,0.0,-341.85,-0.342,gap widened (past the session band),sideways/calm
parity,BANKNIFTY,58600.0,2026-09-29,2026-08-20 09:58 IST,2026-08-20 09:58 IST,1,15,867330.0,594.15,1084.95,57822.0,594.15,1084.95,0.00487,4225.17,0.0,0.0,340.26,340.26,0.0,-340.26,-0.34,gap widened (past the session band),sideways/calm
parity,NIFTY,23700.0,2026-09-29,2026-08-20 10:24 IST,2026-08-21 09:33 IST,1,75,1820625.0,785.05,93.4,24275.0,765.8,100.2,0.00497,9054.85,0.00135,2540.57,694.93,3235.5,1916.54,-1318.96,-1.319,banked (gap < cost),sideways/calm
parity,NIFTY,23000.0,2026-09-29,2026-08-20 11:21 IST,2026-08-20 11:21 IST,1,75,1819875.0,1385.55,33.05,24265.0,1385.55,33.05,0.00398,7235.92,0.00028,547.84,773.57,1321.41,0.0,-1321.41,-1.321,banked (gap < cost),sideways/calm
parity,NIFTY,23000.0,2026-09-29,2026-08-20 11:24 IST,2026-08-20 12:45 IST,1,75,1819507.0,1388.0,33.15,24260.1,1419.05,31.4,0.00427,7777.09,0.00156,3013.64,773.3,3786.94,523.21,-3263.73,-3.264,banked (gap < cost),sideways/calm
parity,NIFTY,23300.0,2026-09-29,2026-08-20 12:40 IST,2026-08-20 14:23 IST,1,75,1822245.0,1141.0,47.5,24296.6,1151.8,48.05,0.00428,7798.07,0.0,0.0,725.3,725.3,592.04,-133.26,-0.133,banked (gap < cost),sideways/calm
parity,NIFTY,23000.0,2026-09-29,2026-08-20 12:48 IST,2026-08-20 13:02 IST,1,75,1824750.0,1457.4,30.35,24330.0,1448.95,31.4,0.00438,7986.78,0.00026,497.38,780.45,1277.83,787.27,-490.56,-0.491,banked (gap < cost),sideways/calm
parity,NIFTY,23800.0,2026-09-29,2026-08-20 12:49 IST,2026-08-20 12:55 IST,1,75,1824518.0,729.5,102.6,24326.9,730.75,102.45,0.00426,7780.47,0.0,0.0,687.35,687.35,500.58,-186.77,-0.187,banked (gap < cost),sideways/calm
parity,BANKNIFTY,57200.0,2026-09-29,2026-08-20 12:51 IST,2026-08-25 14:04 IST,1,15,867600.0,1395.0,471.6,57840.0,1037.0,607.85,0.00498,4319.14,0.00295,2637.15,347.13,2984.28,535.02,-2449.26,-2.449,time exit (past the measured hold),sideways/calm
parity,NIFTY,23800.0,2026-09-29,2026-08-20 12:59 IST,2026-08-21 09:23 IST,1,75,1824825.0,738.05,102.65,24331.0,694.25,116.25,0.00445,8112.68,0.00146,2752.02,689.42,3441.44,1089.5,-2351.94,-2.352,banked (gap < cost),sideways/calm
parity,NIFTY,23000.0,2026-09-29,2026-08-20 13:04 IST,2026-08-20 14:34 IST,1,75,1824300.0,1448.15,31.75,24324.0,1440.1,31.9,0.00419,7634.83,0.00012,230.62,782.92,1013.54,390.71,-622.83,-0.623,banked (gap < cost),sideways/calm
parity,NIFTY,24100.0,2026-09-29,2026-08-20 13:22 IST,2026-08-21 09:23 IST,1,75,1824300.0,508.35,173.7,24324.0,473.2,193.05,0.00461,8418.0,0.00032,606.54,658.46,1265.0,1391.31,126.31,0.126,banked (gap < cost),sideways/calm
parity,NIFTY,23000.0,2026-09-29,2026-08-20 14:36 IST,2026-08-20 14:43 IST,1,75,1823685.0,1439.65,31.85,24315.8,1436.0,31.35,0.00417,7600.41,0.00072,1394.6,781.65,2176.25,550.18,-1626.07,-1.626,banked (gap < cost),sideways/calm
parity,NIFTY,23300.0,2026-09-29,2026-08-20 14:51 IST,2026-08-24 12:35 IST,1,75,1823438.0,1165.05,47.15,24312.5,1073.05,52.05,0.00463,8444.01,0.0,0.0,746.68,746.68,21.68,-725.0,-0.725,time exit (past the measured hold),sideways/calm
parity,NIFTY,23000.0,2026-09-29,2026-08-20 14:53 IST,2026-08-20 14:55 IST,1,75,1823288.0,1434.6,31.1,24310.5,1435.6,30.95,0.00421,7672.64,0.00028,545.93,779.89,1325.82,609.06,-716.76,-0.717,banked (gap < cost),sideways/calm
parity,NIFTY,23000.0,2026-09-29,2026-08-20 14:58 IST,2026-08-21 09:17 IST,1,75,1823257.0,1434.55,31.0,24310.1,1425.0,31.1,0.00423,7706.21,0.00184,3549.64,780.48,4330.12,733.68,-3596.44,-3.596,banked (gap < cost),sideways/calm
parity,NIFTY,23000.0,2026-09-29,2026-08-21 09:22 IST,2026-08-21 09:22 IST,1,75,1821000.0,1395.2,33.05,24280.0,1395.2,33.05,0.00375,6825.68,0.0,0.0,776.9,776.9,0.0,-776.9,-0.777,banked (gap < cost),sideways/calm
parity,NIFTY,23500.0,2026-09-29,2026-08-21 09:22 IST,2026-08-21 09:22 IST,1,75,1821000.0,942.0,71.2,24280.0,942.0,71.2,0.00396,7214.89,0.0,0.0,718.97,718.97,0.0,-718.97,-0.719,banked (gap < cost),sideways/calm
parity,BANKNIFTY,56500.0,2026-09-29,2026-08-21 09:23 IST,2026-08-25 15:02 IST,1,15,864225.0,1750.0,336.75,57615.0,1589.0,352.55,0.00531,4589.51,0.00021,186.98,354.58,541.56,1152.22,610.66,0.611,banked (gap < cost),sideways/calm
parity,NIFTY,23000.0,2026-09-29,2026-08-21 09:24 IST,2026-08-21 09:24 IST,1,75,1821240.0,1400.0,33.05,24283.2,1400.0,33.05,0.00381,6947.4,0.00224,4328.43,774.7,5103.13,0.0,-5103.13,-5.103,banked (gap < cost),sideways/calm
parity,NIFTY,23900.0,2026-09-29,2026-08-21 09:25 IST,2026-08-21 09:30 IST,1,75,1820550.0,615.0,138.75,24274.0,612.75,139.55,0.00432,7862.89,0.0,0.76,672.56,673.32,677.41,4.09,0.004,banked (gap < cost),sideways/calm
parity,NIFTY,24000.0,2026-09-29,2026-08-21 09:26 IST,2026-08-21 09:30 IST,1,75,1820250.0,540.0,167.0,24270.0,540.7,166.55,0.00432,7865.15,0.00361,6762.92,662.68,7425.6,661.53,-6764.07,-6.764,banked (gap < cost),sideways/calm
parity,NIFTY,24500.0,2026-09-29,2026-08-21 09:26 IST,2026-08-21 09:30 IST,1,75,1820250.0,243.0,365.85,24270.0,241.9,364.9,0.00435,7916.86,0.00186,3470.59,643.62,4114.21,759.01,-3355.2,-3.355,banked (gap < cost),sideways/calm
parity,NIFTY,24600.0,2026-09-29,2026-08-21 09:26 IST,2026-08-21 09:33 IST,1,75,1820250.0,199.0,419.0,24270.0,196.05,422.8,0.00444,8078.7,0.00022,410.21,644.9,1055.11,835.31,-219.8,-0.22,banked (gap < cost),sideways/calm
parity,NIFTY,23000.0,2026-09-29,2026-08-21 09:27 IST,2026-08-21 09:27 IST,1,75,1820430.0,1390.8,32.95,24272.4,1390.8,32.95,0.00388,7069.21,0.00346,6661.01,774.25,7435.26,0.0,-7435.26,-7.435,banked (gap < cost),sideways/calm
parity,NIFTY,24100.0,2026-09-29,2026-08-21 09:27 IST,2026-08-21 09:30 IST,1,75,1820430.0,470.25,196.05,24272.4,470.35,195.3,0.00424,7724.46,0.00175,3263.63,654.6,3918.23,504.54,-3413.69,-3.414,banked (gap < cost),sideways/calm
parity,NIFTY,24200.0,2026-09-29,2026-08-21 09:27 IST,2026-08-21 09:30 IST,1,75,1820430.0,406.05,230.7,24272.4,405.75,230.15,0.00426,7758.8,0.00332,6194.67,649.18,6843.85,549.53,-6294.32,-6.294,banked (gap < cost),sideways/calm
parity,NIFTY,24400.0,2026-09-29,2026-08-21 09:27 IST,2026-08-21 09:30 IST,1,75,1820430.0,290.0,317.5,24272.4,290.0,315.35,0.00409,7441.24,0.00199,3710.95,643.19,4354.14,406.98,-3947.16,-3.947,banked (gap < cost),sideways/calm
parity,NIFTY,23500.0,2026-09-29,2026-08-21 09:28 IST,2026-08-21 09:30 IST,1,75,1820625.0,942.95,70.4,24275.0,942.0,70.65,0.00424,7718.54,0.00025,472.84,718.0,1190.84,463.9,-726.94,-0.727,banked (gap < cost),sideways/calm
parity,BANKNIFTY,57100.0,2026-09-29,2026-08-21 09:29 IST,2026-08-26 09:15 IST,1,15,865050.0,1337.0,494.05,57670.0,1408.25,370.3,0.0048,4153.43,0.0,0.0,344.8,344.8,3957.39,3612.59,3.613,banked (gap < cost),sideways/calm
parity,BANKNIFTY,58600.0,2026-09-29,2026-08-21 09:29 IST,2026-08-21 09:29 IST,1,15,865050.0,533.0,1169.2,57670.0,533.0,1169.2,0.00498,4310.45,0.0,0.0,339.36,339.36,0.0,-339.36,-0.339,gap widened (past the session band),sideways/calm
parity,NIFTY,23800.0,2026-09-29,2026-08-21 09:32 IST,2026-08-21 09:34 IST,1,75,1819845.0,687.75,118.0,24264.6,680.7,120.0,0.00447,8127.45,0.00323,6067.3,682.21,6749.51,933.02,-5816.49,-5.816,banked (gap < cost),sideways/calm
parity,NIFTY,23000.0,2026-09-29,2026-08-21 09:33 IST,2026-08-21 09:33 IST,1,75,1820580.0,1386.3,32.55,24274.4,1386.3,32.55,0.00363,6612.75,0.00028,542.55,775.03,1317.58,0.0,-1317.58,-1.318,banked (gap < cost),sideways/calm
parity,NIFTY,24100.0,2026-09-29,2026-08-21 09:33 IST,2026-08-21 09:43 IST,1,75,1820580.0,470.45,198.2,24274.4,479.0,190.4,0.00408,7429.25,0.0036,6734.76,654.62,7389.38,246.8,-7142.58,-7.143,banked (gap < cost),sideways/calm
parity,NIFTY,23500.0,2026-09-29,2026-08-21 09:34 IST,2026-08-21 09:34 IST,1,75,1820100.0,926.3,72.05,24268.0,926.3,72.05,0.00377,6867.41,0.00012,235.0,717.39,952.39,0.0,-952.39,-0.952,banked (gap < cost),sideways/calm
parity,NIFTY,23900.0,2026-09-29,2026-08-21 09:34 IST,2026-08-21 09:34 IST,1,75,1820100.0,605.0,143.0,24268.0,605.0,143.0,0.00398,7241.02,0.00034,644.53,670.84,1315.37,0.0,-1315.37,-1.315,banked (gap < cost),sideways/calm
parity,NIFTY,24000.0,2026-09-29,2026-08-21 09:35 IST,2026-08-21 09:39 IST,1,75,1820025.0,538.2,168.45,24267.0,537.45,166.55,0.00431,7844.85,0.00022,415.2,661.95,1077.15,661.52,-415.63,-0.416,banked (gap < cost),sideways/calm
parity,NIFTY,24200.0,2026-09-29,2026-08-21 09:35 IST,2026-08-21 09:39 IST,1,75,1820025.0,403.7,233.55,24267.0,403.9,230.7,0.00427,7771.03,0.00022,414.06,648.76,1062.82,519.05,-543.77,-0.544,banked (gap < cost),sideways/calm
parity,NIFTY,24400.0,2026-09-29,2026-08-21 09:35 IST,2026-08-21 09:39 IST,1,75,1820025.0,289.3,318.95,24267.0,289.2,317.0,0.00422,7682.21,0.00022,413.6,643.48,1057.08,608.97,-448.11,-0.448,banked (gap < cost),sideways/calm
parity,NIFTY,24500.0,2026-09-29,2026-08-21 09:35 IST,2026-08-21 09:43 IST,1,75,1820025.0,239.8,369.05,24267.0,246.9,356.05,0.00421,7660.3,0.00022,413.61,643.62,1057.23,518.88,-538.35,-0.538,banked (gap < cost),sideways/calm
parity,NIFTY,24600.0,2026-09-29,2026-08-21 09:35 IST,2026-08-21 09:43 IST,1,75,1820025.0,195.4,424.9,24267.0,201.95,409.4,0.00417,7589.64,0.00022,413.83,646.13,1059.96,372.71,-687.25,-0.687,banked (gap < cost),sideways/calm
parity,NIFTY,23500.0,2026-09-29,2026-08-21 09:38 IST,2026-08-21 09:43 IST,1,75,1819875.0,933.0,71.0,24265.0,947.9,67.7,0.00422,7672.1,0.00059,1124.88,716.48,1841.36,810.59,-1030.77,-1.031,banked (gap < cost),sideways/calm
parity,NIFTY,23900.0,2026-09-29,2026-08-21 09:39 IST,2026-08-21 09:39 IST,1,75,1820775.0,610.05,139.95,24277.0,610.05,139.95,0.00394,7178.19,0.002,3749.51,670.64,4420.15,0.0,-4420.15,-4.42,banked (gap < cost),sideways/calm
parity,NIFTY,23000.0,2026-09-29,2026-08-21 09:40 IST,2026-08-21 09:40 IST,1,75,1820250.0,1388.0,31.8,24270.0,1388.0,31.8,0.00391,7124.24,0.00303,5839.04,773.35,6612.39,0.0,-6612.39,-6.612,banked (gap < cost),sideways/calm
parity,NIFTY,24000.0,2026-09-29,2026-08-21 09:41 IST,2026-08-21 09:43 IST,1,75,1820602.0,545.0,163.85,24274.7,548.75,161.45,0.00446,8126.4,0.00166,3118.73,662.26,3780.99,989.41,-2791.58,-2.792,banked (gap < cost),sideways/calm
parity,NIFTY,24200.0,2026-09-29,2026-08-21 09:41 IST,2026-08-21 09:43 IST,1,75,1820602.0,410.0,227.85,24274.7,412.75,224.9,0.00445,8097.58,0.00039,727.23,648.7,1375.93,1023.11,-352.82,-0.353,banked (gap < cost),sideways/calm
parity,NIFTY,24400.0,2026-09-29,2026-08-21 09:41 IST,2026-08-21 09:43 IST,1,75,1820602.0,293.65,312.1,24274.7,297.0,306.8,0.00437,7948.77,0.00039,726.35,642.89,1369.24,801.92,-567.32,-0.567,banked (gap < cost),sideways/calm
parity,NIFTY,24700.0,2026-09-29,2026-08-21 09:41 IST,2026-08-26 09:15 IST,1,75,1820602.0,161.3,474.0,24274.7,190.2,356.5,0.00452,8224.29,0.00074,1379.68,649.01,2028.69,6844.6,4815.91,4.816,banked (gap < cost),sideways/calm
parity,NIFTY,23000.0,2026-09-29,2026-08-21 09:42 IST,2026-08-21 09:42 IST,1,75,1821075.0,1400.0,30.95,24281.0,1400.0,30.95,0.00399,7268.7,0.00077,1478.87,773.39,2252.26,0.0,-2252.26,-2.252,banked (gap < cost),sideways/calm
parity,NIFTY,24000.0,2026-09-29,2026-08-21 09:45 IST,2026-08-21 09:46 IST,1,75,1822125.0,553.5,160.4,24295.0,549.9,161.2,0.00412,7510.63,0.00278,5208.85,663.62,5872.47,277.71,-5594.76,-5.595,banked (gap < cost),sideways/calm
parity,NIFTY,24100.0,2026-09-29,2026-08-21 09:45 IST,2026-08-21 09:46 IST,1,75,1822125.0,482.25,187.9,24295.0,480.0,189.95,0.00414,7552.47,0.00045,833.57,655.27,1488.84,270.21,-1218.63,-1.219,banked (gap < cost),sideways/calm
parity,NIFTY,24200.0,2026-09-29,2026-08-21 09:45 IST,2026-08-21 09:46 IST,1,75,1822125.0,415.65,222.65,24295.0,413.9,224.45,0.00406,7399.31,0.00159,2973.58,649.44,3623.02,213.96,-3409.06,-3.409,banked (gap < cost),sideways/calm
parity,NIFTY,24400.0,2026-09-29,2026-08-21 09:45 IST,2026-08-21 09:46 IST,1,75,1822125.0,297.9,304.1,24295.0,297.5,307.1,0.00404,7355.5,0.00145,2716.33,643.14,3359.47,202.72,-3156.75,-3.157,banked (gap < cost),sideways/calm
parity,NIFTY,24500.0,2026-09-29,2026-08-21 09:45 IST,2026-08-21 09:46 IST,1,75,1822125.0,248.65,353.75,24295.0,246.95,356.6,0.00405,7386.09,0.00177,3305.92,642.75,3948.67,288.97,-3659.7,-3.66,banked (gap < cost),sideways/calm
parity,NIFTY,24600.0,2026-09-29,2026-08-21 09:45 IST,2026-08-26 09:15 IST,1,75,1822125.0,203.3,406.5,24295.0,235.5,310.0,0.0041,7476.68,0.00224,4179.37,644.23,4823.6,6660.47,1836.87,1.837,banked (gap < cost),sideways/calm
parity,NIFTY,24800.0,2026-09-29,2026-08-21 09:45 IST,2026-08-26 09:15 IST,1,75,1822125.0,129.25,528.2,24295.0,149.95,419.45,0.00422,7691.61,0.00045,833.34,653.9,1487.24,6593.49,5106.25,5.106,banked (gap < cost),sideways/calm
parity,NIFTY,23000.0,2026-09-29,2026-08-21 09:46 IST,2026-08-21 09:46 IST,1,75,1822073.0,1408.2,31.0,24294.3,1408.2,31.0,0.00378,6889.29,0.0,0.0,776.46,776.46,0.0,-776.46,-0.776,banked (gap < cost),sideways/calm
parity,NIFTY,23500.0,2026-09-29,2026-08-21 09:46 IST,2026-08-21 09:46 IST,1,75,1822073.0,950.0,68.0,24294.3,950.0,68.0,0.00384,6989.75,0.00113,2154.77,719.83,2874.6,0.0,-2874.6,-2.875,banked (gap < cost),sideways/calm
parity,NIFTY,23000.0,2026-09-29,2026-08-21 09:48 IST,2026-08-21 09:48 IST,1,75,1821750.0,1404.85,30.7,24290.0,1404.85,30.7,0.00383,6980.87,0.00036,687.34,775.46,1462.8,0.0,-1462.8,-1.463,banked (gap < cost),sideways/calm
parity,NIFTY,23500.0,2026-09-29,2026-08-21 09:48 IST,2026-08-21 09:48 IST,1,75,1821750.0,947.85,67.55,24290.0,947.85,67.55,0.00394,7182.58,0.00211,4000.46,718.98,4719.44,0.0,-4719.44,-4.719,banked (gap < cost),sideways/calm
parity,NIFTY,24000.0,2026-09-29,2026-08-21 09:48 IST,2026-08-21 09:54 IST,1,75,1821750.0,551.2,160.95,24290.0,555.4,158.6,0.00421,7669.29,0.00036,668.02,663.54,1331.56,406.11,-925.45,-0.925,banked (gap < cost),sideways/calm
parity,NIFTY,24200.0,2026-09-29,2026-08-21 09:48 IST,2026-08-21 10:30 IST,1,75,1821750.0,415.7,223.4,24290.0,423.0,217.65,0.00424,7719.22,0.0012,2238.94,649.66,2888.6,501.91,-2386.69,-2.387,banked (gap < cost),sideways/calm
parity,NIFTY,24400.0,2026-09-29,2026-08-21 09:48 IST,2026-08-21 09:54 IST,1,75,1821750.0,299.15,305.3,24290.0,300.85,301.0,0.00424,7731.65,0.00192,3580.63,642.99,4223.62,447.37,-3776.25,-3.776,banked (gap < cost),sideways/calm
parity,NIFTY,24500.0,2026-09-29,2026-08-21 09:48 IST,2026-08-21 09:54 IST,1,75,1821750.0,249.0,354.15,24290.0,250.25,351.25,0.00426,7754.74,0.00229,4272.58,642.92,4915.5,586.06,-4329.44,-4.329,banked (gap < cost),sideways/calm
parity,NIFTY,23800.0,2026-09-29,2026-08-21 09:49 IST,2026-08-21 10:32 IST,1,75,1821750.0,700.85,112.35,24290.0,710.1,109.65,0.00419,7641.85,0.0,0.0,683.15,683.15,427.26,-255.89,-0.256,banked (gap < cost),sideways/calm
parity,NIFTY,23500.0,2026-09-29,2026-08-21 09:50 IST,2026-08-21 09:50 IST,1,75,1821750.0,948.0,68.0,24290.0,948.0,68.0,0.00393,7160.08,0.00087,1656.84,719.34,2376.18,0.0,-2376.18,-2.376,banked (gap < cost),sideways/calm
parity,NIFTY,23000.0,2026-09-29,2026-08-21 09:51 IST,2026-08-21 09:51 IST,1,75,1821870.0,1409.7,30.6,24291.6,1409.7,30.6,0.00397,7232.98,0.00212,4094.67,775.96,4870.63,0.0,-4870.63,-4.871,banked (gap < cost),sideways/calm
parity,NIFTY,23700.0,2026-09-29,2026-08-21 09:51 IST,2026-08-21 09:56 IST,1,75,1821870.0,787.2,94.0,24291.6,780.55,94.0,0.00435,7927.12,0.00192,3631.48,695.28,4326.76,753.02,-3573.74,-3.574,banked (gap < cost),sideways/calm
parity,NIFTY,24100.0,2026-09-29,2026-08-21 09:51 IST,2026-08-25 12:49 IST,1,75,1821870.0,483.75,187.7,24291.6,424.3,196.2,0.00435,7933.24,0.00036,666.9,655.43,1322.33,-3850.89,-5173.22,-5.173,time exit (past the measured hold),sideways/calm
parity,NIFTY,23900.0,2026-09-29,2026-08-21 09:52 IST,2026-08-21 10:30 IST,1,75,1821750.0,624.45,132.7,24290.0,634.0,130.1,0.0043,7833.69,0.00015,289.74,671.12,960.86,569.45,-391.41,-0.391,banked (gap < cost),sideways/calm
parity,NIFTY,23000.0,2026-09-29,2026-08-21 09:53 IST,2026-08-21 09:53 IST,1,75,1822125.0,1411.6,30.55,24295.0,1411.6,30.55,0.00391,7125.96,0.00083,1610.67,776.38,2387.05,0.0,-2387.05,-2.387,banked (gap < cost),sideways/calm
parity,NIFTY,23000.0,2026-09-29,2026-08-21 09:55 IST,2026-08-21 09:56 IST,1,75,1821825.0,1410.75,30.75,24291.0,1406.4,30.75,0.00403,7345.14,0.00248,4796.84,777.32,5574.16,625.28,-4948.88,-4.949,banked (gap < cost),sideways/calm
parity,NIFTY,24000.0,2026-09-29,2026-08-21 09:56 IST,2026-08-26 09:15 IST,1,75,1822125.0,551.2,160.0,24295.0,630.0,107.5,0.00404,7368.13,0.00043,804.26,664.31,1468.57,6505.7,5037.13,5.037,banked (gap < cost),sideways/calm
parity,NIFTY,24400.0,2026-09-29,2026-08-21 09:56 IST,2026-08-26 09:15 IST,1,75,1822125.0,298.55,303.3,24295.0,346.05,220.4,0.0041,7464.25,0.00043,800.65,642.69,1443.34,6547.15,5103.81,5.104,banked (gap < cost),sideways/calm
parity,NIFTY,24500.0,2026-09-29,2026-08-21 09:56 IST,2026-08-26 09:15 IST,1,75,1822125.0,249.2,352.5,24295.0,287.3,262.95,0.00413,7521.09,0.00043,800.63,642.56,1443.19,6745.49,5302.3,5.302,banked (gap < cost),sideways/calm
parity,NIFTY,23500.0,2026-09-29,2026-08-21 09:57 IST,2026-08-21 10:00 IST,1,75,1821375.0,950.0,67.8,24285.0,956.2,66.8,0.00423,7697.48,0.00073,1394.58,719.9,2114.48,506.88,-1607.6,-1.608,banked (gap < cost),sideways/calm
parity,NIFTY,23000.0,2026-09-29,2026-08-21 10:00 IST,2026-08-21 10:00 IST,1,75,1822425.0,1410.6,30.75,24299.0,1410.6,30.75,0.0037,6738.04,0.00244,4717.82,776.37,5494.19,0.0,-5494.19,-5.494,banked (gap < cost),sideways/calm
parity,NIFTY,23000.0,2026-09-29,2026-08-21 10:02 IST,2026-08-21 10:03 IST,1,75,1821300.0,1407.1,30.75,24284.0,1403.9,30.85,0.00417,7592.75,0.00038,729.42,776.18,1505.6,314.83,-1190.77,-1.191,banked (gap < cost),sideways/calm
parity,NIFTY,23000.0,2026-09-29,2026-08-21 10:05 IST,2026-08-21 10:06 IST,1,75,1821060.0,1402.35,30.9,24280.8,1402.9,30.95,0.0041,7463.54,0.00185,3574.14,775.4,4349.54,201.73,-4147.81,-4.148,banked (gap < cost),sideways/calm
parity,NIFTY,23500.0,2026-09-29,2026-08-21 10:05 IST,2026-08-21 10:27 IST,1,75,1821060.0,946.35,68.0,24280.8,951.55,67.05,0.00424,7721.49,0.00352,6675.03,719.62,7394.65,607.93,-6786.72,-6.787,banked (gap < cost),sideways/calm
parity,NIFTY,23600.0,2026-09-29,2026-08-21 10:06 IST,2026-08-21 10:31 IST,1,75,1821300.0,860.0,79.75,24284.0,877.75,76.95,0.00416,7573.8,0.00022,418.85,704.28,1123.13,328.23,-794.9,-0.795,banked (gap < cost),sideways/calm
parity,NIFTY,23000.0,2026-09-29,2026-08-21 10:08 IST,2026-08-21 10:11 IST,1,75,1820662.0,1400.45,31.3,24275.5,1402.15,31.15,0.00422,7685.84,0.00048,927.44,775.31,1702.75,459.47,-1243.28,-1.243,banked (gap < cost),sideways/calm
parity,NIFTY,23000.0,2026-09-29,2026-08-21 10:13 IST,2026-08-21 10:13 IST,1,75,1821502.0,1405.55,31.05,24286.7,1405.55,31.05,0.00398,7252.97,0.00094,1810.7,775.51,2586.21,0.0,-2586.21,-2.586,banked (gap < cost),sideways/calm
parity,BANKNIFTY,58600.0,2026-09-29,2026-08-21 10:16 IST,2026-08-21 10:16 IST,1,15,866835.0,577.5,1105.65,57789.0,577.5,1105.65,0.0048,4158.55,0.0,0.0,338.95,338.95,0.0,-338.95,-0.339,gap widened (past the session band),sideways/calm
parity,NIFTY,23700.0,2026-09-29,2026-08-21 10:16 IST,2026-08-21 10:28 IST,1,75,1821600.0,779.9,95.85,24288.0,783.75,93.5,0.00412,7508.97,0.0,0.0,694.68,694.68,424.82,-269.86,-0.27,banked (gap < cost),sideways/calm
parity,NIFTY,23000.0,2026-09-29,2026-08-21 10:17 IST,2026-08-21 10:17 IST,1,75,1821780.0,1405.0,31.1,24290.4,1405.0,31.1,0.00381,6932.3,0.00314,6061.96,775.43,6837.39,0.0,-6837.39,-6.837,banked (gap < cost),sideways/calm
parity,NIFTY,23000.0,2026-09-29,2026-08-21 10:20 IST,2026-08-21 10:24 IST,1,75,1821075.0,1404.05,31.1,24281.0,1412.0,30.7,0.00415,7561.2,0.00314,6052.81,775.44,6828.25,540.14,-6288.11,-6.288,banked (gap < cost),sideways/calm
parity,NIFTY,25200.0,2026-09-29,2026-08-21 10:24 IST,2026-08-25 14:02 IST,1,75,1822245.0,45.3,833.7,24296.6,32.35,899.55,0.00448,8156.09,0.00346,6530.75,697.37,7228.12,-3786.2,-11014.32,-11.014,time exit (past the measured hold),sideways/calm
parity,NIFTY,23000.0,2026-09-29,2026-08-21 10:28 IST,2026-08-21 10:28 IST,1,75,1822493.0,1415.0,30.8,24299.9,1415.0,30.8,0.00384,6997.23,0.0001,184.15,776.56,960.71,0.0,-960.71,-0.961,banked (gap < cost),sideways/calm
parity,NIFTY,23000.0,2026-09-29,2026-08-21 10:32 IST,2026-08-21 10:32 IST,1,75,1823077.0,1418.2,30.5,24307.7,1418.2,30.5,0.00366,6678.86,0.0,0.0,778.02,778.02,0.0,-778.02,-0.778,banked (gap < cost),sideways/calm
parity,NIFTY,23500.0,2026-09-29,2026-08-21 10:32 IST,2026-08-21 10:32 IST,1,75,1823077.0,960.25,65.8,24307.7,960.25,65.8,0.0038,6925.57,0.00289,5488.45,719.96,6208.41,0.0,-6208.41,-6.208,banked (gap < cost),sideways/calm
parity,NIFTY,23700.0,2026-09-29,2026-08-21 10:33 IST,2026-08-21 13:51 IST,1,75,1822575.0,793.05,92.5,24301.0,777.0,94.6,0.00427,7778.22,0.00017,319.83,698.54,1018.37,695.75,-322.62,-0.323,banked (gap < cost),sideways/calm
parity,NIFTY,24200.0,2026-09-29,2026-08-21 10:35 IST,2026-08-25 11:45 IST,1,75,1822425.0,421.6,217.95,24299.0,352.7,238.3,0.00433,7900.14,0.00252,4710.95,650.39,5361.34,-3335.57,-8696.91,-8.697,time exit (past the measured hold),sideways/calm
parity,NIFTY,23500.0,2026-09-29,2026-08-21 10:38 IST,2026-08-21 10:45 IST,1,75,1822185.0,961.5,65.8,24295.8,964.05,64.5,0.00434,7905.53,0.0028,5315.13,720.63,6035.76,623.52,-5412.24,-5.412,banked (gap < cost),sideways/calm
parity,NIFTY,23800.0,2026-09-29,2026-08-21 10:38 IST,2026-08-21 11:18 IST,1,75,1822185.0,710.0,109.8,24295.8,710.0,108.95,0.00444,8087.3,0.00101,1900.43,684.93,2585.36,923.23,-1662.13,-1.662,banked (gap < cost),sideways/calm
parity,NIFTY,23000.0,2026-09-29,2026-08-21 10:41 IST,2026-08-21 10:41 IST,1,75,1822500.0,1417.85,30.55,24300.0,1417.85,30.55,0.00396,7222.31,0.00036,698.42,777.79,1476.21,0.0,-1476.21,-1.476,banked (gap < cost),sideways/calm
parity,NIFTY,23900.0,2026-09-29,2026-08-21 10:41 IST,2026-08-21 13:51 IST,1,75,1822500.0,630.5,130.2,24300.0,617.8,133.2,0.00424,7730.13,0.00317,5950.42,673.33,6623.75,586.75,-6037.0,-6.037,banked (gap < cost),sideways/calm
parity,NIFTY,23000.0,2026-09-29,2026-08-21 10:44 IST,2026-08-21 10:44 IST,1,75,1822950.0,1422.9,30.3,24306.0,1422.9,30.3,0.00393,7172.93,0.0028,5400.38,778.85,6179.23,0.0,-6179.23,-6.179,banked (gap < cost),sideways/calm
parity,NIFTY,23000.0,2026-09-29,2026-08-21 10:46 IST,2026-08-21 10:46 IST,1,75,1822973.0,1423.45,30.1,24306.3,1423.45,30.1,0.00395,7206.77,0.00154,2967.46,778.83,3746.29,0.0,-3746.29,-3.746,banked (gap < cost),sideways/calm
parity,NIFTY,23000.0,2026-09-29,2026-08-21 10:48 IST,2026-08-21 10:48 IST,1,75,1822860.0,1418.45,30.4,24304.8,1418.45,30.4,0.0038,6920.99,0.00012,232.34,778.04,1010.38,0.0,-1010.38,-1.01,banked (gap < cost),sideways/calm
parity,NIFTY,23500.0,2026-09-29,2026-08-21 10:48 IST,2026-08-21 10:48 IST,1,75,1822860.0,960.0,65.3,24304.8,960.0,65.3,0.00393,7160.2,0.00348,6619.13,721.57,7340.7,0.0,-7340.7,-7.341,banked (gap < cost),sideways/calm
parity,NIFTY,23000.0,2026-09-29,2026-08-21 10:53 IST,2026-08-21 10:53 IST,1,75,1823243.0,1428.15,30.2,24309.9,1428.15,30.2,0.00399,7283.67,0.00332,6409.88,779.14,7189.02,0.0,-7189.02,-7.189,banked (gap < cost),sideways/calm
parity,NIFTY,23000.0,2026-09-29,2026-08-21 10:57 IST,2026-08-21 10:57 IST,1,75,1822875.0,1422.6,30.1,24305.0,1422.6,30.1,0.00397,7239.91,0.00263,5085.54,778.88,5864.42,0.0,-5864.42,-5.864,banked (gap < cost),sideways/calm
parity,NIFTY,23500.0,2026-09-29,2026-08-21 10:57 IST,2026-08-21 11:19 IST,1,75,1822875.0,966.85,65.1,24305.0,961.2,65.6,0.00421,7674.11,0.0,0.0,721.52,721.52,461.25,-260.27,-0.26,banked (gap < cost),sideways/calm
parity,NIFTY,23000.0,2026-09-29,2026-08-21 11:02 IST,2026-08-21 11:04 IST,1,75,1823257.0,1430.0,30.25,24310.1,1426.15,30.25,0.00406,7403.83,0.00263,5078.24,779.22,5857.46,131.74,-5725.72,-5.726,banked (gap < cost),sideways/calm
parity,NIFTY,23000.0,2026-09-29,2026-08-21 11:06 IST,2026-08-21 11:06 IST,1,75,1823625.0,1430.1,30.2,24315.0,1430.1,30.2,0.00387,7050.1,5e-05,91.8,779.14,870.94,0.0,-870.94,-0.871,banked (gap < cost),sideways/calm
parity,NIFTY,23000.0,2026-09-29,2026-08-21 11:14 IST,2026-08-21 11:14 IST,1,75,1823175.0,1425.05,30.3,24309.0,1425.05,30.3,0.0039,7110.74,0.00041,787.16,778.66,1565.82,0.0,-1565.82,-1.566,banked (gap < cost),sideways/calm
parity,NIFTY,23000.0,2026-09-29,2026-08-21 11:20 IST,2026-08-21 11:20 IST,1,75,1822800.0,1420.15,30.5,24304.0,1420.15,30.5,0.0039,7100.64,0.00024,464.13,777.99,1242.12,0.0,-1242.12,-1.242,banked (gap < cost),sideways/calm
parity,NIFTY,23500.0,2026-09-29,2026-08-21 11:21 IST,2026-08-21 13:30 IST,1,75,1822507.0,964.7,65.55,24300.1,956.7,65.75,0.0043,7844.1,0.00335,6358.97,720.73,7079.7,555.26,-6524.44,-6.524,banked (gap < cost),sideways/calm
parity,NIFTY,23000.0,2026-09-29,2026-08-21 11:23 IST,2026-08-21 11:26 IST,1,75,1822725.0,1422.35,30.45,24303.0,1423.35,30.5,0.00403,7343.87,0.00186,3583.7,778.3,4362.0,160.53,-4201.47,-4.201,banked (gap < cost),sideways/calm
parity,NIFTY,23800.0,2026-09-29,2026-08-21 11:23 IST,2026-08-25 09:21 IST,1,75,1822725.0,714.15,108.8,24303.0,650.7,113.6,0.00435,7937.35,0.00072,1352.0,684.69,2036.69,-1778.46,-3815.15,-3.815,time exit (past the measured hold),sideways/calm
parity,NIFTY,23000.0,2026-09-29,2026-08-21 11:30 IST,2026-08-21 11:30 IST,1,75,1823625.0,1430.0,30.2,24315.0,1430.0,30.2,0.00386,7042.6,9e-05,169.38,779.38,948.76,0.0,-948.76,-0.949,banked (gap < cost),sideways/calm
parity,NIFTY,23000.0,2026-09-29,2026-08-21 11:34 IST,2026-08-21 11:37 IST,1,75,1822882.0,1426.85,30.2,24305.1,1422.7,30.3,0.00414,7543.74,0.00218,4214.86,779.28,4994.14,363.59,-4630.55,-4.631,banked (gap < cost),sideways/calm
parity,NIFTY,23000.0,2026-09-29,2026-08-21 11:42 IST,2026-08-21 11:47 IST,1,75,1822500.0,1419.0,30.55,24300.0,1418.5,30.45,0.00401,7308.56,0.00187,3603.09,777.74,4380.83,22.55,-4358.28,-4.358,banked (gap < cost),sideways/calm
parity,NIFTY,23000.0,2026-09-29,2026-08-21 11:52 IST,2026-08-21 11:57 IST,1,75,1822343.0,1420.9,30.7,24297.9,1411.6,30.95,0.00417,7596.19,0.00064,1235.82,778.44,2014.26,349.81,-1664.45,-1.664,banked (gap < cost),sideways/calm
parity,BANKNIFTY,57600.0,2026-09-29,2026-08-21 11:56 IST,2026-08-26 09:15 IST,1,15,866775.0,1080.05,624.2,57785.0,1043.4,527.2,0.00471,4081.96,0.0,0.0,340.88,340.88,3909.07,3568.19,3.568,banked (gap < cost),sideways/calm
parity,BANKNIFTY,57800.0,2026-09-29,2026-08-21 11:56 IST,2026-08-25 14:29 IST,1,15,866775.0,964.45,701.0,57785.0,722.7,838.4,0.00482,4175.19,0.0,0.0,339.45,339.45,67.4,-272.05,-0.272,time exit (past the measured hold),sideways/calm
parity,NIFTY,23000.0,2026-09-29,2026-08-21 12:04 IST,2026-08-21 12:04 IST,1,75,1821975.0,1411.2,31.1,24293.0,1411.2,31.1,0.00395,7203.67,0.0011,2117.02,776.62,2893.64,0.0,-2893.64,-2.894,banked (gap < cost),sideways/calm
parity,NIFTY,23000.0,2026-09-29,2026-08-21 12:07 IST,2026-08-21 12:16 IST,1,75,1821893.0,1418.0,31.15,24291.9,1405.8,31.7,0.00428,7791.83,0.00149,2883.9,776.93,3660.83,515.01,-3145.82,-3.146,banked (gap < cost),sideways/calm
parity,NIFTY,23000.0,2026-09-29,2026-08-21 12:20 IST,2026-08-21 12:45 IST,1,75,1821975.0,1413.1,31.35,24293.0,1407.75,30.75,0.00402,7327.43,0.0,0.0,776.69,776.69,117.02,-659.67,-0.66,banked (gap < cost),sideways/calm
parity,NIFTY,23200.0,2026-09-29,2026-08-21 12:42 IST,2026-08-21 13:54 IST,1,75,1820798.0,1217.4,41.9,24277.3,1219.0,40.8,0.00435,7924.15,0.00022,424.09,748.68,1172.77,747.11,-425.66,-0.426,banked (gap < cost),sideways/calm
parity,NIFTY,23000.0,2026-09-29,2026-08-21 12:47 IST,2026-08-21 12:47 IST,1,75,1821600.0,1406.45,30.75,24288.0,1406.45,30.75,0.00398,7246.08,0.00238,4583.26,775.75,5359.01,0.0,-5359.01,-5.359,banked (gap < cost),sideways/calm
parity,NIFTY,23000.0,2026-09-29,2026-08-21 12:49 IST,2026-08-21 13:05 IST,1,75,1821600.0,1408.1,30.65,24288.0,1414.75,30.15,0.00405,7377.33,0.00064,1229.88,776.04,2005.92,286.25,-1719.67,-1.72,banked (gap < cost),sideways/calm
parity,BANKNIFTY,57700.0,2026-09-29,2026-08-21 13:08 IST,2026-08-25 14:31 IST,1,15,866880.0,1033.0,650.0,57792.0,794.1,761.0,0.00505,4374.55,1e-05,7.82,339.78,347.6,322.07,-25.53,-0.026,time exit (past the measured hold),sideways/calm
parity,BANKNIFTY,58600.0,2026-09-29,2026-08-21 13:08 IST,2026-08-21 13:08 IST,1,15,866880.0,571.0,1077.0,57792.0,571.0,1077.0,0.00513,4446.12,0.00192,1715.86,339.21,2055.07,0.0,-2055.07,-2.055,gap widened (past the session band),sideways/calm
parity,NIFTY,23000.0,2026-09-29,2026-08-21 13:10 IST,2026-08-21 13:19 IST,1,75,1822575.0,1427.25,30.0,24301.0,1418.7,29.9,0.00433,7894.08,0.00063,1208.57,778.01,1986.58,693.63,-1292.95,-1.293,banked (gap < cost),sideways/calm
parity,BANKNIFTY,59500.0,2026-09-29,2026-08-21 13:22 IST,2026-08-25 14:00 IST,1,15,866238.0,263.4,1690.0,57749.2,162.6,2000.25,0.0054,4681.25,2e-05,18.7,350.04,368.74,888.85,520.11,0.52,time exit (past the measured hold),sideways/calm
parity,NIFTY,23000.0,2026-09-29,2026-08-21 13:25 IST,2026-08-21 13:25 IST,1,75,1821750.0,1408.4,30.4,24290.0,1408.4,30.4,0.00399,7269.62,0.00058,1124.6,776.01,1900.61,0.0,-1900.61,-1.901,banked (gap < cost),sideways/calm
parity,NIFTY,23000.0,2026-09-29,2026-08-21 13:32 IST,2026-08-21 13:33 IST,1,75,1821900.0,1410.65,30.0,24292.0,1412.35,30.1,0.00402,7319.41,0.0,0.0,777.07,777.07,59.5,-717.57,-0.718,banked (gap < cost),sideways/calm
parity,NIFTY,23500.0,2026-09-29,2026-08-21 13:33 IST,2026-08-21 13:35 IST,1,75,1822080.0,953.05,65.8,24294.4,954.75,66.45,0.00405,7376.08,0.00037,709.51,719.85,1429.36,93.16,-1336.2,-1.336,banked (gap < cost),sideways/calm
parity,NIFTY,23000.0,2026-09-29,2026-08-21 13:37 IST,2026-08-21 13:46 IST,1,75,1821375.0,1405.0,30.35,24285.0,1404.35,30.35,0.00406,7390.78,0.00025,481.58,774.96,1256.54,123.53,-1133.01,-1.133,banked (gap < cost),sideways/calm
parity,NIFTY,23500.0,2026-09-29,2026-08-21 13:38 IST,2026-08-26 09:15 IST,1,75,1821375.0,947.7,66.9,24285.0,1060.0,42.7,0.00417,7592.48,0.00079,1498.6,719.77,2218.37,6892.51,4674.14,4.674,banked (gap < cost),sideways/calm
parity,NIFTY,23000.0,2026-09-29,2026-08-21 13:53 IST,2026-08-21 13:53 IST,1,75,1821750.0,1404.9,30.15,24290.0,1404.9,30.15,0.00386,7025.87,0.00241,4658.68,775.18,5433.86,0.0,-5433.86,-5.434,banked (gap < cost),sideways/calm
parity,NIFTY,23000.0,2026-09-29,2026-08-21 13:56 IST,2026-08-21 14:02 IST,1,75,1821975.0,1411.7,30.1,24293.0,1404.6,30.4,0.00402,7316.17,0.0004,768.23,776.48,1544.71,31.53,-1513.18,-1.513,banked (gap < cost),sideways/calm
parity,BANKNIFTY,58700.0,2026-09-29,2026-08-21 14:01 IST,2026-08-21 14:01 IST,1,15,866304.0,506.8,1166.0,57753.6,506.8,1166.0,0.00486,4209.72,0.0,0.0,339.2,339.2,0.0,-339.2,-0.339,gap widened (past the session band),sideways/calm
parity,NIFTY,23600.0,2026-09-29,2026-08-21 14:03 IST,2026-08-24 14:53 IST,1,75,1821825.0,865.0,78.6,24291.0,809.8,84.1,0.00412,7513.69,0.0,0.0,708.61,708.61,-1035.45,-1744.06,-1.744,time exit (past the measured hold),sideways/calm
parity,NIFTY,23000.0,2026-09-29,2026-08-21 14:10 IST,2026-08-21 14:13 IST,1,75,1821075.0,1404.4,30.5,24281.0,1405.9,30.4,0.00419,7632.45,2e-05,33.45,775.24,808.69,478.2,-330.49,-0.33,banked (gap < cost),sideways/calm
parity,NIFTY,23900.0,2026-09-29,2026-08-21 14:15 IST,2026-08-25 14:57 IST,1,75,1821750.0,625.3,132.6,24290.0,653.0,104.9,0.00434,7904.94,0.00118,2225.97,672.5,2898.47,-6387.97,-9286.44,-9.286,time exit (past the measured hold),sideways/calm
parity,NIFTY,23000.0,2026-09-29,2026-08-21 14:18 IST,2026-08-21 14:18 IST,1,75,1822110.0,1410.05,30.15,24294.8,1410.05,30.15,0.00387,7054.56,6e-05,116.14,775.81,891.95,0.0,-891.95,-0.892,banked (gap < cost),sideways/calm
parity,NIFTY,23200.0,2026-09-29,2026-08-21 14:21 IST,2026-08-21 14:23 IST,1,75,1821975.0,1224.3,40.5,24293.0,1224.15,40.6,0.00405,7377.36,0.00026,500.95,752.23,1253.18,243.08,-1010.1,-1.01,banked (gap < cost),sideways/calm
parity,NIFTY,23000.0,2026-09-29,2026-08-21 14:22 IST,2026-08-21 14:23 IST,1,75,1822125.0,1414.1,30.3,24295.0,1410.85,30.1,0.00402,7332.21,0.00333,6426.64,776.55,7203.19,303.52,-6899.67,-6.9,banked (gap < cost),sideways/calm
parity,BANKNIFTY,58300.0,2026-09-29,2026-08-21 14:24 IST,2026-08-24 11:00 IST,1,15,866367.0,680.4,941.2,57757.8,607.8,978.05,0.00481,4164.7,0.0021,1872.11,337.53,2209.64,-860.11,-3069.75,-3.07,gap widened (past the session band),sideways/calm
parity,NIFTY,23200.0,2026-09-29,2026-08-21 14:25 IST,2026-08-24 11:41 IST,1,75,1821638.0,1224.45,40.8,24288.5,1159.4,43.0,0.00423,7701.27,0.00012,230.7,752.37,983.07,-790.25,-1773.32,-1.773,time exit (past the measured hold),sideways/calm
parity,NIFTY,23700.0,2026-09-29,2026-08-21 14:31 IST,2026-08-25 09:50 IST,1,75,1822065.0,794.55,91.65,24294.2,713.45,99.55,0.00464,8461.0,0.0,0.0,696.3,696.3,-2411.19,-3107.49,-3.107,time exit (past the measured hold),sideways/calm
parity,BANKNIFTY,58100.0,2026-09-29,2026-08-21 14:32 IST,2026-08-25 09:23 IST,1,15,866571.0,795.5,834.0,57771.4,650.7,936.05,0.00498,4317.41,0.00209,1861.89,337.61,2199.5,83.09,-2116.41,-2.116,time exit (past the measured hold),sideways/calm
parity,NIFTY,23000.0,2026-09-29,2026-08-21 14:32 IST,2026-08-25 12:11 IST,1,75,1822500.0,1425.0,30.1,24300.0,1358.0,27.6,0.00428,7792.31,0.00049,948.29,776.81,1725.1,-3508.34,-5233.44,-5.233,time exit (past the measured hold),sideways/calm
parity,BANKNIFTY,57900.0,2026-09-29,2026-08-21 15:26 IST,2026-08-25 14:24 IST,1,15,865725.0,882.65,755.35,57715.0,663.1,897.55,0.00539,4665.29,0.00019,169.87,338.2,508.07,707.04,198.97,0.199,time exit (past the measured hold),sideways/calm
parity,BANKNIFTY,58600.0,2026-09-29,2026-08-24 09:17 IST,2026-08-24 09:17 IST,1,15,867843.0,565.15,1029.3,57856.2,565.15,1029.3,0.00475,4123.46,0.0,0.0,339.17,339.17,0.0,-339.17,-0.339,gap widened (past the session band),sideways/normal
parity,BANKNIFTY,58200.0,2026-09-29,2026-08-24 09:33 IST,2026-08-25 10:32 IST,1,15,867600.0,756.2,813.75,57840.0,590.1,1015.0,0.00519,4502.24,0.0002,177.03,336.03,513.06,-110.66,-623.72,-0.624,time exit (past the measured hold),sideways/normal
parity,NIFTY,23400.0,2026-09-29,2026-08-24 09:44 IST,2026-08-24 14:05 IST,1,75,1823445.0,1072.0,47.7,24312.6,971.0,62.85,0.00483,8814.92,0.0,0.0,733.06,733.06,-20.21,-753.27,-0.753,time exit (past the measured hold),sideways/normal
parity,BANKNIFTY,58600.0,2026-09-29,2026-08-24 09:52 IST,2026-08-24 09:52 IST,1,15,866544.0,545.4,1052.25,57769.6,545.4,1052.25,0.00551,4773.63,0.0,0.0,337.0,337.0,0.0,-337.0,-0.337,gap widened (past the session band),sideways/normal
parity,BANKNIFTY,57300.0,2026-09-29,2026-08-24 09:53 IST,2026-08-25 14:41 IST,1,15,866664.0,1255.95,480.8,57777.6,1020.25,603.65,0.0052,4509.01,0.00191,1701.77,343.13,2044.9,497.27,-1547.63,-1.548,time exit (past the measured hold),sideways/normal
parity,BANKNIFTY,58600.0,2026-09-29,2026-08-24 10:01 IST,2026-08-24 10:01 IST,1,15,867075.0,544.45,1038.6,57805.0,544.45,1038.6,0.00512,4436.54,0.00093,831.18,336.27,1167.45,0.0,-1167.45,-1.167,gap widened (past the session band),sideways/normal
parity,NIFTY,23100.0,2026-09-29,2026-08-24 10:29 IST,2026-08-27 09:56 IST,1,75,1823250.0,1352.05,30.65,24310.0,1287.55,24.7,0.0049,8934.94,0.0,0.0,768.73,768.73,8169.04,7400.31,7.4,banked (gap < cost),sideways/normal
parity,BANKNIFTY,57400.0,2026-09-29,2026-08-24 11:03 IST,2026-08-25 14:13 IST,1,15,863445.0,1070.3,594.95,57563.0,919.15,684.0,0.00544,4700.88,0.00181,1605.77,338.87,1944.64,677.01,-1267.63,-1.268,time exit (past the measured hold),sideways/normal
parity,BANKNIFTY,58600.0,2026-09-29,2026-08-24 11:04 IST,2026-08-24 11:04 IST,1,15,863280.0,472.5,1187.75,57552.0,472.5,1187.75,0.00567,4890.79,0.00021,186.74,337.6,524.34,0.0,-524.34,-0.524,gap widened (past the session band),sideways/normal
parity,BANKNIFTY,58300.0,2026-09-29,2026-08-24 11:06 IST,2026-08-24 11:06 IST,1,15,862725.0,581.8,1028.1,57515.0,581.8,1028.1,0.0058,5005.25,0.0011,974.61,336.07,1310.68,0.0,-1310.68,-1.311,gap widened (past the session band),sideways/normal
parity,BANKNIFTY,58600.0,2026-09-29,2026-08-24 11:06 IST,2026-08-24 11:06 IST,1,15,862725.0,461.4,1206.95,57515.0,461.4,1206.95,0.00578,4987.75,0.0,0.0,338.69,338.69,0.0,-338.69,-0.339,gap widened (past the session band),sideways/normal
parity,BANKNIFTY,58800.0,2026-09-29,2026-08-24 11:07 IST,2026-08-24 11:07 IST,1,15,862725.0,390.25,1348.0,57515.0,390.25,1348.0,0.00555,4785.57,0.00164,1458.47,340.18,1798.65,0.0,-1798.65,-1.799,gap widened (past the session band),sideways/normal
parity,BANKNIFTY,58700.0,2026-09-29,2026-08-24 11:08 IST,2026-08-24 11:08 IST,1,15,862605.0,423.55,1259.85,57507.0,423.55,1259.85,0.00607,5236.14,0.0,0.0,340.05,340.05,0.0,-340.05,-0.34,gap widened (past the session band),sideways/normal
parity,BANKNIFTY,58600.0,2026-09-29,2026-08-24 11:15 IST,2026-08-24 11:15 IST,1,15,861471.0,432.05,1260.55,57431.4,432.05,1260.55,0.00579,4989.5,0.00043,380.71,338.51,719.22,0.0,-719.22,-0.719,gap widened (past the session band),sideways/normal
parity,BANKNIFTY,58300.0,2026-09-29,2026-08-24 11:16 IST,2026-08-24 11:19 IST,1,15,861435.0,550.25,1087.0,57429.0,560.0,1068.0,0.00572,4930.26,0.00448,3971.83,337.0,4308.83,-179.35,-4488.18,-4.488,gap widened (past the session band),sideways/normal
parity,BANKNIFTY,58400.0,2026-09-29,2026-08-24 11:22 IST,2026-08-25 15:34 IST,1,15,861600.0,518.0,1151.8,57440.0,514.4,1041.2,0.00557,4800.98,1e-05,10.16,337.03,347.19,-557.54,-904.73,-0.905,gap widened (past the session band),sideways/normal
parity,BANKNIFTY,58600.0,2026-09-29,2026-08-24 11:32 IST,2026-08-24 11:32 IST,1,15,860790.0,426.3,1300.5,57386.0,426.3,1300.5,0.00579,4980.63,0.0,0.0,340.42,340.42,0.0,-340.42,-0.34,gap widened (past the session band),sideways/normal
parity,BANKNIFTY,58300.0,2026-09-29,2026-08-24 11:39 IST,2026-08-25 15:01 IST,1,15,861135.0,545.5,1106.15,57409.0,520.0,1078.0,0.00566,4869.84,0.00054,482.67,337.38,820.05,1469.45,649.4,0.649,banked (gap < cost),sideways/normal
parity,BANKNIFTY,58600.0,2026-09-29,2026-08-24 11:42 IST,2026-08-24 11:42 IST,1,15,861525.0,440.5,1273.85,57435.0,440.5,1273.85,0.00564,4863.08,0.00025,221.38,340.39,561.77,0.0,-561.77,-0.562,gap widened (past the session band),sideways/normal
parity,BANKNIFTY,58700.0,2026-09-29,2026-08-24 11:42 IST,2026-08-24 11:42 IST,1,15,861525.0,409.0,1331.6,57435.0,409.0,1331.6,0.00582,5014.74,0.00022,197.61,341.36,538.97,0.0,-538.97,-0.539,gap widened (past the session band),sideways/normal
parity,NIFTY,23200.0,2026-09-29,2026-08-24 11:48 IST,2026-08-24 14:31 IST,1,75,1816200.0,1165.2,41.8,24216.0,1166.0,41.35,0.0047,8541.95,8e-05,155.48,741.66,897.14,-543.13,-1440.27,-1.44,time exit (past the measured hold),sideways/normal
parity,BANKNIFTY,58600.0,2026-09-29,2026-08-24 12:01 IST,2026-08-24 12:01 IST,1,15,861435.0,438.05,1270.55,57429.0,438.05,1270.55,0.00576,4965.25,0.00326,2892.21,339.56,3231.77,0.0,-3231.77,-3.232,gap widened (past the session band),sideways/normal
parity,BANKNIFTY,58800.0,2026-09-29,2026-08-24 12:24 IST,2026-08-24 12:24 IST,1,15,861696.0,375.7,1400.0,57446.4,375.7,1400.0,0.00558,4809.77,0.0,0.0,342.02,342.02,0.0,-342.02,-0.342,gap widened (past the session band),sideways/normal
parity,BANKNIFTY,58600.0,2026-09-29,2026-08-24 13:04 IST,2026-08-24 13:04 IST,1,15,860550.0,420.3,1324.1,57370.0,420.3,1324.1,0.00555,4775.1,0.00065,576.59,340.05,916.64,0.0,-916.64,-0.917,gap widened (past the session band),sideways/normal
parity,BANKNIFTY,58700.0,2026-09-29,2026-08-24 13:08 IST,2026-08-24 13:08 IST,1,15,860031.0,383.9,1392.65,57335.4,383.9,1392.65,0.00605,5206.97,0.0,0.0,342.64,342.64,0.0,-342.64,-0.343,gap widened (past the session band),sideways/normal
parity,BANKNIFTY,56600.0,2026-09-29,2026-08-24 13:29 IST,2026-08-24 13:29 IST,1,15,860835.0,1527.0,412.45,57389.0,1527.0,412.45,0.00576,4958.88,0.0,0.0,350.15,350.15,0.0,-350.15,-0.35,gap widened (past the session band),sideways/normal
parity,BANKNIFTY,56200.0,2026-09-29,2026-08-24 13:42 IST,2026-08-26 09:15 IST,1,15,861315.0,1846.9,310.15,57421.0,2057.8,193.0,0.00563,4853.29,0.00011,96.12,356.04,452.16,4045.13,3592.97,3.593,banked (gap < cost),sideways/normal
parity,BANKNIFTY,58600.0,2026-09-29,2026-08-24 14:03 IST,2026-08-24 14:03 IST,1,15,861060.0,425.15,1304.35,57404.0,425.15,1304.35,0.00539,4637.36,0.00024,212.92,341.75,554.67,0.0,-554.67,-0.555,gap widened (past the session band),sideways/normal
parity,NIFTY,23300.0,2026-09-29,2026-08-24 14:04 IST,2026-08-26 09:30 IST,1,75,1814700.0,1061.0,53.4,24196.0,1241.65,28.3,0.00485,8799.44,0.00318,6033.9,729.65,6763.55,7852.43,1088.88,1.089,banked (gap < cost),sideways/normal
parity,NIFTY,23400.0,2026-09-29,2026-08-24 14:21 IST,2026-08-26 09:17 IST,1,75,1815000.0,971.0,62.05,24200.0,1155.8,36.15,0.00471,8554.68,0.0012,2274.14,719.42,2993.56,7343.89,4350.33,4.35,banked (gap < cost),sideways/normal
parity,NIFTY,23200.0,2026-09-29,2026-08-24 14:36 IST,2026-08-26 12:08 IST,1,75,1816050.0,1166.0,41.3,24214.0,1264.5,26.7,0.00484,8788.49,0.00408,7777.14,743.0,8520.14,8147.58,-372.56,-0.373,banked (gap < cost),sideways/normal
parity,NIFTY,23600.0,2026-09-29,2026-08-24 15:02 IST,2026-08-26 09:18 IST,1,75,1816260.0,815.65,82.85,24216.8,955.0,49.7,0.00495,8995.57,7e-05,123.72,698.28,822.0,8796.8,7974.8,7.975,banked (gap < cost),sideways/normal
parity,BANKNIFTY,56400.0,2026-09-29,2026-08-24 15:11 IST,2026-08-25 11:05 IST,1,15,861657.0,1667.8,351.95,57443.8,1696.0,317.25,0.00485,4180.79,0.0,0.0,360.64,360.64,-548.03,-908.67,-0.909,gap widened (past the session band),sideways/normal
parity,BANKNIFTY,58600.0,2026-09-29,2026-08-24 15:34 IST,2026-08-24 15:34 IST,1,15,861153.0,424.7,1288.0,57410.2,424.7,1288.0,0.00555,4783.46,0.0,0.0,339.39,339.39,0.0,-339.39,-0.339,gap widened (past the session band),sideways/normal
parity,BANKNIFTY,56800.0,2026-09-29,2026-08-25 09:16 IST,2026-08-25 14:41 IST,1,15,859800.0,1305.8,470.15,57320.0,1355.0,438.35,0.00556,4783.22,0.0,0.0,344.94,344.94,756.0,411.06,0.411,time exit (past the measured hold),sideways/calm
parity,BANKNIFTY,58700.0,2026-09-29,2026-08-25 09:18 IST,2026-08-25 09:18 IST,1,15,860850.0,370.2,1385.1,57390.0,370.2,1385.1,0.005,4304.41,0.00012,103.12,340.84,443.96,0.0,-443.96,-0.444,gap widened (past the session band),sideways/calm
parity,NIFTY,23800.0,2026-09-29,2026-08-25 09:24 IST,2026-08-26 09:15 IST,1,75,1814707.0,642.35,115.95,24196.1,791.2,73.55,0.00549,9957.11,0.00323,6048.94,670.68,6719.62,9367.85,2648.23,2.648,banked (gap < cost),sideways/calm
parity,BANKNIFTY,58100.0,2026-09-29,2026-08-25 09:32 IST,2026-08-25 15:01 IST,1,15,864132.0,681.4,880.25,57608.8,603.7,962.7,0.00502,4339.46,0.0,0.0,334.7,334.7,923.59,588.89,0.589,banked (gap < cost),sideways/calm
parity,NIFTY,23700.0,2026-09-29,2026-08-25 09:57 IST,2026-08-26 09:20 IST,1,75,1812593.0,700.0,100.9,24167.9,881.75,57.65,0.00555,10058.02,0.0,0.0,677.76,677.76,9462.52,8784.76,8.785,banked (gap < cost),sideways/calm
parity,BANKNIFTY,56900.0,2026-09-29,2026-08-25 10:32 IST,2026-08-26 09:16 IST,1,15,861975.0,1328.3,456.55,57465.0,1552.55,314.55,0.0054,4653.91,0.00298,2647.57,342.52,2990.09,4582.01,1591.92,1.592,banked (gap < cost),sideways/calm
parity,BANKNIFTY,58200.0,2026-09-29,2026-08-25 10:49 IST,2026-08-25 14:52 IST,1,15,863079.0,609.4,967.55,57538.6,565.7,1009.95,0.0052,4487.08,0.0,0.0,335.3,335.3,1087.94,752.64,0.753,banked (gap < cost),sideways/calm
parity,BANKNIFTY,58600.0,2026-09-29,2026-08-25 10:51 IST,2026-08-25 10:51 IST,1,15,863922.0,455.0,1175.0,57594.8,455.0,1175.0,0.00484,4184.3,0.0,0.0,338.44,338.44,0.0,-338.44,-0.338,gap widened (past the session band),sideways/calm
parity,NIFTY,24200.0,2026-09-29,2026-08-25 11:47 IST,2026-08-26 09:15 IST,1,75,1811827.0,350.9,239.5,24157.7,480.75,154.5,0.00635,11507.85,4e-05,71.37,637.9,709.27,10462.36,9753.09,9.753,banked (gap < cost),sideways/calm
parity,NIFTY,23000.0,2026-09-29,2026-08-25 12:16 IST,2026-08-26 09:15 IST,1,75,1814025.0,1368.9,27.9,24187.0,1540.2,21.2,0.00667,12103.16,0.00021,410.05,767.72,1177.77,11056.86,9879.09,9.879,banked (gap < cost),sideways/calm
parity,BANKNIFTY,58600.0,2026-09-29,2026-08-25 12:22 IST,2026-08-25 12:22 IST,1,15,862500.0,415.45,1234.35,57500.0,415.45,1234.35,0.00477,4113.98,0.00015,129.67,338.67,468.34,0.0,-468.34,-0.468,gap widened (past the session band),sideways/calm
parity,BANKNIFTY,58800.0,2026-09-29,2026-08-25 12:22 IST,2026-08-25 12:22 IST,1,15,862500.0,350.5,1370.0,57500.0,350.5,1370.0,0.00474,4086.34,0.0,0.0,341.28,341.28,0.0,-341.28,-0.341,gap widened (past the session band),sideways/calm
parity,BANKNIFTY,56700.0,2026-09-29,2026-08-25 12:27 IST,2026-08-26 09:15 IST,1,15,861750.0,1444.65,406.0,57450.0,1728.05,275.95,0.00511,4399.65,0.00091,808.04,345.42,1153.46,3958.8,2805.34,2.805,banked (gap < cost),sideways/calm
parity,NIFTY,24100.0,2026-09-29,2026-08-25 12:51 IST,2026-08-26 09:15 IST,1,75,1812945.0,423.7,196.7,24172.6,553.15,129.05,0.00641,11613.86,0.00062,1157.65,643.88,1801.53,10682.09,8880.56,8.881,banked (gap < cost),sideways/calm
parity,BANKNIFTY,56600.0,2026-09-29,2026-08-25 13:01 IST,2026-08-25 13:01 IST,1,15,861066.0,1480.2,394.0,57404.4,1480.2,394.0,0.005,4301.99,0.00129,1144.04,348.12,1492.16,0.0,-1492.16,-1.492,gap widened (past the session band),sideways/calm
parity,BANKNIFTY,56600.0,2026-09-29,2026-08-25 13:20 IST,2026-08-25 13:20 IST,1,15,860520.0,1458.9,412.5,57368.0,1458.9,412.5,0.00494,4247.58,0.00151,1341.58,345.82,1687.4,0.0,-1687.4,-1.687,gap widened (past the session band),sideways/calm
parity,BANKNIFTY,59500.0,2026-09-29,2026-08-25 14:05 IST,2026-08-25 14:52 IST,1,15,860580.0,165.0,2020.4,57372.0,176.15,1916.0,0.00452,3890.66,0.0,0.0,358.29,358.29,556.38,198.09,0.198,banked (gap < cost),sideways/calm
parity,BANKNIFTY,56600.0,2026-09-29,2026-08-25 14:06 IST,2026-08-25 14:52 IST,1,15,860997.0,1464.2,408.15,57399.8,1516.0,372.4,0.00455,3918.28,0.0,0.0,344.98,344.98,560.39,215.41,0.215,banked (gap < cost),sideways/calm
parity,BANKNIFTY,57200.0,2026-09-29,2026-08-25 14:07 IST,2026-08-25 14:52 IST,1,15,860853.0,1043.8,600.5,57390.2,1099.45,549.85,0.00443,3814.24,0.0,0.0,337.43,337.43,422.91,85.48,0.085,banked (gap < cost),sideways/calm
parity,NIFTY,25200.0,2026-09-29,2026-08-25 14:14 IST,2026-08-26 09:16 IST,1,75,1812570.0,32.85,893.0,24167.6,51.75,719.4,0.00686,12437.67,3e-05,61.27,702.02,763.29,11460.59,10697.3,10.697,banked (gap < cost),sideways/calm
parity,BANKNIFTY,57400.0,2026-09-29,2026-08-25 14:15 IST,2026-08-25 15:01 IST,1,15,860625.0,917.9,684.6,57375.0,971.9,641.15,0.0045,3872.17,4e-05,33.25,335.52,368.77,558.47,189.7,0.19,banked (gap < cost),sideways/calm
parity,BANKNIFTY,57800.0,2026-09-29,2026-08-25 14:32 IST,2026-08-25 15:01 IST,1,15,861972.0,741.25,815.5,57464.8,751.05,810.0,0.0045,3883.0,0.00018,158.48,333.82,492.3,446.98,-45.32,-0.045,banked (gap < cost),sideways/calm
parity,BANKNIFTY,57900.0,2026-09-29,2026-08-25 14:32 IST,2026-08-25 15:02 IST,1,15,861972.0,691.9,859.35,57464.8,698.25,854.3,0.00461,3975.68,0.0,0.0,333.83,333.83,565.32,231.49,0.231,banked (gap < cost),sideways/calm
parity,BANKNIFTY,57700.0,2026-09-29,2026-08-25 14:35 IST,2026-08-25 15:02 IST,1,15,861723.0,791.0,772.35,57448.2,804.8,761.05,0.00468,4033.29,0.00386,3418.48,334.19,3752.67,608.3,-3144.37,-3.144,banked (gap < cost),sideways/calm
parity,BANKNIFTY,57300.0,2026-09-29,2026-08-25 14:43 IST,2026-08-25 15:01 IST,1,15,862284.0,1026.05,603.0,57485.6,1032.8,596.0,0.00415,3579.03,0.0,0.0,336.49,336.49,158.9,-177.59,-0.178,banked (gap < cost),sideways/calm
parity,BANKNIFTY,56000.0,2026-09-29,2026-08-25 14:48 IST,2026-08-25 14:52 IST,1,15,862209.0,1970.2,249.2,57480.6,1974.35,243.8,0.00434,3743.97,3e-05,28.64,359.05,387.69,521.08,133.39,0.133,banked (gap < cost),sideways/calm
parity,BANKNIFTY,56000.0,2026-09-29,2026-08-25 14:54 IST,2026-08-26 09:15 IST,1,15,862743.0,1986.6,245.5,57516.2,2261.35,165.4,0.00407,3514.82,0.00226,2026.26,360.54,2386.8,3185.55,798.75,0.799,banked (gap < cost),sideways/calm
parity,BANKNIFTY,58200.0,2026-09-29,2026-08-25 14:54 IST,2026-08-25 15:02 IST,1,15,862743.0,570.3,1003.25,57516.2,564.55,1017.7,0.00429,3699.03,0.00025,223.18,334.7,557.88,270.09,-287.79,-0.288,banked (gap < cost),sideways/calm
parity,BANKNIFTY,58800.0,2026-09-29,2026-08-25 14:55 IST,2026-08-25 14:55 IST,1,15,862740.0,348.65,1370.0,57516.0,348.65,1370.0,0.00443,3820.08,0.0,0.0,341.53,341.53,0.0,-341.53,-0.342,gap widened (past the session band),sideways/calm
parity,BANKNIFTY,56800.0,2026-09-29,2026-08-25 14:56 IST,2026-08-26 09:15 IST,1,15,862623.0,1370.3,426.8,57508.2,1600.0,298.1,0.00417,3595.52,0.0,0.0,343.37,343.37,3282.92,2939.55,2.94,banked (gap < cost),sideways/calm
parity,BANKNIFTY,59500.0,2026-09-29,2026-08-25 14:57 IST,2026-08-26 09:15 IST,1,15,862665.0,177.75,1891.0,57511.0,237.75,1587.2,0.00458,3950.87,0.0,3.75,354.31,358.06,3783.38,3425.32,3.425,banked (gap < cost),sideways/calm
parity,BANKNIFTY,57200.0,2026-09-29,2026-08-25 14:58 IST,2026-08-25 15:01 IST,1,15,862635.0,1120.0,545.95,57509.0,1095.25,561.0,0.00464,4004.55,0.00031,276.75,338.44,615.19,611.97,-3.22,-0.003,banked (gap < cost),sideways/calm
parity,NIFTY,23900.0,2026-09-29,2026-08-25 15:00 IST,2026-08-26 09:16 IST,1,75,1819207.0,648.4,105.7,24256.1,707.2,87.35,0.00778,14160.98,0.00516,9673.16,672.04,10345.2,13525.58,3180.38,3.18,banked (gap < cost),sideways/calm
parity,BANKNIFTY,57500.0,2026-09-29,2026-08-25 15:04 IST,2026-08-26 09:15 IST,1,15,862299.0,914.7,680.55,57486.6,1105.65,493.45,0.0043,3711.98,0.00037,331.96,335.53,667.49,3489.61,2822.12,2.822,banked (gap < cost),sideways/calm
parity,BANKNIFTY,57700.0,2026-09-29,2026-08-25 15:04 IST,2026-08-26 09:15 IST,1,15,862299.0,807.95,765.4,57486.6,991.0,564.15,0.00443,3819.34,0.00245,2168.41,334.6,2503.01,3796.37,1293.36,1.293,banked (gap < cost),sideways/calm
parity,BANKNIFTY,57800.0,2026-09-29,2026-08-25 15:04 IST,2026-08-26 09:15 IST,1,15,862299.0,754.45,815.15,57486.6,931.05,602.05,0.00436,3761.27,0.00077,685.27,334.37,1019.64,3761.24,2741.6,2.742,banked (gap < cost),sideways/calm
parity,BANKNIFTY,58000.0,2026-09-29,2026-08-25 15:04 IST,2026-08-26 09:15 IST,1,15,862299.0,655.1,916.55,57486.6,814.0,688.45,0.00433,3731.38,0.00355,3147.18,334.36,3481.54,3662.26,180.72,0.181,banked (gap < cost),sideways/calm
parity,BANKNIFTY,58300.0,2026-09-29,2026-08-25 15:04 IST,2026-08-25 15:23 IST,1,15,862299.0,521.25,1083.95,57486.6,541.55,1040.5,0.00427,3684.67,0.00297,2636.48,335.66,2972.14,-1505.17,-4477.31,-4.477,gap widened (past the session band),sideways/calm
parity,BANKNIFTY,57000.0,2026-09-29,2026-08-25 15:05 IST,2026-08-26 09:15 IST,1,15,862461.0,1229.85,496.0,57497.4,1454.7,345.7,0.00417,3593.13,0.00367,3261.08,340.65,3601.73,3368.02,-233.71,-0.234,banked (gap < cost),sideways/calm
parity,BANKNIFTY,57400.0,2026-09-29,2026-08-25 15:05 IST,2026-08-26 09:15 IST,1,15,862461.0,980.6,640.0,57497.4,1173.8,457.9,0.00424,3657.1,0.00183,1619.36,336.38,1955.74,3498.54,1542.8,1.543,banked (gap < cost),sideways/calm
parity,BANKNIFTY,57900.0,2026-09-29,2026-08-25 15:05 IST,2026-08-26 09:15 IST,1,15,862461.0,703.65,860.65,57497.4,878.95,645.75,0.00423,3646.5,0.00048,426.98,334.5,761.48,3593.17,2831.69,2.832,banked (gap < cost),sideways/calm
parity,BANKNIFTY,58500.0,2026-09-29,2026-08-25 15:05 IST,2026-08-26 09:15 IST,1,15,862461.0,444.0,1192.25,57497.4,569.85,927.5,0.00432,3721.83,0.001,883.38,337.15,1220.53,3586.48,2365.95,2.366,banked (gap < cost),sideways/calm
parity,BANKNIFTY,56500.0,2026-09-29,2026-08-25 15:06 IST,2026-08-26 09:15 IST,1,15,861750.0,1590.0,356.4,57450.0,1858.0,242.95,0.00504,4342.54,8e-05,70.63,348.74,419.37,4252.05,3832.68,3.833,banked (gap < cost),sideways/calm
parity,BANKNIFTY,58100.0,2026-09-29,2026-08-25 15:06 IST,2026-08-26 09:15 IST,1,15,861750.0,611.95,965.0,57450.0,762.9,732.4,0.0051,4393.67,0.00012,110.5,334.9,445.4,4389.03,3943.63,3.944,banked (gap < cost),sideways/calm
parity,BANKNIFTY,57200.0,2026-09-29,2026-08-25 15:07 IST,2026-08-26 09:15 IST,1,15,861846.0,1095.85,570.0,57456.4,1328.3,400.35,0.00472,4065.67,0.00246,2177.42,338.07,2515.49,4027.57,1512.08,1.512,banked (gap < cost),sideways/calm
parity,BANKNIFTY,57300.0,2026-09-29,2026-08-25 15:07 IST,2026-08-26 09:15 IST,1,15,861846.0,1031.65,606.95,57456.4,1255.5,427.85,0.00469,4039.1,0.00091,807.93,336.92,1144.85,4014.4,2869.55,2.87,banked (gap < cost),sideways/calm
parity,BANKNIFTY,59000.0,2026-09-29,2026-08-25 15:08 IST,2026-08-26 09:15 IST,1,15,861885.0,282.5,1536.6,57459.0,374.65,1240.9,0.00483,4159.88,0.00095,844.36,344.07,1188.43,4122.87,2934.44,2.934,banked (gap < cost),sideways/calm
parity,BANKNIFTY,58200.0,2026-09-29,2026-08-25 15:09 IST,2026-08-26 09:15 IST,1,15,862068.0,561.5,1014.15,57471.2,712.35,784.6,0.00473,4074.34,0.00161,1425.07,335.19,1760.26,4019.96,2259.7,2.26,banked (gap < cost),sideways/calm
parity,BANKNIFTY,58700.0,2026-09-29,2026-08-25 15:11 IST,2026-08-25 15:11 IST,1,15,862575.0,381.0,1294.05,57505.0,381.0,1294.05,0.00477,4117.87,0.00043,379.8,339.23,719.03,0.0,-719.03,-0.719,gap widened (past the session band),sideways/calm
parity,BANKNIFTY,56600.0,2026-09-29,2026-08-25 15:13 IST,2026-08-25 15:35 IST,1,15,862548.0,1535.0,364.15,57503.2,1577.05,342.0,0.00475,4098.94,0.00038,339.78,347.44,687.22,-843.06,-1530.28,-1.53,gap widened (past the session band),sideways/calm
parity,BANKNIFTY,58800.0,2026-09-29,2026-08-25 15:14 IST,2026-08-25 15:14 IST,1,15,862299.0,351.0,1351.8,57486.6,351.0,1351.8,0.0053,4566.56,5e-05,40.84,340.06,380.9,0.0,-380.9,-0.381,gap widened (past the session band),sideways/calm
parity,BANKNIFTY,58700.0,2026-09-29,2026-08-25 15:15 IST,2026-08-25 15:15 IST,1,15,862032.0,382.95,1290.0,57468.8,382.95,1290.0,0.00551,4747.49,0.0018,1600.95,338.22,1939.17,0.0,-1939.17,-1.939,gap widened (past the session band),sideways/calm
parity,BANKNIFTY,58300.0,2026-09-29,2026-08-25 15:25 IST,2026-08-25 15:25 IST,1,15,861021.0,541.05,1043.0,57401.4,541.05,1043.0,0.00681,5866.02,0.0,0.0,334.97,334.97,0.0,-334.97,-0.335,gap widened (past the session band),sideways/calm
parity,BANKNIFTY,58300.0,2026-09-29,2026-08-25 15:29 IST,2026-08-25 15:32 IST,1,15,862785.0,546.4,1011.0,57519.0,553.9,1000.5,0.00542,4673.21,0.00018,161.08,335.25,496.33,-299.99,-796.32,-0.796,gap widened (past the session band),sideways/calm
parity,BANKNIFTY,58800.0,2026-09-29,2026-08-25 15:35 IST,2026-08-25 15:35 IST,1,15,862668.0,367.2,1321.0,57511.2,367.2,1321.0,0.00569,4904.89,0.00017,149.41,339.63,489.04,0.0,-489.04,-0.489,gap widened (past the session band),sideways/calm
parity,BANKNIFTY,58300.0,2026-09-29,2026-08-25 15:37 IST,2026-08-25 15:37 IST,1,15,862680.0,555.2,1006.0,57512.0,555.2,1006.0,0.00578,4984.56,0.00466,4128.77,333.95,4462.72,0.0,-4462.72,-4.463,gap widened (past the session band),sideways/calm
parity,BANKNIFTY,58700.0,2026-09-29,2026-08-26 09:16 IST,2026-08-26 09:16 IST,1,15,872256.0,493.85,1034.8,58150.4,493.85,1034.8,9e-05,80.01,0.0,0.0,337.68,337.68,0.0,-337.68,-0.338,banked (gap < cost),sideways/calm
parity,BANKNIFTY,58800.0,2026-09-29,2026-08-26 09:16 IST,2026-08-26 09:16 IST,1,15,872256.0,451.5,1090.0,58150.4,451.5,1090.0,0.00012,107.7,0.00134,1185.92,339.29,1525.21,0.0,-1525.21,-1.525,banked (gap < cost),sideways/calm
parity,NIFTY,24700.0,2026-09-29,2026-08-26 09:18 IST,2026-08-26 09:18 IST,1,75,1838107.0,186.35,365.05,24508.1,186.35,365.05,0.00049,903.15,0.0,0.21,637.28,637.49,0.0,-637.49,-0.637,banked (gap < cost),sideways/calm
parity,BANKNIFTY,58700.0,2026-09-29,2026-08-26 09:19 IST,2026-08-26 09:19 IST,1,15,872016.0,478.9,1072.7,58134.4,478.9,1072.7,0.00054,474.19,0.0,0.0,335.77,335.77,0.0,-335.77,-0.336,banked (gap < cost),sideways/calm
parity,BANKNIFTY,58800.0,2026-09-29,2026-08-26 09:19 IST,2026-08-26 09:19 IST,1,15,872016.0,438.05,1095.9,58134.4,438.05,1095.9,6e-05,56.0,0.0,0.0,336.45,336.45,0.0,-336.45,-0.336,banked (gap < cost),sideways/calm
parity,NIFTY,24900.0,2026-09-29,2026-08-26 09:19 IST,2026-08-26 09:19 IST,1,75,1837943.0,114.25,494.0,24505.9,114.25,494.0,0.00049,897.8,0.00014,262.6,647.43,910.03,0.0,-910.03,-0.91,banked (gap < cost),sideways/calm
parity,NIFTY,25400.0,2026-09-29,2026-08-26 09:19 IST,2026-08-26 09:19 IST,1,75,1837943.0,28.9,908.25,24505.9,28.9,908.25,0.00038,701.43,0.00014,266.01,709.43,975.44,0.0,-975.44,-0.975,banked (gap < cost),sideways/calm
parity,NIFTY,24800.0,2026-09-29,2026-08-26 09:20 IST,2026-08-26 09:20 IST,1,75,1839075.0,150.2,416.0,24521.0,150.2,416.0,0.00047,863.69,0.0,0.0,641.39,641.39,0.0,-641.39,-0.641,banked (gap < cost),sideways/calm
parity,NIFTY,23500.0,2026-09-29,2026-08-26 09:21 IST,2026-08-26 09:21 IST,1,75,1839825.0,1068.0,39.35,24531.0,1068.0,39.35,0.00016,290.52,0.0,0.0,735.01,735.01,0.0,-735.01,-0.735,banked (gap < cost),sideways/calm
parity,NIFTY,24000.0,2026-09-29,2026-08-26 09:21 IST,2026-08-26 09:21 IST,1,75,1839825.0,640.95,100.75,24531.0,640.95,100.75,0.00051,930.4,0.0,0.0,672.86,672.86,0.0,-672.86,-0.673,banked (gap < cost),sideways/calm
parity,NIFTY,24200.0,2026-09-29,2026-08-26 09:21 IST,2026-08-26 09:21 IST,1,75,1839825.0,488.85,146.1,24531.0,488.85,146.1,0.00056,1031.11,0.0,0.0,652.79,652.79,0.0,-652.79,-0.653,banked (gap < cost),sideways/calm
parity,NIFTY,24400.0,2026-09-29,2026-08-26 09:21 IST,2026-08-26 09:21 IST,1,75,1839825.0,353.95,210.1,24531.0,353.95,210.1,0.00056,1023.06,0.0,0.0,639.41,639.41,0.0,-639.41,-0.639,banked (gap < cost),sideways/calm
parity,NIFTY,24500.0,2026-09-29,2026-08-26 09:21 IST,2026-08-26 09:21 IST,1,75,1839825.0,294.5,251.65,24531.0,294.5,251.65,0.00049,902.79,0.0,0.0,636.18,636.18,0.0,-636.18,-0.636,banked (gap < cost),sideways/calm
parity,NIFTY,24600.0,2026-09-29,2026-08-26 09:21 IST,2026-08-26 09:21 IST,1,75,1839825.0,241.5,298.2,24531.0,241.5,298.2,0.00048,891.26,0.0,0.0,635.11,635.11,0.0,-635.11,-0.635,banked (gap < cost),sideways/calm
parity,NIFTY,24700.0,2026-09-29,2026-08-26 09:21 IST,2026-08-26 09:21 IST,1,75,1839825.0,194.35,350.2,24531.0,194.35,350.2,0.00049,909.74,0.0,0.0,636.4,636.4,0.0,-636.4,-0.636,banked (gap < cost),sideways/calm
parity,NIFTY,25000.0,2026-09-29,2026-08-26 09:21 IST,2026-08-26 09:21 IST,1,75,1839825.0,92.9,547.4,24531.0,92.9,547.4,0.00048,875.16,0.0,0.0,655.36,655.36,0.0,-655.36,-0.655,banked (gap < cost),sideways/calm
parity,NIFTY,25100.0,2026-09-29,2026-08-26 09:21 IST,2026-08-26 09:21 IST,1,75,1839825.0,70.5,624.0,24531.0,70.5,624.0,0.00049,904.89,0.0,0.0,666.73,666.73,0.0,-666.73,-0.667,banked (gap < cost),sideways/calm
parity,BANKNIFTY,56000.0,2026-09-29,2026-08-26 09:22 IST,2026-08-26 09:22 IST,1,15,873054.0,2350.0,157.05,58203.6,2350.0,157.05,5e-05,39.76,0.0,0.0,372.16,372.16,0.0,-372.16,-0.372,banked (gap < cost),sideways/calm
parity,NIFTY,24100.0,2026-09-29,2026-08-26 09:22 IST,2026-08-26 09:22 IST,1,75,1839877.0,562.15,120.45,24531.7,562.15,120.45,0.00051,945.51,0.0,0.0,662.85,662.85,0.0,-662.85,-0.663,banked (gap < cost),sideways/calm
parity,NIFTY,24800.0,2026-09-29,2026-08-26 09:22 IST,2026-08-26 09:22 IST,1,75,1839877.0,153.55,407.0,24531.7,153.55,407.0,0.00054,992.34,0.0,0.0,640.64,640.64,0.0,-640.64,-0.641,banked (gap < cost),sideways/calm
parity,NIFTY,24900.0,2026-09-29,2026-08-26 09:22 IST,2026-08-26 09:22 IST,1,75,1839877.0,120.1,470.65,24531.7,120.1,470.65,0.00063,1164.57,0.0,0.0,645.29,645.29,0.0,-645.29,-0.645,banked (gap < cost),sideways/calm
parity,NIFTY,25500.0,2026-09-29,2026-08-26 09:22 IST,2026-08-26 09:22 IST,1,75,1839877.0,23.25,972.6,24531.7,23.25,972.6,0.00053,982.92,0.0,0.0,718.91,718.91,0.0,-718.91,-0.719,banked (gap < cost),sideways/calm
parity,NIFTY,23900.0,2026-09-29,2026-08-26 09:23 IST,2026-08-26 09:23 IST,1,75,1840260.0,723.6,81.5,24536.8,723.6,81.5,0.00037,685.74,0.0,0.0,686.27,686.27,0.0,-686.27,-0.686,banked (gap < cost),sideways/calm
parity,NIFTY,24100.0,2026-09-29,2026-08-26 09:24 IST,2026-08-26 09:24 IST,1,75,1840807.0,568.5,118.75,24544.1,568.5,118.75,0.00034,624.84,0.0,0.0,662.63,662.63,0.0,-662.63,-0.663,banked (gap < cost),sideways/calm
parity,NIFTY,24200.0,2026-09-29,2026-08-26 09:24 IST,2026-08-26 09:24 IST,1,75,1840807.0,492.8,143.55,24544.1,492.8,143.55,0.00029,542.06,0.0,0.0,653.64,653.64,0.0,-653.64,-0.654,banked (gap < cost),sideways/calm
parity,NIFTY,24400.0,2026-09-29,2026-08-26 09:24 IST,2026-08-26 09:24 IST,1,75,1840807.0,356.45,206.7,24544.1,356.45,206.7,0.00027,489.02,0.0,0.0,639.72,639.72,0.0,-639.72,-0.64,banked (gap < cost),sideways/calm
parity,NIFTY,25000.0,2026-09-29,2026-08-26 09:24 IST,2026-08-26 09:24 IST,1,75,1840807.0,94.25,540.0,24544.1,94.25,540.0,0.0003,554.88,0.0,0.0,654.27,654.27,0.0,-654.27,-0.654,banked (gap < cost),sideways/calm
parity,NIFTY,25200.0,2026-09-29,2026-08-26 09:24 IST,2026-08-26 09:24 IST,1,75,1840807.0,54.0,695.0,24544.1,54.0,695.0,0.00045,820.58,7e-05,130.12,676.52,806.64,0.0,-806.64,-0.807,banked (gap < cost),sideways/calm
parity,NIFTY,25300.0,2026-09-29,2026-08-26 09:26 IST,2026-08-26 09:26 IST,1,75,1840500.0,40.35,779.75,24540.0,40.35,779.75,0.00065,1200.92,0.0,0.0,694.83,694.83,0.0,-694.83,-0.695,banked (gap < cost),sideways/calm
parity,NIFTY,25400.0,2026-09-29,2026-08-26 09:26 IST,2026-08-26 09:26 IST,1,75,1840500.0,30.55,869.3,24540.0,30.55,869.3,0.00065,1204.4,0.0,0.0,705.81,705.81,0.0,-705.81,-0.706,banked (gap < cost),sideways/calm
parity,NIFTY,25100.0,2026-09-29,2026-08-26 09:27 IST,2026-08-26 09:27 IST,1,75,1840462.0,71.3,611.95,24539.5,71.3,611.95,0.00067,1234.99,0.0,0.0,663.56,663.56,0.0,-663.56,-0.664,banked (gap < cost),sideways/calm
parity,NIFTY,23700.0,2026-09-29,2026-08-26 09:28 IST,2026-08-26 09:28 IST,1,75,1840650.0,895.0,54.2,24542.0,895.0,54.2,0.00016,291.2,0.0,0.0,715.39,715.39,0.0,-715.39,-0.715,banked (gap < cost),sideways/calm
parity,NIFTY,23800.0,2026-09-29,2026-08-26 09:28 IST,2026-08-26 09:28 IST,1,75,1840650.0,809.15,65.4,24542.0,809.15,65.4,0.00025,467.18,0.0,3.55,700.52,704.07,0.0,-704.07,-0.704,banked (gap < cost),sideways/calm
parity,BANKNIFTY,58800.0,2026-09-29,2026-08-26 09:29 IST,2026-08-26 09:29 IST,1,15,874056.0,495.0,1034.7,58270.4,495.0,1034.7,0.00023,199.43,0.0,0.0,333.94,333.94,0.0,-333.94,-0.334,banked (gap < cost),sideways/calm
parity,NIFTY,25100.0,2026-09-29,2026-08-26 09:30 IST,2026-08-26 09:30 IST,1,75,1840020.0,69.45,620.4,24533.6,69.45,620.4,0.00049,902.35,0.0,0.0,664.04,664.04,0.0,-664.04,-0.664,banked (gap < cost),sideways/calm
parity,BANKNIFTY,56700.0,2026-09-29,2026-08-26 09:32 IST,2026-08-26 09:32 IST,1,15,874224.0,1826.7,245.65,58281.6,1826.7,245.65,0.00015,134.94,0.0,0.0,357.86,357.86,0.0,-357.86,-0.358,banked (gap < cost),sideways/calm
parity,NIFTY,24600.0,2026-09-29,2026-08-26 09:32 IST,2026-08-26 09:32 IST,1,75,1840155.0,241.3,296.35,24535.4,241.3,296.35,0.00037,686.97,0.0,0.0,634.69,634.69,0.0,-634.69,-0.635,banked (gap < cost),sideways/calm
parity,NIFTY,24900.0,2026-09-29,2026-08-26 09:32 IST,2026-08-26 09:32 IST,1,75,1840155.0,119.25,473.2,24535.4,119.25,473.2,0.00034,633.65,0.0,0.0,645.95,645.95,0.0,-645.95,-0.646,banked (gap < cost),sideways/calm
parity,BANKNIFTY,56600.0,2026-09-29,2026-08-26 09:33 IST,2026-08-26 09:33 IST,1,15,874755.0,1914.95,230.6,58317.0,1914.95,230.6,0.00038,334.28,0.0,0.0,354.54,354.54,0.0,-354.54,-0.355,banked (gap < cost),sideways/calm
parity,NIFTY,24400.0,2026-09-29,2026-08-26 09:33 IST,2026-08-26 09:33 IST,1,75,1839862.0,351.85,210.55,24531.5,351.85,210.55,0.00043,794.54,0.0,0.0,639.58,639.58,0.0,-639.58,-0.64,banked (gap < cost),sideways/calm
parity,NIFTY,24800.0,2026-09-29,2026-08-26 09:33 IST,2026-08-26 09:33 IST,1,75,1839862.0,153.85,407.85,24531.5,153.85,407.85,0.00053,965.94,0.0,0.0,639.4,639.4,0.0,-639.4,-0.639,banked (gap < cost),sideways/calm
parity,BANKNIFTY,57900.0,2026-09-29,2026-08-26 09:34 IST,2026-08-26 09:34 IST,1,15,874506.0,962.2,575.0,58300.4,962.2,575.0,0.00018,161.72,0.0,0.0,336.73,336.73,0.0,-336.73,-0.337,banked (gap < cost),sideways/calm
parity,BANKNIFTY,58500.0,2026-09-29,2026-08-26 09:34 IST,2026-08-26 09:34 IST,1,15,874506.0,632.35,841.45,58300.4,632.35,841.45,0.00018,160.55,0.0,0.0,334.13,334.13,0.0,-334.13,-0.334,banked (gap < cost),sideways/calm
parity,NIFTY,25200.0,2026-09-29,2026-08-26 09:34 IST,2026-08-26 09:34 IST,1,75,1839788.0,52.35,706.1,24530.5,52.35,706.1,0.00048,878.14,0.0,0.0,677.52,677.52,0.0,-677.52,-0.678,banked (gap < cost),sideways/calm
parity,NIFTY,24200.0,2026-09-29,2026-08-26 09:35 IST,2026-08-26 09:35 IST,1,75,1839877.0,488.75,145.05,24531.7,488.75,145.05,0.00057,1050.23,0.0,0.0,653.07,653.07,0.0,-653.07,-0.653,banked (gap < cost),sideways/calm
parity,NIFTY,24400.0,2026-09-29,2026-08-26 09:35 IST,2026-08-26 09:35 IST,1,75,1839877.0,352.95,209.45,24531.7,352.95,209.45,0.00051,944.68,0.0,0.0,639.44,639.44,0.0,-639.44,-0.639,banked (gap < cost),sideways/calm
parity,NIFTY,24600.0,2026-09-29,2026-08-26 09:35 IST,2026-08-26 09:35 IST,1,75,1839877.0,241.1,297.8,24531.7,241.1,297.8,0.00046,839.14,0.0,0.0,635.09,635.09,0.0,-635.09,-0.635,banked (gap < cost),sideways/calm
parity,NIFTY,24800.0,2026-09-29,2026-08-26 09:35 IST,2026-08-26 09:35 IST,1,75,1839877.0,153.35,409.2,24531.7,153.35,409.2,0.00044,812.34,0.0,0.0,639.68,639.68,0.0,-639.68,-0.64,banked (gap < cost),sideways/calm
parity,NIFTY,24900.0,2026-09-29,2026-08-26 09:35 IST,2026-08-26 09:35 IST,1,75,1839877.0,119.1,470.7,24531.7,119.1,470.7,0.00059,1085.81,3e-05,56.71,645.53,702.24,0.0,-702.24,-0.702,banked (gap < cost),sideways/calm
parity,NIFTY,25000.0,2026-09-29,2026-08-26 09:35 IST,2026-08-26 09:35 IST,1,75,1839877.0,92.15,546.4,24531.7,92.15,546.4,0.00046,841.79,0.0,0.0,654.84,654.84,0.0,-654.84,-0.655,banked (gap < cost),sideways/calm
parity,NIFTY,25400.0,2026-09-29,2026-08-26 09:35 IST,2026-08-26 09:35 IST,1,75,1839877.0,29.6,881.4,24531.7,29.6,881.4,0.00046,844.44,2e-05,38.77,706.16,744.93,0.0,-744.93,-0.745,banked (gap < cost),sideways/calm
parity,BANKNIFTY,56900.0,2026-09-29,2026-08-26 09:36 IST,2026-08-26 09:36 IST,1,15,874497.0,1651.6,291.1,58299.8,1651.6,291.1,0.00053,462.76,0.0,0.0,352.27,352.27,0.0,-352.27,-0.352,banked (gap < cost),sideways/calm
parity,NIFTY,24500.0,2026-09-29,2026-08-26 09:36 IST,2026-08-26 09:36 IST,1,75,1840207.0,291.75,251.75,24536.1,291.75,251.75,0.00017,308.87,7e-05,129.71,636.11,765.82,0.0,-765.82,-0.766,banked (gap < cost),sideways/calm
parity,BANKNIFTY,56000.0,2026-09-29,2026-08-26 09:37 IST,2026-08-26 09:37 IST,1,15,874659.0,2425.1,149.1,58310.6,2425.1,149.1,0.00035,309.8,6e-05,55.84,375.81,431.65,0.0,-431.65,-0.432,banked (gap < cost),sideways/calm
parity,BANKNIFTY,56500.0,2026-09-29,2026-08-26 09:37 IST,2026-08-26 09:37 IST,1,15,874659.0,2001.0,215.75,58310.6,2001.0,215.75,0.00025,216.33,9e-05,84.4,361.49,445.89,0.0,-445.89,-0.446,banked (gap < cost),sideways/calm
parity,BANKNIFTY,57000.0,2026-09-29,2026-08-26 09:37 IST,2026-08-26 09:37 IST,1,15,874659.0,1579.65,308.55,58310.6,1579.65,308.55,0.00054,473.85,6e-05,55.22,349.72,404.94,0.0,-404.94,-0.405,banked (gap < cost),sideways/calm
parity,BANKNIFTY,57200.0,2026-09-29,2026-08-26 09:37 IST,2026-08-26 09:37 IST,1,15,874659.0,1438.4,358.65,58310.6,1438.4,358.65,0.00041,362.21,6e-05,55.14,346.24,401.38,0.0,-401.38,-0.401,banked (gap < cost),sideways/calm
parity,BANKNIFTY,57300.0,2026-09-29,2026-08-26 09:37 IST,2026-08-26 09:37 IST,1,15,874659.0,1359.25,384.0,58310.6,1359.25,384.0,0.0005,438.77,6e-05,55.09,344.42,399.51,0.0,-399.51,-0.4,banked (gap < cost),sideways/calm
parity,BANKNIFTY,57400.0,2026-09-29,2026-08-26 09:37 IST,2026-08-26 09:37 IST,1,15,874659.0,1290.25,410.95,58310.6,1290.25,410.95,0.00044,387.07,6e-05,55.05,342.44,397.49,0.0,-397.49,-0.397,banked (gap < cost),sideways/calm
parity,BANKNIFTY,57500.0,2026-09-29,2026-08-26 09:37 IST,2026-08-26 09:37 IST,1,15,874659.0,1216.35,440.0,58310.6,1216.35,440.0,0.0005,440.38,6e-05,55.01,341.05,396.06,0.0,-396.06,-0.396,banked (gap < cost),sideways/calm
parity,BANKNIFTY,57600.0,2026-09-29,2026-08-26 09:37 IST,2026-08-26 09:37 IST,1,15,874659.0,1152.5,472.25,58310.6,1152.5,472.25,0.00045,390.93,6e-05,54.98,339.69,394.67,0.0,-394.67,-0.395,banked (gap < cost),sideways/calm
parity,BANKNIFTY,57700.0,2026-09-29,2026-08-26 09:37 IST,2026-08-26 09:37 IST,1,15,874659.0,1085.75,507.3,58310.6,1085.75,507.3,0.00049,426.98,6e-05,54.95,338.51,393.46,0.0,-393.46,-0.393,banked (gap < cost),sideways/calm
parity,BANKNIFTY,57800.0,2026-09-29,2026-08-26 09:37 IST,2026-08-26 09:37 IST,1,15,874659.0,1024.8,541.95,58310.6,1024.8,541.95,0.00042,370.04,6e-05,54.93,337.41,392.34,0.0,-392.34,-0.392,banked (gap < cost),sideways/calm
parity,BANKNIFTY,57900.0,2026-09-29,2026-08-26 09:37 IST,2026-08-26 09:37 IST,1,15,874659.0,956.45,580.8,58310.6,956.45,580.8,0.00056,487.09,6e-05,54.91,336.56,391.47,0.0,-391.47,-0.391,banked (gap < cost),sideways/calm
parity,BANKNIFTY,58000.0,2026-09-29,2026-08-26 09:37 IST,2026-08-26 09:37 IST,1,15,874659.0,898.35,620.5,58310.6,898.35,620.5,0.00053,463.15,6e-05,54.89,335.77,390.66,0.0,-390.66,-0.391,banked (gap < cost),sideways/calm
parity,BANKNIFTY,58100.0,2026-09-29,2026-08-26 09:37 IST,2026-08-26 09:37 IST,1,15,874659.0,845.3,660.0,58310.6,845.3,660.0,0.00041,360.45,6e-05,54.87,335.08,389.95,0.0,-389.95,-0.39,banked (gap < cost),sideways/calm
parity,BANKNIFTY,58200.0,2026-09-29,2026-08-26 09:37 IST,2026-08-26 09:37 IST,1,15,874659.0,788.55,703.95,58310.6,788.55,703.95,0.00043,380.01,6e-05,54.86,334.74,389.6,0.0,-389.6,-0.39,banked (gap < cost),sideways/calm
parity,BANKNIFTY,58300.0,2026-09-29,2026-08-26 09:37 IST,2026-08-26 09:37 IST,1,15,874659.0,734.5,749.7,58310.6,734.5,749.7,0.00044,386.06,6e-05,54.85,334.41,389.26,0.0,-389.26,-0.389,banked (gap < cost),sideways/calm
parity,BANKNIFTY,58400.0,2026-09-29,2026-08-26 09:37 IST,2026-08-26 09:37 IST,1,15,874659.0,680.85,798.6,58310.6,680.85,798.6,0.0005,433.37,6e-05,54.85,334.28,389.13,0.0,-389.13,-0.389,banked (gap < cost),sideways/calm
parity,BANKNIFTY,58500.0,2026-09-29,2026-08-26 09:37 IST,2026-08-26 09:37 IST,1,15,874659.0,628.9,848.05,58310.6,628.9,848.05,0.00053,463.42,6e-05,54.85,334.36,389.21,0.0,-389.21,-0.389,banked (gap < cost),sideways/calm
parity,BANKNIFTY,58700.0,2026-09-29,2026-08-26 09:37 IST,2026-08-26 09:37 IST,1,15,874659.0,537.6,951.2,58310.6,537.6,951.2,0.00046,398.28,6e-05,54.87,335.09,389.96,0.0,-389.96,-0.39,banked (gap < cost),sideways/calm
parity,BANKNIFTY,59000.0,2026-09-29,2026-08-26 09:37 IST,2026-08-26 09:37 IST,1,15,874659.0,419.0,1120.35,58310.6,419.0,1120.35,0.00028,241.7,6e-05,54.92,337.07,391.99,0.0,-391.99,-0.392,banked (gap < cost),sideways/calm
parity,NIFTY,24400.0,2026-09-29,2026-08-26 09:39 IST,2026-08-26 09:39 IST,1,75,1840875.0,359.15,204.8,24545.0,359.15,204.8,0.00042,766.9,0.00013,246.24,640.06,886.3,0.0,-886.3,-0.886,banked (gap < cost),sideways/calm
parity,NIFTY,24200.0,2026-09-29,2026-08-26 09:40 IST,2026-08-26 09:40 IST,1,75,1841482.0,497.9,140.5,24553.1,497.9,140.5,0.00026,482.39,0.0,0.0,654.34,654.34,0.0,-654.34,-0.654,banked (gap < cost),sideways/calm
parity,NIFTY,24500.0,2026-09-29,2026-08-26 09:40 IST,2026-08-26 09:40 IST,1,75,1841482.0,301.15,243.4,24553.1,301.15,243.4,0.0002,372.82,0.0,0.0,636.44,636.44,0.0,-636.44,-0.636,banked (gap < cost),sideways/calm
parity,NIFTY,24900.0,2026-09-29,2026-08-26 09:40 IST,2026-08-26 09:40 IST,1,75,1841482.0,123.1,461.55,24553.1,123.1,461.55,0.00026,476.73,0.0,0.0,644.64,644.64,0.0,-644.64,-0.645,banked (gap < cost),sideways/calm
parity,NIFTY,25100.0,2026-09-29,2026-08-26 09:40 IST,2026-08-26 09:40 IST,1,75,1841482.0,72.4,607.05,24553.1,72.4,607.05,0.00036,671.18,0.0,0.0,663.46,663.46,0.0,-663.46,-0.663,banked (gap < cost),sideways/calm
parity,BANKNIFTY,56000.0,2026-09-29,2026-08-26 09:41 IST,2026-08-26 09:41 IST,1,15,875235.0,2458.55,144.4,58349.0,2458.55,144.4,0.00035,310.05,0.0,0.0,377.6,377.6,0.0,-377.6,-0.378,banked (gap < cost),sideways/calm
parity,BANKNIFTY,56500.0,2026-09-29,2026-08-26 09:41 IST,2026-08-26 09:41 IST,1,15,875235.0,2031.15,209.05,58349.0,2031.15,209.05,0.00027,236.08,0.0,0.0,363.4,363.4,0.0,-363.4,-0.363,banked (gap < cost),sideways/calm
parity,BANKNIFTY,57000.0,2026-09-29,2026-08-26 09:41 IST,2026-08-26 09:41 IST,1,15,875235.0,1617.75,301.15,58349.0,1617.75,301.15,0.00042,363.85,0.0,0.0,351.38,351.38,0.0,-351.38,-0.351,banked (gap < cost),sideways/calm
parity,BANKNIFTY,57200.0,2026-09-29,2026-08-26 09:41 IST,2026-08-26 09:41 IST,1,15,875235.0,1468.0,348.45,58349.0,1468.0,348.45,0.00039,337.71,0.0,0.0,347.21,347.21,0.0,-347.21,-0.347,banked (gap < cost),sideways/calm
parity,BANKNIFTY,57300.0,2026-09-29,2026-08-26 09:41 IST,2026-08-26 09:41 IST,1,15,875235.0,1390.0,374.35,58349.0,1390.0,374.35,0.00046,405.27,0.0,0.0,345.3,345.3,0.0,-345.3,-0.345,banked (gap < cost),sideways/calm
parity,BANKNIFTY,57400.0,2026-09-29,2026-08-26 09:41 IST,2026-08-26 09:41 IST,1,15,875235.0,1318.85,400.0,58349.0,1318.85,400.0,0.00042,366.32,0.0,0.0,343.5,343.5,0.0,-343.5,-0.344,banked (gap < cost),sideways/calm
parity,BANKNIFTY,57500.0,2026-09-29,2026-08-26 09:41 IST,2026-08-26 09:41 IST,1,15,875235.0,1246.55,428.9,58349.0,1246.55,428.9,0.00045,393.37,0.0,0.0,341.9,341.9,0.0,-341.9,-0.342,banked (gap < cost),sideways/calm
parity,BANKNIFTY,57600.0,2026-09-29,2026-08-26 09:41 IST,2026-08-26 09:41 IST,1,15,875235.0,1182.85,459.95,58349.0,1182.85,459.95,0.00037,323.68,0.0,0.0,340.49,340.49,0.0,-340.49,-0.34,banked (gap < cost),sideways/calm
parity,BANKNIFTY,57700.0,2026-09-29,2026-08-26 09:41 IST,2026-08-26 09:41 IST,1,15,875235.0,1113.35,492.25,58349.0,1113.35,492.25,0.00041,359.74,0.0,0.0,339.3,339.3,0.0,-339.3,-0.339,banked (gap < cost),sideways/calm
parity,BANKNIFTY,57800.0,2026-09-29,2026-08-26 09:41 IST,2026-08-26 09:41 IST,1,15,875235.0,1049.0,526.95,58349.0,1049.0,526.95,0.00041,354.54,0.0,0.0,338.28,338.28,0.0,-338.28,-0.338,banked (gap < cost),sideways/calm
parity,BANKNIFTY,57900.0,2026-09-29,2026-08-26 09:41 IST,2026-08-26 09:41 IST,1,15,875235.0,985.35,564.7,58349.0,985.35,564.7,0.00044,384.59,0.0,0.0,337.13,337.13,0.0,-337.13,-0.337,banked (gap < cost),sideways/calm
parity,BANKNIFTY,58000.0,2026-09-29,2026-08-26 09:41 IST,2026-08-26 09:41 IST,1,15,875235.0,925.7,604.0,58349.0,925.7,604.0,0.00043,377.9,0.0,0.0,336.24,336.24,0.0,-336.24,-0.336,banked (gap < cost),sideways/calm
parity,BANKNIFTY,58100.0,2026-09-29,2026-08-26 09:41 IST,2026-08-26 09:41 IST,1,15,875235.0,868.35,642.05,58349.0,868.35,642.05,0.00036,317.95,0.0,0.0,335.6,335.6,0.0,-335.6,-0.336,banked (gap < cost),sideways/calm
parity,BANKNIFTY,58200.0,2026-09-29,2026-08-26 09:41 IST,2026-08-26 09:41 IST,1,15,875235.0,811.0,684.4,58349.0,811.0,684.4,0.00037,322.51,0.0,0.0,334.99,334.99,0.0,-334.99,-0.335,banked (gap < cost),sideways/calm
parity,BANKNIFTY,58300.0,2026-09-29,2026-08-26 09:41 IST,2026-08-26 09:41 IST,1,15,875235.0,757.85,728.65,58349.0,757.85,728.65,0.00033,292.56,0.0,0.0,334.71,334.71,0.0,-334.71,-0.335,banked (gap < cost),sideways/calm
parity,BANKNIFTY,58400.0,2026-09-29,2026-08-26 09:41 IST,2026-08-26 09:41 IST,1,15,875235.0,704.5,775.05,58349.0,704.5,775.05,0.00034,297.87,0.0,0.0,334.43,334.43,0.0,-334.43,-0.334,banked (gap < cost),sideways/calm
parity,BANKNIFTY,58500.0,2026-09-29,2026-08-26 09:41 IST,2026-08-26 09:41 IST,1,15,875235.0,653.55,824.0,58349.0,653.55,824.0,0.00035,305.42,0.0,0.0,334.38,334.38,0.0,-334.38,-0.334,banked (gap < cost),sideways/calm
parity,BANKNIFTY,58600.0,2026-09-29,2026-08-26 09:41 IST,2026-08-26 09:41 IST,1,15,875235.0,605.4,875.0,58349.0,605.4,875.0,0.00034,301.73,0.0,0.0,334.64,334.64,0.0,-334.64,-0.335,banked (gap < cost),sideways/calm
parity,BANKNIFTY,58700.0,2026-09-29,2026-08-26 09:41 IST,2026-08-26 09:41 IST,1,15,875235.0,560.7,929.5,58349.0,560.7,929.5,0.00034,298.78,0.0,0.0,334.95,334.95,0.0,-334.95,-0.335,banked (gap < cost),sideways/calm
parity,BANKNIFTY,58800.0,2026-09-29,2026-08-26 09:41 IST,2026-08-26 09:41 IST,1,15,875235.0,515.0,983.15,58349.0,515.0,983.15,0.00034,298.09,0.0,0.0,335.3,335.3,0.0,-335.3,-0.335,banked (gap < cost),sideways/calm
parity,BANKNIFTY,59000.0,2026-09-29,2026-08-26 09:41 IST,2026-08-26 09:41 IST,1,15,875235.0,434.75,1098.4,58349.0,434.75,1098.4,0.00028,248.7,0.0,0.0,336.71,336.71,0.0,-336.71,-0.337,banked (gap < cost),sideways/calm
parity,NIFTY,25500.0,2026-09-29,2026-08-26 09:41 IST,2026-08-26 09:41 IST,1,75,1841775.0,23.9,956.25,24557.0,23.9,956.25,0.0002,371.82,0.0,0.0,716.74,716.74,0.0,-716.74,-0.717,banked (gap < cost),sideways/calm
parity,BANKNIFTY,59500.0,2026-09-29,2026-08-26 09:42 IST,2026-08-26 09:42 IST,1,15,874590.0,267.9,1451.65,58306.0,267.9,1451.65,5e-05,45.64,0.0,0.0,343.92,343.92,0.0,-343.92,-0.344,banked (gap < cost),sideways/calm
parity,NIFTY,24700.0,2026-09-29,2026-08-26 09:42 IST,2026-08-26 09:42 IST,1,75,1842082.0,203.5,332.8,24561.1,203.5,332.8,0.00036,657.14,0.0,0.0,635.55,635.55,0.0,-635.55,-0.636,banked (gap < cost),sideways/calm
parity,NIFTY,24900.0,2026-09-29,2026-08-26 09:42 IST,2026-08-26 09:42 IST,1,75,1842082.0,125.65,455.0,24561.1,125.65,455.0,0.00031,562.85,0.0,0.0,643.97,643.97,0.0,-643.97,-0.644,banked (gap < cost),sideways/calm
parity,NIFTY,25100.0,2026-09-29,2026-08-26 09:42 IST,2026-08-26 09:42 IST,1,75,1842082.0,74.0,597.2,24561.1,74.0,597.2,0.00051,933.55,0.0,0.0,662.12,662.12,0.0,-662.12,-0.662,banked (gap < cost),sideways/calm
parity,NIFTY,25500.0,2026-09-29,2026-08-26 09:43 IST,2026-08-26 09:43 IST,1,75,1842368.0,24.45,941.55,24564.9,24.45,941.55,0.0005,926.62,0.0,0.0,714.97,714.97,0.0,-714.97,-0.715,banked (gap < cost),sideways/calm
parity,BANKNIFTY,57100.0,2026-09-29,2026-08-26 09:44 IST,2026-08-26 09:44 IST,1,15,875100.0,1537.2,325.35,58340.0,1537.2,325.35,0.00035,309.97,0.0,0.0,349.28,349.28,0.0,-349.28,-0.349,banked (gap < cost),sideways/calm
parity,BANKNIFTY,58700.0,2026-09-29,2026-08-26 09:45 IST,2026-08-26 09:45 IST,1,15,875037.0,557.3,940.0,58335.8,557.3,940.0,0.00035,310.49,1e-05,7.52,334.84,342.36,0.0,-342.36,-0.342,banked (gap < cost),sideways/calm
parity,NIFTY,24200.0,2026-09-29,2026-08-26 09:45 IST,2026-08-26 09:45 IST,1,75,1842675.0,514.3,135.8,24569.0,514.3,135.8,0.00048,879.56,0.0,0.0,656.59,656.59,0.0,-656.59,-0.657,banked (gap < cost),sideways/calm
parity,NIFTY,24500.0,2026-09-29,2026-08-26 09:45 IST,2026-08-26 09:45 IST,1,75,1842675.0,314.0,234.0,24569.0,314.0,234.0,0.00046,856.24,0.0,0.0,637.53,637.53,0.0,-637.53,-0.638,banked (gap < cost),sideways/calm
parity,NIFTY,24600.0,2026-09-29,2026-08-26 09:45 IST,2026-08-26 09:45 IST,1,75,1842675.0,258.5,278.0,24569.0,258.5,278.0,0.00046,848.47,0.0,0.0,635.48,635.48,0.0,-635.48,-0.635,banked (gap < cost),sideways/calm
parity,NIFTY,24800.0,2026-09-29,2026-08-26 09:45 IST,2026-08-26 09:45 IST,1,75,1842675.0,166.1,387.5,24569.0,166.1,387.5,0.00033,615.42,0.0,0.0,638.39,638.39,0.0,-638.39,-0.638,banked (gap < cost),sideways/calm
parity,NIFTY,24900.0,2026-09-29,2026-08-26 09:45 IST,2026-08-26 09:45 IST,1,75,1842675.0,129.45,448.0,24569.0,129.45,448.0,0.00043,783.89,0.0,0.0,643.57,643.57,0.0,-643.57,-0.644,banked (gap < cost),sideways/calm
parity,NIFTY,25100.0,2026-09-29,2026-08-26 09:45 IST,2026-08-26 09:45 IST,1,75,1842675.0,76.35,591.6,24569.0,76.35,591.6,0.00051,940.85,0.0,0.0,661.31,661.31,0.0,-661.31,-0.661,banked (gap < cost),sideways/calm
parity,NIFTY,24700.0,2026-09-29,2026-08-26 09:46 IST,2026-08-26 09:46 IST,1,75,1842750.0,210.05,326.15,24570.0,210.05,326.15,0.00053,983.64,0.00014,269.1,635.5,904.6,0.0,-904.6,-0.905,banked (gap < cost),sideways/calm
parity,NIFTY,25000.0,2026-09-29,2026-08-26 09:46 IST,2026-08-26 09:46 IST,1,75,1842750.0,100.85,515.1,24570.0,100.85,515.1,0.00054,986.57,0.00014,269.96,650.84,920.8,0.0,-920.8,-0.921,banked (gap < cost),sideways/calm
parity,NIFTY,25500.0,2026-09-29,2026-08-26 09:46 IST,2026-08-26 09:46 IST,1,75,1842750.0,25.0,935.0,24570.0,25.0,935.0,0.00059,1078.95,0.00014,273.66,714.81,988.47,0.0,-988.47,-0.988,banked (gap < cost),sideways/calm
parity,NIFTY,24200.0,2026-09-29,2026-08-26 09:47 IST,2026-08-26 09:47 IST,1,75,1842645.0,513.4,135.3,24568.6,513.4,135.3,0.00048,879.41,0.0,0.0,657.29,657.29,0.0,-657.29,-0.657,banked (gap < cost),sideways/calm
parity,NIFTY,24500.0,2026-09-29,2026-08-26 09:47 IST,2026-08-26 09:47 IST,1,75,1842645.0,314.65,234.1,24568.6,314.65,234.1,0.0005,927.34,0.0,0.0,637.89,637.89,0.0,-637.89,-0.638,banked (gap < cost),sideways/calm
parity,NIFTY,24600.0,2026-09-29,2026-08-26 09:47 IST,2026-08-26 09:47 IST,1,75,1842645.0,259.0,277.5,24568.6,259.0,277.5,0.00052,953.31,0.0,0.0,635.45,635.45,0.0,-635.45,-0.635,banked (gap < cost),sideways/calm
parity,NIFTY,24800.0,2026-09-29,2026-08-26 09:47 IST,2026-08-26 09:47 IST,1,75,1842645.0,166.5,382.35,24568.6,166.5,382.35,0.00058,1061.52,0.0,0.0,637.99,637.99,0.0,-637.99,-0.638,banked (gap < cost),sideways/calm
parity,NIFTY,24900.0,2026-09-29,2026-08-26 09:47 IST,2026-08-26 09:47 IST,1,75,1842645.0,129.95,445.55,24568.6,129.95,445.55,0.00056,1034.99,0.0,0.0,643.29,643.29,0.0,-643.29,-0.643,banked (gap < cost),sideways/calm
parity,NIFTY,25100.0,2026-09-29,2026-08-26 09:47 IST,2026-08-26 09:47 IST,1,75,1842645.0,76.55,592.45,24568.6,76.55,592.45,0.0005,921.94,0.0,0.0,660.37,660.37,0.0,-660.37,-0.66,banked (gap < cost),sideways/calm
parity,NIFTY,25400.0,2026-09-29,2026-08-26 09:47 IST,2026-08-26 09:47 IST,1,75,1842645.0,32.45,840.75,24568.6,32.45,840.75,0.00074,1356.12,0.0,0.0,700.36,700.36,0.0,-700.36,-0.7,banked (gap < cost),sideways/calm
parity,BANKNIFTY,58800.0,2026-09-29,2026-08-26 09:49 IST,2026-08-26 09:49 IST,1,15,874875.0,505.0,991.15,58325.0,505.0,991.15,0.00024,210.26,0.0,0.0,335.52,335.52,0.0,-335.52,-0.336,banked (gap < cost),sideways/calm
parity,BANKNIFTY,56500.0,2026-09-29,2026-08-26 09:50 IST,2026-08-26 09:50 IST,1,15,874800.0,2013.95,213.5,58320.0,2013.95,213.5,0.00015,128.45,0.0,0.0,362.63,362.63,0.0,-362.63,-0.363,banked (gap < cost),sideways/calm
parity,NIFTY,24200.0,2026-09-29,2026-08-26 09:50 IST,2026-08-26 09:50 IST,1,75,1842075.0,509.55,137.6,24561.0,509.55,137.6,0.00053,984.69,6e-05,122.49,655.99,778.48,0.0,-778.48,-0.778,banked (gap < cost),sideways/calm
parity,NIFTY,24400.0,2026-09-29,2026-08-26 09:50 IST,2026-08-26 09:50 IST,1,75,1842075.0,371.1,199.3,24561.0,371.1,199.3,0.00048,882.89,6e-05,122.13,641.85,763.98,0.0,-763.98,-0.764,banked (gap < cost),sideways/calm
parity,NIFTY,24500.0,2026-09-29,2026-08-26 09:50 IST,2026-08-26 09:50 IST,1,75,1842075.0,310.05,238.45,24561.0,310.05,238.45,0.00045,822.62,6e-05,122.02,637.6,759.62,0.0,-759.62,-0.76,banked (gap < cost),sideways/calm
parity,NIFTY,24600.0,2026-09-29,2026-08-26 09:50 IST,2026-08-26 09:50 IST,1,75,1842075.0,255.3,282.0,24561.0,255.3,282.0,0.00049,904.84,6e-05,121.97,635.32,757.29,0.0,-757.29,-0.757,banked (gap < cost),sideways/calm
parity,NIFTY,24700.0,2026-09-29,2026-08-26 09:50 IST,2026-08-26 09:50 IST,1,75,1842075.0,206.5,332.55,24561.0,206.5,332.55,0.00049,908.32,6e-05,121.97,635.62,757.59,0.0,-757.59,-0.758,banked (gap < cost),sideways/calm
parity,NIFTY,24800.0,2026-09-29,2026-08-26 09:50 IST,2026-08-26 09:50 IST,1,75,1842075.0,164.1,389.4,24561.0,164.1,389.4,0.0005,919.3,6e-05,122.04,638.32,760.36,0.0,-760.36,-0.76,banked (gap < cost),sideways/calm
parity,NIFTY,24900.0,2026-09-29,2026-08-26 09:50 IST,2026-08-26 09:50 IST,1,75,1842075.0,128.6,450.0,24561.0,128.6,450.0,0.00063,1166.52,6e-05,122.17,643.51,765.68,0.0,-765.68,-0.766,banked (gap < cost),sideways/calm
parity,NIFTY,25000.0,2026-09-29,2026-08-26 09:50 IST,2026-08-26 09:50 IST,1,75,1842075.0,98.8,523.05,24561.0,98.8,523.05,0.00049,907.5,6e-05,122.38,651.83,774.21,0.0,-774.21,-0.774,banked (gap < cost),sideways/calm
parity,NIFTY,25500.0,2026-09-29,2026-08-26 09:50 IST,2026-08-26 09:50 IST,1,75,1842075.0,24.2,940.5,24561.0,24.2,940.5,0.00069,1277.38,6e-05,124.05,715.01,839.06,0.0,-839.06,-0.839,banked (gap < cost),sideways/calm
parity,NIFTY,23800.0,2026-09-29,2026-08-26 09:51 IST,2026-08-26 09:51 IST,1,75,1841925.0,826.0,63.9,24559.0,826.0,63.9,0.00031,576.13,0.0,0.0,705.63,705.63,0.0,-705.63,-0.706,banked (gap < cost),sideways/calm
parity,NIFTY,24700.0,2026-09-29,2026-08-26 09:52 IST,2026-08-26 09:52 IST,1,75,1841790.0,204.6,334.0,24557.2,204.6,334.0,0.00051,940.41,7e-05,134.46,635.53,769.99,0.0,-769.99,-0.77,banked (gap < cost),sideways/calm
parity,NIFTY,25300.0,2026-09-29,2026-08-26 09:52 IST,2026-08-26 09:52 IST,1,75,1841790.0,41.65,762.95,24557.2,41.65,762.95,0.00069,1276.26,0.0,0.0,687.4,687.4,0.0,-687.4,-0.687,banked (gap < cost),sideways/calm
parity,NIFTY,25500.0,2026-09-29,2026-08-26 09:52 IST,2026-08-26 09:52 IST,1,75,1841790.0,23.7,946.3,24557.2,23.7,946.3,0.00059,1088.22,7e-05,136.77,715.44,852.21,0.0,-852.21,-0.852,banked (gap < cost),sideways/calm
parity,NIFTY,24800.0,2026-09-29,2026-08-26 09:53 IST,2026-08-26 09:53 IST,1,75,1841588.0,160.35,392.25,24554.5,160.35,392.25,0.00049,908.85,0.00015,289.87,638.38,928.25,0.0,-928.25,-0.928,banked (gap < cost),sideways/calm
parity,NIFTY,25100.0,2026-09-29,2026-08-26 09:53 IST,2026-08-26 09:53 IST,1,75,1841588.0,72.45,601.0,24554.5,72.45,601.0,0.00056,1024.28,0.0,0.0,661.72,661.72,0.0,-661.72,-0.662,banked (gap < cost),sideways/calm
parity,NIFTY,24400.0,2026-09-29,2026-08-26 09:54 IST,2026-08-26 09:54 IST,1,75,1841625.0,367.95,201.4,24555.0,367.95,201.4,0.00051,936.43,0.0,0.0,641.29,641.29,0.0,-641.29,-0.641,banked (gap < cost),sideways/calm
parity,NIFTY,24600.0,2026-09-29,2026-08-26 09:54 IST,2026-08-26 09:54 IST,1,75,1841625.0,251.7,284.0,24555.0,251.7,284.0,0.00051,932.13,0.0,0.0,635.04,635.04,0.0,-635.04,-0.635,banked (gap < cost),sideways/calm
parity,NIFTY,24700.0,2026-09-29,2026-08-26 09:54 IST,2026-08-26 09:54 IST,1,75,1841625.0,202.5,336.4,24555.0,202.5,336.4,0.00042,766.85,0.0,0.0,635.15,635.15,0.0,-635.15,-0.635,banked (gap < cost),sideways/calm
parity,NIFTY,24900.0,2026-09-29,2026-08-26 09:54 IST,2026-08-26 09:54 IST,1,75,1841625.0,125.5,457.45,24555.0,125.5,457.45,0.00045,822.55,0.00015,290.2,643.9,934.1,0.0,-934.1,-0.934,banked (gap < cost),sideways/calm
parity,NIFTY,25000.0,2026-09-29,2026-08-26 09:54 IST,2026-08-26 09:54 IST,1,75,1841625.0,96.55,525.8,24555.0,96.55,525.8,0.00053,979.78,0.0,0.0,652.23,652.23,0.0,-652.23,-0.652,banked (gap < cost),sideways/calm
parity,NIFTY,24800.0,2026-09-29,2026-08-26 09:55 IST,2026-08-26 09:55 IST,1,75,1841888.0,161.7,390.0,24558.5,161.7,390.0,0.00048,880.66,0.00011,210.11,638.41,848.52,0.0,-848.52,-0.849,banked (gap < cost),sideways/calm
parity,BANKNIFTY,58900.0,2026-09-29,2026-08-26 09:56 IST,2026-08-26 09:56 IST,1,15,875508.0,477.05,1039.6,58367.2,477.05,1039.6,0.00056,494.48,0.0,0.0,336.09,336.09,0.0,-336.09,-0.336,banked (gap < cost),sideways/calm
parity,NIFTY,24400.0,2026-09-29,2026-08-26 09:56 IST,2026-08-26 09:56 IST,1,75,1841970.0,369.5,199.45,24559.6,369.5,199.45,0.00046,856.04,0.0001,191.22,641.58,832.8,0.0,-832.8,-0.833,banked (gap < cost),sideways/calm
parity,NIFTY,25000.0,2026-09-29,2026-08-26 09:56 IST,2026-08-26 09:56 IST,1,75,1841970.0,98.0,524.0,24559.6,98.0,524.0,0.00048,880.64,0.0001,191.62,651.78,843.4,0.0,-843.4,-0.843,banked (gap < cost),sideways/calm
parity,BANKNIFTY,56000.0,2026-09-29,2026-08-26 09:57 IST,2026-08-26 09:57 IST,1,15,875700.0,2480.0,142.4,58380.0,2480.0,142.4,0.00048,420.5,0.0,0.0,377.92,377.92,0.0,-377.92,-0.378,banked (gap < cost),sideways/calm
parity,BANKNIFTY,56500.0,2026-09-29,2026-08-26 09:57 IST,2026-08-26 09:57 IST,1,15,875700.0,2054.0,205.6,58380.0,2054.0,205.6,0.00035,303.77,0.0,0.0,363.84,363.84,0.0,-363.84,-0.364,banked (gap < cost),sideways/calm
parity,BANKNIFTY,57000.0,2026-09-29,2026-08-26 09:57 IST,2026-08-26 09:57 IST,1,15,875700.0,1642.4,295.85,58380.0,1642.4,295.85,0.00043,376.79,0.0,0.0,351.68,351.68,0.0,-351.68,-0.352,banked (gap < cost),sideways/calm
parity,BANKNIFTY,57200.0,2026-09-29,2026-08-26 09:57 IST,2026-08-26 09:57 IST,1,15,875700.0,1495.55,341.55,58380.0,1495.55,341.55,0.00032,283.15,0.0,0.0,347.84,347.84,0.0,-347.84,-0.348,banked (gap < cost),sideways/calm
parity,BANKNIFTY,57300.0,2026-09-29,2026-08-26 09:57 IST,2026-08-26 09:57 IST,1,15,875700.0,1409.65,365.95,58380.0,1409.65,365.95,0.00051,446.71,0.0,0.0,345.84,345.84,0.0,-345.84,-0.346,banked (gap < cost),sideways/calm
parity,BANKNIFTY,57400.0,2026-09-29,2026-08-26 09:57 IST,2026-08-26 09:57 IST,1,15,875700.0,1339.6,392.35,58380.0,1339.6,392.35,0.00046,402.51,0.0,0.0,344.03,344.03,0.0,-344.03,-0.344,banked (gap < cost),sideways/calm
parity,BANKNIFTY,57500.0,2026-09-29,2026-08-26 09:57 IST,2026-08-26 09:57 IST,1,15,875700.0,1267.75,421.5,58380.0,1267.75,421.5,0.00049,426.57,0.0,0.0,342.25,342.25,0.0,-342.25,-0.342,banked (gap < cost),sideways/calm
parity,BANKNIFTY,57600.0,2026-09-29,2026-08-26 09:57 IST,2026-08-26 09:57 IST,1,15,875700.0,1205.0,449.6,58380.0,1205.0,449.6,0.00034,298.37,0.0,0.0,340.83,340.83,0.0,-340.83,-0.341,banked (gap < cost),sideways/calm
parity,BANKNIFTY,57700.0,2026-09-29,2026-08-26 09:57 IST,2026-08-26 09:57 IST,1,15,875700.0,1130.4,481.0,58380.0,1130.4,481.0,0.00045,397.43,0.0,0.0,339.55,339.55,0.0,-339.55,-0.34,banked (gap < cost),sideways/calm
parity,BANKNIFTY,57800.0,2026-09-29,2026-08-26 09:57 IST,2026-08-26 09:57 IST,1,15,875700.0,1070.6,516.0,58380.0,1070.6,516.0,0.00038,328.48,0.0,0.0,338.3,338.3,0.0,-338.3,-0.338,banked (gap < cost),sideways/calm
parity,BANKNIFTY,57900.0,2026-09-29,2026-08-26 09:57 IST,2026-08-26 09:57 IST,1,15,875700.0,1007.2,552.2,58380.0,1007.2,552.2,0.00038,331.54,0.0,0.0,337.48,337.48,0.0,-337.48,-0.337,banked (gap < cost),sideways/calm
parity,BANKNIFTY,58000.0,2026-09-29,2026-08-26 09:57 IST,2026-08-26 09:57 IST,1,15,875700.0,943.8,592.05,58380.0,943.8,592.05,0.00044,389.34,0.0,0.0,336.52,336.52,0.0,-336.52,-0.337,banked (gap < cost),sideways/calm
parity,BANKNIFTY,58100.0,2026-09-29,2026-08-26 09:57 IST,2026-08-26 09:57 IST,1,15,875700.0,884.9,628.0,58380.0,884.9,628.0,0.00037,321.15,0.0,0.0,335.62,335.62,0.0,-335.62,-0.336,banked (gap < cost),sideways/calm
parity,BANKNIFTY,58200.0,2026-09-29,2026-08-26 09:57 IST,2026-08-26 09:57 IST,1,15,875700.0,828.3,671.45,58380.0,828.3,671.45,0.00038,330.95,0.0,0.0,335.2,335.2,0.0,-335.2,-0.335,banked (gap < cost),sideways/calm
parity,BANKNIFTY,58300.0,2026-09-29,2026-08-26 09:57 IST,2026-08-26 09:57 IST,1,15,875700.0,774.25,714.2,58380.0,774.25,714.2,0.00033,292.01,0.0,0.0,334.66,334.66,0.0,-334.66,-0.335,banked (gap < cost),sideways/calm
parity,BANKNIFTY,58400.0,2026-09-29,2026-08-26 09:57 IST,2026-08-26 09:57 IST,1,15,875700.0,719.05,759.9,58380.0,719.05,759.9,0.00036,314.56,0.0,0.0,334.47,334.47,0.0,-334.47,-0.334,banked (gap < cost),sideways/calm
parity,BANKNIFTY,58500.0,2026-09-29,2026-08-26 09:57 IST,2026-08-26 09:57 IST,1,15,875700.0,667.4,807.45,58380.0,667.4,807.45,0.00036,311.62,0.0,0.0,334.38,334.38,0.0,-334.38,-0.334,banked (gap < cost),sideways/calm
parity,BANKNIFTY,58600.0,2026-09-29,2026-08-26 09:57 IST,2026-08-26 09:57 IST,1,15,875700.0,619.9,857.5,58380.0,619.9,857.5,0.00032,283.92,0.0,0.0,334.51,334.51,0.0,-334.51,-0.335,banked (gap < cost),sideways/calm
parity,BANKNIFTY,59000.0,2026-09-29,2026-08-26 09:57 IST,2026-08-26 09:57 IST,1,15,875700.0,445.0,1080.0,58380.0,445.0,1080.0,0.00032,281.14,0.0,0.0,336.54,336.54,0.0,-336.54,-0.337,banked (gap < cost),sideways/calm
parity,BANKNIFTY,59200.0,2026-09-29,2026-08-26 09:57 IST,2026-08-26 09:57 IST,1,15,875700.0,373.5,1206.1,58380.0,373.5,1206.1,0.0003,263.25,0.0,0.0,338.78,338.78,0.0,-338.78,-0.339,banked (gap < cost),sideways/calm
parity,BANKNIFTY,59400.0,2026-09-29,2026-08-26 09:57 IST,2026-08-26 09:57 IST,1,15,875700.0,309.1,1341.65,58380.0,309.1,1341.65,0.00032,280.61,0.0,0.0,345.67,345.67,0.0,-345.67,-0.346,banked (gap < cost),sideways/calm
parity,BANKNIFTY,59500.0,2026-09-29,2026-08-26 09:57 IST,2026-08-26 09:57 IST,1,15,875700.0,279.95,1411.05,58380.0,279.95,1411.05,0.00031,267.91,0.0,0.0,343.48,343.48,0.0,-343.48,-0.343,banked (gap < cost),sideways/calm
parity,NIFTY,24500.0,2026-09-29,2026-08-26 09:57 IST,2026-08-26 09:57 IST,1,75,1842375.0,308.7,239.25,24565.0,308.7,239.25,0.0002,363.18,0.0,0.0,637.38,637.38,0.0,-637.38,-0.637,banked (gap < cost),sideways/calm
parity,NIFTY,24600.0,2026-09-29,2026-08-26 09:57 IST,2026-08-26 09:57 IST,1,75,1842375.0,253.0,281.4,24565.0,253.0,281.4,0.00026,479.15,0.0,0.0,635.21,635.21,0.0,-635.21,-0.635,banked (gap < cost),sideways/calm
parity,NIFTY,24700.0,2026-09-29,2026-08-26 09:57 IST,2026-08-26 09:57 IST,1,75,1842375.0,204.95,332.35,24565.0,204.95,332.35,0.00028,508.88,0.0,0.0,635.55,635.55,0.0,-635.55,-0.636,banked (gap < cost),sideways/calm
parity,NIFTY,25100.0,2026-09-29,2026-08-26 10:00 IST,2026-08-26 10:00 IST,1,75,1841925.0,72.75,601.5,24559.0,72.75,601.5,0.00037,673.82,0.0,0.0,661.98,661.98,0.0,-661.98,-0.662,banked (gap < cost),sideways/calm
parity,BANKNIFTY,56900.0,2026-09-29,2026-08-26 10:01 IST,2026-08-26 10:01 IST,1,15,875100.0,1686.7,283.05,58340.0,1686.7,283.05,0.00047,414.86,0.0,0.0,354.21,354.21,0.0,-354.21,-0.354,banked (gap < cost),sideways/calm
parity,BANKNIFTY,57700.0,2026-09-29,2026-08-26 10:01 IST,2026-08-26 10:01 IST,1,15,875100.0,1103.15,495.05,58340.0,1103.15,495.05,0.00048,420.55,0.00014,121.57,339.5,461.07,0.0,-461.07,-0.461,banked (gap < cost),sideways/calm
parity,BANKNIFTY,56800.0,2026-09-29,2026-08-26 10:02 IST,2026-08-26 10:02 IST,1,15,874800.0,1774.4,266.35,58320.0,1774.4,266.35,5e-05,41.62,1e-05,8.43,356.09,364.52,0.0,-364.52,-0.365,banked (gap < cost),sideways/calm
parity,BANKNIFTY,57300.0,2026-09-29,2026-08-26 10:02 IST,2026-08-26 10:02 IST,1,15,874800.0,1389.5,380.15,58320.0,1389.5,380.15,8e-05,67.39,0.0,0.0,345.35,345.35,0.0,-345.35,-0.345,banked (gap < cost),sideways/calm
parity,BANKNIFTY,57400.0,2026-09-29,2026-08-26 10:02 IST,2026-08-26 10:02 IST,1,15,874800.0,1299.8,405.5,58320.0,1299.8,405.5,0.00035,302.2,0.0,0.0,343.44,343.44,0.0,-343.44,-0.343,banked (gap < cost),sideways/calm
parity,BANKNIFTY,57800.0,2026-09-29,2026-08-26 10:02 IST,2026-08-26 10:02 IST,1,15,874800.0,1032.25,534.65,58320.0,1032.25,534.65,0.00033,288.92,0.0,0.0,338.09,338.09,0.0,-338.09,-0.338,banked (gap < cost),sideways/calm
parity,BANKNIFTY,58000.0,2026-09-29,2026-08-26 10:02 IST,2026-08-26 10:02 IST,1,15,874800.0,908.25,612.65,58320.0,908.25,612.65,0.00039,337.03,0.0,0.0,336.15,336.15,0.0,-336.15,-0.336,banked (gap < cost),sideways/calm
parity,BANKNIFTY,58100.0,2026-09-29,2026-08-26 10:02 IST,2026-08-26 10:02 IST,1,15,874800.0,848.7,650.15,58320.0,848.7,650.15,0.00035,301.83,0.0,0.0,335.33,335.33,0.0,-335.33,-0.335,banked (gap < cost),sideways/calm
parity,BANKNIFTY,58400.0,2026-09-29,2026-08-26 10:02 IST,2026-08-26 10:02 IST,1,15,874800.0,688.0,786.8,58320.0,688.0,786.8,0.00033,289.24,0.0,0.0,334.21,334.21,0.0,-334.21,-0.334,banked (gap < cost),sideways/calm
parity,BANKNIFTY,58600.0,2026-09-29,2026-08-26 10:02 IST,2026-08-26 10:02 IST,1,15,874800.0,591.05,890.45,58320.0,591.05,890.45,0.00036,316.35,0.0,0.0,334.37,334.37,0.0,-334.37,-0.334,banked (gap < cost),sideways/calm
parity,BANKNIFTY,57000.0,2026-09-29,2026-08-26 10:03 IST,2026-08-26 10:03 IST,1,15,875010.0,1596.6,303.65,58334.0,1596.6,303.65,0.00057,494.96,0.0,0.0,350.38,350.38,0.0,-350.38,-0.35,banked (gap < cost),sideways/calm
parity,BANKNIFTY,57500.0,2026-09-29,2026-08-26 10:03 IST,2026-08-26 10:03 IST,1,15,875010.0,1224.6,434.85,58334.0,1224.6,434.85,0.00067,588.23,0.0,0.0,341.3,341.3,0.0,-341.3,-0.341,banked (gap < cost),sideways/calm
parity,BANKNIFTY,57600.0,2026-09-29,2026-08-26 10:03 IST,2026-08-26 10:03 IST,1,15,875010.0,1158.95,466.15,58334.0,1158.95,466.15,0.00063,551.54,0.0,0.0,340.01,340.01,0.0,-340.01,-0.34,banked (gap < cost),sideways/calm
parity,BANKNIFTY,57700.0,2026-09-29,2026-08-26 10:03 IST,2026-08-26 10:03 IST,1,15,875010.0,1098.05,499.75,58334.0,1098.05,499.75,0.00055,478.09,0.0,0.0,338.72,338.72,0.0,-338.72,-0.339,banked (gap < cost),sideways/calm
parity,BANKNIFTY,57900.0,2026-09-29,2026-08-26 10:03 IST,2026-08-26 10:03 IST,1,15,875010.0,970.6,571.25,58334.0,970.6,571.25,0.00055,480.45,0.0,0.0,336.79,336.79,0.0,-336.79,-0.337,banked (gap < cost),sideways/calm
parity,NIFTY,24400.0,2026-09-29,2026-08-26 10:03 IST,2026-08-26 10:03 IST,1,75,1840875.0,361.0,204.65,24545.0,361.0,204.65,0.0005,916.9,0.0,0.0,640.57,640.57,0.0,-640.57,-0.641,banked (gap < cost),sideways/calm
parity,NIFTY,24500.0,2026-09-29,2026-08-26 10:03 IST,2026-08-26 10:03 IST,1,75,1840875.0,299.85,244.5,24545.0,299.85,244.5,0.00043,796.62,0.0,0.0,636.82,636.82,0.0,-636.82,-0.637,banked (gap < cost),sideways/calm
parity,NIFTY,25000.0,2026-09-29,2026-08-26 10:03 IST,2026-08-26 10:03 IST,1,75,1840875.0,93.85,533.65,24545.0,93.85,533.65,0.00051,934.0,0.0,0.0,652.77,652.77,0.0,-652.77,-0.653,banked (gap < cost),sideways/calm
parity,BANKNIFTY,58700.0,2026-09-29,2026-08-26 10:05 IST,2026-08-26 10:05 IST,1,15,874872.0,539.85,950.0,58324.8,539.85,950.0,0.00064,558.24,0.0,0.0,334.83,334.83,0.0,-334.83,-0.335,banked (gap < cost),sideways/calm
parity,BANKNIFTY,58800.0,2026-09-29,2026-08-26 10:05 IST,2026-08-26 10:05 IST,1,15,874872.0,501.3,1003.0,58324.8,501.3,1003.0,0.0005,440.54,0.0,0.0,335.51,335.51,0.0,-335.51,-0.336,banked (gap < cost),sideways/calm
parity,BANKNIFTY,56600.0,2026-09-29,2026-08-26 10:06 IST,2026-08-26 10:06 IST,1,15,874611.0,1900.0,231.6,58307.4,1900.0,231.6,0.00049,430.38,0.0,0.0,361.3,361.3,0.0,-361.3,-0.361,banked (gap < cost),sideways/calm
parity,BANKNIFTY,58600.0,2026-09-29,2026-08-26 10:06 IST,2026-08-26 10:06 IST,1,15,874611.0,580.0,890.45,58307.4,580.0,890.45,0.00034,294.22,9e-05,78.27,334.45,412.72,0.0,-412.72,-0.413,banked (gap < cost),sideways/calm
parity,BANKNIFTY,56500.0,2026-09-29,2026-08-26 10:07 IST,2026-08-26 10:07 IST,1,15,874200.0,1965.65,215.1,58280.0,1965.65,215.1,0.00032,280.58,0.0002,178.57,361.72,540.29,0.0,-540.29,-0.54,banked (gap < cost),sideways/calm
parity,BANKNIFTY,57400.0,2026-09-29,2026-08-26 10:07 IST,2026-08-26 10:07 IST,1,15,874200.0,1273.1,413.5,58280.0,1273.1,413.5,0.00026,226.32,6e-05,50.92,342.56,393.48,0.0,-393.48,-0.393,banked (gap < cost),sideways/calm
parity,BANKNIFTY,57900.0,2026-09-29,2026-08-26 10:07 IST,2026-08-26 10:07 IST,1,15,874200.0,947.2,583.7,58280.0,947.2,583.7,0.00024,213.09,6e-05,50.79,336.46,387.25,0.0,-387.25,-0.387,banked (gap < cost),sideways/calm
parity,BANKNIFTY,58100.0,2026-09-29,2026-08-26 10:07 IST,2026-08-26 10:07 IST,1,15,874200.0,831.2,661.85,58280.0,831.2,661.85,0.00016,143.45,6e-05,50.75,334.96,385.71,0.0,-385.71,-0.386,banked (gap < cost),sideways/calm
parity,BANKNIFTY,58900.0,2026-09-29,2026-08-26 10:07 IST,2026-08-26 10:07 IST,1,15,874200.0,450.65,1071.75,58280.0,450.65,1071.75,8e-05,72.64,0.0002,176.61,336.15,512.76,0.0,-512.76,-0.513,banked (gap < cost),sideways/calm
parity,BANKNIFTY,59000.0,2026-09-29,2026-08-26 10:07 IST,2026-08-26 10:07 IST,1,15,874200.0,411.0,1131.55,58280.0,411.0,1131.55,8e-05,73.44,6e-05,50.8,336.99,387.79,0.0,-387.79,-0.388,banked (gap < cost),sideways/calm
parity,NIFTY,24900.0,2026-09-29,2026-08-26 10:07 IST,2026-08-26 10:07 IST,1,75,1839750.0,116.5,475.0,24530.0,116.5,475.0,0.00038,694.99,0.0,0.0,644.17,644.17,0.0,-644.17,-0.644,banked (gap < cost),sideways/calm
parity,NIFTY,25100.0,2026-09-29,2026-08-26 10:07 IST,2026-08-26 10:07 IST,1,75,1839750.0,67.45,627.85,24530.0,67.45,627.85,0.00025,461.94,0.0,0.0,662.4,662.4,0.0,-662.4,-0.662,banked (gap < cost),sideways/calm
parity,NIFTY,25200.0,2026-09-29,2026-08-26 10:07 IST,2026-08-26 10:07 IST,1,75,1839750.0,50.5,709.5,24530.0,50.5,709.5,0.00028,521.67,0.0,0.0,675.04,675.04,0.0,-675.04,-0.675,banked (gap < cost),sideways/calm
parity,BANKNIFTY,56200.0,2026-09-29,2026-08-26 10:08 IST,2026-08-26 10:08 IST,1,15,874356.0,2223.8,172.45,58290.4,2223.8,172.45,0.00045,396.45,0.0,0.0,372.97,372.97,0.0,-372.97,-0.373,banked (gap < cost),sideways/calm
parity,NIFTY,25500.0,2026-09-29,2026-08-26 10:08 IST,2026-08-26 10:08 IST,1,75,1839682.0,21.8,972.75,24529.1,21.8,972.75,0.00057,1056.72,0.0,0.0,718.78,718.78,0.0,-718.78,-0.719,banked (gap < cost),sideways/calm
parity,BANKNIFTY,56000.0,2026-09-29,2026-08-26 10:10 IST,2026-08-26 10:10 IST,1,15,874365.0,2388.8,148.5,58291.0,2388.8,148.5,0.00063,553.05,0.0,0.0,374.81,374.81,0.0,-374.81,-0.375,banked (gap < cost),sideways/calm
parity,NIFTY,24800.0,2026-09-29,2026-08-26 10:10 IST,2026-08-26 10:10 IST,1,75,1839045.0,147.1,414.5,24520.6,147.1,414.5,0.00042,773.53,7e-05,127.06,639.26,766.32,0.0,-766.32,-0.766,banked (gap < cost),sideways/calm
parity,NIFTY,24400.0,2026-09-29,2026-08-26 10:11 IST,2026-08-26 10:11 IST,1,75,1839000.0,340.8,215.55,24520.0,340.8,215.55,0.00024,448.08,0.0,0.0,638.59,638.59,0.0,-638.59,-0.639,banked (gap < cost),sideways/calm
parity,NIFTY,24500.0,2026-09-29,2026-08-26 10:11 IST,2026-08-26 10:11 IST,1,75,1839000.0,282.35,257.75,24520.0,282.35,257.75,0.00019,354.06,0.0,0.0,635.5,635.5,0.0,-635.5,-0.636,banked (gap < cost),sideways/calm
parity,NIFTY,24600.0,2026-09-29,2026-08-26 10:11 IST,2026-08-26 10:11 IST,1,75,1839000.0,229.5,304.45,24520.0,229.5,304.45,0.00019,342.53,0.0,0.0,634.28,634.28,0.0,-634.28,-0.634,banked (gap < cost),sideways/calm
parity,NIFTY,25000.0,2026-09-29,2026-08-26 10:11 IST,2026-08-26 10:11 IST,1,75,1839000.0,86.65,559.85,24520.0,86.65,559.85,0.00016,292.69,0.0,0.0,654.52,654.52,0.0,-654.52,-0.655,banked (gap < cost),sideways/calm
parity,NIFTY,25500.0,2026-09-29,2026-08-26 10:11 IST,2026-08-26 10:11 IST,1,75,1839000.0,21.15,989.8,24520.0,21.15,989.8,0.00022,407.57,0.0,0.0,718.78,718.78,0.0,-718.78,-0.719,banked (gap < cost),sideways/calm
parity,BANKNIFTY,57000.0,2026-09-29,2026-08-26 10:12 IST,2026-08-26 10:12 IST,1,15,874500.0,1565.75,311.9,58300.0,1565.75,311.9,0.00066,574.54,0.0,0.0,349.42,349.42,0.0,-349.42,-0.349,banked (gap < cost),sideways/calm
parity,BANKNIFTY,57500.0,2026-09-29,2026-08-26 10:12 IST,2026-08-26 10:12 IST,1,15,874500.0,1198.5,444.05,58300.0,1198.5,444.05,0.0007,610.81,0.0,0.0,340.46,340.46,0.0,-340.46,-0.34,banked (gap < cost),sideways/calm
parity,BANKNIFTY,57600.0,2026-09-29,2026-08-26 10:12 IST,2026-08-26 10:12 IST,1,15,874500.0,1134.15,476.45,58300.0,1134.15,476.45,0.00065,571.12,0.0,0.0,339.28,339.28,0.0,-339.28,-0.339,banked (gap < cost),sideways/calm
parity,BANKNIFTY,57800.0,2026-09-29,2026-08-26 10:12 IST,2026-08-26 10:12 IST,1,15,874500.0,1010.3,546.1,58300.0,1010.3,546.1,0.00056,491.73,0.0,0.0,337.02,337.02,0.0,-337.02,-0.337,banked (gap < cost),sideways/calm
parity,BANKNIFTY,57900.0,2026-09-29,2026-08-26 10:12 IST,2026-08-26 10:12 IST,1,15,874500.0,949.15,583.5,58300.0,949.15,583.5,0.00055,479.03,0.0,0.0,336.2,336.2,0.0,-336.2,-0.336,banked (gap < cost),sideways/calm
parity,BANKNIFTY,58000.0,2026-09-29,2026-08-26 10:12 IST,2026-08-26 10:12 IST,1,15,874500.0,887.9,623.95,58300.0,887.9,623.95,0.00059,513.59,0.0,0.0,335.46,335.46,0.0,-335.46,-0.335,banked (gap < cost),sideways/calm
parity,BANKNIFTY,58100.0,2026-09-29,2026-08-26 10:12 IST,2026-08-26 10:12 IST,1,15,874500.0,829.25,663.0,58300.0,829.25,663.0,0.00056,488.14,0.0,0.0,334.68,334.68,0.0,-334.68,-0.335,banked (gap < cost),sideways/calm
parity,BANKNIFTY,59000.0,2026-09-29,2026-08-26 10:12 IST,2026-08-26 10:12 IST,1,15,874500.0,408.1,1135.0,58300.0,408.1,1135.0,0.00053,466.88,0.0,0.0,337.0,337.0,0.0,-337.0,-0.337,banked (gap < cost),sideways/calm
parity,BANKNIFTY,59500.0,2026-09-29,2026-08-26 10:12 IST,2026-08-26 10:12 IST,1,15,874500.0,254.65,1465.1,58300.0,254.65,1465.1,0.0003,265.41,0.0,0.0,344.54,344.54,0.0,-344.54,-0.345,banked (gap < cost),sideways/calm
parity,NIFTY,25100.0,2026-09-29,2026-08-26 10:14 IST,2026-08-26 10:14 IST,1,75,1839750.0,65.55,625.0,24530.0,65.55,625.0,0.00029,533.19,0.00017,328.82,664.5,993.32,0.0,-993.32,-0.993,banked (gap < cost),sideways/calm
parity,NIFTY,25500.0,2026-09-29,2026-08-26 10:15 IST,2026-08-26 10:15 IST,1,75,1839450.0,20.75,973.9,24526.0,20.75,973.9,0.00061,1122.78,0.0,0.0,718.21,718.21,0.0,-718.21,-0.718,banked (gap < cost),sideways/calm
parity,NIFTY,25000.0,2026-09-29,2026-08-26 10:17 IST,2026-08-26 10:17 IST,1,75,1837875.0,83.4,568.9,24505.0,83.4,568.9,0.00027,488.39,2e-05,41.49,654.43,695.92,0.0,-695.92,-0.696,banked (gap < cost),sideways/calm
parity,NIFTY,25500.0,2026-09-29,2026-08-26 10:17 IST,2026-08-26 10:17 IST,1,75,1837875.0,20.05,999.95,24505.0,20.05,999.95,0.00037,682.03,2e-05,42.09,719.26,761.35,0.0,-761.35,-0.761,banked (gap < cost),sideways/calm
parity,BANKNIFTY,57000.0,2026-09-29,2026-08-26 10:18 IST,2026-08-26 10:18 IST,1,15,873975.0,1549.85,318.0,58265.0,1549.85,318.0,0.00044,382.71,0.0,0.0,348.96,348.96,0.0,-348.96,-0.349,banked (gap < cost),sideways/calm
parity,BANKNIFTY,57300.0,2026-09-29,2026-08-26 10:18 IST,2026-08-26 10:18 IST,1,15,873975.0,1322.4,395.4,58265.0,1322.4,395.4,0.00055,482.62,0.0,0.0,343.2,343.2,0.0,-343.2,-0.343,banked (gap < cost),sideways/calm
parity,BANKNIFTY,57500.0,2026-09-29,2026-08-26 10:18 IST,2026-08-26 10:18 IST,1,15,873975.0,1179.35,451.7,58265.0,1179.35,451.7,0.00056,490.98,0.0,0.0,340.14,340.14,0.0,-340.14,-0.34,banked (gap < cost),sideways/calm
parity,BANKNIFTY,57600.0,2026-09-29,2026-08-26 10:18 IST,2026-08-26 10:18 IST,1,15,873975.0,1116.4,486.8,58265.0,1116.4,486.8,0.00054,470.79,0.0,0.0,338.93,338.93,0.0,-338.93,-0.339,banked (gap < cost),sideways/calm
parity,BANKNIFTY,57700.0,2026-09-29,2026-08-26 10:18 IST,2026-08-26 10:18 IST,1,15,873975.0,1055.3,519.4,58265.0,1055.3,519.4,0.00044,385.34,0.0,0.0,337.75,337.75,0.0,-337.75,-0.338,banked (gap < cost),sideways/calm
parity,BANKNIFTY,57800.0,2026-09-29,2026-08-26 10:18 IST,2026-08-26 10:18 IST,1,15,873975.0,988.85,556.2,58265.0,988.85,556.2,0.00051,443.15,0.0,0.0,336.78,336.78,0.0,-336.78,-0.337,banked (gap < cost),sideways/calm
parity,BANKNIFTY,57900.0,2026-09-29,2026-08-26 10:18 IST,2026-08-26 10:18 IST,1,15,873975.0,931.35,594.15,58265.0,931.35,594.15,0.00044,383.95,0.0,0.0,335.95,335.95,0.0,-335.95,-0.336,banked (gap < cost),sideways/calm
parity,BANKNIFTY,58000.0,2026-09-29,2026-08-26 10:18 IST,2026-08-26 10:18 IST,1,15,873975.0,872.45,632.7,58265.0,872.45,632.7,0.00041,354.75,0.0,0.0,335.17,335.17,0.0,-335.17,-0.335,banked (gap < cost),sideways/calm
parity,BANKNIFTY,58100.0,2026-09-29,2026-08-26 10:18 IST,2026-08-26 10:18 IST,1,15,873975.0,814.9,673.85,58265.0,814.9,673.85,0.00039,344.31,0.0,0.0,334.56,334.56,0.0,-334.56,-0.335,banked (gap < cost),sideways/calm
parity,BANKNIFTY,58200.0,2026-09-29,2026-08-26 10:18 IST,2026-08-26 10:18 IST,1,15,873975.0,754.5,720.45,58265.0,754.5,720.45,0.00052,458.36,0.0,0.0,334.17,334.17,0.0,-334.17,-0.334,banked (gap < cost),sideways/calm
parity,BANKNIFTY,58300.0,2026-09-29,2026-08-26 10:18 IST,2026-08-26 10:18 IST,1,15,873975.0,707.6,766.9,58265.0,707.6,766.9,0.00042,367.67,0.0,0.0,333.91,333.91,0.0,-333.91,-0.334,banked (gap < cost),sideways/calm
parity,BANKNIFTY,59000.0,2026-09-29,2026-08-26 10:18 IST,2026-08-26 10:18 IST,1,15,873975.0,400.0,1142.9,58265.0,400.0,1142.9,0.00021,185.05,0.0,0.0,337.04,337.04,0.0,-337.04,-0.337,banked (gap < cost),sideways/calm
parity,NIFTY,25400.0,2026-09-29,2026-08-26 10:18 IST,2026-08-26 10:18 IST,1,75,1837725.0,25.9,910.0,24503.0,25.9,910.0,0.00031,561.39,0.0,0.0,702.89,702.89,0.0,-702.89,-0.703,banked (gap < cost),sideways/calm
parity,BANKNIFTY,56000.0,2026-09-29,2026-08-26 10:20 IST,2026-08-26 10:20 IST,1,15,873825.0,2370.0,152.95,58255.0,2370.0,152.95,0.00042,365.07,0.0,0.0,374.3,374.3,0.0,-374.3,-0.374,banked (gap < cost),sideways/calm
parity,BANKNIFTY,56700.0,2026-09-29,2026-08-26 10:22 IST,2026-08-26 10:22 IST,1,15,873330.0,1772.0,256.85,58222.0,1772.0,256.85,4e-05,35.06,0.0,0.0,354.6,354.6,0.0,-354.6,-0.355,banked (gap < cost),sideways/calm
parity,BANKNIFTY,57000.0,2026-09-29,2026-08-26 10:22 IST,2026-08-26 10:22 IST,1,15,873330.0,1531.15,320.0,58222.0,1531.15,320.0,6e-05,52.1,0.0,0.0,348.12,348.12,0.0,-348.12,-0.348,banked (gap < cost),sideways/calm
parity,BANKNIFTY,57100.0,2026-09-29,2026-08-26 10:22 IST,2026-08-26 10:22 IST,1,15,873330.0,1457.75,347.2,58222.0,1457.75,347.2,8e-05,70.16,0.0,0.0,346.48,346.48,0.0,-346.48,-0.346,banked (gap < cost),sideways/calm
parity,BANKNIFTY,57200.0,2026-09-29,2026-08-26 10:22 IST,2026-08-26 10:22 IST,1,15,873330.0,1379.0,369.6,58222.0,1379.0,369.6,0.00011,96.46,0.0,0.0,344.45,344.45,0.0,-344.45,-0.344,banked (gap < cost),sideways/calm
parity,BANKNIFTY,57400.0,2026-09-29,2026-08-26 10:22 IST,2026-08-26 10:22 IST,1,15,873330.0,1243.0,426.85,58222.0,1243.0,426.85,2e-05,13.32,0.0,0.0,340.89,340.89,0.0,-340.89,-0.341,banked (gap < cost),sideways/calm
parity,BANKNIFTY,57500.0,2026-09-29,2026-08-26 10:22 IST,2026-08-26 10:22 IST,1,15,873330.0,1170.6,455.9,58222.0,1170.6,455.9,5e-05,44.12,0.0,0.0,339.34,339.34,0.0,-339.34,-0.339,banked (gap < cost),sideways/calm
parity,BANKNIFTY,57700.0,2026-09-29,2026-08-26 10:22 IST,2026-08-26 10:22 IST,1,15,873330.0,1043.0,522.9,58222.0,1043.0,522.9,2e-05,18.77,0.0,0.0,337.07,337.07,0.0,-337.07,-0.337,banked (gap < cost),sideways/calm
parity,BANKNIFTY,56500.0,2026-09-29,2026-08-26 10:23 IST,2026-08-26 10:23 IST,1,15,873435.0,1912.0,226.15,58229.0,1912.0,226.15,0.00056,490.69,0.0,0.0,359.18,359.18,0.0,-359.18,-0.359,banked (gap < cost),sideways/calm
parity,NIFTY,23300.0,2026-09-29,2026-08-26 10:25 IST,2026-08-26 10:25 IST,1,75,1836150.0,1210.0,30.1,24482.0,1210.0,30.1,0.00021,377.64,0.0,0.0,750.95,750.95,0.0,-750.95,-0.751,banked (gap < cost),sideways/calm
parity,BANKNIFTY,57000.0,2026-09-29,2026-08-26 10:29 IST,2026-08-26 10:29 IST,1,15,874365.0,1568.5,309.4,58291.0,1568.5,309.4,0.00041,361.6,0.0,0.0,349.01,349.01,0.0,-349.01,-0.349,banked (gap < cost),sideways/calm
parity,BANKNIFTY,57200.0,2026-09-29,2026-08-26 10:29 IST,2026-08-26 10:29 IST,1,15,874365.0,1415.35,357.85,58291.0,1415.35,357.85,0.00046,403.71,0.0,0.0,345.23,345.23,0.0,-345.23,-0.345,banked (gap < cost),sideways/calm
parity,BANKNIFTY,57400.0,2026-09-29,2026-08-26 10:29 IST,2026-08-26 10:29 IST,1,15,874365.0,1275.5,410.4,58291.0,1275.5,410.4,0.00035,307.82,0.0,0.0,341.63,341.63,0.0,-341.63,-0.342,banked (gap < cost),sideways/calm
parity,BANKNIFTY,57300.0,2026-09-29,2026-08-26 10:30 IST,2026-08-26 10:30 IST,1,15,874470.0,1346.3,385.15,58298.0,1346.3,385.15,0.00053,462.38,0.0,0.0,343.8,343.8,0.0,-343.8,-0.344,banked (gap < cost),sideways/calm
parity,NIFTY,25100.0,2026-09-29,2026-08-26 10:30 IST,2026-08-26 10:30 IST,1,75,1837050.0,61.4,661.9,24494.0,61.4,661.9,8e-05,138.14,0.0,0.0,668.75,668.75,0.0,-668.75,-0.669,banked (gap < cost),sideways/calm
parity,BANKNIFTY,58900.0,2026-09-29,2026-08-26 10:31 IST,2026-08-26 10:31 IST,1,15,874500.0,454.9,1056.55,58300.0,454.9,1056.55,9e-05,79.08,0.0,0.0,336.65,336.65,0.0,-336.65,-0.337,banked (gap < cost),sideways/calm
parity,BANKNIFTY,57100.0,2026-09-29,2026-08-26 10:32 IST,2026-08-26 10:32 IST,1,15,874575.0,1512.0,325.15,58305.0,1512.0,325.15,0.00019,163.14,0.0,0.0,347.37,347.37,0.0,-347.37,-0.347,banked (gap < cost),sideways/calm
parity,BANKNIFTY,56500.0,2026-09-29,2026-08-26 10:33 IST,2026-08-26 10:33 IST,1,15,874728.0,2000.0,208.95,58315.2,2000.0,208.95,0.00023,197.88,0.0,0.0,361.22,361.22,0.0,-361.22,-0.361,banked (gap < cost),sideways/calm
parity,NIFTY,24800.0,2026-09-29,2026-08-26 10:33 IST,2026-08-26 10:33 IST,1,75,1837755.0,139.6,430.5,24503.4,139.6,430.5,0.00016,293.19,0.0,0.0,640.84,640.84,0.0,-640.84,-0.641,banked (gap < cost),sideways/calm
parity,BANKNIFTY,57500.0,2026-09-29,2026-08-26 10:34 IST,2026-08-26 10:34 IST,1,15,874860.0,1222.05,431.55,58324.0,1222.05,431.55,0.00049,427.89,0.0,0.0,340.83,340.83,0.0,-340.83,-0.341,banked (gap < cost),sideways/calm
parity,BANKNIFTY,57600.0,2026-09-29,2026-08-26 10:34 IST,2026-08-26 10:34 IST,1,15,874860.0,1152.0,462.9,58324.0,1152.0,462.9,0.00052,457.94,0.0,0.0,339.6,339.6,0.0,-339.6,-0.34,banked (gap < cost),sideways/calm
parity,BANKNIFTY,57700.0,2026-09-29,2026-08-26 10:34 IST,2026-08-26 10:34 IST,1,15,874860.0,1092.0,497.3,58324.0,1092.0,497.3,0.00044,383.0,0.0,0.0,338.28,338.28,0.0,-338.28,-0.338,banked (gap < cost),sideways/calm
parity,BANKNIFTY,57800.0,2026-09-29,2026-08-26 10:34 IST,2026-08-26 10:34 IST,1,15,874860.0,1026.75,532.05,58324.0,1026.75,532.05,0.00045,392.05,0.0,0.0,337.45,337.45,0.0,-337.45,-0.337,banked (gap < cost),sideways/calm
parity,BANKNIFTY,57900.0,2026-09-29,2026-08-26 10:34 IST,2026-08-26 10:34 IST,1,15,874860.0,965.65,571.0,58324.0,965.65,571.0,0.00046,401.86,0.0,0.0,336.44,336.44,0.0,-336.44,-0.336,banked (gap < cost),sideways/calm
parity,BANKNIFTY,58000.0,2026-09-29,2026-08-26 10:34 IST,2026-08-26 10:34 IST,1,15,874860.0,904.15,609.95,58324.0,904.15,609.95,0.00048,417.66,0.0,0.0,335.56,335.56,0.0,-335.56,-0.336,banked (gap < cost),sideways/calm
parity,BANKNIFTY,58300.0,2026-09-29,2026-08-26 10:34 IST,2026-08-26 10:34 IST,1,15,874860.0,735.85,736.5,58324.0,735.85,736.5,0.00042,367.58,0.0,0.0,334.08,334.08,0.0,-334.08,-0.334,banked (gap < cost),sideways/calm
parity,BANKNIFTY,57500.0,2026-09-29,2026-08-26 10:36 IST,2026-08-26 10:36 IST,1,15,874800.0,1209.75,431.6,58320.0,1209.75,431.6,0.00063,553.5,0.0,0.0,340.98,340.98,0.0,-340.98,-0.341,banked (gap < cost),sideways/calm
parity,BANKNIFTY,59000.0,2026-09-29,2026-08-26 10:37 IST,2026-08-26 10:37 IST,1,15,874683.0,413.05,1123.3,58312.2,413.05,1123.3,0.00046,399.02,0.0,0.0,336.68,336.68,0.0,-336.68,-0.337,banked (gap < cost),sideways/calm
parity,BANKNIFTY,59400.0,2026-09-29,2026-08-26 10:37 IST,2026-08-26 10:37 IST,1,15,874683.0,286.0,1397.6,58312.2,286.0,1397.6,0.00052,455.49,3e-05,26.3,342.05,368.35,0.0,-368.35,-0.368,banked (gap < cost),sideways/calm
parity,BANKNIFTY,57300.0,2026-09-29,2026-08-26 10:38 IST,2026-08-26 10:38 IST,1,15,874782.0,1352.3,377.75,58318.8,1352.3,377.75,0.00065,571.51,0.00024,217.86,343.78,561.64,0.0,-561.64,-0.562,banked (gap < cost),sideways/calm
parity,BANKNIFTY,57200.0,2026-09-29,2026-08-26 10:40 IST,2026-08-26 10:40 IST,1,15,874683.0,1431.7,351.0,58312.2,1431.7,351.0,0.00043,371.78,3e-05,30.29,345.53,375.82,0.0,-375.82,-0.376,banked (gap < cost),sideways/calm
parity,BANKNIFTY,57400.0,2026-09-29,2026-08-26 10:40 IST,2026-08-26 10:40 IST,1,15,874683.0,1280.0,406.05,58312.2,1280.0,406.05,0.00056,491.14,3e-05,30.25,342.34,372.59,0.0,-372.59,-0.373,banked (gap < cost),sideways/calm
parity,BANKNIFTY,58900.0,2026-09-29,2026-08-26 10:40 IST,2026-08-26 10:40 IST,1,15,874683.0,452.05,1066.1,58312.2,452.05,1066.1,0.00051,446.96,2e-05,17.59,335.81,353.4,0.0,-353.4,-0.353,banked (gap < cost),sideways/calm
parity,BANKNIFTY,57000.0,2026-09-29,2026-08-26 10:42 IST,2026-08-26 10:42 IST,1,15,874200.0,1556.05,308.05,58280.0,1556.05,308.05,0.00042,364.1,1e-05,10.84,349.37,360.21,0.0,-360.21,-0.36,banked (gap < cost),sideways/calm
parity,BANKNIFTY,57400.0,2026-09-29,2026-08-26 10:42 IST,2026-08-26 10:42 IST,1,15,874200.0,1258.3,412.0,58280.0,1258.3,412.0,0.00049,425.82,1e-05,10.8,341.69,352.49,0.0,-352.49,-0.352,banked (gap < cost),sideways/calm
parity,BANKNIFTY,57500.0,2026-09-29,2026-08-26 10:42 IST,2026-08-26 10:42 IST,1,15,874200.0,1194.95,440.3,58280.0,1194.95,440.3,0.00035,309.62,1e-05,10.79,340.16,350.95,0.0,-350.95,-0.351,banked (gap < cost),sideways/calm
parity,BANKNIFTY,57600.0,2026-09-29,2026-08-26 10:42 IST,2026-08-26 10:42 IST,1,15,874200.0,1130.0,471.95,58280.0,1130.0,471.95,0.00031,267.68,1e-05,10.79,338.85,349.64,0.0,-349.64,-0.35,banked (gap < cost),sideways/calm
parity,BANKNIFTY,57700.0,2026-09-29,2026-08-26 10:42 IST,2026-08-26 10:42 IST,1,15,874200.0,1065.0,506.55,58280.0,1065.0,506.55,0.00031,270.73,1e-05,10.78,337.74,348.52,0.0,-348.52,-0.349,banked (gap < cost),sideways/calm
parity,BANKNIFTY,57800.0,2026-09-29,2026-08-26 10:42 IST,2026-08-26 10:42 IST,1,15,874200.0,1003.4,542.4,58280.0,1003.4,542.4,0.00028,241.54,1e-05,10.78,336.82,347.6,0.0,-347.6,-0.348,banked (gap < cost),sideways/calm
parity,BANKNIFTY,57900.0,2026-09-29,2026-08-26 10:42 IST,2026-08-26 10:42 IST,1,15,874200.0,943.0,581.65,58280.0,943.0,581.65,0.00028,245.34,1e-05,10.77,335.76,346.53,0.0,-346.53,-0.347,banked (gap < cost),sideways/calm
parity,BANKNIFTY,58000.0,2026-09-29,2026-08-26 10:42 IST,2026-08-26 10:42 IST,1,15,874200.0,881.3,622.05,58280.0,881.3,622.05,0.00033,285.9,1e-05,10.77,335.05,345.82,0.0,-345.82,-0.346,banked (gap < cost),sideways/calm
parity,BANKNIFTY,58100.0,2026-09-29,2026-08-26 10:42 IST,2026-08-26 10:42 IST,1,15,874200.0,824.05,664.25,58280.0,824.05,664.25,0.00033,286.7,1e-05,10.77,334.6,345.37,0.0,-345.37,-0.345,banked (gap < cost),sideways/calm
parity,BANKNIFTY,58200.0,2026-09-29,2026-08-26 10:42 IST,2026-08-26 10:42 IST,1,15,874200.0,769.95,707.8,58280.0,769.95,707.8,0.0003,260.51,1e-05,10.76,334.03,344.79,0.0,-344.79,-0.345,banked (gap < cost),sideways/calm
parity,BANKNIFTY,58300.0,2026-09-29,2026-08-26 10:42 IST,2026-08-26 10:42 IST,1,15,874200.0,715.05,754.05,58280.0,715.05,754.05,0.00033,286.81,1e-05,10.76,333.86,344.62,0.0,-344.62,-0.345,banked (gap < cost),sideways/calm
parity,BANKNIFTY,58400.0,2026-09-29,2026-08-26 10:42 IST,2026-08-26 10:42 IST,1,15,874200.0,665.3,800.35,58280.0,665.3,800.35,0.00027,236.62,1e-05,10.76,333.54,344.3,0.0,-344.3,-0.344,banked (gap < cost),sideways/calm
parity,BANKNIFTY,58500.0,2026-09-29,2026-08-26 10:42 IST,2026-08-26 10:42 IST,1,15,874200.0,618.95,852.4,58280.0,618.95,852.4,0.00025,221.67,1e-05,10.76,333.83,344.59,0.0,-344.59,-0.345,banked (gap < cost),sideways/calm
parity,BANKNIFTY,58900.0,2026-09-29,2026-08-26 10:42 IST,2026-08-26 10:42 IST,1,15,874200.0,442.65,1082.0,58280.0,442.65,1082.0,0.0004,346.39,1e-05,10.77,336.06,346.83,0.0,-346.83,-0.347,banked (gap < cost),sideways/calm
parity,NIFTY,24700.0,2026-09-29,2026-08-26 10:42 IST,2026-08-26 10:42 IST,1,75,1837875.0,177.45,368.7,24505.0,177.45,368.7,0.0001,192.97,0.00018,341.13,635.47,976.6,0.0,-976.6,-0.977,banked (gap < cost),sideways/calm
parity,BANKNIFTY,57300.0,2026-09-29,2026-08-26 10:43 IST,2026-08-26 10:43 IST,1,15,874656.0,1355.5,377.95,58310.4,1355.5,377.95,0.00046,401.24,0.0,0.0,343.04,343.04,0.0,-343.04,-0.343,banked (gap < cost),sideways/calm
parity,BANKNIFTY,56500.0,2026-09-29,2026-08-26 10:44 IST,2026-08-26 10:44 IST,1,15,874551.0,1980.0,211.6,58303.4,1980.0,211.6,0.00041,361.68,0.0,0.0,361.27,361.27,0.0,-361.27,-0.361,banked (gap < cost),sideways/calm
parity,BANKNIFTY,57500.0,2026-09-29,2026-08-26 10:44 IST,2026-08-26 10:44 IST,1,15,874551.0,1200.6,435.95,58303.4,1200.6,435.95,0.00058,508.48,0.0002,175.96,340.36,516.32,0.0,-516.32,-0.516,banked (gap < cost),sideways/calm
parity,BANKNIFTY,57600.0,2026-09-29,2026-08-26 10:44 IST,2026-08-26 10:44 IST,1,15,874551.0,1145.2,468.2,58303.4,1145.2,468.2,0.00038,332.29,0.0002,175.87,339.23,515.1,0.0,-515.1,-0.515,banked (gap < cost),sideways/calm
parity,BANKNIFTY,57800.0,2026-09-29,2026-08-26 10:44 IST,2026-08-26 10:44 IST,1,15,874551.0,1005.1,538.6,58303.4,1005.1,538.6,0.00058,507.9,0.0002,175.69,336.9,512.59,0.0,-512.59,-0.513,banked (gap < cost),sideways/calm
parity,BANKNIFTY,57300.0,2026-09-29,2026-08-26 10:46 IST,2026-08-26 10:46 IST,1,15,874491.0,1339.1,382.95,58299.4,1339.1,382.95,0.00064,558.23,0.0,0.0,343.71,343.71,0.0,-343.71,-0.344,banked (gap < cost),sideways/calm
parity,BANKNIFTY,57500.0,2026-09-29,2026-08-26 10:46 IST,2026-08-26 10:46 IST,1,15,874491.0,1196.05,439.6,58299.4,1196.05,439.6,0.00065,571.84,0.0,0.0,340.32,340.32,0.0,-340.32,-0.34,banked (gap < cost),sideways/calm
parity,BANKNIFTY,57600.0,2026-09-29,2026-08-26 10:46 IST,2026-08-26 10:46 IST,1,15,874491.0,1131.75,472.0,58299.4,1131.75,472.0,0.00061,531.4,0.0,0.0,338.87,338.87,0.0,-338.87,-0.339,banked (gap < cost),sideways/calm
parity,BANKNIFTY,57700.0,2026-09-29,2026-08-26 10:46 IST,2026-08-26 10:46 IST,1,15,874491.0,1071.25,506.9,58299.4,1071.25,506.9,0.00054,471.45,0.0,0.0,337.87,337.87,0.0,-337.87,-0.338,banked (gap < cost),sideways/calm
parity,BANKNIFTY,57800.0,2026-09-29,2026-08-26 10:46 IST,2026-08-26 10:46 IST,1,15,874491.0,1007.2,543.55,58299.4,1007.2,543.55,0.00056,491.01,0.0,0.0,336.75,336.75,0.0,-336.75,-0.337,banked (gap < cost),sideways/calm
parity,BANKNIFTY,57900.0,2026-09-29,2026-08-26 10:46 IST,2026-08-26 10:46 IST,1,15,874491.0,947.05,581.4,58299.4,947.05,581.4,0.00054,470.06,0.0,0.0,335.94,335.94,0.0,-335.94,-0.336,banked (gap < cost),sideways/calm
parity,BANKNIFTY,58200.0,2026-09-29,2026-08-26 10:46 IST,2026-08-26 10:46 IST,1,15,874491.0,772.65,705.85,58299.4,772.65,705.85,0.00055,479.98,0.0,0.0,334.19,334.19,0.0,-334.19,-0.334,banked (gap < cost),sideways/calm
parity,BANKNIFTY,58300.0,2026-09-29,2026-08-26 10:46 IST,2026-08-26 10:46 IST,1,15,874491.0,718.2,751.75,58299.4,718.2,751.75,0.00057,494.28,0.0,0.0,333.95,333.95,0.0,-333.95,-0.334,banked (gap < cost),sideways/calm
parity,BANKNIFTY,58400.0,2026-09-29,2026-08-26 10:46 IST,2026-08-26 10:46 IST,1,15,874491.0,669.8,797.9,58299.4,669.8,797.9,0.00048,421.59,0.0,0.0,333.77,333.77,0.0,-333.77,-0.334,banked (gap < cost),sideways/calm
parity,BANKNIFTY,58500.0,2026-09-29,2026-08-26 10:46 IST,2026-08-26 10:46 IST,1,15,874491.0,619.65,849.35,58299.4,619.65,849.35,0.00052,454.64,0.0,0.0,333.91,333.91,0.0,-333.91,-0.334,banked (gap < cost),sideways/calm
parity,BANKNIFTY,58900.0,2026-09-29,2026-08-26 10:46 IST,2026-08-26 10:46 IST,1,15,874491.0,447.15,1077.0,58299.4,447.15,1077.0,0.00056,493.11,0.0,0.0,335.9,335.9,0.0,-335.9,-0.336,banked (gap < cost),sideways/calm
parity,NIFTY,23800.0,2026-09-29,2026-08-26 10:46 IST,2026-08-26 10:46 IST,1,75,1837125.0,763.0,70.55,24495.0,763.0,70.55,7e-05,123.4,0.0,0.0,693.68,693.68,0.0,-693.68,-0.694,banked (gap < cost),sideways/calm
parity,NIFTY,25000.0,2026-09-29,2026-08-26 10:46 IST,2026-08-26 10:46 IST,1,75,1837125.0,82.3,577.0,24495.0,82.3,577.0,0.0003,543.87,0.0,0.0,657.77,657.77,0.0,-657.77,-0.658,banked (gap < cost),sideways/calm
parity,NIFTY,24700.0,2026-09-29,2026-08-26 10:47 IST,2026-08-26 10:47 IST,1,75,1836780.0,175.9,374.8,24490.4,175.9,374.8,0.00039,707.58,0.0,0.0,635.92,635.92,0.0,-635.92,-0.636,banked (gap < cost),sideways/calm
parity,NIFTY,25500.0,2026-09-29,2026-08-26 10:47 IST,2026-08-26 10:47 IST,1,75,1836780.0,19.8,1017.0,24490.4,19.8,1017.0,0.00026,472.89,0.0,0.0,722.49,722.49,0.0,-722.49,-0.722,banked (gap < cost),sideways/calm
parity,NIFTY,24900.0,2026-09-29,2026-08-26 10:49 IST,2026-08-26 10:49 IST,1,75,1837102.0,108.55,499.25,24494.7,108.55,499.25,0.0005,911.56,0.0,0.0,646.96,646.96,0.0,-646.96,-0.647,banked (gap < cost),sideways/calm
parity,NIFTY,24200.0,2026-09-29,2026-08-26 10:50 IST,2026-08-26 10:50 IST,1,75,1837500.0,456.95,155.25,24500.0,456.95,155.25,0.00014,263.32,0.0,0.0,648.54,648.54,0.0,-648.54,-0.649,banked (gap < cost),sideways/calm
parity,NIFTY,24400.0,2026-09-29,2026-08-26 10:50 IST,2026-08-26 10:50 IST,1,75,1837500.0,327.6,225.1,24500.0,327.6,225.1,0.00013,232.77,0.0,0.0,636.95,636.95,0.0,-636.95,-0.637,banked (gap < cost),sideways/calm
parity,NIFTY,24500.0,2026-09-29,2026-08-26 10:50 IST,2026-08-26 10:50 IST,1,75,1837500.0,270.85,268.75,24500.0,270.85,268.75,9e-05,157.5,0.0,0.0,634.67,634.67,0.0,-634.67,-0.635,banked (gap < cost),sideways/calm
parity,NIFTY,24600.0,2026-09-29,2026-08-26 10:50 IST,2026-08-26 10:50 IST,1,75,1837500.0,221.0,317.9,24500.0,221.0,317.9,0.0001,187.23,0.0,0.0,634.19,634.19,0.0,-634.19,-0.634,banked (gap < cost),sideways/calm
parity,NIFTY,24700.0,2026-09-29,2026-08-26 10:50 IST,2026-08-26 10:50 IST,1,75,1837500.0,175.7,370.45,24500.0,175.7,370.45,0.00017,303.2,0.0,0.0,635.86,635.86,0.0,-635.86,-0.636,banked (gap < cost),sideways/calm
parity,NIFTY,24800.0,2026-09-29,2026-08-26 10:50 IST,2026-08-26 10:50 IST,1,75,1837500.0,139.05,434.0,24500.0,139.05,434.0,0.00013,242.93,0.00018,333.48,640.42,973.9,0.0,-973.9,-0.974,banked (gap < cost),sideways/calm
parity,BANKNIFTY,57000.0,2026-09-29,2026-08-26 10:51 IST,2026-08-26 10:51 IST,1,15,874362.0,1555.85,310.4,58290.8,1555.85,310.4,0.00064,563.38,0.0,0.0,349.36,349.36,0.0,-349.36,-0.349,banked (gap < cost),sideways/calm
parity,BANKNIFTY,57500.0,2026-09-29,2026-08-26 10:51 IST,2026-08-26 10:51 IST,1,15,874362.0,1192.0,441.9,58290.8,1192.0,441.9,0.00062,538.91,0.0,0.0,340.25,340.25,0.0,-340.25,-0.34,banked (gap < cost),sideways/calm
parity,BANKNIFTY,57800.0,2026-09-29,2026-08-26 10:51 IST,2026-08-26 10:51 IST,1,15,874362.0,1000.3,545.0,58290.8,1000.3,545.0,0.00056,488.07,0.0,0.0,336.83,336.83,0.0,-336.83,-0.337,banked (gap < cost),sideways/calm
parity,BANKNIFTY,57900.0,2026-09-29,2026-08-26 10:51 IST,2026-08-26 10:51 IST,1,15,874362.0,940.15,584.7,58290.8,940.15,584.7,0.00057,494.88,0.0,0.0,336.12,336.12,0.0,-336.12,-0.336,banked (gap < cost),sideways/calm
parity,BANKNIFTY,58000.0,2026-09-29,2026-08-26 10:51 IST,2026-08-26 10:51 IST,1,15,874362.0,877.5,625.7,58290.8,877.5,625.7,0.00064,558.68,0.0,0.0,335.22,335.22,0.0,-335.22,-0.335,banked (gap < cost),sideways/calm
parity,BANKNIFTY,58200.0,2026-09-29,2026-08-26 10:51 IST,2026-08-26 10:51 IST,1,15,874362.0,767.55,709.55,58290.8,767.55,709.55,0.00055,483.79,0.0,0.0,334.14,334.14,0.0,-334.14,-0.334,banked (gap < cost),sideways/calm
parity,BANKNIFTY,58300.0,2026-09-29,2026-08-26 10:51 IST,2026-08-26 10:51 IST,1,15,874362.0,714.45,755.0,58290.8,714.45,755.0,0.00054,471.09,0.0,0.0,333.99,333.99,0.0,-333.99,-0.334,banked (gap < cost),sideways/calm
parity,BANKNIFTY,58500.0,2026-09-29,2026-08-26 10:51 IST,2026-08-26 10:51 IST,1,15,874362.0,615.35,852.9,58290.8,615.35,852.9,0.00051,444.2,0.0,0.0,334.05,334.05,0.0,-334.05,-0.334,banked (gap < cost),sideways/calm
parity,BANKNIFTY,59000.0,2026-09-29,2026-08-26 10:51 IST,2026-08-26 10:51 IST,1,15,874362.0,405.9,1139.1,58290.8,405.9,1139.1,0.00049,424.23,0.0,0.0,336.76,336.76,0.0,-336.76,-0.337,banked (gap < cost),sideways/calm
parity,BANKNIFTY,56000.0,2026-09-29,2026-08-26 10:52 IST,2026-08-26 10:52 IST,1,15,874407.0,2392.45,146.45,58293.8,2392.45,146.45,0.00058,509.31,0.0,0.0,375.57,375.57,0.0,-375.57,-0.376,banked (gap < cost),sideways/calm
parity,BANKNIFTY,57600.0,2026-09-29,2026-08-26 10:52 IST,2026-08-26 10:52 IST,1,15,874407.0,1125.35,475.4,58293.8,1125.35,475.4,0.00068,594.94,6e-05,58.32,339.12,397.44,0.0,-397.44,-0.397,banked (gap < cost),sideways/calm
parity,BANKNIFTY,57700.0,2026-09-29,2026-08-26 10:52 IST,2026-08-26 10:52 IST,1,15,874407.0,1065.0,507.6,58293.8,1065.0,507.6,0.00056,492.24,6e-05,58.29,337.89,396.18,0.0,-396.18,-0.396,banked (gap < cost),sideways/calm
parity,BANKNIFTY,58400.0,2026-09-29,2026-08-26 10:52 IST,2026-08-26 10:52 IST,1,15,874407.0,665.55,804.2,58293.8,665.55,804.2,0.00057,496.38,6e-05,58.19,333.75,391.94,0.0,-391.94,-0.392,banked (gap < cost),sideways/calm
parity,BANKNIFTY,58900.0,2026-09-29,2026-08-26 10:53 IST,2026-08-26 10:53 IST,1,15,874305.0,442.35,1083.35,58287.0,442.35,1083.35,0.00054,475.51,0.00016,145.33,336.21,481.54,0.0,-481.54,-0.482,banked (gap < cost),sideways/calm
parity,NIFTY,23900.0,2026-09-29,2026-08-26 10:53 IST,2026-08-26 10:53 IST,1,75,1836773.0,682.0,86.95,24490.3,682.0,86.95,0.00034,623.44,0.0,0.0,679.96,679.96,0.0,-679.96,-0.68,banked (gap < cost),sideways/calm
parity,BANKNIFTY,57300.0,2026-09-29,2026-08-26 10:54 IST,2026-08-26 10:54 IST,1,15,874092.0,1316.6,391.0,58272.8,1316.6,391.0,0.00071,619.93,7e-05,63.02,343.34,406.36,0.0,-406.36,-0.406,banked (gap < cost),sideways/calm
parity,BANKNIFTY,57400.0,2026-09-29,2026-08-26 10:54 IST,2026-08-26 10:54 IST,1,15,874092.0,1253.35,419.25,58272.8,1253.35,419.25,0.00057,501.48,0.00013,120.93,341.71,462.64,0.0,-462.64,-0.463,banked (gap < cost),sideways/calm
parity,BANKNIFTY,59500.0,2026-09-29,2026-08-26 10:54 IST,2026-08-26 10:54 IST,1,15,874092.0,249.75,1495.0,58272.8,249.75,1495.0,0.00044,381.88,0.0,0.0,344.25,344.25,0.0,-344.25,-0.344,banked (gap < cost),sideways/calm
parity,BANKNIFTY,59100.0,2026-09-29,2026-08-26 10:55 IST,2026-08-26 10:55 IST,1,15,873918.0,370.25,1208.3,58261.2,370.25,1208.3,7e-05,64.69,0.0,0.0,338.33,338.33,0.0,-338.33,-0.338,banked (gap < cost),sideways/calm
parity,NIFTY,24200.0,2026-09-29,2026-08-26 10:58 IST,2026-08-26 10:58 IST,1,75,1838100.0,463.0,153.8,24508.0,463.0,153.8,0.00012,229.44,0.0,4.41,649.98,654.39,0.0,-654.39,-0.654,banked (gap < cost),sideways/calm
parity,NIFTY,24500.0,2026-09-29,2026-08-26 10:58 IST,2026-08-26 10:58 IST,1,75,1838100.0,275.05,266.0,24508.0,275.05,266.0,4e-05,82.37,0.0,4.4,635.18,639.58,0.0,-639.58,-0.64,banked (gap < cost),sideways/calm
parity,NIFTY,25000.0,2026-09-29,2026-08-26 10:58 IST,2026-08-26 10:58 IST,1,75,1838100.0,84.9,571.6,24508.0,84.9,571.6,0.0001,174.76,0.0,4.42,656.37,660.79,0.0,-660.79,-0.661,banked (gap < cost),sideways/calm
parity,BANKNIFTY,56000.0,2026-09-29,2026-08-26 10:59 IST,2026-08-26 10:59 IST,1,15,874158.0,2382.0,149.0,58277.2,2382.0,149.0,0.00052,456.79,0.0,0.0,374.6,374.6,0.0,-374.6,-0.375,banked (gap < cost),sideways/calm
parity,BANKNIFTY,57800.0,2026-09-29,2026-08-26 11:00 IST,2026-08-26 11:00 IST,1,15,873930.0,986.0,558.65,58262.0,986.0,558.65,0.00055,477.92,0.0,0.0,336.6,336.6,0.0,-336.6,-0.337,banked (gap < cost),sideways/calm
parity,NIFTY,24200.0,2026-09-29,2026-08-26 11:00 IST,2026-08-26 11:00 IST,1,75,1837650.0,457.7,156.85,24502.0,457.7,156.85,3e-05,50.48,6e-05,106.11,649.45,755.56,0.0,-755.56,-0.756,banked (gap < cost),sideways/calm
parity,NIFTY,24600.0,2026-09-29,2026-08-26 11:00 IST,2026-08-26 11:00 IST,1,75,1837650.0,222.3,318.2,24502.0,222.3,318.2,6e-05,113.13,6e-05,105.79,634.72,740.51,0.0,-740.51,-0.741,banked (gap < cost),sideways/calm
parity,BANKNIFTY,56500.0,2026-09-29,2026-08-26 11:01 IST,2026-08-26 11:01 IST,1,15,873750.0,1932.05,219.5,58250.0,1932.05,219.5,0.00046,403.29,6e-05,56.47,360.48,416.95,0.0,-416.95,-0.417,banked (gap < cost),sideways/calm
parity,BANKNIFTY,57000.0,2026-09-29,2026-08-26 11:01 IST,2026-08-26 11:01 IST,1,15,873750.0,1535.2,318.8,58250.0,1535.2,318.8,0.00045,390.82,0.0,0.0,348.96,348.96,0.0,-348.96,-0.349,banked (gap < cost),sideways/calm
parity,BANKNIFTY,57500.0,2026-09-29,2026-08-26 11:01 IST,2026-08-26 11:01 IST,1,15,873750.0,1177.0,454.3,58250.0,1177.0,454.3,0.00039,341.59,0.0,0.0,340.13,340.13,0.0,-340.13,-0.34,banked (gap < cost),sideways/calm
parity,BANKNIFTY,57700.0,2026-09-29,2026-08-26 11:01 IST,2026-08-26 11:01 IST,1,15,873750.0,1041.95,521.6,58250.0,1041.95,521.6,0.00045,394.95,0.0,0.0,337.67,337.67,0.0,-337.67,-0.338,banked (gap < cost),sideways/calm
parity,BANKNIFTY,57900.0,2026-09-29,2026-08-26 11:01 IST,2026-08-26 11:01 IST,1,15,873750.0,923.85,596.8,58250.0,923.85,596.8,0.00036,312.56,0.0,0.0,335.82,335.82,0.0,-335.82,-0.336,banked (gap < cost),sideways/calm
parity,BANKNIFTY,58000.0,2026-09-29,2026-08-26 11:01 IST,2026-08-26 11:01 IST,1,15,873750.0,864.05,639.45,58250.0,864.05,639.45,0.00041,358.36,0.0,0.0,335.19,335.19,0.0,-335.19,-0.335,banked (gap < cost),sideways/calm
parity,BANKNIFTY,58100.0,2026-09-29,2026-08-26 11:01 IST,2026-08-26 11:01 IST,1,15,873750.0,811.05,678.8,58250.0,811.05,678.8,0.00029,252.67,0.0,0.0,334.53,334.53,0.0,-334.53,-0.335,banked (gap < cost),sideways/calm
parity,BANKNIFTY,58200.0,2026-09-29,2026-08-26 11:01 IST,2026-08-26 11:01 IST,1,15,873750.0,757.35,725.0,58250.0,757.35,725.0,0.0003,260.22,0.0,0.0,334.3,334.3,0.0,-334.3,-0.334,banked (gap < cost),sideways/calm
parity,BANKNIFTY,58300.0,2026-09-29,2026-08-26 11:01 IST,2026-08-26 11:01 IST,1,15,873750.0,704.65,773.5,58250.0,704.65,773.5,0.00033,287.28,0.0,0.0,333.91,333.91,0.0,-333.91,-0.334,banked (gap < cost),sideways/calm
parity,BANKNIFTY,57600.0,2026-09-29,2026-08-26 11:02 IST,2026-08-26 11:02 IST,1,15,873690.0,1115.3,485.3,58246.0,1115.3,485.3,0.00021,181.51,0.0,0.0,338.65,338.65,0.0,-338.65,-0.339,banked (gap < cost),sideways/calm
parity,BANKNIFTY,57800.0,2026-09-29,2026-08-26 11:02 IST,2026-08-26 11:02 IST,1,15,873690.0,988.2,555.85,58246.0,988.2,555.85,0.00019,164.37,0.0,0.0,336.47,336.47,0.0,-336.47,-0.336,banked (gap < cost),sideways/calm
parity,BANKNIFTY,58400.0,2026-09-29,2026-08-26 11:02 IST,2026-08-26 11:02 IST,1,15,873690.0,653.45,820.25,58246.0,653.45,820.25,0.00024,205.94,0.0,0.0,334.09,334.09,0.0,-334.09,-0.334,banked (gap < cost),sideways/calm
parity,BANKNIFTY,58900.0,2026-09-29,2026-08-26 11:02 IST,2026-08-26 11:02 IST,1,15,873690.0,439.3,1101.85,58246.0,439.3,1101.85,0.00021,187.47,0.0,0.0,336.83,336.83,0.0,-336.83,-0.337,banked (gap < cost),sideways/calm
parity,NIFTY,25000.0,2026-09-29,2026-08-26 11:02 IST,2026-08-26 11:02 IST,1,75,1837800.0,84.55,571.0,24504.0,84.55,571.0,0.00027,491.69,0.00014,258.63,657.49,916.12,0.0,-916.12,-0.916,banked (gap < cost),sideways/calm
parity,BANKNIFTY,59200.0,2026-09-29,2026-08-26 11:04 IST,2026-08-26 11:04 IST,1,15,873675.0,333.35,1318.5,58245.0,333.35,1318.5,0.00062,538.72,0.0,0.0,340.59,340.59,0.0,-340.59,-0.341,banked (gap < cost),sideways/calm
parity,BANKNIFTY,56500.0,2026-09-29,2026-08-26 11:06 IST,2026-08-26 11:06 IST,1,15,873525.0,1920.0,220.9,58235.0,1920.0,220.9,0.00044,381.4,0.0,0.0,360.06,360.06,0.0,-360.06,-0.36,banked (gap < cost),sideways/calm
parity,BANKNIFTY,57200.0,2026-09-29,2026-08-26 11:06 IST,2026-08-26 11:06 IST,1,15,873525.0,1382.0,372.5,58235.0,1382.0,372.5,0.00033,288.78,0.0,0.0,343.78,343.78,0.0,-343.78,-0.344,banked (gap < cost),sideways/calm
parity,BANKNIFTY,56200.0,2026-09-29,2026-08-26 11:07 IST,2026-08-26 11:07 IST,1,15,873675.0,2158.7,175.15,58245.0,2158.7,175.15,0.00084,736.58,0.0,0.0,367.89,367.89,0.0,-367.89,-0.368,banked (gap < cost),sideways/calm
parity,NIFTY,24400.0,2026-09-29,2026-08-26 11:07 IST,2026-08-26 11:07 IST,1,75,1836570.0,325.9,229.35,24487.6,325.9,229.35,0.00039,710.94,0.0,0.0,637.21,637.21,0.0,-637.21,-0.637,banked (gap < cost),sideways/calm
parity,NIFTY,24500.0,2026-09-29,2026-08-26 11:07 IST,2026-08-26 11:07 IST,1,75,1836570.0,270.05,273.5,24487.6,270.05,273.5,0.00036,665.66,0.0,0.0,635.22,635.22,0.0,-635.22,-0.635,banked (gap < cost),sideways/calm
parity,NIFTY,24600.0,2026-09-29,2026-08-26 11:07 IST,2026-08-26 11:07 IST,1,75,1836570.0,219.75,321.75,24487.6,219.75,321.75,0.0004,729.14,0.0,0.0,635.04,635.04,0.0,-635.04,-0.635,banked (gap < cost),sideways/calm
parity,NIFTY,25000.0,2026-09-29,2026-08-26 11:07 IST,2026-08-26 11:07 IST,1,75,1836570.0,83.0,581.0,24487.6,83.0,581.0,0.00046,848.05,0.0,0.0,659.07,659.07,0.0,-659.07,-0.659,banked (gap < cost),sideways/calm
parity,NIFTY,25500.0,2026-09-29,2026-08-26 11:07 IST,2026-08-26 11:07 IST,1,75,1836570.0,20.0,1017.65,24487.6,20.0,1017.65,0.00035,647.93,0.0,0.0,723.05,723.05,0.0,-723.05,-0.723,banked (gap < cost),sideways/calm
parity,BANKNIFTY,57300.0,2026-09-29,2026-08-26 11:08 IST,2026-08-26 11:08 IST,1,15,873900.0,1315.9,392.25,58260.0,1315.9,392.25,0.00052,458.32,0.0,0.0,342.51,342.51,0.0,-342.51,-0.343,banked (gap < cost),sideways/calm
parity,NIFTY,24700.0,2026-09-29,2026-08-26 11:08 IST,2026-08-26 11:08 IST,1,75,1836923.0,176.4,374.45,24492.3,176.4,374.45,0.00034,629.66,0.0,0.0,637.19,637.19,0.0,-637.19,-0.637,banked (gap < cost),sideways/calm
parity,BANKNIFTY,57000.0,2026-09-29,2026-08-26 11:09 IST,2026-08-26 11:09 IST,1,15,873831.0,1548.9,310.95,58255.4,1548.9,310.95,0.00017,148.05,5e-05,44.26,348.53,392.79,0.0,-392.79,-0.393,banked (gap < cost),sideways/calm
parity,BANKNIFTY,57400.0,2026-09-29,2026-08-26 11:09 IST,2026-08-26 11:09 IST,1,15,873831.0,1243.85,414.1,58255.4,1243.85,414.1,0.00035,307.27,5e-05,44.12,341.03,385.15,0.0,-385.15,-0.385,banked (gap < cost),sideways/calm
parity,BANKNIFTY,57500.0,2026-09-29,2026-08-26 11:09 IST,2026-08-26 11:09 IST,1,15,873831.0,1181.65,443.3,58255.4,1181.65,443.3,0.00021,187.33,5e-05,44.09,339.74,383.83,0.0,-383.83,-0.384,banked (gap < cost),sideways/calm
parity,BANKNIFTY,57600.0,2026-09-29,2026-08-26 11:09 IST,2026-08-26 11:09 IST,1,15,873831.0,1116.85,475.9,58255.4,1116.85,475.9,0.00018,157.38,5e-05,44.08,338.8,382.88,0.0,-382.88,-0.383,banked (gap < cost),sideways/calm
parity,BANKNIFTY,57700.0,2026-09-29,2026-08-26 11:09 IST,2026-08-26 11:09 IST,1,15,873831.0,1055.0,508.95,58255.4,1055.0,508.95,0.0001,89.94,5e-05,44.05,337.33,381.38,0.0,-381.38,-0.381,banked (gap < cost),sideways/calm
parity,BANKNIFTY,57800.0,2026-09-29,2026-08-26 11:09 IST,2026-08-26 11:09 IST,1,15,873831.0,993.25,546.7,58255.4,993.25,546.7,0.0001,91.49,5e-05,44.03,336.55,380.58,0.0,-380.58,-0.381,banked (gap < cost),sideways/calm
parity,BANKNIFTY,57900.0,2026-09-29,2026-08-26 11:09 IST,2026-08-26 11:09 IST,1,15,873831.0,931.4,585.85,58255.4,931.4,585.85,0.00013,115.55,5e-05,44.01,335.55,379.56,0.0,-379.56,-0.38,banked (gap < cost),sideways/calm
parity,BANKNIFTY,58000.0,2026-09-29,2026-08-26 11:09 IST,2026-08-26 11:09 IST,1,15,873831.0,872.85,626.85,58255.4,872.85,626.85,0.00013,117.85,5e-05,44.0,334.93,378.93,0.0,-378.93,-0.379,banked (gap < cost),sideways/calm
parity,BANKNIFTY,58100.0,2026-09-29,2026-08-26 11:09 IST,2026-08-26 11:09 IST,1,15,873831.0,815.4,665.6,58255.4,815.4,665.6,8e-05,69.9,5e-05,43.99,334.56,378.55,0.0,-378.55,-0.379,banked (gap < cost),sideways/calm
parity,BANKNIFTY,58200.0,2026-09-29,2026-08-26 11:09 IST,2026-08-26 11:09 IST,1,15,873831.0,761.3,713.0,58255.4,761.3,713.0,0.00012,101.46,5e-05,43.99,334.13,378.12,0.0,-378.12,-0.378,banked (gap < cost),sideways/calm
parity,BANKNIFTY,58400.0,2026-09-29,2026-08-26 11:09 IST,2026-08-26 11:09 IST,1,15,873831.0,659.1,807.95,58255.4,659.1,807.95,9e-05,76.82,5e-05,43.99,334.08,378.07,0.0,-378.07,-0.378,banked (gap < cost),sideways/calm
parity,BANKNIFTY,58500.0,2026-09-29,2026-08-26 11:09 IST,2026-08-26 11:09 IST,1,15,873831.0,611.65,859.5,58255.4,611.65,859.5,8e-05,70.87,5e-05,43.99,334.25,378.24,0.0,-378.24,-0.378,banked (gap < cost),sideways/calm
parity,NIFTY,24000.0,2026-09-29,2026-08-26 11:09 IST,2026-08-26 11:09 IST,1,75,1837050.0,603.45,106.7,24494.0,603.45,106.7,0.00023,429.9,0.0,0.0,667.79,667.79,0.0,-667.79,-0.668,banked (gap < cost),sideways/calm
parity,NIFTY,24200.0,2026-09-29,2026-08-26 11:09 IST,2026-08-26 11:09 IST,1,75,1837050.0,457.1,157.25,24494.0,457.1,157.25,0.00031,571.86,0.0,0.0,649.29,649.29,0.0,-649.29,-0.649,banked (gap < cost),sideways/calm
parity,NIFTY,24500.0,2026-09-29,2026-08-26 11:09 IST,2026-08-26 11:09 IST,1,75,1837050.0,273.2,269.7,24494.0,273.2,269.7,0.00039,709.78,0.0,0.0,635.19,635.19,0.0,-635.19,-0.635,banked (gap < cost),sideways/calm
parity,NIFTY,24600.0,2026-09-29,2026-08-26 11:09 IST,2026-08-26 11:09 IST,1,75,1837050.0,223.0,318.1,24494.0,223.0,318.1,0.00042,769.51,0.0,0.0,634.57,634.57,0.0,-634.57,-0.635,banked (gap < cost),sideways/calm
parity,BANKNIFTY,58900.0,2026-09-29,2026-08-26 11:10 IST,2026-08-26 11:10 IST,1,15,874335.0,452.6,1086.6,58289.0,452.6,1086.6,0.00046,400.32,7e-05,59.74,336.43,396.17,0.0,-396.17,-0.396,banked (gap < cost),sideways/calm
parity,BANKNIFTY,59500.0,2026-09-29,2026-08-26 11:10 IST,2026-08-26 11:10 IST,1,15,874335.0,258.65,1497.7,58289.0,258.65,1497.7,0.00061,530.4,5e-05,44.19,344.97,389.16,0.0,-389.16,-0.389,banked (gap < cost),sideways/calm
parity,NIFTY,25000.0,2026-09-29,2026-08-26 11:10 IST,2026-08-26 11:10 IST,1,75,1837800.0,84.35,571.0,24504.0,84.35,571.0,0.00026,476.69,0.0,0.0,658.01,658.01,0.0,-658.01,-0.658,banked (gap < cost),sideways/calm
parity,NIFTY,24900.0,2026-09-29,2026-08-26 11:12 IST,2026-08-26 11:12 IST,1,75,1837875.0,110.4,499.9,24505.0,110.4,499.9,0.00013,233.67,0.0,0.0,648.69,648.69,0.0,-648.69,-0.649,banked (gap < cost),sideways/calm
parity,BANKNIFTY,56000.0,2026-09-29,2026-08-26 11:13 IST,2026-08-26 11:13 IST,1,15,874575.0,2417.3,143.25,58305.0,2417.3,143.25,0.00029,255.54,0.0,0.14,374.62,374.76,0.0,-374.76,-0.375,banked (gap < cost),sideways/calm
parity,BANKNIFTY,57500.0,2026-09-29,2026-08-26 11:13 IST,2026-08-26 11:13 IST,1,15,874575.0,1204.75,434.55,58305.0,1204.75,434.55,0.00051,449.11,0.0,0.0,340.58,340.58,0.0,-340.58,-0.341,banked (gap < cost),sideways/calm
parity,BANKNIFTY,56800.0,2026-09-29,2026-08-26 11:14 IST,2026-08-26 11:14 IST,1,15,874800.0,1738.4,258.45,58320.0,1738.4,258.45,0.00053,463.12,0.0,0.0,353.53,353.53,0.0,-353.53,-0.354,banked (gap < cost),sideways/calm
parity,NIFTY,24800.0,2026-09-29,2026-08-26 11:14 IST,2026-08-26 11:14 IST,1,75,1838250.0,145.15,427.2,24510.0,145.15,427.2,0.00025,464.95,0.0,0.0,640.75,640.75,0.0,-640.75,-0.641,banked (gap < cost),sideways/calm
parity,NIFTY,25000.0,2026-09-29,2026-08-26 11:15 IST,2026-08-26 11:15 IST,1,75,1838393.0,85.2,567.5,24511.9,85.2,567.5,0.00012,213.99,0.00014,256.92,656.8,913.72,0.0,-913.72,-0.914,banked (gap < cost),sideways/calm
parity,NIFTY,25300.0,2026-09-29,2026-08-26 11:16 IST,2026-08-26 11:16 IST,1,75,1837912.0,35.2,815.0,24505.5,35.2,815.0,0.0004,742.8,0.0,0.0,693.91,693.91,0.0,-693.91,-0.694,banked (gap < cost),sideways/calm
parity,BANKNIFTY,57000.0,2026-09-29,2026-08-26 11:18 IST,2026-08-26 11:18 IST,1,15,874350.0,1554.7,311.5,58290.0,1554.7,311.5,0.00067,585.19,6e-05,56.74,349.63,406.37,0.0,-406.37,-0.406,banked (gap < cost),sideways/calm
parity,BANKNIFTY,57700.0,2026-09-29,2026-08-26 11:18 IST,2026-08-26 11:18 IST,1,15,874350.0,1063.35,509.15,58290.0,1063.35,509.15,0.00055,483.58,0.0,0.0,338.06,338.06,0.0,-338.06,-0.338,banked (gap < cost),sideways/calm
parity,BANKNIFTY,58300.0,2026-09-29,2026-08-26 11:18 IST,2026-08-26 11:18 IST,1,15,874350.0,715.0,756.8,58290.0,715.0,756.8,0.00055,477.91,6e-05,56.36,334.02,390.38,0.0,-390.38,-0.39,banked (gap < cost),sideways/calm
parity,BANKNIFTY,58400.0,2026-09-29,2026-08-26 11:18 IST,2026-08-26 11:18 IST,1,15,874350.0,662.1,807.2,58290.0,662.1,807.2,0.00061,536.46,6e-05,56.36,333.86,390.22,0.0,-390.22,-0.39,banked (gap < cost),sideways/calm
parity,BANKNIFTY,57200.0,2026-09-29,2026-08-26 11:19 IST,2026-08-26 11:19 IST,1,15,874008.0,1410.0,359.1,58267.2,1410.0,359.1,0.00017,147.86,0.0,0.0,346.2,346.2,0.0,-346.2,-0.346,banked (gap < cost),sideways/calm
parity,BANKNIFTY,57500.0,2026-09-29,2026-08-26 11:19 IST,2026-08-26 11:19 IST,1,15,874008.0,1195.7,440.45,58267.2,1195.7,440.45,0.00013,109.77,0.0,0.0,340.43,340.43,0.0,-340.43,-0.34,banked (gap < cost),sideways/calm
parity,BANKNIFTY,57600.0,2026-09-29,2026-08-26 11:19 IST,2026-08-26 11:19 IST,1,15,874008.0,1131.0,472.6,58267.2,1131.0,472.6,8e-05,71.58,0.0,0.0,338.87,338.87,0.0,-338.87,-0.339,banked (gap < cost),sideways/calm
parity,BANKNIFTY,57800.0,2026-09-29,2026-08-26 11:19 IST,2026-08-26 11:19 IST,1,15,874008.0,1006.6,543.05,58267.2,1006.6,543.05,1e-05,12.43,0.0,0.0,336.75,336.75,0.0,-336.75,-0.337,banked (gap < cost),sideways/calm
parity,BANKNIFTY,57900.0,2026-09-29,2026-08-26 11:19 IST,2026-08-26 11:19 IST,1,15,874008.0,944.2,581.4,58267.2,944.2,581.4,4e-05,32.74,0.0,0.0,336.04,336.04,0.0,-336.04,-0.336,banked (gap < cost),sideways/calm
parity,BANKNIFTY,58000.0,2026-09-29,2026-08-26 11:19 IST,2026-08-26 11:19 IST,1,15,874008.0,881.65,624.45,58267.2,881.65,624.45,0.00014,125.79,0.0,0.0,335.17,335.17,0.0,-335.17,-0.335,banked (gap < cost),sideways/calm
parity,BANKNIFTY,58100.0,2026-09-29,2026-08-26 11:19 IST,2026-08-26 11:19 IST,1,15,874008.0,826.25,663.95,58267.2,826.25,663.95,7e-05,58.35,0.0,0.0,334.75,334.75,0.0,-334.75,-0.335,banked (gap < cost),sideways/calm
parity,BANKNIFTY,58200.0,2026-09-29,2026-08-26 11:19 IST,2026-08-26 11:19 IST,1,15,874008.0,771.65,709.25,58267.2,771.65,709.25,8e-05,65.9,0.0,0.0,334.09,334.09,0.0,-334.09,-0.334,banked (gap < cost),sideways/calm
parity,BANKNIFTY,58500.0,2026-09-29,2026-08-26 11:19 IST,2026-08-26 11:19 IST,1,15,874008.0,619.0,853.55,58267.2,619.0,853.55,5e-05,47.32,0.0,0.0,333.99,333.99,0.0,-333.99,-0.334,banked (gap < cost),sideways/calm
parity,BANKNIFTY,58900.0,2026-09-29,2026-08-26 11:19 IST,2026-08-26 11:19 IST,1,15,874008.0,445.55,1083.3,58267.2,445.55,1083.3,0.00015,131.54,0.0,0.0,336.26,336.26,0.0,-336.26,-0.336,banked (gap < cost),sideways/calm
parity,BANKNIFTY,59000.0,2026-09-29,2026-08-26 11:19 IST,2026-08-26 11:19 IST,1,15,874008.0,410.9,1136.0,58267.2,410.9,1136.0,6e-05,49.16,0.0,0.0,337.03,337.03,0.0,-337.03,-0.337,banked (gap < cost),sideways/calm
parity,BANKNIFTY,56400.0,2026-09-29,2026-08-26 11:21 IST,2026-08-26 11:21 IST,1,15,874455.0,2050.0,195.5,58297.0,2050.0,195.5,0.00053,465.73,0.0,0.0,352.3,352.3,0.0,-352.3,-0.352,banked (gap < cost),sideways/calm
parity,BANKNIFTY,58600.0,2026-09-29,2026-08-26 11:21 IST,2026-08-26 11:21 IST,1,15,874455.0,574.6,902.0,58297.0,574.6,902.0,0.00045,393.44,6e-05,56.37,334.29,390.66,0.0,-390.66,-0.391,banked (gap < cost),sideways/calm
parity,BANKNIFTY,57500.0,2026-09-29,2026-08-26 11:22 IST,2026-08-26 11:22 IST,1,15,874200.0,1180.0,449.0,58280.0,1180.0,449.0,0.00076,664.37,0.0,0.0,340.49,340.49,0.0,-340.49,-0.34,banked (gap < cost),sideways/calm
parity,BANKNIFTY,57700.0,2026-09-29,2026-08-26 11:22 IST,2026-08-26 11:22 IST,1,15,874200.0,1050.7,516.55,58280.0,1050.7,516.55,0.00073,635.23,0.0,0.0,338.08,338.08,0.0,-338.08,-0.338,banked (gap < cost),sideways/calm
parity,BANKNIFTY,57800.0,2026-09-29,2026-08-26 11:22 IST,2026-08-26 11:22 IST,1,15,874200.0,986.1,553.0,58280.0,986.1,553.0,0.00076,660.04,0.0,0.0,336.89,336.89,0.0,-336.89,-0.337,banked (gap < cost),sideways/calm
parity,BANKNIFTY,57900.0,2026-09-29,2026-08-26 11:22 IST,2026-08-26 11:22 IST,1,15,874200.0,930.15,592.35,58280.0,930.15,592.35,0.00068,598.59,0.0,0.0,336.14,336.14,0.0,-336.14,-0.336,banked (gap < cost),sideways/calm
parity,BANKNIFTY,58000.0,2026-09-29,2026-08-26 11:22 IST,2026-08-26 11:22 IST,1,15,874200.0,868.0,632.9,58280.0,868.0,632.9,0.00074,648.15,0.0,0.0,335.49,335.49,0.0,-335.49,-0.335,banked (gap < cost),sideways/calm
parity,BANKNIFTY,58100.0,2026-09-29,2026-08-26 11:22 IST,2026-08-26 11:22 IST,1,15,874200.0,814.1,671.0,58280.0,814.1,671.0,0.00061,537.2,0.0,0.0,334.8,334.8,0.0,-334.8,-0.335,banked (gap < cost),sideways/calm
parity,BANKNIFTY,58300.0,2026-09-29,2026-08-26 11:22 IST,2026-08-26 11:22 IST,1,15,874200.0,707.95,762.55,58280.0,707.95,762.55,0.0006,520.81,0.0,0.0,334.0,334.0,0.0,-334.0,-0.334,banked (gap < cost),sideways/calm
parity,BANKNIFTY,58500.0,2026-09-29,2026-08-26 11:22 IST,2026-08-26 11:22 IST,1,15,874200.0,608.0,869.65,58280.0,608.0,869.65,0.00074,644.67,0.0,0.0,333.96,333.96,0.0,-333.96,-0.334,banked (gap < cost),sideways/calm
parity,BANKNIFTY,59500.0,2026-09-29,2026-08-26 11:22 IST,2026-08-26 11:22 IST,1,15,874200.0,251.4,1484.5,58280.0,251.4,1484.5,0.00035,306.97,0.0,0.0,344.44,344.44,0.0,-344.44,-0.344,banked (gap < cost),sideways/calm
parity,BANKNIFTY,58900.0,2026-09-29,2026-08-26 11:23 IST,2026-08-26 11:23 IST,1,15,874050.0,445.05,1085.7,58270.0,445.05,1085.7,0.00025,216.79,0.0,0.0,336.19,336.19,0.0,-336.19,-0.336,banked (gap < cost),sideways/calm
parity,BANKNIFTY,59000.0,2026-09-29,2026-08-26 11:23 IST,2026-08-26 11:23 IST,1,15,874050.0,407.0,1144.15,58270.0,407.0,1144.15,0.0002,173.35,0.00017,151.56,337.08,488.64,0.0,-488.64,-0.489,banked (gap < cost),sideways/calm
parity,NIFTY,25500.0,2026-09-29,2026-08-26 11:23 IST,2026-08-26 11:23 IST,1,75,1836000.0,19.6,1031.2,24480.0,19.6,1031.2,9e-05,168.21,0.0,0.0,723.7,723.7,0.0,-723.7,-0.724,banked (gap < cost),sideways/calm
parity,BANKNIFTY,57600.0,2026-09-29,2026-08-26 11:24 IST,2026-08-26 11:24 IST,1,15,874260.0,1125.7,477.1,58284.0,1125.7,477.1,0.00054,469.07,0.0,0.0,338.55,338.55,0.0,-338.55,-0.339,banked (gap < cost),sideways/calm
parity,BANKNIFTY,58600.0,2026-09-29,2026-08-26 11:24 IST,2026-08-26 11:24 IST,1,15,874260.0,569.9,906.6,58284.0,569.9,906.6,0.00039,339.11,0.00022,197.43,334.41,531.84,0.0,-531.84,-0.532,banked (gap < cost),sideways/calm
parity,BANKNIFTY,57800.0,2026-09-29,2026-08-26 11:26 IST,2026-08-26 11:26 IST,1,15,874125.0,1005.65,543.1,58275.0,1005.65,543.1,0.00016,143.74,0.0,0.0,336.75,336.75,0.0,-336.75,-0.337,banked (gap < cost),sideways/calm
parity,BANKNIFTY,57900.0,2026-09-29,2026-08-26 11:26 IST,2026-08-26 11:26 IST,1,15,874125.0,936.0,582.8,58275.0,936.0,582.8,0.00034,293.04,0.0,0.0,335.88,335.88,0.0,-335.88,-0.336,banked (gap < cost),sideways/calm
parity,BANKNIFTY,58000.0,2026-09-29,2026-08-26 11:26 IST,2026-08-26 11:26 IST,1,15,874125.0,880.55,620.55,58275.0,880.55,620.55,0.00023,200.1,0.0,0.0,335.16,335.16,0.0,-335.16,-0.335,banked (gap < cost),sideways/calm
parity,BANKNIFTY,58200.0,2026-09-29,2026-08-26 11:26 IST,2026-08-26 11:26 IST,1,15,874125.0,771.2,706.15,58275.0,771.2,706.15,0.00016,142.46,0.0,0.0,334.14,334.14,0.0,-334.14,-0.334,banked (gap < cost),sideways/calm
parity,BANKNIFTY,58400.0,2026-09-29,2026-08-26 11:26 IST,2026-08-26 11:26 IST,1,15,874125.0,667.05,801.0,58275.0,667.05,801.0,0.00017,145.57,0.0,0.0,333.81,333.81,0.0,-333.81,-0.334,banked (gap < cost),sideways/calm
parity,BANKNIFTY,57000.0,2026-09-29,2026-08-26 11:31 IST,2026-08-26 11:31 IST,1,15,873930.0,1550.1,313.0,58262.0,1550.1,313.0,0.0003,259.23,3e-05,27.0,349.05,376.05,0.0,-376.05,-0.376,banked (gap < cost),sideways/calm
parity,BANKNIFTY,57500.0,2026-09-29,2026-08-26 11:31 IST,2026-08-26 11:31 IST,1,15,873930.0,1181.3,446.6,58262.0,1181.3,446.6,0.00039,340.5,3e-05,26.89,340.08,366.97,0.0,-366.97,-0.367,banked (gap < cost),sideways/calm
parity,BANKNIFTY,58000.0,2026-09-29,2026-08-26 11:31 IST,2026-08-26 11:31 IST,1,15,873930.0,871.9,630.0,58262.0,871.9,630.0,0.00032,277.78,3e-05,26.84,335.03,361.87,0.0,-361.87,-0.362,banked (gap < cost),sideways/calm
parity,BANKNIFTY,58900.0,2026-09-29,2026-08-26 11:31 IST,2026-08-26 11:31 IST,1,15,873930.0,437.05,1099.1,58262.0,437.05,1099.1,0.00048,418.52,3e-05,26.85,336.11,362.96,0.0,-362.96,-0.363,banked (gap < cost),sideways/calm
parity,BANKNIFTY,56000.0,2026-09-29,2026-08-26 11:32 IST,2026-08-26 11:32 IST,1,15,873750.0,2367.95,146.65,58250.0,2367.95,146.65,0.00026,226.77,0.0,0.0,374.15,374.15,0.0,-374.15,-0.374,banked (gap < cost),sideways/calm
parity,BANKNIFTY,56500.0,2026-09-29,2026-08-26 11:34 IST,2026-08-26 11:34 IST,1,15,873750.0,1955.0,215.0,58250.0,1955.0,215.0,1e-05,8.46,5e-05,45.58,361.62,407.2,0.0,-407.2,-0.407,banked (gap < cost),sideways/calm
parity,BANKNIFTY,56800.0,2026-09-29,2026-08-26 11:36 IST,2026-08-26 11:36 IST,1,15,874230.0,1725.0,264.2,58282.0,1725.0,264.2,0.00021,183.81,0.0,0.0,353.39,353.39,0.0,-353.39,-0.353,banked (gap < cost),sideways/calm
parity,NIFTY,25500.0,2026-09-29,2026-08-26 11:39 IST,2026-08-26 11:39 IST,1,75,1836412.0,19.5,1015.0,24485.5,19.5,1015.0,0.00053,965.7,0.0,0.0,723.0,723.0,0.0,-723.0,-0.723,banked (gap < cost),sideways/calm
parity,NIFTY,24800.0,2026-09-29,2026-08-26 11:40 IST,2026-08-26 11:40 IST,1,75,1836593.0,137.7,440.1,24487.9,137.7,440.1,0.00032,586.17,6e-05,109.8,641.65,751.45,0.0,-751.45,-0.751,banked (gap < cost),sideways/calm
parity,BANKNIFTY,58600.0,2026-09-29,2026-08-26 11:41 IST,2026-08-26 11:41 IST,1,15,874275.0,570.0,906.35,58285.0,570.0,906.35,0.0004,348.77,0.0,0.0,334.23,334.23,0.0,-334.23,-0.334,banked (gap < cost),sideways/calm
parity,BANKNIFTY,57000.0,2026-09-29,2026-08-26 11:46 IST,2026-08-26 11:46 IST,1,15,874509.0,1561.25,306.0,58300.6,1561.25,306.0,0.00064,562.51,0.00023,203.43,349.37,552.8,0.0,-552.8,-0.553,banked (gap < cost),sideways/calm
parity,BANKNIFTY,57900.0,2026-09-29,2026-08-26 11:46 IST,2026-08-26 11:46 IST,1,15,874509.0,945.0,580.85,58300.6,945.0,580.85,0.00058,510.5,0.00023,202.26,336.07,538.33,0.0,-538.33,-0.538,banked (gap < cost),sideways/calm
parity,NIFTY,24700.0,2026-09-29,2026-08-26 11:46 IST,2026-08-26 11:46 IST,1,75,1836840.0,173.8,377.6,24491.2,173.8,377.6,0.00015,280.53,1e-05,12.45,636.82,649.27,0.0,-649.27,-0.649,banked (gap < cost),sideways/calm
parity,BANKNIFTY,57300.0,2026-09-29,2026-08-26 11:50 IST,2026-08-26 11:50 IST,1,15,874050.0,1335.0,384.2,58270.0,1335.0,384.2,0.00023,200.17,3e-05,24.19,343.39,367.58,0.0,-367.58,-0.368,banked (gap < cost),sideways/calm
parity,BANKNIFTY,58000.0,2026-09-29,2026-08-26 11:52 IST,2026-08-26 11:52 IST,1,15,874185.0,871.85,627.2,58279.0,871.85,627.2,0.00056,489.99,0.0,1.07,334.98,336.05,0.0,-336.05,-0.336,banked (gap < cost),sideways/calm
parity,BANKNIFTY,57400.0,2026-09-29,2026-08-26 11:53 IST,2026-08-26 11:53 IST,1,15,873918.0,1255.65,418.2,58261.2,1255.65,418.2,0.00032,278.26,0.0,1.21,341.62,342.83,0.0,-342.83,-0.343,banked (gap < cost),sideways/calm
parity,BANKNIFTY,57600.0,2026-09-29,2026-08-26 11:54 IST,2026-08-26 11:54 IST,1,15,873735.0,1107.0,483.75,58249.0,1107.0,483.75,0.00037,327.48,0.0,0.0,338.67,338.67,0.0,-338.67,-0.339,banked (gap < cost),sideways/calm
parity,BANKNIFTY,57000.0,2026-09-29,2026-08-26 11:55 IST,2026-08-26 11:55 IST,1,15,874185.0,1529.85,310.65,58279.0,1529.85,310.65,0.00089,781.19,0.0,0.0,348.23,348.23,0.0,-348.23,-0.348,banked (gap < cost),sideways/calm
parity,BANKNIFTY,57200.0,2026-09-29,2026-08-26 11:55 IST,2026-08-26 11:55 IST,1,15,874185.0,1384.25,365.9,58279.0,1384.25,365.9,0.00093,812.05,0.0,0.0,344.55,344.55,0.0,-344.55,-0.345,banked (gap < cost),sideways/calm
parity,BANKNIFTY,57400.0,2026-09-29,2026-08-26 11:55 IST,2026-08-26 11:55 IST,1,15,874185.0,1253.2,414.5,58279.0,1253.2,414.5,0.0006,524.91,0.0,0.0,341.19,341.19,0.0,-341.19,-0.341,banked (gap < cost),sideways/calm
parity,BANKNIFTY,58700.0,2026-09-29,2026-08-26 11:55 IST,2026-08-26 11:55 IST,1,15,874185.0,523.2,977.5,58279.0,523.2,977.5,0.00061,537.62,0.00024,216.83,334.85,551.68,0.0,-551.68,-0.552,banked (gap < cost),sideways/calm
parity,BANKNIFTY,57500.0,2026-09-29,2026-08-26 11:56 IST,2026-08-26 11:56 IST,1,15,874059.0,1181.75,447.15,58270.6,1181.75,447.15,0.00054,470.25,5e-05,48.83,339.96,388.79,0.0,-388.79,-0.389,banked (gap < cost),sideways/calm
parity,BANKNIFTY,58200.0,2026-09-29,2026-08-26 11:56 IST,2026-08-26 11:56 IST,1,15,874059.0,763.15,716.0,58270.6,763.15,716.0,0.0004,345.38,5e-05,48.71,334.24,382.95,0.0,-382.95,-0.383,banked (gap < cost),sideways/calm
parity,BANKNIFTY,58300.0,2026-09-29,2026-08-26 11:56 IST,2026-08-26 11:56 IST,1,15,874059.0,708.5,761.35,58270.6,708.5,761.35,0.00041,354.44,5e-05,48.7,333.9,382.6,0.0,-382.6,-0.383,banked (gap < cost),sideways/calm
parity,BANKNIFTY,56700.0,2026-09-29,2026-08-26 11:59 IST,2026-08-26 11:59 IST,1,15,873975.0,1796.85,250.25,58265.0,1796.85,250.25,0.00015,134.29,0.0,0.0,355.04,355.04,0.0,-355.04,-0.355,banked (gap < cost),sideways/calm
parity,BANKNIFTY,57900.0,2026-09-29,2026-08-26 12:01 IST,2026-08-26 12:01 IST,1,15,873600.0,926.15,594.25,58240.0,926.15,594.25,0.0001,90.71,0.0,0.0,335.53,335.53,0.0,-335.53,-0.336,banked (gap < cost),sideways/calm
parity,BANKNIFTY,58000.0,2026-09-29,2026-08-26 12:01 IST,2026-08-26 12:01 IST,1,15,873600.0,867.0,635.0,58240.0,867.0,635.0,0.00011,98.27,0.0,0.0,334.96,334.96,0.0,-334.96,-0.335,banked (gap < cost),sideways/calm
parity,BANKNIFTY,58400.0,2026-09-29,2026-08-26 12:01 IST,2026-08-26 12:01 IST,1,15,873600.0,653.6,819.2,58240.0,653.6,819.2,0.00011,98.49,0.0,0.0,333.88,333.88,0.0,-333.88,-0.334,banked (gap < cost),sideways/calm
parity,BANKNIFTY,56000.0,2026-09-29,2026-08-26 12:02 IST,2026-08-26 12:02 IST,1,15,873885.0,2360.0,150.05,58259.0,2360.0,150.05,0.00061,531.2,1e-05,6.07,373.88,379.95,0.0,-379.95,-0.38,banked (gap < cost),sideways/calm
parity,NIFTY,24800.0,2026-09-29,2026-08-26 12:02 IST,2026-08-26 12:02 IST,1,75,1833825.0,129.2,472.0,24451.0,129.2,472.0,0.00017,306.99,0.0,0.0,644.22,644.22,0.0,-644.22,-0.644,banked (gap < cost),sideways/calm
parity,BANKNIFTY,56400.0,2026-09-29,2026-08-26 12:04 IST,2026-08-26 12:04 IST,1,15,873735.0,2000.0,204.2,58249.0,2000.0,204.2,0.00072,630.58,0.0,0.0,361.87,361.87,0.0,-361.87,-0.362,banked (gap < cost),sideways/calm
parity,BANKNIFTY,56500.0,2026-09-29,2026-08-26 12:04 IST,2026-08-26 12:04 IST,1,15,873735.0,1920.1,219.2,58249.0,1920.1,219.2,0.00064,563.13,0.0,0.0,360.08,360.08,0.0,-360.08,-0.36,banked (gap < cost),sideways/calm
parity,BANKNIFTY,57300.0,2026-09-29,2026-08-26 12:06 IST,2026-08-26 12:06 IST,1,15,873795.0,1313.7,392.4,58253.0,1313.7,392.4,0.00045,389.21,0.0,0.0,342.61,342.61,0.0,-342.61,-0.343,banked (gap < cost),sideways/calm
parity,NIFTY,25100.0,2026-09-29,2026-08-26 12:09 IST,2026-08-26 12:09 IST,1,75,1833465.0,56.7,700.0,24446.2,56.7,700.0,0.00027,491.56,0.0,0.0,669.38,669.38,0.0,-669.38,-0.669,banked (gap < cost),sideways/calm
parity,BANKNIFTY,57400.0,2026-09-29,2026-08-26 12:14 IST,2026-08-26 12:14 IST,1,15,874209.0,1270.0,406.4,58280.6,1270.0,406.4,0.0002,175.29,4e-05,37.34,341.17,378.51,0.0,-378.51,-0.379,banked (gap < cost),sideways/calm
parity,BANKNIFTY,57800.0,2026-09-29,2026-08-26 12:14 IST,2026-08-26 12:14 IST,1,15,874209.0,1011.6,537.4,58280.6,1011.6,537.4,6e-05,52.51,4e-05,37.27,336.81,374.08,0.0,-374.08,-0.374,banked (gap < cost),sideways/calm
parity,BANKNIFTY,57600.0,2026-09-29,2026-08-26 12:22 IST,2026-08-26 12:22 IST,1,15,874245.0,1126.4,475.85,58283.0,1126.4,475.85,0.00049,424.91,0.0,0.0,338.56,338.56,0.0,-338.56,-0.339,banked (gap < cost),sideways/calm
parity,BANKNIFTY,57400.0,2026-09-29,2026-08-26 12:28 IST,2026-08-26 12:28 IST,1,15,874155.0,1260.0,416.0,58277.0,1260.0,416.0,0.00048,415.59,0.0,0.0,342.19,342.19,0.0,-342.19,-0.342,banked (gap < cost),sideways/calm
parity,BANKNIFTY,58800.0,2026-09-29,2026-08-26 12:28 IST,2026-08-26 12:28 IST,1,15,874155.0,489.15,1030.0,58277.0,489.15,1030.0,0.00036,315.11,0.0,0.0,335.42,335.42,0.0,-335.42,-0.335,banked (gap < cost),sideways/calm
parity,BANKNIFTY,57600.0,2026-09-29,2026-08-26 12:32 IST,2026-08-26 12:32 IST,1,15,874251.0,1129.0,478.7,58283.4,1129.0,478.7,0.0005,434.6,0.00011,96.22,339.1,435.32,0.0,-435.32,-0.435,banked (gap < cost),sideways/calm
parity,BANKNIFTY,57000.0,2026-09-29,2026-08-26 12:37 IST,2026-08-26 12:37 IST,1,15,874473.0,1567.3,308.7,58298.2,1567.3,308.7,0.00054,476.44,0.0,0.0,349.57,349.57,0.0,-349.57,-0.35,banked (gap < cost),sideways/calm
parity,BANKNIFTY,57700.0,2026-09-29,2026-08-26 12:37 IST,2026-08-26 12:37 IST,1,15,874473.0,1074.0,507.4,58298.2,1074.0,507.4,0.00048,419.82,0.0,0.93,338.17,339.1,0.0,-339.1,-0.339,banked (gap < cost),sideways/calm
parity,BANKNIFTY,58000.0,2026-09-29,2026-08-26 12:37 IST,2026-08-26 12:37 IST,1,15,874473.0,887.3,623.1,58298.2,887.3,623.1,0.00055,482.99,0.0,0.93,335.51,336.44,0.0,-336.44,-0.336,banked (gap < cost),sideways/calm
parity,BANKNIFTY,58200.0,2026-09-29,2026-08-26 12:37 IST,2026-08-26 12:37 IST,1,15,874473.0,773.9,706.8,58298.2,773.9,706.8,0.00052,457.6,0.0,0.93,334.41,335.34,0.0,-335.34,-0.335,banked (gap < cost),sideways/calm
parity,BANKNIFTY,59000.0,2026-09-29,2026-08-26 12:37 IST,2026-08-26 12:37 IST,1,15,874473.0,413.85,1136.2,58298.2,413.85,1136.2,0.00043,371.78,0.0,0.93,337.09,338.02,0.0,-338.02,-0.338,banked (gap < cost),sideways/calm
parity,BANKNIFTY,57500.0,2026-09-29,2026-08-26 12:39 IST,2026-08-26 12:39 IST,1,15,874461.0,1194.7,443.0,58297.4,1194.7,443.0,0.0007,613.27,0.0,0.0,340.47,340.47,0.0,-340.47,-0.34,banked (gap < cost),sideways/calm
parity,BANKNIFTY,57700.0,2026-09-29,2026-08-26 12:40 IST,2026-08-26 12:40 IST,1,15,874125.0,1060.5,511.9,58275.0,1060.5,511.9,0.00039,343.94,0.0,0.0,338.08,338.08,0.0,-338.08,-0.338,banked (gap < cost),sideways/calm
parity,BANKNIFTY,57000.0,2026-09-29,2026-08-26 12:41 IST,2026-08-26 12:41 IST,1,15,873978.0,1552.0,311.2,58265.2,1552.0,311.2,0.00029,251.43,0.0,0.0,349.13,349.13,0.0,-349.13,-0.349,banked (gap < cost),sideways/calm
parity,BANKNIFTY,57000.0,2026-09-29,2026-08-26 12:44 IST,2026-08-26 12:44 IST,1,15,874875.0,1589.25,303.2,58325.0,1589.25,303.2,0.00053,464.27,0.0,0.0,349.64,349.64,0.0,-349.64,-0.35,banked (gap < cost),sideways/calm
parity,BANKNIFTY,57500.0,2026-09-29,2026-08-26 12:45 IST,2026-08-26 12:45 IST,1,15,874725.0,1210.0,435.7,58315.0,1210.0,435.7,0.00061,536.7,0.0,0.0,340.99,340.99,0.0,-340.99,-0.341,banked (gap < cost),sideways/calm
parity,BANKNIFTY,57600.0,2026-09-29,2026-08-26 12:45 IST,2026-08-26 12:45 IST,1,15,874725.0,1148.4,467.4,58315.0,1148.4,467.4,0.00051,445.26,0.0,0.0,339.82,339.82,0.0,-339.82,-0.34,banked (gap < cost),sideways/calm
parity,BANKNIFTY,57700.0,2026-09-29,2026-08-26 12:45 IST,2026-08-26 12:45 IST,1,15,874725.0,1083.65,502.3,58315.0,1083.65,502.3,0.00051,449.06,0.0,0.0,338.39,338.39,0.0,-338.39,-0.338,banked (gap < cost),sideways/calm
parity,BANKNIFTY,57800.0,2026-09-29,2026-08-26 12:45 IST,2026-08-26 12:45 IST,1,15,874725.0,1019.3,539.8,58315.0,1019.3,539.8,0.00056,485.87,0.0,0.0,337.52,337.52,0.0,-337.52,-0.338,banked (gap < cost),sideways/calm
parity,BANKNIFTY,57900.0,2026-09-29,2026-08-26 12:45 IST,2026-08-26 12:45 IST,1,15,874725.0,959.8,575.45,58315.0,959.8,575.45,0.00048,422.17,0.0,0.0,336.59,336.59,0.0,-336.59,-0.337,banked (gap < cost),sideways/calm
parity,BANKNIFTY,58000.0,2026-09-29,2026-08-26 12:45 IST,2026-08-26 12:45 IST,1,15,874725.0,898.8,616.8,58315.0,898.8,616.8,0.00053,466.48,0.0,0.0,335.84,335.84,0.0,-335.84,-0.336,banked (gap < cost),sideways/calm
parity,BANKNIFTY,58100.0,2026-09-29,2026-08-26 12:45 IST,2026-08-26 12:45 IST,1,15,874725.0,839.6,657.15,58315.0,839.6,657.15,0.00054,468.78,0.0,0.0,335.13,335.13,0.0,-335.13,-0.335,banked (gap < cost),sideways/calm
parity,BANKNIFTY,58200.0,2026-09-29,2026-08-26 12:45 IST,2026-08-26 12:45 IST,1,15,874725.0,786.25,699.45,58315.0,786.25,699.45,0.00047,412.59,0.0,0.0,334.68,334.68,0.0,-334.68,-0.335,banked (gap < cost),sideways/calm
parity,BANKNIFTY,58300.0,2026-09-29,2026-08-26 12:45 IST,2026-08-26 12:45 IST,1,15,874725.0,734.65,739.95,58315.0,734.65,739.95,0.00035,303.14,0.0,0.0,334.35,334.35,0.0,-334.35,-0.334,banked (gap < cost),sideways/calm
parity,BANKNIFTY,58500.0,2026-09-29,2026-08-26 12:45 IST,2026-08-26 12:45 IST,1,15,874725.0,633.4,838.6,58315.0,633.4,838.6,0.00037,319.75,0.0,0.0,334.27,334.27,0.0,-334.27,-0.334,banked (gap < cost),sideways/calm
parity,BANKNIFTY,59000.0,2026-09-29,2026-08-26 12:45 IST,2026-08-26 12:45 IST,1,15,874725.0,420.75,1127.7,58315.0,420.75,1127.7,0.00045,391.27,0.0,0.0,336.98,336.98,0.0,-336.98,-0.337,banked (gap < cost),sideways/calm
parity,BANKNIFTY,57000.0,2026-09-29,2026-08-26 12:47 IST,2026-08-26 12:47 IST,1,15,874497.0,1572.8,309.35,58299.8,1572.8,309.35,0.00049,427.57,4e-05,33.71,349.77,383.48,0.0,-383.48,-0.383,banked (gap < cost),sideways/calm
parity,BANKNIFTY,57600.0,2026-09-29,2026-08-26 12:47 IST,2026-08-26 12:47 IST,1,15,874497.0,1142.0,470.6,58299.8,1142.0,470.6,0.00041,362.65,4e-05,33.56,339.8,373.36,0.0,-373.36,-0.373,banked (gap < cost),sideways/calm
parity,BANKNIFTY,57800.0,2026-09-29,2026-08-26 12:47 IST,2026-08-26 12:47 IST,1,15,874497.0,1010.75,546.65,58299.8,1010.75,546.65,0.00056,490.26,4e-05,33.53,337.36,370.89,0.0,-370.89,-0.371,banked (gap < cost),sideways/calm
parity,BANKNIFTY,57900.0,2026-09-29,2026-08-26 12:47 IST,2026-08-26 12:47 IST,1,15,874497.0,944.1,582.55,58299.8,944.1,582.55,0.00061,537.56,0.00018,164.96,336.46,501.42,0.0,-501.42,-0.501,banked (gap < cost),sideways/calm
parity,BANKNIFTY,58300.0,2026-09-29,2026-08-26 12:47 IST,2026-08-26 12:47 IST,1,15,874497.0,720.0,752.6,58299.8,720.0,752.6,0.00056,486.03,4e-05,33.48,334.34,367.82,0.0,-367.82,-0.368,banked (gap < cost),sideways/calm
parity,BANKNIFTY,58400.0,2026-09-29,2026-08-26 12:47 IST,2026-08-26 12:47 IST,1,15,874497.0,674.25,800.0,58299.8,674.25,800.0,0.00045,392.33,0.0,0.0,334.25,334.25,0.0,-334.25,-0.334,banked (gap < cost),sideways/calm
parity,BANKNIFTY,58600.0,2026-09-29,2026-08-26 12:47 IST,2026-08-26 12:47 IST,1,15,874497.0,583.2,904.75,58299.8,583.2,904.75,0.0004,347.44,0.0,0.0,334.5,334.5,0.0,-334.5,-0.334,banked (gap < cost),sideways/calm
parity,BANKNIFTY,59000.0,2026-09-29,2026-08-26 12:47 IST,2026-08-26 12:47 IST,1,15,874497.0,412.7,1135.2,58299.8,412.7,1135.2,0.00046,397.91,4e-05,33.52,337.01,370.53,0.0,-370.53,-0.371,banked (gap < cost),sideways/calm
parity,BANKNIFTY,57500.0,2026-09-29,2026-08-26 12:48 IST,2026-08-26 12:48 IST,1,15,874485.0,1209.4,438.2,58299.0,1209.4,438.2,0.00039,344.65,5e-05,42.49,340.58,383.07,0.0,-383.07,-0.383,banked (gap < cost),sideways/calm
parity,BANKNIFTY,58000.0,2026-09-29,2026-08-26 12:48 IST,2026-08-26 12:48 IST,1,15,874485.0,894.8,617.95,58299.0,894.8,617.95,0.00035,305.18,5e-05,42.39,335.45,377.84,0.0,-377.84,-0.378,banked (gap < cost),sideways/calm
parity,BANKNIFTY,58200.0,2026-09-29,2026-08-26 12:48 IST,2026-08-26 12:48 IST,1,15,874485.0,782.35,701.0,58299.0,782.35,701.0,0.00029,255.79,5e-05,42.38,334.55,376.93,0.0,-376.93,-0.377,banked (gap < cost),sideways/calm
parity,BANKNIFTY,58500.0,2026-09-29,2026-08-26 12:48 IST,2026-08-26 12:48 IST,1,15,874485.0,631.0,848.9,58299.0,631.0,848.9,0.00031,271.7,5e-05,42.37,334.22,376.59,0.0,-376.59,-0.377,banked (gap < cost),sideways/calm
parity,BANKNIFTY,57400.0,2026-09-29,2026-08-26 12:49 IST,2026-08-26 12:49 IST,1,15,874485.0,1276.7,409.85,58299.0,1276.7,409.85,0.00046,400.85,0.0,0.0,342.15,342.15,0.0,-342.15,-0.342,banked (gap < cost),sideways/calm
parity,BANKNIFTY,57300.0,2026-09-29,2026-08-26 12:50 IST,2026-08-26 12:50 IST,1,15,874485.0,1340.1,385.0,58299.0,1340.1,385.0,0.00065,568.04,0.0,0.0,343.93,343.93,0.0,-343.93,-0.344,banked (gap < cost),sideways/calm
parity,BANKNIFTY,57500.0,2026-09-29,2026-08-26 12:51 IST,2026-08-26 12:51 IST,1,15,874425.0,1197.9,441.0,58295.0,1197.9,441.0,0.00057,499.51,0.00012,107.96,340.5,448.46,0.0,-448.46,-0.448,banked (gap < cost),sideways/calm
parity,BANKNIFTY,58000.0,2026-09-29,2026-08-26 12:51 IST,2026-08-26 12:51 IST,1,15,874425.0,890.0,621.05,58295.0,890.0,621.05,0.00042,364.04,0.00012,107.72,335.41,443.13,0.0,-443.13,-0.443,banked (gap < cost),sideways/calm
parity,BANKNIFTY,57700.0,2026-09-29,2026-08-26 12:52 IST,2026-08-26 12:52 IST,1,15,874380.0,1065.8,507.3,58292.0,1065.8,507.3,0.00051,448.89,0.00012,107.84,337.96,445.8,0.0,-445.8,-0.446,banked (gap < cost),sideways/calm
parity,BANKNIFTY,57000.0,2026-09-29,2026-08-26 12:53 IST,2026-08-26 12:53 IST,1,15,874380.0,1565.7,309.5,58292.0,1565.7,309.5,0.00048,420.01,0.00012,108.38,349.43,457.81,0.0,-457.81,-0.458,banked (gap < cost),sideways/calm
parity,BANKNIFTY,58400.0,2026-09-29,2026-08-26 12:53 IST,2026-08-26 12:53 IST,1,15,874380.0,672.5,804.7,58292.0,672.5,804.7,0.00043,372.78,0.0,0.0,333.97,333.97,0.0,-333.97,-0.334,banked (gap < cost),sideways/calm
parity,BANKNIFTY,57400.0,2026-09-29,2026-08-26 12:54 IST,2026-08-26 12:54 IST,1,15,874380.0,1276.0,410.1,58292.0,1276.0,410.1,0.00036,310.73,9e-05,81.19,341.91,423.1,0.0,-423.1,-0.423,banked (gap < cost),sideways/calm
parity,BANKNIFTY,58100.0,2026-09-29,2026-08-26 12:54 IST,2026-08-26 12:54 IST,1,15,874380.0,827.7,660.0,58292.0,827.7,660.0,0.0004,347.11,0.0,0.0,334.81,334.81,0.0,-334.81,-0.335,banked (gap < cost),sideways/calm
parity,BANKNIFTY,58200.0,2026-09-29,2026-08-26 12:54 IST,2026-08-26 12:54 IST,1,15,874380.0,778.65,704.15,58292.0,778.65,704.15,0.00029,254.17,0.0,0.0,334.5,334.5,0.0,-334.5,-0.334,banked (gap < cost),sideways/calm
parity,BANKNIFTY,59500.0,2026-09-29,2026-08-26 12:55 IST,2026-08-26 12:55 IST,1,15,874500.0,263.95,1479.25,58300.0,263.95,1479.25,0.00039,338.16,3e-05,29.38,344.19,373.57,0.0,-373.57,-0.374,banked (gap < cost),sideways/calm
parity,BANKNIFTY,56000.0,2026-09-29,2026-08-26 12:56 IST,2026-08-26 12:56 IST,1,15,874500.0,2403.0,143.5,58300.0,2403.0,143.5,0.00046,399.24,0.0,0.0,375.78,375.78,0.0,-375.78,-0.376,banked (gap < cost),sideways/calm
parity,BANKNIFTY,57000.0,2026-09-29,2026-08-26 13:02 IST,2026-08-26 13:02 IST,1,15,873975.0,1535.75,313.2,58265.0,1535.75,313.2,0.0006,522.21,0.0,0.0,348.95,348.95,0.0,-348.95,-0.349,banked (gap < cost),sideways/calm
parity,BANKNIFTY,57600.0,2026-09-29,2026-08-26 13:02 IST,2026-08-26 13:02 IST,1,15,873975.0,1114.55,480.55,58265.0,1114.55,480.55,0.00046,404.78,0.0,0.0,338.85,338.85,0.0,-338.85,-0.339,banked (gap < cost),sideways/calm
parity,BANKNIFTY,57700.0,2026-09-29,2026-08-26 13:02 IST,2026-08-26 13:02 IST,1,15,873975.0,1050.9,514.4,58265.0,1050.9,514.4,0.00043,376.34,0.0,0.0,337.7,337.7,0.0,-337.7,-0.338,banked (gap < cost),sideways/calm
parity,BANKNIFTY,58600.0,2026-09-29,2026-08-26 13:02 IST,2026-08-26 13:02 IST,1,15,873975.0,561.5,923.25,58265.0,561.5,923.25,0.00049,431.58,1e-05,4.55,334.51,339.06,0.0,-339.06,-0.339,banked (gap < cost),sideways/calm
parity,BANKNIFTY,57500.0,2026-09-29,2026-08-26 13:03 IST,2026-08-26 13:03 IST,1,15,874281.0,1189.8,443.45,58285.4,1189.8,443.45,0.00059,514.61,0.0,0.0,339.88,339.88,0.0,-339.88,-0.34,banked (gap < cost),sideways/calm
parity,BANKNIFTY,57900.0,2026-09-29,2026-08-26 13:03 IST,2026-08-26 13:03 IST,1,15,874281.0,935.55,583.55,58285.4,935.55,583.55,0.00053,466.08,0.0,0.0,335.76,335.76,0.0,-335.76,-0.336,banked (gap < cost),sideways/calm
parity,BANKNIFTY,58000.0,2026-09-29,2026-08-26 13:03 IST,2026-08-26 13:03 IST,1,15,874281.0,877.0,625.85,58285.4,877.0,625.85,0.00056,487.88,0.0,0.0,335.06,335.06,0.0,-335.06,-0.335,banked (gap < cost),sideways/calm
parity,BANKNIFTY,58100.0,2026-09-29,2026-08-26 13:03 IST,2026-08-26 13:03 IST,1,15,874281.0,819.0,666.95,58285.4,819.0,666.95,0.00055,483.44,0.0,0.0,334.41,334.41,0.0,-334.41,-0.334,banked (gap < cost),sideways/calm
parity,BANKNIFTY,58300.0,2026-09-29,2026-08-26 13:03 IST,2026-08-26 13:03 IST,1,15,874281.0,713.4,756.85,58285.4,713.4,756.85,0.0005,434.05,0.0,0.0,333.73,333.73,0.0,-333.73,-0.334,banked (gap < cost),sideways/calm
parity,BANKNIFTY,58500.0,2026-09-29,2026-08-26 13:03 IST,2026-08-26 13:03 IST,1,15,874281.0,614.95,862.25,58285.4,614.95,862.25,0.00058,509.91,0.0,0.0,334.09,334.09,0.0,-334.09,-0.334,banked (gap < cost),sideways/calm
parity,BANKNIFTY,59200.0,2026-09-29,2026-08-26 13:03 IST,2026-08-26 13:03 IST,1,15,874281.0,336.9,1283.8,58285.4,336.9,1283.8,0.00065,567.29,0.0,0.0,339.38,339.38,0.0,-339.38,-0.339,banked (gap < cost),sideways/calm
parity,BANKNIFTY,59500.0,2026-09-29,2026-08-26 13:06 IST,2026-08-26 13:06 IST,1,15,874266.0,254.85,1489.45,58284.4,254.85,1489.45,0.00045,395.05,0.0,0.0,344.74,344.74,0.0,-344.74,-0.345,banked (gap < cost),sideways/calm
parity,BANKNIFTY,57000.0,2026-09-29,2026-08-26 13:09 IST,2026-08-26 13:09 IST,1,15,873912.0,1535.3,313.8,58260.8,1535.3,313.8,0.00054,475.35,0.00014,128.69,348.44,477.13,0.0,-477.13,-0.477,banked (gap < cost),sideways/calm
parity,BANKNIFTY,57400.0,2026-09-29,2026-08-26 13:10 IST,2026-08-26 13:10 IST,1,15,873888.0,1246.95,421.15,58259.2,1246.95,421.15,0.00048,423.19,0.0,0.0,341.26,341.26,0.0,-341.26,-0.341,banked (gap < cost),sideways/calm
parity,BANKNIFTY,57500.0,2026-09-29,2026-08-26 13:10 IST,2026-08-26 13:10 IST,1,15,873888.0,1165.4,450.0,58259.2,1165.4,450.0,0.00067,588.24,0.0001,92.77,339.47,432.24,0.0,-432.24,-0.432,banked (gap < cost),sideways/calm
parity,BANKNIFTY,57600.0,2026-09-29,2026-08-26 13:10 IST,2026-08-26 13:10 IST,1,15,873888.0,1104.95,482.45,58259.2,1104.95,482.45,0.00056,490.8,0.0001,92.72,338.44,431.16,0.0,-431.16,-0.431,banked (gap < cost),sideways/calm
parity,BANKNIFTY,57800.0,2026-09-29,2026-08-26 13:10 IST,2026-08-26 13:10 IST,1,15,873888.0,980.8,556.4,58259.2,980.8,556.4,0.00055,480.41,0.0001,92.64,336.37,429.01,0.0,-429.01,-0.429,banked (gap < cost),sideways/calm
parity,BANKNIFTY,57900.0,2026-09-29,2026-08-26 13:10 IST,2026-08-26 13:10 IST,1,15,873888.0,920.0,595.8,58259.2,920.0,595.8,0.00056,492.46,0.0001,92.6,335.42,428.02,0.0,-428.02,-0.428,banked (gap < cost),sideways/calm
parity,BANKNIFTY,58000.0,2026-09-29,2026-08-26 13:10 IST,2026-08-26 13:10 IST,1,15,873888.0,859.3,635.3,58259.2,859.3,635.3,0.00058,504.52,0.0001,92.58,334.79,427.37,0.0,-427.37,-0.427,banked (gap < cost),sideways/calm
parity,BANKNIFTY,58200.0,2026-09-29,2026-08-26 13:10 IST,2026-08-26 13:10 IST,1,15,873888.0,750.15,722.8,58259.2,750.15,722.8,0.00054,472.38,0.0001,92.55,334.02,426.57,0.0,-426.57,-0.427,banked (gap < cost),sideways/calm
parity,BANKNIFTY,58300.0,2026-09-29,2026-08-26 13:10 IST,2026-08-26 13:10 IST,1,15,873888.0,698.6,771.25,58259.2,698.6,771.25,0.00055,481.43,0.0001,92.54,333.8,426.34,0.0,-426.34,-0.426,banked (gap < cost),sideways/calm
parity,BANKNIFTY,58400.0,2026-09-29,2026-08-26 13:10 IST,2026-08-26 13:10 IST,1,15,873888.0,649.75,821.2,58259.2,649.75,821.2,0.00054,472.49,0.0001,92.54,333.74,426.28,0.0,-426.28,-0.426,banked (gap < cost),sideways/calm
parity,BANKNIFTY,58500.0,2026-09-29,2026-08-26 13:10 IST,2026-08-26 13:10 IST,1,15,873888.0,601.0,875.7,58259.2,601.0,875.7,0.00061,530.29,0.0001,92.54,333.85,426.39,0.0,-426.39,-0.426,banked (gap < cost),sideways/calm
parity,NIFTY,25000.0,2026-09-29,2026-08-26 13:10 IST,2026-08-26 13:10 IST,1,75,1832850.0,73.9,624.45,24438.0,73.9,624.45,0.00033,604.31,0.0,0.0,663.55,663.55,0.0,-663.55,-0.664,banked (gap < cost),sideways/calm
parity,BANKNIFTY,56700.0,2026-09-29,2026-08-26 13:11 IST,2026-08-26 13:11 IST,1,15,873753.0,1770.0,249.75,58250.2,1770.0,249.75,0.00035,308.87,0.0,0.0,354.57,354.57,0.0,-354.57,-0.355,banked (gap < cost),sideways/calm
parity,BANKNIFTY,57700.0,2026-09-29,2026-08-26 13:11 IST,2026-08-26 13:11 IST,1,15,873753.0,1050.5,511.0,58250.2,1050.5,511.0,0.00013,110.67,0.0,0.0,337.17,337.17,0.0,-337.17,-0.337,banked (gap < cost),sideways/calm
parity,BANKNIFTY,57500.0,2026-09-29,2026-08-26 13:15 IST,2026-08-26 13:15 IST,1,15,873750.0,1166.4,449.3,58250.0,1166.4,449.3,0.00049,425.59,6e-05,57.88,339.43,397.31,0.0,-397.31,-0.397,banked (gap < cost),sideways/calm
parity,BANKNIFTY,57900.0,2026-09-29,2026-08-26 13:15 IST,2026-08-26 13:15 IST,1,15,873750.0,918.8,596.25,58250.0,918.8,596.25,0.00043,380.06,6e-05,57.79,335.54,393.33,0.0,-393.33,-0.393,banked (gap < cost),sideways/calm
parity,BANKNIFTY,58200.0,2026-09-29,2026-08-26 13:15 IST,2026-08-26 13:15 IST,1,15,873750.0,754.8,721.85,58250.0,754.8,721.85,0.00029,251.22,6e-05,57.75,333.95,391.7,0.0,-391.7,-0.392,banked (gap < cost),sideways/calm
parity,BANKNIFTY,58600.0,2026-09-29,2026-08-26 13:15 IST,2026-08-26 13:15 IST,1,15,873750.0,558.05,922.85,58250.0,558.05,922.85,0.00029,253.69,0.0,0.0,334.37,334.37,0.0,-334.37,-0.334,banked (gap < cost),sideways/calm
parity,BANKNIFTY,56500.0,2026-09-29,2026-08-26 13:17 IST,2026-08-26 13:17 IST,1,15,873225.0,1892.45,221.0,58215.0,1892.45,221.0,0.00057,497.96,0.0,0.0,360.34,360.34,0.0,-360.34,-0.36,banked (gap < cost),sideways/calm
parity,BANKNIFTY,57000.0,2026-09-29,2026-08-26 13:17 IST,2026-08-26 13:17 IST,1,15,873225.0,1500.4,321.25,58215.0,1500.4,321.25,0.00049,427.73,3e-05,23.02,347.98,371.0,0.0,-371.0,-0.371,banked (gap < cost),sideways/calm
parity,BANKNIFTY,57300.0,2026-09-29,2026-08-26 13:17 IST,2026-08-26 13:17 IST,1,15,873225.0,1278.15,401.5,58215.0,1278.15,401.5,0.00056,492.4,7e-05,67.34,342.43,409.77,0.0,-409.77,-0.41,banked (gap < cost),sideways/calm
parity,BANKNIFTY,57500.0,2026-09-29,2026-08-26 13:17 IST,2026-08-26 13:17 IST,1,15,873225.0,1145.5,461.0,58215.0,1145.5,461.0,0.00045,392.76,3e-05,22.93,339.28,362.21,0.0,-362.21,-0.362,banked (gap < cost),sideways/calm
parity,BANKNIFTY,57600.0,2026-09-29,2026-08-26 13:17 IST,2026-08-26 13:17 IST,1,15,873225.0,1081.1,494.6,58215.0,1081.1,494.6,0.00043,371.81,3e-05,22.92,338.3,361.22,0.0,-361.22,-0.361,banked (gap < cost),sideways/calm
parity,BANKNIFTY,57700.0,2026-09-29,2026-08-26 13:17 IST,2026-08-26 13:17 IST,1,15,873225.0,1015.4,529.0,58215.0,1015.4,529.0,0.00044,382.37,3e-05,22.91,337.1,360.01,0.0,-360.01,-0.36,banked (gap < cost),sideways/calm
parity,BANKNIFTY,57800.0,2026-09-29,2026-08-26 13:17 IST,2026-08-26 13:17 IST,1,15,873225.0,957.7,568.15,58215.0,957.7,568.15,0.00039,344.17,3e-05,22.9,336.22,359.12,0.0,-359.12,-0.359,banked (gap < cost),sideways/calm
parity,BANKNIFTY,57900.0,2026-09-29,2026-08-26 13:17 IST,2026-08-26 13:17 IST,1,15,873225.0,895.5,608.8,58215.0,895.5,608.8,0.00045,395.98,3e-05,22.9,335.38,358.28,0.0,-358.28,-0.358,banked (gap < cost),sideways/calm
parity,BANKNIFTY,58000.0,2026-09-29,2026-08-26 13:17 IST,2026-08-26 13:17 IST,1,15,873225.0,839.55,648.75,58215.0,839.55,648.75,0.00039,343.53,3e-05,22.89,334.7,357.59,0.0,-357.59,-0.358,banked (gap < cost),sideways/calm
parity,BANKNIFTY,58100.0,2026-09-29,2026-08-26 13:17 IST,2026-08-26 13:17 IST,1,15,873225.0,785.15,690.75,58215.0,785.15,690.75,0.00034,298.59,3e-05,22.88,334.21,357.09,0.0,-357.09,-0.357,banked (gap < cost),sideways/calm
parity,BANKNIFTY,58300.0,2026-09-29,2026-08-26 13:17 IST,2026-08-26 13:17 IST,1,15,873225.0,681.5,787.3,58215.0,681.5,787.3,0.00037,319.7,3e-05,22.88,333.86,356.74,0.0,-356.74,-0.357,banked (gap < cost),sideways/calm
parity,BANKNIFTY,58500.0,2026-09-29,2026-08-26 13:17 IST,2026-08-26 13:17 IST,1,15,873225.0,585.1,889.9,58215.0,585.1,889.9,0.00037,322.81,3e-05,22.88,334.01,356.89,0.0,-356.89,-0.357,banked (gap < cost),sideways/calm
parity,BANKNIFTY,58600.0,2026-09-29,2026-08-26 13:17 IST,2026-08-26 13:17 IST,1,15,873225.0,540.7,948.8,58215.0,540.7,948.8,0.00044,381.36,3e-05,22.89,334.39,357.28,0.0,-357.28,-0.357,banked (gap < cost),sideways/calm
parity,BANKNIFTY,57400.0,2026-09-29,2026-08-26 13:18 IST,2026-08-26 13:18 IST,1,15,873225.0,1219.2,428.5,58215.0,1219.2,428.5,0.00033,290.7,0.0,0.0,340.22,340.22,0.0,-340.22,-0.34,banked (gap < cost),sideways/calm
parity,BANKNIFTY,58400.0,2026-09-29,2026-08-26 13:18 IST,2026-08-26 13:18 IST,1,15,873225.0,632.5,836.35,58215.0,632.5,836.35,0.00034,299.5,0.0,0.0,333.48,333.48,0.0,-333.48,-0.333,banked (gap < cost),sideways/calm
parity,BANKNIFTY,58700.0,2026-09-29,2026-08-26 13:18 IST,2026-08-26 13:18 IST,1,15,873225.0,498.9,1001.05,58215.0,498.9,1001.05,0.00034,301.17,0.0,0.0,335.33,335.33,0.0,-335.33,-0.335,banked (gap < cost),sideways/calm
parity,BANKNIFTY,57200.0,2026-09-29,2026-08-26 13:19 IST,2026-08-26 13:19 IST,1,15,873435.0,1369.7,368.0,58229.0,1369.7,368.0,0.00036,316.33,0.0,0.0,343.51,343.51,0.0,-343.51,-0.344,banked (gap < cost),sideways/calm
parity,BANKNIFTY,58900.0,2026-09-29,2026-08-26 13:19 IST,2026-08-26 13:19 IST,1,15,873435.0,427.55,1112.5,58229.0,427.55,1112.5,0.00031,270.01,0.0,0.0,336.99,336.99,0.0,-336.99,-0.337,banked (gap < cost),sideways/calm
parity,BANKNIFTY,56800.0,2026-09-29,2026-08-26 13:23 IST,2026-08-26 13:23 IST,1,15,873030.0,1645.45,280.65,58202.0,1645.45,280.65,0.00049,431.05,0.0,0.0,353.05,353.05,0.0,-353.05,-0.353,banked (gap < cost),sideways/calm
parity,BANKNIFTY,57400.0,2026-09-29,2026-08-26 13:24 IST,2026-08-26 13:24 IST,1,15,873102.0,1196.95,435.7,58206.8,1196.95,435.7,0.0007,610.21,8e-05,71.6,339.95,411.55,0.0,-411.55,-0.412,banked (gap < cost),sideways/calm
parity,BANKNIFTY,57500.0,2026-09-29,2026-08-26 13:24 IST,2026-08-26 13:24 IST,1,15,873102.0,1132.95,464.8,58206.8,1132.95,464.8,0.00059,515.76,8e-05,71.55,338.36,409.91,0.0,-409.91,-0.41,banked (gap < cost),sideways/calm
parity,BANKNIFTY,57800.0,2026-09-29,2026-08-26 13:24 IST,2026-08-26 13:24 IST,1,15,873102.0,948.0,572.25,58206.8,948.0,572.25,0.00049,428.93,8e-05,71.46,335.43,406.89,0.0,-406.89,-0.407,banked (gap < cost),sideways/calm
parity,BANKNIFTY,57900.0,2026-09-29,2026-08-26 13:24 IST,2026-08-26 13:24 IST,1,15,873102.0,889.9,614.65,58206.8,889.9,614.65,0.00051,445.48,8e-05,71.44,334.72,406.16,0.0,-406.16,-0.406,banked (gap < cost),sideways/calm
parity,BANKNIFTY,58000.0,2026-09-29,2026-08-26 13:24 IST,2026-08-26 13:24 IST,1,15,873102.0,831.0,656.1,58206.8,831.0,656.1,0.00053,459.79,8e-05,71.42,334.12,405.54,0.0,-405.54,-0.406,banked (gap < cost),sideways/calm
parity,BANKNIFTY,58100.0,2026-09-29,2026-08-26 13:24 IST,2026-08-26 13:24 IST,1,15,873102.0,775.55,698.55,58206.8,775.55,698.55,0.0005,437.34,8e-05,71.41,333.63,405.04,0.0,-405.04,-0.405,banked (gap < cost),sideways/calm
parity,BANKNIFTY,58300.0,2026-09-29,2026-08-26 13:24 IST,2026-08-26 13:24 IST,1,15,873102.0,673.2,793.2,58206.8,673.2,793.2,0.00047,410.45,8e-05,71.4,333.32,404.72,0.0,-404.72,-0.405,banked (gap < cost),sideways/calm
parity,BANKNIFTY,58400.0,2026-09-29,2026-08-26 13:24 IST,2026-08-26 13:24 IST,1,15,873102.0,621.1,847.65,58206.8,621.1,847.65,0.00059,517.76,8e-05,71.4,333.47,404.87,0.0,-404.87,-0.405,banked (gap < cost),sideways/calm
parity,BANKNIFTY,58500.0,2026-09-29,2026-08-26 13:24 IST,2026-08-26 13:24 IST,1,15,873102.0,577.65,898.0,58206.8,577.65,898.0,0.0005,433.81,8e-05,71.41,333.77,405.18,0.0,-405.18,-0.405,banked (gap < cost),sideways/calm
parity,BANKNIFTY,57200.0,2026-09-29,2026-08-26 13:25 IST,2026-08-26 13:25 IST,1,15,873150.0,1354.8,372.45,58210.0,1354.8,372.45,0.00037,323.3,0.0,0.0,342.96,342.96,0.0,-342.96,-0.343,banked (gap < cost),sideways/calm
parity,BANKNIFTY,59200.0,2026-09-29,2026-08-26 13:25 IST,2026-08-26 13:25 IST,1,15,873150.0,318.7,1324.8,58210.0,318.7,1324.8,0.00038,331.14,0.0,0.0,340.34,340.34,0.0,-340.34,-0.34,banked (gap < cost),sideways/calm
parity,BANKNIFTY,56000.0,2026-09-29,2026-08-26 13:28 IST,2026-08-26 13:28 IST,1,15,873060.0,2318.85,152.35,58204.0,2318.85,152.35,0.00042,362.93,0.0,0.0,372.23,372.23,0.0,-372.23,-0.372,banked (gap < cost),sideways/calm
parity,BANKNIFTY,57000.0,2026-09-29,2026-08-26 13:37 IST,2026-08-26 13:37 IST,1,15,873075.0,1496.15,321.25,58205.0,1496.15,321.25,0.00039,342.39,0.0,0.0,347.02,347.02,0.0,-347.02,-0.347,banked (gap < cost),sideways/calm
parity,BANKNIFTY,58300.0,2026-09-29,2026-08-26 13:37 IST,2026-08-26 13:37 IST,1,15,873075.0,675.8,789.9,58205.0,675.8,789.9,0.00034,295.1,0.0,0.0,333.3,333.3,0.0,-333.3,-0.333,banked (gap < cost),sideways/calm
parity,BANKNIFTY,58400.0,2026-09-29,2026-08-26 13:37 IST,2026-08-26 13:37 IST,1,15,873075.0,627.1,843.85,58205.0,627.1,843.85,0.00039,343.91,0.0,0.0,333.45,333.45,0.0,-333.45,-0.333,banked (gap < cost),sideways/calm
parity,BANKNIFTY,57600.0,2026-09-29,2026-08-26 13:38 IST,2026-08-26 13:38 IST,1,15,873093.0,1080.55,494.0,58206.2,1080.55,494.0,0.00027,239.85,0.0,0.0,337.52,337.52,0.0,-337.52,-0.338,banked (gap < cost),sideways/calm
parity,BANKNIFTY,57000.0,2026-09-29,2026-08-26 13:41 IST,2026-08-26 13:41 IST,1,15,873630.0,1513.2,316.05,58242.0,1513.2,316.05,0.00064,560.29,1e-05,6.09,347.55,353.64,0.0,-353.64,-0.354,banked (gap < cost),sideways/calm
parity,BANKNIFTY,57800.0,2026-09-29,2026-08-26 13:41 IST,2026-08-26 13:41 IST,1,15,873630.0,966.0,560.0,58242.0,966.0,560.0,0.00057,499.98,0.0,2.51,335.72,338.23,0.0,-338.23,-0.338,banked (gap < cost),sideways/calm
parity,BANKNIFTY,58400.0,2026-09-29,2026-08-26 13:41 IST,2026-08-26 13:41 IST,1,15,873630.0,637.05,827.5,58242.0,637.05,827.5,0.00057,501.06,0.0,2.51,333.64,336.15,0.0,-336.15,-0.336,banked (gap < cost),sideways/calm
parity,BANKNIFTY,56500.0,2026-09-29,2026-08-26 13:42 IST,2026-08-26 13:42 IST,1,15,873300.0,1895.0,222.2,58220.0,1895.0,222.2,0.00063,552.26,1e-05,5.01,358.64,363.65,0.0,-363.65,-0.364,banked (gap < cost),sideways/calm
parity,BANKNIFTY,57600.0,2026-09-29,2026-08-26 13:42 IST,2026-08-26 13:42 IST,1,15,873300.0,1072.85,494.3,58220.0,1072.85,494.3,0.00065,565.61,0.0,0.0,337.89,337.89,0.0,-337.89,-0.338,banked (gap < cost),sideways/calm
parity,BANKNIFTY,58600.0,2026-09-29,2026-08-26 13:42 IST,2026-08-26 13:42 IST,1,15,873300.0,533.85,946.4,58220.0,533.85,946.4,0.0006,522.66,0.0,0.0,334.33,334.33,0.0,-334.33,-0.334,banked (gap < cost),sideways/calm
parity,BANKNIFTY,58800.0,2026-09-29,2026-08-26 13:42 IST,2026-08-26 13:42 IST,1,15,873300.0,460.6,1065.5,58220.0,460.6,1065.5,0.00049,426.02,0.0,0.0,335.41,335.41,0.0,-335.41,-0.335,banked (gap < cost),sideways/calm
parity,NIFTY,25000.0,2026-09-29,2026-08-26 13:42 IST,2026-08-26 13:42 IST,1,75,1832625.0,73.2,629.65,24435.0,73.2,629.65,0.00021,385.45,0.0,0.0,663.57,663.57,0.0,-663.57,-0.664,banked (gap < cost),sideways/calm
parity,BANKNIFTY,57700.0,2026-09-29,2026-08-26 14:00 IST,2026-08-26 14:00 IST,1,15,873240.0,1015.0,533.9,58216.0,1015.0,533.9,0.00055,476.78,3e-05,26.77,336.56,363.33,0.0,-363.33,-0.363,banked (gap < cost),sideways/calm
parity,NIFTY,24000.0,2026-09-29,2026-08-26 14:00 IST,2026-08-26 14:00 IST,1,75,1831777.0,555.8,125.0,24423.7,555.8,125.0,0.0004,724.38,0.00011,210.93,660.89,871.82,0.0,-871.82,-0.872,banked (gap < cost),sideways/calm
parity,BANKNIFTY,57400.0,2026-09-29,2026-08-26 14:01 IST,2026-08-26 14:01 IST,1,15,873015.0,1212.05,430.8,58201.0,1212.05,430.8,0.00026,223.72,0.0,0.0,340.27,340.27,0.0,-340.27,-0.34,banked (gap < cost),sideways/calm
parity,BANKNIFTY,57500.0,2026-09-29,2026-08-26 14:01 IST,2026-08-26 14:01 IST,1,15,873015.0,1148.4,457.0,58201.0,1148.4,457.0,9e-05,80.53,0.0,2.14,338.6,340.74,0.0,-340.74,-0.341,banked (gap < cost),sideways/calm
parity,BANKNIFTY,57800.0,2026-09-29,2026-08-26 14:01 IST,2026-08-26 14:01 IST,1,15,873015.0,961.6,563.6,58201.0,961.6,563.6,1e-05,8.69,0.0,2.13,335.83,337.96,0.0,-337.96,-0.338,banked (gap < cost),sideways/calm
parity,BANKNIFTY,57900.0,2026-09-29,2026-08-26 14:01 IST,2026-08-26 14:01 IST,1,15,873015.0,905.95,602.8,58201.0,905.95,602.8,7e-05,59.51,0.0,2.13,335.0,337.13,0.0,-337.13,-0.337,banked (gap < cost),sideways/calm
parity,BANKNIFTY,58000.0,2026-09-29,2026-08-26 14:01 IST,2026-08-26 14:01 IST,1,15,873015.0,846.5,644.5,58201.0,846.5,644.5,4e-05,33.2,0.0,2.13,334.4,336.53,0.0,-336.53,-0.337,banked (gap < cost),sideways/calm
parity,BANKNIFTY,58100.0,2026-09-29,2026-08-26 14:01 IST,2026-08-26 14:01 IST,1,15,873015.0,783.8,688.45,58201.0,783.8,688.45,9e-05,75.61,0.0,2.13,334.05,336.18,0.0,-336.18,-0.336,banked (gap < cost),sideways/calm
parity,BANKNIFTY,58200.0,2026-09-29,2026-08-26 14:01 IST,2026-08-26 14:01 IST,1,15,873015.0,736.5,735.85,58201.0,736.5,735.85,1e-05,5.16,0.0,2.13,333.78,335.91,0.0,-335.91,-0.336,banked (gap < cost),sideways/calm
parity,BANKNIFTY,58500.0,2026-09-29,2026-08-26 14:01 IST,2026-08-26 14:01 IST,1,15,873015.0,589.6,899.85,58201.0,589.6,899.85,0.00022,195.82,0.0,2.13,334.1,336.23,0.0,-336.23,-0.336,banked (gap < cost),sideways/calm
parity,BANKNIFTY,59000.0,2026-09-29,2026-08-26 14:01 IST,2026-08-26 14:01 IST,1,15,873015.0,390.0,1192.0,58201.0,390.0,1192.0,0.00013,117.35,1e-05,5.98,337.72,343.7,0.0,-343.7,-0.344,banked (gap < cost),sideways/calm
parity,NIFTY,24400.0,2026-09-29,2026-08-26 14:01 IST,2026-08-26 14:01 IST,1,75,1832775.0,293.5,256.9,24437.0,293.5,256.9,1e-05,13.25,2e-05,37.4,635.76,673.16,0.0,-673.16,-0.673,banked (gap < cost),sideways/calm
parity,NIFTY,24500.0,2026-09-29,2026-08-26 14:01 IST,2026-08-26 14:01 IST,1,75,1832775.0,244.1,302.25,24437.0,244.1,302.25,0.00018,335.23,0.0,0.0,634.58,634.58,0.0,-634.58,-0.635,banked (gap < cost),sideways/calm
parity,BANKNIFTY,57700.0,2026-09-29,2026-08-26 14:05 IST,2026-08-26 14:05 IST,1,15,873450.0,1023.0,523.75,58230.0,1023.0,523.75,0.00047,413.26,0.0,0.0,336.7,336.7,0.0,-336.7,-0.337,banked (gap < cost),sideways/calm
parity,BANKNIFTY,57800.0,2026-09-29,2026-08-26 14:05 IST,2026-08-26 14:05 IST,1,15,873450.0,961.9,564.45,58230.0,961.9,564.45,0.00051,449.31,0.0,0.0,335.94,335.94,0.0,-335.94,-0.336,banked (gap < cost),sideways/calm
parity,BANKNIFTY,57900.0,2026-09-29,2026-08-26 14:05 IST,2026-08-26 14:05 IST,1,15,873450.0,902.75,604.2,58230.0,902.75,604.2,0.00051,441.87,0.0,0.0,335.31,335.31,0.0,-335.31,-0.335,banked (gap < cost),sideways/calm
parity,BANKNIFTY,58000.0,2026-09-29,2026-08-26 14:05 IST,2026-08-26 14:05 IST,1,15,873450.0,847.5,645.7,58230.0,847.5,645.7,0.00046,402.17,0.0,0.0,334.64,334.64,0.0,-334.64,-0.335,banked (gap < cost),sideways/calm
parity,BANKNIFTY,58200.0,2026-09-29,2026-08-26 14:05 IST,2026-08-26 14:05 IST,1,15,873450.0,738.5,737.2,58230.0,738.5,737.2,0.00049,427.78,0.0,0.0,333.8,333.8,0.0,-333.8,-0.334,banked (gap < cost),sideways/calm
parity,BANKNIFTY,58300.0,2026-09-29,2026-08-26 14:05 IST,2026-08-26 14:05 IST,1,15,873450.0,687.25,783.95,58230.0,687.25,783.95,0.00047,406.84,0.0,0.0,333.75,333.75,0.0,-333.75,-0.334,banked (gap < cost),sideways/calm
parity,BANKNIFTY,58500.0,2026-09-29,2026-08-26 14:05 IST,2026-08-26 14:05 IST,1,15,873450.0,592.0,885.0,58230.0,592.0,885.0,0.00042,369.45,0.0,0.0,333.95,333.95,0.0,-333.95,-0.334,banked (gap < cost),sideways/calm
parity,BANKNIFTY,59000.0,2026-09-29,2026-08-26 14:05 IST,2026-08-26 14:05 IST,1,15,873450.0,389.05,1176.0,58230.0,389.05,1176.0,0.00037,323.97,0.0,0.0,337.43,337.43,0.0,-337.43,-0.337,banked (gap < cost),sideways/calm
parity,BANKNIFTY,57400.0,2026-09-29,2026-08-26 14:06 IST,2026-08-26 14:06 IST,1,15,873165.0,1206.0,433.75,58211.0,1206.0,433.75,0.00058,507.82,0.0,0.0,340.66,340.66,0.0,-340.66,-0.341,banked (gap < cost),sideways/calm
parity,BANKNIFTY,57600.0,2026-09-29,2026-08-26 14:06 IST,2026-08-26 14:06 IST,1,15,873165.0,1077.6,496.6,58211.0,1077.6,496.6,0.00045,394.68,6e-05,56.73,337.86,394.59,0.0,-394.59,-0.395,banked (gap < cost),sideways/calm
parity,BANKNIFTY,57500.0,2026-09-29,2026-08-26 14:07 IST,2026-08-26 14:07 IST,1,15,872850.0,1128.8,467.85,58190.0,1128.8,467.85,0.00043,373.27,0.0,0.0,338.6,338.6,0.0,-338.6,-0.339,banked (gap < cost),sideways/calm
parity,BANKNIFTY,57800.0,2026-09-29,2026-08-26 14:07 IST,2026-08-26 14:07 IST,1,15,872850.0,946.85,577.65,58190.0,946.85,577.65,0.00032,276.69,0.0,0.0,335.81,335.81,0.0,-335.81,-0.336,banked (gap < cost),sideways/calm
parity,BANKNIFTY,57900.0,2026-09-29,2026-08-26 14:07 IST,2026-08-26 14:07 IST,1,15,872850.0,886.1,615.0,58190.0,886.1,615.0,0.00029,257.24,0.0,0.0,334.96,334.96,0.0,-334.96,-0.335,banked (gap < cost),sideways/calm
parity,BANKNIFTY,58000.0,2026-09-29,2026-08-26 14:07 IST,2026-08-26 14:07 IST,1,15,872850.0,830.0,658.0,58190.0,830.0,658.0,0.00029,252.8,0.0,0.0,334.42,334.42,0.0,-334.42,-0.334,banked (gap < cost),sideways/calm
parity,BANKNIFTY,58100.0,2026-09-29,2026-08-26 14:07 IST,2026-08-26 14:07 IST,1,15,872850.0,773.35,706.95,58190.0,773.35,706.95,0.0004,345.85,0.0,0.0,333.97,333.97,0.0,-333.97,-0.334,banked (gap < cost),sideways/calm
parity,BANKNIFTY,58200.0,2026-09-29,2026-08-26 14:07 IST,2026-08-26 14:07 IST,1,15,872850.0,720.65,751.5,58190.0,720.65,751.5,0.00036,313.66,0.0,0.0,333.76,333.76,0.0,-333.76,-0.334,banked (gap < cost),sideways/calm
parity,BANKNIFTY,58300.0,2026-09-29,2026-08-26 14:07 IST,2026-08-26 14:07 IST,1,15,872850.0,670.65,798.0,58190.0,670.65,798.0,0.00031,270.21,0.0,0.0,333.6,333.6,0.0,-333.6,-0.334,banked (gap < cost),sideways/calm
parity,BANKNIFTY,58400.0,2026-09-29,2026-08-26 14:07 IST,2026-08-26 14:07 IST,1,15,872850.0,620.55,847.55,58190.0,620.55,847.55,0.00031,274.01,0.0,0.0,333.76,333.76,0.0,-333.76,-0.334,banked (gap < cost),sideways/calm
parity,BANKNIFTY,57000.0,2026-09-29,2026-08-26 14:08 IST,2026-08-26 14:08 IST,1,15,872940.0,1495.0,322.0,58196.0,1495.0,322.0,0.00027,236.71,0.0,0.0,346.69,346.69,0.0,-346.69,-0.347,banked (gap < cost),sideways/calm
parity,BANKNIFTY,57400.0,2026-09-29,2026-08-26 14:08 IST,2026-08-26 14:08 IST,1,15,872940.0,1203.6,432.05,58196.0,1203.6,432.05,0.00034,294.67,0.0,0.0,339.91,339.91,0.0,-339.91,-0.34,banked (gap < cost),sideways/calm
parity,BANKNIFTY,57000.0,2026-09-29,2026-08-26 14:10 IST,2026-08-26 14:10 IST,1,15,873198.0,1491.15,324.0,58213.2,1491.15,324.0,0.00067,580.89,0.0,0.0,347.18,347.18,0.0,-347.18,-0.347,banked (gap < cost),sideways/calm
parity,BANKNIFTY,57400.0,2026-09-29,2026-08-26 14:10 IST,2026-08-26 14:10 IST,1,15,873198.0,1204.0,434.15,58213.2,1204.0,434.15,0.00066,576.61,0.0,0.0,340.21,340.21,0.0,-340.21,-0.34,banked (gap < cost),sideways/calm
parity,BANKNIFTY,57500.0,2026-09-29,2026-08-26 14:10 IST,2026-08-26 14:10 IST,1,15,873198.0,1140.0,464.25,58213.2,1140.0,464.25,0.00057,497.16,0.00011,98.68,338.89,437.57,0.0,-437.57,-0.438,banked (gap < cost),sideways/calm
parity,BANKNIFTY,57600.0,2026-09-29,2026-08-26 14:10 IST,2026-08-26 14:10 IST,1,15,873198.0,1071.9,499.0,58213.2,1071.9,499.0,0.00063,548.96,0.0,0.0,337.64,337.64,0.0,-337.64,-0.338,banked (gap < cost),sideways/calm
parity,BANKNIFTY,57800.0,2026-09-29,2026-08-26 14:10 IST,2026-08-26 14:10 IST,1,15,873198.0,956.7,573.65,58213.2,956.7,573.65,0.00048,414.82,0.0,0.0,335.82,335.82,0.0,-335.82,-0.336,banked (gap < cost),sideways/calm
parity,BANKNIFTY,59000.0,2026-09-29,2026-08-26 14:10 IST,2026-08-26 14:10 IST,1,15,873198.0,382.0,1191.6,58213.2,382.0,1191.6,0.00047,413.23,0.0,0.0,337.68,337.68,0.0,-337.68,-0.338,banked (gap < cost),sideways/calm
parity,NIFTY,24000.0,2026-09-29,2026-08-26 14:10 IST,2026-08-26 14:10 IST,1,75,1833000.0,563.45,120.35,24440.0,563.45,120.35,0.00024,431.71,0.0,0.0,661.35,661.35,0.0,-661.35,-0.661,banked (gap < cost),sideways/calm
parity,NIFTY,24400.0,2026-09-29,2026-08-26 14:10 IST,2026-08-26 14:10 IST,1,75,1833000.0,297.05,252.45,24440.0,297.05,252.45,0.0002,363.11,0.0,0.0,635.31,635.31,0.0,-635.31,-0.635,banked (gap < cost),sideways/calm
parity,NIFTY,24500.0,2026-09-29,2026-08-26 14:10 IST,2026-08-26 14:10 IST,1,75,1833000.0,245.05,298.3,24440.0,245.05,298.3,0.00026,479.09,0.0,0.0,634.15,634.15,0.0,-634.15,-0.634,banked (gap < cost),sideways/calm
parity,NIFTY,25000.0,2026-09-29,2026-08-26 14:10 IST,2026-08-26 14:10 IST,1,75,1833000.0,74.25,620.05,24440.0,74.25,620.05,0.00044,811.47,0.0,0.0,663.44,663.44,0.0,-663.44,-0.663,banked (gap < cost),sideways/calm
parity,NIFTY,25500.0,2026-09-29,2026-08-26 14:10 IST,2026-08-26 14:10 IST,1,75,1833000.0,18.4,1065.0,24440.0,18.4,1065.0,0.00029,525.1,0.0,0.0,728.63,728.63,0.0,-728.63,-0.729,banked (gap < cost),sideways/calm
parity,BANKNIFTY,57700.0,2026-09-29,2026-08-26 14:11 IST,2026-08-26 14:11 IST,1,15,873300.0,1013.0,533.35,58220.0,1013.0,533.35,0.00064,558.16,4e-05,35.12,336.52,371.64,0.0,-371.64,-0.372,banked (gap < cost),sideways/calm
parity,BANKNIFTY,58400.0,2026-09-29,2026-08-26 14:11 IST,2026-08-26 14:11 IST,1,15,873300.0,628.7,845.2,58220.0,628.7,845.2,0.00065,563.8,8e-05,70.21,333.77,403.98,0.0,-403.98,-0.404,banked (gap < cost),sideways/calm
parity,BANKNIFTY,56000.0,2026-09-29,2026-08-26 14:13 IST,2026-08-26 14:13 IST,1,15,873525.0,2336.45,148.4,58235.0,2336.45,148.4,0.00057,501.88,0.0,0.0,371.41,371.41,0.0,-371.41,-0.371,banked (gap < cost),sideways/calm
parity,NIFTY,24600.0,2026-09-29,2026-08-26 14:13 IST,2026-08-26 14:13 IST,1,75,1834515.0,203.0,343.65,24460.2,203.0,343.65,7e-05,126.98,0.0,0.0,635.0,635.0,0.0,-635.0,-0.635,banked (gap < cost),sideways/calm
parity,NIFTY,24800.0,2026-09-29,2026-08-26 14:13 IST,2026-08-26 14:13 IST,1,75,1834515.0,127.9,462.0,24460.2,127.9,462.0,0.00015,273.72,7e-05,123.16,643.73,766.89,0.0,-766.89,-0.767,banked (gap < cost),sideways/calm
parity,NIFTY,25000.0,2026-09-29,2026-08-26 14:13 IST,2026-08-26 14:13 IST,1,75,1834515.0,76.0,609.8,24460.2,76.0,609.8,0.00011,205.67,7e-05,123.64,662.32,785.96,0.0,-785.96,-0.786,banked (gap < cost),sideways/calm
parity,BANKNIFTY,57400.0,2026-09-29,2026-08-26 14:14 IST,2026-08-26 14:14 IST,1,15,873375.0,1218.0,425.5,58225.0,1218.0,425.5,0.00047,412.8,0.00014,123.17,340.48,463.65,0.0,-463.65,-0.464,banked (gap < cost),sideways/calm
parity,BANKNIFTY,57000.0,2026-09-29,2026-08-26 14:15 IST,2026-08-26 14:15 IST,1,15,873375.0,1521.75,315.25,58225.0,1521.75,315.25,0.00019,166.58,4e-05,40.06,347.3,387.36,0.0,-387.36,-0.387,banked (gap < cost),sideways/calm
parity,BANKNIFTY,57500.0,2026-09-29,2026-08-26 14:15 IST,2026-08-26 14:15 IST,1,15,873375.0,1157.0,450.1,58225.0,1157.0,450.1,0.00024,205.85,4e-05,39.92,338.83,378.75,0.0,-378.75,-0.379,banked (gap < cost),sideways/calm
parity,BANKNIFTY,57600.0,2026-09-29,2026-08-26 14:15 IST,2026-08-26 14:15 IST,1,15,873375.0,1094.45,486.0,58225.0,1094.45,486.0,0.00022,191.66,4e-05,39.9,337.69,377.59,0.0,-377.59,-0.378,banked (gap < cost),sideways/calm
parity,BANKNIFTY,58100.0,2026-09-29,2026-08-26 14:15 IST,2026-08-26 14:15 IST,1,15,873375.0,799.8,678.9,58225.0,799.8,678.9,6e-05,50.18,4e-05,39.83,334.0,373.83,0.0,-373.83,-0.374,banked (gap < cost),sideways/calm
parity,BANKNIFTY,58800.0,2026-09-29,2026-08-26 14:16 IST,2026-08-26 14:16 IST,1,15,873525.0,466.1,1048.05,58235.0,466.1,1048.05,0.00035,305.41,0.0,0.0,335.64,335.64,0.0,-335.64,-0.336,banked (gap < cost),sideways/calm
parity,BANKNIFTY,57300.0,2026-09-29,2026-08-26 14:18 IST,2026-08-26 14:18 IST,1,15,873432.0,1285.05,395.25,58228.8,1285.05,395.25,0.00057,500.91,0.00011,95.12,341.93,437.05,0.0,-437.05,-0.437,banked (gap < cost),sideways/calm
parity,BANKNIFTY,57700.0,2026-09-29,2026-08-26 14:18 IST,2026-08-26 14:18 IST,1,15,873432.0,1020.0,523.6,58228.8,1020.0,523.6,0.0005,438.13,5e-05,48.99,336.58,385.57,0.0,-385.57,-0.386,banked (gap < cost),sideways/calm
parity,BANKNIFTY,57900.0,2026-09-29,2026-08-26 14:18 IST,2026-08-26 14:18 IST,1,15,873432.0,906.75,600.1,58228.8,906.75,600.1,0.00035,302.49,5e-05,48.95,335.06,384.01,0.0,-384.01,-0.384,banked (gap < cost),sideways/calm
parity,NIFTY,24200.0,2026-09-29,2026-08-26 14:19 IST,2026-08-26 14:19 IST,1,75,1833600.0,429.35,169.85,24448.0,429.35,169.85,0.00053,974.78,2e-05,36.68,645.36,682.04,0.0,-682.04,-0.682,banked (gap < cost),sideways/calm
parity,NIFTY,24400.0,2026-09-29,2026-08-26 14:19 IST,2026-08-26 14:19 IST,1,75,1833600.0,303.65,244.0,24448.0,303.65,244.0,0.00049,895.48,2e-05,36.6,635.43,672.03,0.0,-672.03,-0.672,banked (gap < cost),sideways/calm
parity,NIFTY,24500.0,2026-09-29,2026-08-26 14:19 IST,2026-08-26 14:19 IST,1,75,1833600.0,251.15,289.6,24448.0,251.15,289.6,0.00054,992.71,2e-05,36.59,633.93,670.52,0.0,-670.52,-0.671,banked (gap < cost),sideways/calm
parity,NIFTY,25300.0,2026-09-29,2026-08-26 14:20 IST,2026-08-26 14:20 IST,1,75,1834418.0,32.7,861.45,24458.9,32.7,861.45,0.0003,545.42,0.00019,361.47,701.97,1063.44,0.0,-1063.44,-1.063,banked (gap < cost),sideways/calm
parity,NIFTY,23800.0,2026-09-29,2026-08-26 14:21 IST,2026-08-26 14:21 IST,1,75,1834027.0,736.7,76.8,24453.7,736.7,76.8,0.00041,761.01,0.0,0.0,685.1,685.1,0.0,-685.1,-0.685,banked (gap < cost),sideways/calm
parity,BANKNIFTY,58400.0,2026-09-29,2026-08-26 14:22 IST,2026-08-26 14:22 IST,1,15,873675.0,639.75,824.7,58245.0,639.75,824.7,0.00053,463.29,0.0,0.0,333.64,333.64,0.0,-333.64,-0.334,banked (gap < cost),sideways/calm
parity,BANKNIFTY,57000.0,2026-09-29,2026-08-26 14:24 IST,2026-08-26 14:24 IST,1,15,873228.0,1500.0,320.0,58215.2,1500.0,320.0,0.00048,417.96,5e-05,44.08,347.51,391.59,0.0,-391.59,-0.392,banked (gap < cost),sideways/calm
parity,BANKNIFTY,57400.0,2026-09-29,2026-08-26 14:24 IST,2026-08-26 14:24 IST,1,15,873228.0,1205.65,429.75,58215.2,1205.65,429.75,0.00059,515.67,0.0,0.07,340.47,340.54,0.0,-340.54,-0.341,banked (gap < cost),sideways/calm
parity,BANKNIFTY,57600.0,2026-09-29,2026-08-26 14:24 IST,2026-08-26 14:24 IST,1,15,873228.0,1076.45,491.9,58215.2,1076.45,491.9,0.00046,404.03,0.0,0.07,337.78,337.85,0.0,-337.85,-0.338,banked (gap < cost),sideways/calm
parity,BANKNIFTY,57800.0,2026-09-29,2026-08-26 14:24 IST,2026-08-26 14:24 IST,1,15,873228.0,957.2,566.45,58215.2,957.2,566.45,0.00038,329.14,0.0,0.07,335.88,335.95,0.0,-335.95,-0.336,banked (gap < cost),sideways/calm
parity,BANKNIFTY,57900.0,2026-09-29,2026-08-26 14:24 IST,2026-08-26 14:24 IST,1,15,873228.0,897.0,607.65,58215.2,897.0,607.65,0.00041,359.2,0.0,0.07,335.24,335.31,0.0,-335.31,-0.335,banked (gap < cost),sideways/calm
parity,BANKNIFTY,58000.0,2026-09-29,2026-08-26 14:24 IST,2026-08-26 14:24 IST,1,15,873228.0,837.6,649.9,58215.2,837.6,649.9,0.00045,393.0,0.0,0.07,334.43,334.5,0.0,-334.5,-0.334,banked (gap < cost),sideways/calm
parity,BANKNIFTY,58100.0,2026-09-29,2026-08-26 14:24 IST,2026-08-26 14:24 IST,1,15,873228.0,783.6,693.05,58215.2,783.6,693.05,0.00041,359.31,0.0,0.07,333.93,334.0,0.0,-334.0,-0.334,banked (gap < cost),sideways/calm
parity,BANKNIFTY,58500.0,2026-09-29,2026-08-26 14:24 IST,2026-08-26 14:24 IST,1,15,873228.0,585.2,890.0,58215.2,585.2,890.0,0.00037,325.78,0.0,0.07,333.85,333.92,0.0,-333.92,-0.334,banked (gap < cost),sideways/calm
parity,BANKNIFTY,59000.0,2026-09-29,2026-08-26 14:24 IST,2026-08-26 14:24 IST,1,15,873228.0,383.15,1184.65,58215.2,383.15,1184.65,0.00037,321.55,0.0,0.07,337.28,337.35,0.0,-337.35,-0.337,banked (gap < cost),sideways/calm
parity,BANKNIFTY,57500.0,2026-09-29,2026-08-26 14:25 IST,2026-08-26 14:25 IST,1,15,873228.0,1144.75,458.2,58215.2,1144.75,458.2,0.00042,364.98,0.0,0.0,338.71,338.71,0.0,-338.71,-0.339,banked (gap < cost),sideways/calm
parity,BANKNIFTY,57700.0,2026-09-29,2026-08-26 14:25 IST,2026-08-26 14:25 IST,1,15,873228.0,1018.35,526.7,58215.2,1018.35,526.7,0.00035,306.59,0.0,0.0,336.42,336.42,0.0,-336.42,-0.336,banked (gap < cost),sideways/calm
parity,BANKNIFTY,58200.0,2026-09-29,2026-08-26 14:25 IST,2026-08-26 14:25 IST,1,15,873228.0,733.7,739.1,58215.2,733.7,739.1,0.00035,307.61,0.0,0.0,333.66,333.66,0.0,-333.66,-0.334,banked (gap < cost),sideways/calm
parity,BANKNIFTY,58400.0,2026-09-29,2026-08-26 14:25 IST,2026-08-26 14:25 IST,1,15,873228.0,633.2,836.35,58215.2,633.2,836.35,0.00033,291.97,0.0,0.0,333.6,333.6,0.0,-333.6,-0.334,banked (gap < cost),sideways/calm
parity,NIFTY,24000.0,2026-09-29,2026-08-26 14:25 IST,2026-08-26 14:25 IST,1,75,1833307.0,568.9,117.6,24444.1,568.9,117.6,0.0004,741.09,0.0,0.0,662.12,662.12,0.0,-662.12,-0.662,banked (gap < cost),sideways/calm
parity,NIFTY,24200.0,2026-09-29,2026-08-26 14:25 IST,2026-08-26 14:25 IST,1,75,1833307.0,424.7,172.4,24444.1,424.7,172.4,0.0004,725.54,0.0,0.0,644.59,644.59,0.0,-644.59,-0.645,banked (gap < cost),sideways/calm
parity,NIFTY,24400.0,2026-09-29,2026-08-26 14:25 IST,2026-08-26 14:25 IST,1,75,1833307.0,301.35,247.1,24444.1,301.35,247.1,0.00043,781.24,0.0,0.0,635.24,635.24,0.0,-635.24,-0.635,banked (gap < cost),sideways/calm
parity,NIFTY,24500.0,2026-09-29,2026-08-26 14:25 IST,2026-08-26 14:25 IST,1,75,1833307.0,249.75,292.8,24444.1,249.75,292.8,0.00051,938.47,0.0,0.0,634.18,634.18,0.0,-634.18,-0.634,banked (gap < cost),sideways/calm
parity,NIFTY,24800.0,2026-09-29,2026-08-26 14:25 IST,2026-08-26 14:25 IST,1,75,1833307.0,126.65,466.0,24444.1,126.65,466.0,0.00059,1080.15,0.00017,322.62,644.09,966.71,0.0,-966.71,-0.967,banked (gap < cost),sideways/calm
parity,NIFTY,24600.0,2026-09-29,2026-08-26 14:26 IST,2026-08-26 14:26 IST,1,75,1833375.0,201.0,345.1,24445.0,201.0,345.1,0.00041,747.33,0.0,0.0,634.86,634.86,0.0,-634.86,-0.635,banked (gap < cost),sideways/calm
parity,NIFTY,25000.0,2026-09-29,2026-08-26 14:26 IST,2026-08-26 14:26 IST,1,75,1833375.0,75.6,612.8,24445.0,75.6,612.8,0.00059,1083.73,0.0,0.0,662.47,662.47,0.0,-662.47,-0.662,banked (gap < cost),sideways/calm
parity,NIFTY,24800.0,2026-09-29,2026-08-26 14:27 IST,2026-08-26 14:27 IST,1,75,1833157.0,126.25,467.65,24442.1,126.25,467.65,0.00059,1075.49,0.00016,304.67,643.7,948.37,0.0,-948.37,-0.948,banked (gap < cost),sideways/calm
parity,BANKNIFTY,57000.0,2026-09-29,2026-08-26 14:28 IST,2026-08-26 14:28 IST,1,15,873162.0,1493.0,324.95,58210.8,1493.0,324.95,0.00061,531.63,0.0,0.0,346.88,346.88,0.0,-346.88,-0.347,banked (gap < cost),sideways/calm
parity,BANKNIFTY,57300.0,2026-09-29,2026-08-26 14:28 IST,2026-08-26 14:28 IST,1,15,873162.0,1271.0,405.5,58210.8,1271.0,405.5,0.00068,597.04,2e-05,14.03,341.41,355.44,0.0,-355.44,-0.355,banked (gap < cost),sideways/calm
parity,BANKNIFTY,57500.0,2026-09-29,2026-08-26 14:28 IST,2026-08-26 14:28 IST,1,15,873162.0,1136.0,465.0,58210.8,1136.0,465.0,0.00061,532.65,0.0,0.0,338.58,338.58,0.0,-338.58,-0.339,banked (gap < cost),sideways/calm
parity,BANKNIFTY,57600.0,2026-09-29,2026-08-26 14:28 IST,2026-08-26 14:28 IST,1,15,873162.0,1075.4,499.1,58210.8,1075.4,499.1,0.00053,462.2,0.0,0.0,337.48,337.48,0.0,-337.48,-0.337,banked (gap < cost),sideways/calm
parity,NIFTY,24000.0,2026-09-29,2026-08-26 14:28 IST,2026-08-26 14:28 IST,1,75,1832985.0,567.95,119.2,24439.8,567.95,119.2,0.00047,870.31,7e-05,141.17,661.97,803.14,0.0,-803.14,-0.803,banked (gap < cost),sideways/calm
parity,NIFTY,24400.0,2026-09-29,2026-08-26 14:28 IST,2026-08-26 14:28 IST,1,75,1832985.0,300.0,249.0,24439.8,300.0,249.0,0.00047,857.96,7e-05,140.39,635.35,775.74,0.0,-775.74,-0.776,banked (gap < cost),sideways/calm
parity,NIFTY,24500.0,2026-09-29,2026-08-26 14:28 IST,2026-08-26 14:28 IST,1,75,1832985.0,247.1,294.95,24439.8,247.1,294.95,0.00049,898.94,7e-05,140.35,634.09,774.44,0.0,-774.44,-0.774,banked (gap < cost),sideways/calm
parity,NIFTY,24700.0,2026-09-29,2026-08-26 14:28 IST,2026-08-26 14:28 IST,1,75,1832985.0,159.15,405.6,24439.8,159.15,405.6,0.0005,913.39,0.0,0.0,638.4,638.4,0.0,-638.4,-0.638,banked (gap < cost),sideways/calm
parity,BANKNIFTY,56500.0,2026-09-29,2026-08-26 14:29 IST,2026-08-26 14:29 IST,1,15,873225.0,1903.75,219.4,58215.0,1903.75,219.4,0.00035,304.46,0.0,0.0,358.24,358.24,0.0,-358.24,-0.358,banked (gap < cost),sideways/calm
parity,BANKNIFTY,56700.0,2026-09-29,2026-08-26 14:30 IST,2026-08-26 14:30 IST,1,15,873255.0,1730.1,255.95,58217.0,1730.1,255.95,0.00058,505.39,0.0,0.0,353.49,353.49,0.0,-353.49,-0.353,banked (gap < cost),sideways/calm
parity,BANKNIFTY,58600.0,2026-09-29,2026-08-26 14:30 IST,2026-08-26 14:30 IST,1,15,873255.0,537.0,944.8,58217.0,537.0,944.8,0.00047,406.68,0.0,0.0,334.34,334.34,0.0,-334.34,-0.334,banked (gap < cost),sideways/calm
parity,NIFTY,23500.0,2026-09-29,2026-08-26 14:30 IST,2026-08-26 14:30 IST,1,75,1833750.0,1000.0,42.5,24450.0,1000.0,42.5,0.00054,992.6,0.0,0.0,723.56,723.56,0.0,-723.56,-0.724,banked (gap < cost),sideways/calm
parity,BANKNIFTY,57000.0,2026-09-29,2026-08-26 14:31 IST,2026-08-26 14:31 IST,1,15,873300.0,1504.5,319.2,58220.0,1504.5,319.2,0.00047,410.03,0.0,0.0,347.4,347.4,0.0,-347.4,-0.347,banked (gap < cost),sideways/calm
parity,BANKNIFTY,57500.0,2026-09-29,2026-08-26 14:31 IST,2026-08-26 14:31 IST,1,15,873300.0,1142.9,458.0,58220.0,1142.9,458.0,0.00053,461.31,0.0,0.0,338.67,338.67,0.0,-338.67,-0.339,banked (gap < cost),sideways/calm
parity,BANKNIFTY,57700.0,2026-09-29,2026-08-26 14:31 IST,2026-08-26 14:31 IST,1,15,873300.0,1022.45,527.35,58220.0,1022.45,527.35,0.00037,326.41,0.0,0.0,336.63,336.63,0.0,-336.63,-0.337,banked (gap < cost),sideways/calm
parity,NIFTY,24000.0,2026-09-29,2026-08-26 14:31 IST,2026-08-26 14:31 IST,1,75,1834200.0,579.65,113.9,24456.0,579.65,113.9,0.00051,937.7,0.0,0.0,663.09,663.09,0.0,-663.09,-0.663,banked (gap < cost),sideways/calm
parity,NIFTY,24100.0,2026-09-29,2026-08-26 14:31 IST,2026-08-26 14:31 IST,1,75,1834200.0,504.0,137.45,24456.0,504.0,137.45,0.00052,952.42,0.0,0.0,653.21,653.21,0.0,-653.21,-0.653,banked (gap < cost),sideways/calm
parity,NIFTY,24200.0,2026-09-29,2026-08-26 14:31 IST,2026-08-26 14:31 IST,1,75,1834200.0,434.0,166.9,24456.0,434.0,166.9,0.00052,948.4,0.0,0.0,644.77,644.77,0.0,-644.77,-0.645,banked (gap < cost),sideways/calm
parity,NIFTY,24400.0,2026-09-29,2026-08-26 14:31 IST,2026-08-26 14:31 IST,1,75,1834200.0,307.9,240.05,24456.0,307.9,240.05,0.0005,914.1,0.0,0.0,634.76,634.76,0.0,-634.76,-0.635,banked (gap < cost),sideways/calm
parity,NIFTY,24500.0,2026-09-29,2026-08-26 14:31 IST,2026-08-26 14:31 IST,1,75,1834200.0,254.55,284.9,24456.0,254.55,284.9,0.00055,1003.83,0.0,0.0,633.6,633.6,0.0,-633.6,-0.634,banked (gap < cost),sideways/calm
parity,NIFTY,24600.0,2026-09-29,2026-08-26 14:31 IST,2026-08-26 14:31 IST,1,75,1834200.0,206.05,337.35,24456.0,206.05,337.35,0.00048,887.31,0.0,0.0,634.29,634.29,0.0,-634.29,-0.634,banked (gap < cost),sideways/calm
parity,NIFTY,24700.0,2026-09-29,2026-08-26 14:31 IST,2026-08-26 14:31 IST,1,75,1834200.0,164.0,393.05,24456.0,164.0,393.05,0.00055,1010.78,0.0,0.0,637.55,637.55,0.0,-637.55,-0.638,banked (gap < cost),sideways/calm
parity,NIFTY,24800.0,2026-09-29,2026-08-26 14:31 IST,2026-08-26 14:31 IST,1,75,1834200.0,129.35,457.0,24456.0,129.35,457.0,0.00058,1070.51,0.0,0.0,642.97,642.97,0.0,-642.97,-0.643,banked (gap < cost),sideways/calm
parity,NIFTY,25000.0,2026-09-29,2026-08-26 14:31 IST,2026-08-26 14:31 IST,1,75,1834200.0,77.15,601.15,24456.0,77.15,601.15,0.00068,1253.71,0.0,0.0,660.93,660.93,0.0,-660.93,-0.661,banked (gap < cost),sideways/calm
parity,BANKNIFTY,57300.0,2026-09-29,2026-08-26 14:32 IST,2026-08-26 14:32 IST,1,15,873255.0,1279.05,400.8,58217.0,1279.05,400.8,0.00057,498.22,0.0,0.0,342.04,342.04,0.0,-342.04,-0.342,banked (gap < cost),sideways/calm
parity,NIFTY,24400.0,2026-09-29,2026-08-26 14:34 IST,2026-08-26 14:34 IST,1,75,1833577.0,304.5,244.5,24447.7,304.5,244.5,0.00051,944.15,9e-05,171.54,635.24,806.78,0.0,-806.78,-0.807,banked (gap < cost),sideways/calm
parity,NIFTY,24500.0,2026-09-29,2026-08-26 14:34 IST,2026-08-26 14:34 IST,1,75,1833577.0,251.15,289.65,24447.7,251.15,289.65,0.00055,1011.38,9e-05,171.49,633.78,805.27,0.0,-805.27,-0.805,banked (gap < cost),sideways/calm
parity,NIFTY,24800.0,2026-09-29,2026-08-26 14:34 IST,2026-08-26 14:34 IST,1,75,1833577.0,127.05,463.35,24447.7,127.05,463.35,0.00057,1040.56,9e-05,171.82,643.01,814.83,0.0,-814.83,-0.815,banked (gap < cost),sideways/calm
parity,NIFTY,25000.0,2026-09-29,2026-08-26 14:34 IST,2026-08-26 14:34 IST,1,75,1833577.0,76.3,610.35,24447.7,76.3,610.35,0.00061,1118.76,9e-05,172.48,661.6,834.08,0.0,-834.08,-0.834,banked (gap < cost),sideways/calm
parity,NIFTY,24000.0,2026-09-29,2026-08-26 14:35 IST,2026-08-26 14:35 IST,1,75,1833832.0,575.0,114.65,24451.1,575.0,114.65,0.00049,898.01,4e-05,76.42,662.67,739.09,0.0,-739.09,-0.739,banked (gap < cost),sideways/calm
parity,BANKNIFTY,58100.0,2026-09-29,2026-08-26 14:36 IST,2026-08-26 14:36 IST,1,15,873174.0,781.6,689.65,58211.6,781.6,689.65,0.00033,284.67,0.0,0.51,333.8,334.31,0.0,-334.31,-0.334,banked (gap < cost),sideways/calm
parity,NIFTY,24600.0,2026-09-29,2026-08-26 14:36 IST,2026-08-26 14:36 IST,1,75,1833862.0,204.25,339.7,24451.5,204.25,339.7,0.0005,911.52,4e-05,75.98,634.97,710.95,0.0,-710.95,-0.711,banked (gap < cost),sideways/calm
parity,NIFTY,24400.0,2026-09-29,2026-08-26 14:38 IST,2026-08-26 14:38 IST,1,75,1833900.0,304.95,241.2,24452.0,304.95,241.2,0.00049,904.79,4e-05,66.85,635.36,702.21,0.0,-702.21,-0.702,banked (gap < cost),sideways/calm
parity,NIFTY,24500.0,2026-09-29,2026-08-26 14:38 IST,2026-08-26 14:38 IST,1,75,1833900.0,252.9,287.15,24452.0,252.9,287.15,0.00055,1009.52,4e-05,66.83,633.77,700.6,0.0,-700.6,-0.701,banked (gap < cost),sideways/calm
parity,NIFTY,25000.0,2026-09-29,2026-08-26 14:38 IST,2026-08-26 14:38 IST,1,75,1833900.0,77.05,603.35,24452.0,77.05,603.35,0.00075,1379.4,4e-05,67.21,661.34,728.55,0.0,-728.55,-0.729,banked (gap < cost),sideways/calm
parity,NIFTY,24100.0,2026-09-29,2026-08-26 14:39 IST,2026-08-26 14:39 IST,1,75,1833750.0,501.45,138.1,24450.0,501.45,138.1,0.00063,1159.71,0.0,0.0,652.92,652.92,0.0,-652.92,-0.653,banked (gap < cost),sideways/calm
parity,NIFTY,24000.0,2026-09-29,2026-08-26 14:40 IST,2026-08-26 14:40 IST,1,75,1834620.0,575.35,114.5,24461.6,575.35,114.5,8e-05,152.76,0.0,7.28,662.52,669.8,0.0,-669.8,-0.67,banked (gap < cost),sideways/calm
parity,NIFTY,24400.0,2026-09-29,2026-08-26 14:40 IST,2026-08-26 14:40 IST,1,75,1834620.0,305.85,241.25,24461.6,305.85,241.25,0.00014,252.92,0.0,0.0,635.15,635.15,0.0,-635.15,-0.635,banked (gap < cost),sideways/calm
parity,NIFTY,24700.0,2026-09-29,2026-08-26 14:40 IST,2026-08-26 14:40 IST,1,75,1834620.0,162.6,396.45,24461.6,162.6,396.45,0.00013,233.35,0.0,0.0,637.59,637.59,0.0,-637.59,-0.638,banked (gap < cost),sideways/calm
parity,NIFTY,24800.0,2026-09-29,2026-08-26 14:41 IST,2026-08-26 14:41 IST,1,75,1834125.0,128.85,457.55,24455.0,128.85,457.55,0.00058,1066.31,0.0,0.0,643.19,643.19,0.0,-643.19,-0.643,banked (gap < cost),sideways/calm
parity,NIFTY,24000.0,2026-09-29,2026-08-26 14:46 IST,2026-08-26 14:46 IST,1,75,1834657.0,581.55,111.5,24462.1,581.55,111.5,0.00044,805.49,0.00029,545.07,664.45,1209.52,0.0,-1209.52,-1.21,banked (gap < cost),sideways/calm
parity,NIFTY,25000.0,2026-09-29,2026-08-26 14:46 IST,2026-08-26 14:46 IST,1,75,1834657.0,77.7,597.55,24462.1,77.7,597.55,0.00061,1110.25,0.00029,544.58,660.06,1204.64,0.0,-1204.64,-1.205,banked (gap < cost),sideways/calm
parity,BANKNIFTY,58100.0,2026-09-29,2026-08-26 14:47 IST,2026-08-26 14:47 IST,1,15,873825.0,797.45,670.6,58255.0,797.45,670.6,0.00047,408.21,0.0,0.0,333.87,333.87,0.0,-333.87,-0.334,banked (gap < cost),sideways/calm
parity,NIFTY,24500.0,2026-09-29,2026-08-26 14:47 IST,2026-08-26 14:47 IST,1,75,1835512.0,256.35,279.95,24473.5,256.35,279.95,0.00011,205.5,6e-05,118.75,633.52,752.27,0.0,-752.27,-0.752,banked (gap < cost),sideways/calm
parity,BANKNIFTY,57000.0,2026-09-29,2026-08-26 14:48 IST,2026-08-26 14:48 IST,1,15,873825.0,1541.55,305.5,58255.0,1541.55,305.5,0.0002,170.61,2e-05,20.77,348.0,368.77,0.0,-368.77,-0.369,banked (gap < cost),sideways/calm
parity,BANKNIFTY,57500.0,2026-09-29,2026-08-26 14:48 IST,2026-08-26 14:48 IST,1,15,873825.0,1175.5,438.0,58255.0,1175.5,438.0,0.00022,194.14,2e-05,20.69,339.12,359.81,0.0,-359.81,-0.36,banked (gap < cost),sideways/calm
parity,BANKNIFTY,57600.0,2026-09-29,2026-08-26 14:48 IST,2026-08-26 14:48 IST,1,15,873825.0,1106.0,470.05,58255.0,1106.0,470.05,0.00026,226.44,2e-05,20.68,337.94,358.62,0.0,-358.62,-0.359,banked (gap < cost),sideways/calm
parity,BANKNIFTY,57700.0,2026-09-29,2026-08-26 14:48 IST,2026-08-26 14:48 IST,1,15,873825.0,1046.15,505.4,58255.0,1046.15,505.4,0.00019,163.5,2e-05,20.67,336.73,357.4,0.0,-357.4,-0.357,banked (gap < cost),sideways/calm
parity,BANKNIFTY,57800.0,2026-09-29,2026-08-26 14:48 IST,2026-08-26 14:48 IST,1,15,873825.0,982.85,541.05,58255.0,982.85,541.05,0.00018,156.8,2e-05,20.66,335.86,356.52,0.0,-356.52,-0.357,banked (gap < cost),sideways/calm
parity,BANKNIFTY,57900.0,2026-09-29,2026-08-26 14:48 IST,2026-08-26 14:48 IST,1,15,873825.0,922.0,579.1,58255.0,922.0,579.1,0.00017,149.36,2e-05,20.65,335.0,355.65,0.0,-355.65,-0.356,banked (gap < cost),sideways/calm
parity,BANKNIFTY,58000.0,2026-09-29,2026-08-26 14:48 IST,2026-08-26 14:48 IST,1,15,873825.0,862.8,620.0,58255.0,862.8,620.0,0.00018,159.91,2e-05,20.65,334.24,354.89,0.0,-354.89,-0.355,banked (gap < cost),sideways/calm
parity,BANKNIFTY,57200.0,2026-09-29,2026-08-26 14:50 IST,2026-08-26 14:50 IST,1,15,874245.0,1401.0,350.45,58283.0,1401.0,350.45,0.00044,388.69,0.0,0.0,343.84,343.84,0.0,-343.84,-0.344,banked (gap < cost),sideways/calm
parity,BANKNIFTY,58200.0,2026-09-29,2026-08-26 14:50 IST,2026-08-26 14:50 IST,1,15,874245.0,762.05,701.6,58283.0,762.05,701.6,0.00038,330.73,0.0,0.0,333.58,333.58,0.0,-333.58,-0.334,banked (gap < cost),sideways/calm
parity,BANKNIFTY,58800.0,2026-09-29,2026-08-26 14:50 IST,2026-08-26 14:50 IST,1,15,874245.0,481.65,1010.05,58283.0,481.65,1010.05,0.00025,217.81,0.0,0.0,335.23,335.23,0.0,-335.23,-0.335,banked (gap < cost),sideways/calm
parity,NIFTY,24900.0,2026-09-29,2026-08-26 14:50 IST,2026-08-26 14:50 IST,1,75,1835625.0,101.95,517.0,24475.0,101.95,517.0,0.0003,553.84,0.0,0.0,649.58,649.58,0.0,-649.58,-0.65,banked (gap < cost),sideways/calm
parity,BANKNIFTY,56500.0,2026-09-29,2026-08-26 14:51 IST,2026-08-26 14:51 IST,1,15,873858.0,1959.8,206.9,58257.2,1959.8,206.9,0.00011,94.62,0.0,0.0,360.37,360.37,0.0,-360.37,-0.36,banked (gap < cost),sideways/calm
parity,BANKNIFTY,57000.0,2026-09-29,2026-08-26 14:51 IST,2026-08-26 14:51 IST,1,15,873858.0,1550.0,302.7,58257.2,1550.0,302.7,4e-05,34.65,0.0,0.0,348.62,348.62,0.0,-348.62,-0.349,banked (gap < cost),sideways/calm
parity,BANKNIFTY,57400.0,2026-09-29,2026-08-26 14:51 IST,2026-08-26 14:51 IST,1,15,873858.0,1248.95,405.0,58257.2,1248.95,405.0,0.00014,121.12,0.0,0.0,341.47,341.47,0.0,-341.47,-0.341,banked (gap < cost),sideways/calm
parity,BANKNIFTY,57500.0,2026-09-29,2026-08-26 14:51 IST,2026-08-26 14:51 IST,1,15,873858.0,1185.1,434.25,58257.2,1185.1,434.25,3e-05,26.68,0.0,0.0,339.64,339.64,0.0,-339.64,-0.34,banked (gap < cost),sideways/calm
parity,BANKNIFTY,57600.0,2026-09-29,2026-08-26 14:51 IST,2026-08-26 14:51 IST,1,15,873858.0,1121.0,468.55,58257.2,1121.0,468.55,1e-05,11.73,0.0,0.0,338.45,338.45,0.0,-338.45,-0.338,banked (gap < cost),sideways/calm
parity,BANKNIFTY,57700.0,2026-09-29,2026-08-26 14:51 IST,2026-08-26 14:51 IST,1,15,873858.0,1058.55,500.9,58257.2,1058.55,500.9,7e-05,57.22,0.0,0.0,337.03,337.03,0.0,-337.03,-0.337,banked (gap < cost),sideways/calm
parity,BANKNIFTY,57900.0,2026-09-29,2026-08-26 14:51 IST,2026-08-26 14:51 IST,1,15,873858.0,933.2,573.8,58257.2,933.2,573.8,7e-05,65.36,0.0,0.0,335.42,335.42,0.0,-335.42,-0.335,banked (gap < cost),sideways/calm
parity,BANKNIFTY,58000.0,2026-09-29,2026-08-26 14:51 IST,2026-08-26 14:51 IST,1,15,873858.0,875.0,614.9,58257.2,875.0,614.9,8e-05,66.8,0.0,0.0,334.64,334.64,0.0,-334.64,-0.335,banked (gap < cost),sideways/calm
parity,BANKNIFTY,58100.0,2026-09-29,2026-08-26 14:51 IST,2026-08-26 14:51 IST,1,15,873858.0,817.15,658.0,58257.2,817.15,658.0,5e-05,43.5,0.0,0.0,334.04,334.04,0.0,-334.04,-0.334,banked (gap < cost),sideways/calm
parity,BANKNIFTY,58600.0,2026-09-29,2026-08-26 14:51 IST,2026-08-26 14:51 IST,1,15,873858.0,564.7,907.15,58257.2,564.7,907.15,3e-05,25.78,0.0,0.0,333.81,333.81,0.0,-333.81,-0.334,banked (gap < cost),sideways/calm
parity,BANKNIFTY,57300.0,2026-09-29,2026-08-26 14:52 IST,2026-08-26 14:52 IST,1,15,874350.0,1329.85,376.35,58290.0,1329.85,376.35,0.00052,457.86,0.0,0.0,342.87,342.87,0.0,-342.87,-0.343,banked (gap < cost),sideways/calm
parity,NIFTY,24700.0,2026-09-29,2026-08-26 14:52 IST,2026-08-26 14:52 IST,1,75,1835625.0,165.5,385.0,24475.0,165.5,385.0,0.00017,310.63,0.0,0.0,636.03,636.03,0.0,-636.03,-0.636,banked (gap < cost),sideways/calm
parity,NIFTY,25000.0,2026-09-29,2026-08-26 14:52 IST,2026-08-26 14:52 IST,1,75,1835625.0,77.9,593.0,24475.0,77.9,593.0,0.00028,504.81,0.00015,291.09,659.37,950.46,0.0,-950.46,-0.95,banked (gap < cost),sideways/calm
parity,BANKNIFTY,56000.0,2026-09-29,2026-08-26 14:53 IST,2026-08-26 14:53 IST,1,15,874425.0,2390.35,139.9,58295.0,2390.35,139.9,0.00053,460.44,0.0,0.0,374.26,374.26,0.0,-374.26,-0.374,banked (gap < cost),sideways/calm
parity,NIFTY,25200.0,2026-09-29,2026-08-26 14:54 IST,2026-08-26 14:54 IST,1,75,1835273.0,43.7,753.0,24470.3,43.7,753.0,0.00065,1199.58,6e-05,121.26,685.59,806.85,0.0,-806.85,-0.807,banked (gap < cost),sideways/calm
parity,BANKNIFTY,58700.0,2026-09-29,2026-08-26 14:55 IST,2026-08-26 14:55 IST,1,15,874200.0,518.6,957.35,58280.0,518.6,957.35,0.00037,319.28,0.0,0.0,334.16,334.16,0.0,-334.16,-0.334,banked (gap < cost),sideways/calm
parity,NIFTY,24000.0,2026-09-29,2026-08-26 14:55 IST,2026-08-26 14:55 IST,1,75,1835243.0,585.05,108.85,24469.9,585.05,108.85,0.00037,685.21,0.00013,249.47,664.34,913.81,0.0,-913.81,-0.914,banked (gap < cost),sideways/calm
parity,NIFTY,24400.0,2026-09-29,2026-08-26 14:55 IST,2026-08-26 14:55 IST,1,75,1835243.0,312.0,231.8,24469.9,312.0,231.8,0.00044,804.12,0.00013,247.96,634.94,882.9,0.0,-882.9,-0.883,banked (gap < cost),sideways/calm
parity,NIFTY,24500.0,2026-09-29,2026-08-26 14:55 IST,2026-08-26 14:55 IST,1,75,1835243.0,257.9,277.15,24469.9,257.9,277.15,0.00044,800.09,0.00013,247.87,633.24,881.11,0.0,-881.11,-0.881,banked (gap < cost),sideways/calm
parity,NIFTY,24700.0,2026-09-29,2026-08-26 14:55 IST,2026-08-26 14:55 IST,1,75,1835243.0,165.35,386.45,24469.9,165.35,386.45,0.00031,570.8,0.00013,248.01,636.09,884.1,0.0,-884.1,-0.884,banked (gap < cost),sideways/calm
parity,BANKNIFTY,57500.0,2026-09-29,2026-08-26 14:56 IST,2026-08-26 14:56 IST,1,15,874200.0,1175.05,435.25,58280.0,1175.05,435.25,0.00061,532.37,0.0,0.0,339.48,339.48,0.0,-339.48,-0.339,banked (gap < cost),sideways/calm
parity,BANKNIFTY,57600.0,2026-09-29,2026-08-26 14:56 IST,2026-08-26 14:56 IST,1,15,874200.0,1111.35,471.6,58280.0,1111.35,471.6,0.00062,542.18,0.0,0.0,338.19,338.19,0.0,-338.19,-0.338,banked (gap < cost),sideways/calm
parity,BANKNIFTY,57900.0,2026-09-29,2026-08-26 14:56 IST,2026-08-26 14:56 IST,1,15,874200.0,927.55,577.55,58280.0,927.55,577.55,0.00048,415.59,0.0,0.0,335.24,335.24,0.0,-335.24,-0.335,banked (gap < cost),sideways/calm
parity,BANKNIFTY,58100.0,2026-09-29,2026-08-26 14:56 IST,2026-08-26 14:56 IST,1,15,874200.0,814.6,660.65,58280.0,814.6,660.65,0.00043,374.45,0.0,0.0,334.09,334.09,0.0,-334.09,-0.334,banked (gap < cost),sideways/calm
parity,BANKNIFTY,58200.0,2026-09-29,2026-08-26 14:56 IST,2026-08-26 14:56 IST,1,15,874200.0,757.4,707.0,58280.0,757.4,707.0,0.0005,436.76,0.0,0.0,333.6,333.6,0.0,-333.6,-0.334,banked (gap < cost),sideways/calm
parity,BANKNIFTY,58300.0,2026-09-29,2026-08-26 14:56 IST,2026-08-26 14:56 IST,1,15,874200.0,705.15,750.6,58280.0,705.15,750.6,0.00044,383.56,0.0,0.0,333.36,333.36,0.0,-333.36,-0.333,banked (gap < cost),sideways/calm
parity,BANKNIFTY,58500.0,2026-09-29,2026-08-26 14:56 IST,2026-08-26 14:56 IST,1,15,874200.0,606.1,852.4,58280.0,606.1,852.4,0.00047,414.42,0.0,0.0,333.4,333.4,0.0,-333.4,-0.333,banked (gap < cost),sideways/calm
parity,BANKNIFTY,59000.0,2026-09-29,2026-08-26 14:56 IST,2026-08-26 14:56 IST,1,15,874200.0,398.4,1139.2,58280.0,398.4,1139.2,0.00043,377.19,0.0,0.0,336.46,336.46,0.0,-336.46,-0.336,banked (gap < cost),sideways/calm
parity,NIFTY,25500.0,2026-09-29,2026-08-26 14:56 IST,2026-08-26 14:56 IST,1,75,1834875.0,18.95,1035.75,24465.0,18.95,1035.75,0.00049,896.42,0.0,0.0,724.1,724.1,0.0,-724.1,-0.724,banked (gap < cost),sideways/calm
parity,BANKNIFTY,57000.0,2026-09-29,2026-08-26 14:57 IST,2026-08-26 14:57 IST,1,15,874191.0,1542.75,302.85,58279.4,1542.75,302.85,0.00055,476.63,4e-05,36.88,348.38,385.26,0.0,-385.26,-0.385,banked (gap < cost),sideways/calm
parity,BANKNIFTY,57800.0,2026-09-29,2026-08-26 14:57 IST,2026-08-26 14:57 IST,1,15,874191.0,982.0,540.35,58279.4,982.0,540.35,0.0006,522.82,4e-05,36.68,336.08,372.76,0.0,-372.76,-0.373,banked (gap < cost),sideways/calm
parity,NIFTY,24000.0,2026-09-29,2026-08-26 14:57 IST,2026-08-26 14:57 IST,1,75,1835107.0,586.35,109.1,24468.1,586.35,109.1,0.00049,898.2,7e-05,130.37,663.82,794.19,0.0,-794.19,-0.794,banked (gap < cost),sideways/calm
parity,NIFTY,24400.0,2026-09-29,2026-08-26 14:57 IST,2026-08-26 14:57 IST,1,75,1835107.0,312.25,234.05,24468.1,312.25,234.05,0.00043,788.36,7e-05,129.58,634.72,764.3,0.0,-764.3,-0.764,banked (gap < cost),sideways/calm
parity,NIFTY,24500.0,2026-09-29,2026-08-26 14:57 IST,2026-08-26 14:57 IST,1,75,1835107.0,257.7,277.95,24468.1,257.7,277.95,0.00047,859.34,7e-05,129.54,633.01,762.55,0.0,-762.55,-0.763,banked (gap < cost),sideways/calm
parity,NIFTY,24800.0,2026-09-29,2026-08-26 14:57 IST,2026-08-26 14:57 IST,1,75,1835107.0,130.75,446.9,24468.1,130.75,446.9,0.00056,1031.02,7e-05,129.76,641.42,771.18,0.0,-771.18,-0.771,banked (gap < cost),sideways/calm
parity,NIFTY,25000.0,2026-09-29,2026-08-26 14:57 IST,2026-08-26 14:57 IST,1,75,1835107.0,77.5,594.45,24468.1,77.5,594.45,0.00048,880.47,7e-05,130.25,659.58,789.83,0.0,-789.83,-0.79,banked (gap < cost),sideways/calm
parity,BANKNIFTY,57000.0,2026-09-29,2026-08-26 15:00 IST,2026-08-26 15:00 IST,1,15,873651.0,1510.0,311.9,58243.4,1510.0,311.9,0.00065,566.89,0.0,0.0,347.93,347.93,0.0,-347.93,-0.348,banked (gap < cost),sideways/calm
parity,BANKNIFTY,57500.0,2026-09-29,2026-08-26 15:00 IST,2026-08-26 15:00 IST,1,15,873651.0,1149.95,448.2,58243.4,1149.95,448.2,0.00064,557.41,0.0,0.0,339.17,339.17,0.0,-339.17,-0.339,banked (gap < cost),sideways/calm
parity,BANKNIFTY,57600.0,2026-09-29,2026-08-26 15:00 IST,2026-08-26 15:00 IST,1,15,873651.0,1080.0,483.6,58243.4,1080.0,483.6,0.00074,646.72,0.0,0.0,337.97,337.97,0.0,-337.97,-0.338,banked (gap < cost),sideways/calm
parity,BANKNIFTY,57700.0,2026-09-29,2026-08-26 15:00 IST,2026-08-26 15:00 IST,1,15,873651.0,1021.05,516.6,58243.4,1021.05,516.6,0.00061,535.02,0.0,0.0,336.75,336.75,0.0,-336.75,-0.337,banked (gap < cost),sideways/calm
parity,BANKNIFTY,57800.0,2026-09-29,2026-08-26 15:00 IST,2026-08-26 15:00 IST,1,15,873651.0,960.45,554.45,58243.4,960.45,554.45,0.0006,520.83,0.0,0.0,335.82,335.82,0.0,-335.82,-0.336,banked (gap < cost),sideways/calm
parity,BANKNIFTY,58000.0,2026-09-29,2026-08-26 15:00 IST,2026-08-26 15:00 IST,1,15,873651.0,845.9,635.1,58243.4,845.9,635.1,0.00053,466.94,0.0,0.0,334.33,334.33,0.0,-334.33,-0.334,banked (gap < cost),sideways/calm
parity,BANKNIFTY,58100.0,2026-09-29,2026-08-26 15:00 IST,2026-08-26 15:00 IST,1,15,873651.0,788.15,680.5,58243.4,788.15,680.5,0.0006,523.24,0.0,0.0,333.84,333.84,0.0,-333.84,-0.334,banked (gap < cost),sideways/calm
parity,BANKNIFTY,58200.0,2026-09-29,2026-08-26 15:00 IST,2026-08-26 15:00 IST,1,15,873651.0,734.8,726.1,58243.4,734.8,726.1,0.00059,516.55,0.0,0.0,333.57,333.57,0.0,-333.57,-0.334,banked (gap < cost),sideways/calm
parity,BANKNIFTY,58400.0,2026-09-29,2026-08-26 15:00 IST,2026-08-26 15:00 IST,1,15,873651.0,635.7,819.1,58243.4,635.7,819.1,0.00048,416.16,0.0,0.0,333.38,333.38,0.0,-333.38,-0.333,banked (gap < cost),sideways/calm
parity,BANKNIFTY,59000.0,2026-09-29,2026-08-26 15:00 IST,2026-08-26 15:00 IST,1,15,873651.0,385.1,1164.5,58243.4,385.1,1164.5,0.00047,410.48,0.0,0.0,336.65,336.65,0.0,-336.65,-0.337,banked (gap < cost),sideways/calm
parity,BANKNIFTY,57900.0,2026-09-29,2026-08-26 15:01 IST,2026-08-26 15:01 IST,1,15,873765.0,916.65,583.95,58251.0,916.65,583.95,0.00028,242.72,0.0,0.0,334.83,334.83,0.0,-334.83,-0.335,banked (gap < cost),sideways/calm
parity,BANKNIFTY,58300.0,2026-09-29,2026-08-26 15:01 IST,2026-08-26 15:01 IST,1,15,873765.0,693.35,762.0,58251.0,693.35,762.0,0.00034,299.19,0.0,0.0,333.07,333.07,0.0,-333.07,-0.333,banked (gap < cost),sideways/calm
parity,BANKNIFTY,58500.0,2026-09-29,2026-08-26 15:01 IST,2026-08-26 15:01 IST,1,15,873765.0,598.75,865.15,58251.0,598.75,865.15,0.00032,283.55,0.0,0.0,333.46,333.46,0.0,-333.46,-0.333,banked (gap < cost),sideways/calm
parity,NIFTY,23800.0,2026-09-29,2026-08-26 15:01 IST,2026-08-26 15:01 IST,1,75,1835048.0,736.85,73.5,24467.3,736.85,73.5,0.0,5.8,6e-05,110.59,686.97,797.56,0.0,-797.56,-0.798,banked (gap < cost),sideways/calm
parity,NIFTY,24100.0,2026-09-29,2026-08-26 15:01 IST,2026-08-26 15:01 IST,1,75,1835048.0,506.05,133.35,24467.3,506.05,133.35,0.00031,571.23,1e-05,17.21,652.23,669.44,0.0,-669.44,-0.669,banked (gap < cost),sideways/calm
parity,NIFTY,24500.0,2026-09-29,2026-08-26 15:01 IST,2026-08-26 15:01 IST,1,75,1835048.0,254.8,278.8,24467.3,254.8,278.8,0.00035,637.64,0.0002,366.11,633.12,999.23,0.0,-999.23,-0.999,banked (gap < cost),sideways/calm
parity,NIFTY,25000.0,2026-09-29,2026-08-26 15:01 IST,2026-08-26 15:01 IST,1,75,1835048.0,76.25,596.6,24467.3,76.25,596.6,0.00037,685.02,0.0002,368.17,660.22,1028.39,0.0,-1028.39,-1.028,banked (gap < cost),sideways/calm
parity,BANKNIFTY,57300.0,2026-09-29,2026-08-26 15:03 IST,2026-08-26 15:03 IST,1,15,873600.0,1300.95,380.95,58240.0,1300.95,380.95,0.00025,214.89,0.0,0.0,341.71,341.71,0.0,-341.71,-0.342,banked (gap < cost),sideways/calm
parity,BANKNIFTY,57400.0,2026-09-29,2026-08-26 15:04 IST,2026-08-26 15:04 IST,1,15,873897.0,1231.0,409.35,58259.8,1231.0,409.35,0.00057,494.41,0.0,0.0,340.37,340.37,0.0,-340.37,-0.34,banked (gap < cost),sideways/calm
parity,NIFTY,25200.0,2026-09-29,2026-08-26 15:04 IST,2026-08-26 15:04 IST,1,75,1835077.0,43.1,754.1,24467.7,43.1,754.1,0.00069,1266.02,0.0,0.0,683.83,683.83,0.0,-683.83,-0.684,banked (gap < cost),sideways/calm
parity,BANKNIFTY,58700.0,2026-09-29,2026-08-26 15:05 IST,2026-08-26 15:05 IST,1,15,873675.0,504.25,972.45,58245.0,504.25,972.45,0.00027,239.2,0.0,0.0,334.62,334.62,0.0,-334.62,-0.335,banked (gap < cost),sideways/calm
parity,BANKNIFTY,58900.0,2026-09-29,2026-08-26 15:05 IST,2026-08-26 15:05 IST,1,15,873675.0,429.35,1096.95,58245.0,429.35,1096.95,0.00028,248.31,0.0,0.0,335.89,335.89,0.0,-335.89,-0.336,banked (gap < cost),sideways/calm
parity,BANKNIFTY,56500.0,2026-09-29,2026-08-26 15:06 IST,2026-08-26 15:06 IST,1,15,873606.0,1908.4,211.1,58240.4,1908.4,211.1,0.00056,488.89,0.0,0.0,358.56,358.56,0.0,-358.56,-0.359,banked (gap < cost),sideways/calm
parity,BANKNIFTY,56800.0,2026-09-29,2026-08-26 15:06 IST,2026-08-26 15:06 IST,1,15,873606.0,1670.25,264.45,58240.4,1670.25,264.45,0.00044,388.55,0.0,0.0,352.41,352.41,0.0,-352.41,-0.352,banked (gap < cost),sideways/calm
parity,NIFTY,24200.0,2026-09-29,2026-08-26 15:06 IST,2026-08-26 15:06 IST,1,75,1834875.0,432.35,161.95,24465.0,432.35,161.95,0.00029,524.98,0.0,0.0,644.59,644.59,0.0,-644.59,-0.645,banked (gap < cost),sideways/calm
parity,NIFTY,24500.0,2026-09-29,2026-08-26 15:06 IST,2026-08-26 15:06 IST,1,75,1834875.0,252.65,280.25,24465.0,252.65,280.25,0.00029,539.15,0.0,0.0,632.44,632.44,0.0,-632.44,-0.632,banked (gap < cost),sideways/calm
parity,NIFTY,24700.0,2026-09-29,2026-08-26 15:06 IST,2026-08-26 15:06 IST,1,75,1834875.0,162.0,387.25,24465.0,162.0,387.25,0.00034,624.86,0.0,0.0,636.08,636.08,0.0,-636.08,-0.636,banked (gap < cost),sideways/calm
parity,NIFTY,24400.0,2026-09-29,2026-08-26 15:07 IST,2026-08-26 15:07 IST,1,75,1834875.0,305.0,235.25,24465.0,305.0,235.25,0.00021,385.68,0.0,0.0,634.13,634.13,0.0,-634.13,-0.634,banked (gap < cost),sideways/calm
parity,BANKNIFTY,57000.0,2026-09-29,2026-08-26 15:08 IST,2026-08-26 15:08 IST,1,15,873453.0,1514.4,308.0,58230.2,1514.4,308.0,0.00028,245.6,0.00011,100.41,347.03,447.44,0.0,-447.44,-0.447,banked (gap < cost),sideways/calm
parity,BANKNIFTY,57200.0,2026-09-29,2026-08-26 15:08 IST,2026-08-26 15:08 IST,1,15,873453.0,1363.55,356.15,58230.2,1363.55,356.15,0.00028,248.71,0.00011,100.23,342.93,443.16,0.0,-443.16,-0.443,banked (gap < cost),sideways/calm
parity,BANKNIFTY,57400.0,2026-09-29,2026-08-26 15:08 IST,2026-08-26 15:08 IST,1,15,873453.0,1217.95,414.2,58230.2,1217.95,414.2,0.00037,321.57,0.00011,100.1,340.01,440.11,0.0,-440.11,-0.44,banked (gap < cost),sideways/calm
parity,BANKNIFTY,57600.0,2026-09-29,2026-08-26 15:08 IST,2026-08-26 15:08 IST,1,15,873453.0,1079.3,477.85,58230.2,1079.3,477.85,0.00043,374.17,0.00011,99.99,337.38,437.37,0.0,-437.37,-0.437,banked (gap < cost),sideways/calm
parity,BANKNIFTY,57700.0,2026-09-29,2026-08-26 15:08 IST,2026-08-26 15:08 IST,1,15,873453.0,1023.25,514.1,58230.2,1023.25,514.1,0.00031,267.73,0.00011,99.94,336.22,436.16,0.0,-436.16,-0.436,banked (gap < cost),sideways/calm
parity,BANKNIFTY,57900.0,2026-09-29,2026-08-26 15:08 IST,2026-08-26 15:08 IST,1,15,873453.0,901.75,586.6,58230.2,901.75,586.6,0.00022,195.84,0.00011,99.87,334.58,434.45,0.0,-434.45,-0.434,banked (gap < cost),sideways/calm
parity,BANKNIFTY,58000.0,2026-09-29,2026-08-26 15:08 IST,2026-08-26 15:08 IST,1,15,873453.0,846.0,629.35,58230.2,846.0,629.35,0.00021,182.39,0.00013,119.7,333.99,453.69,0.0,-453.69,-0.454,banked (gap < cost),sideways/calm
parity,BANKNIFTY,58300.0,2026-09-29,2026-08-26 15:08 IST,2026-08-26 15:08 IST,1,15,873453.0,684.0,766.35,58230.2,684.0,766.35,0.00022,194.56,0.00011,99.8,332.97,432.77,0.0,-432.77,-0.433,banked (gap < cost),sideways/calm
parity,BANKNIFTY,58400.0,2026-09-29,2026-08-26 15:08 IST,2026-08-26 15:08 IST,1,15,873453.0,634.55,816.7,58230.2,634.55,816.7,0.00023,200.61,0.0,0.0,332.96,332.96,0.0,-332.96,-0.333,banked (gap < cost),sideways/calm
parity,BANKNIFTY,58500.0,2026-09-29,2026-08-26 15:08 IST,2026-08-26 15:08 IST,1,15,873453.0,587.3,870.0,58230.2,587.3,870.0,0.00025,217.92,0.00011,99.81,333.32,433.13,0.0,-433.13,-0.433,banked (gap < cost),sideways/calm
parity,BANKNIFTY,58600.0,2026-09-29,2026-08-26 15:08 IST,2026-08-26 15:08 IST,1,15,873453.0,541.3,922.6,58230.2,541.3,922.6,0.00024,205.97,0.0,0.0,333.8,333.8,0.0,-333.8,-0.334,banked (gap < cost),sideways/calm
parity,BANKNIFTY,59000.0,2026-09-29,2026-08-26 15:08 IST,2026-08-26 15:08 IST,1,15,873453.0,385.1,1168.9,58230.2,385.1,1168.9,0.00032,279.69,0.00011,99.96,336.76,436.72,0.0,-436.72,-0.437,banked (gap < cost),sideways/calm
parity,NIFTY,23900.0,2026-09-29,2026-08-26 15:08 IST,2026-08-26 15:08 IST,1,75,1834875.0,656.8,89.7,24465.0,656.8,89.7,0.00023,413.3,0.0,0.0,675.25,675.25,0.0,-675.25,-0.675,banked (gap < cost),sideways/calm
parity,BANKNIFTY,57300.0,2026-09-29,2026-08-26 15:09 IST,2026-08-26 15:09 IST,1,15,873450.0,1291.6,384.6,58230.0,1291.6,384.6,0.0003,260.79,0.0,0.0,341.84,341.84,0.0,-341.84,-0.342,banked (gap < cost),sideways/calm
parity,BANKNIFTY,56900.0,2026-09-29,2026-08-26 15:10 IST,2026-08-26 15:10 IST,1,15,873453.0,1581.5,283.9,58230.2,1581.5,283.9,0.00042,368.54,0.0,0.0,349.16,349.16,0.0,-349.16,-0.349,banked (gap < cost),sideways/calm
parity,BANKNIFTY,57100.0,2026-09-29,2026-08-26 15:10 IST,2026-08-26 15:10 IST,1,15,873453.0,1439.0,332.05,58230.2,1439.0,332.05,0.00028,246.4,0.0,0.0,344.94,344.94,0.0,-344.94,-0.345,banked (gap < cost),sideways/calm
parity,BANKNIFTY,56800.0,2026-09-29,2026-08-26 15:11 IST,2026-08-26 15:11 IST,1,15,873480.0,1675.0,262.95,58232.0,1675.0,262.95,0.00019,169.59,0.00011,100.61,351.69,452.3,0.0,-452.3,-0.452,banked (gap < cost),sideways/calm
parity,NIFTY,25500.0,2026-09-29,2026-08-26 15:11 IST,2026-08-26 15:11 IST,1,75,1834950.0,19.05,1029.2,24466.0,19.05,1029.2,0.00072,1320.62,0.00011,212.2,724.57,936.77,0.0,-936.77,-0.937,banked (gap < cost),sideways/calm
parity,NIFTY,23700.0,2026-09-29,2026-08-26 15:13 IST,2026-08-26 15:13 IST,1,75,1835085.0,829.15,59.15,24467.8,829.15,59.15,0.00028,512.56,0.0,0.0,699.54,699.54,0.0,-699.54,-0.7,banked (gap < cost),sideways/calm
parity,NIFTY,25000.0,2026-09-29,2026-08-26 15:13 IST,2026-08-26 15:13 IST,1,75,1835085.0,76.7,593.95,24467.8,76.7,593.95,0.00048,880.24,0.00015,278.53,659.15,937.68,0.0,-937.68,-0.938,banked (gap < cost),sideways/calm
parity,BANKNIFTY,58600.0,2026-09-29,2026-08-26 15:14 IST,2026-08-26 15:14 IST,1,15,873615.0,547.45,915.2,58241.0,547.45,915.2,0.00019,163.76,0.0,0.0,333.48,333.48,0.0,-333.48,-0.333,banked (gap < cost),sideways/calm
parity,NIFTY,23600.0,2026-09-29,2026-08-26 15:14 IST,2026-08-26 15:14 IST,1,75,1834882.0,916.2,49.15,24465.1,916.2,49.15,0.00029,537.94,0.0,0.0,714.1,714.1,0.0,-714.1,-0.714,banked (gap < cost),sideways/calm
parity,NIFTY,24000.0,2026-09-29,2026-08-26 15:16 IST,2026-08-26 15:16 IST,1,75,1834777.0,583.9,109.9,24463.7,583.9,109.9,0.00054,982.49,4e-05,70.89,662.9,733.79,0.0,-733.79,-0.734,banked (gap < cost),sideways/calm
parity,NIFTY,24500.0,2026-09-29,2026-08-26 15:16 IST,2026-08-26 15:16 IST,1,75,1834777.0,255.35,278.05,24463.7,255.35,278.05,0.00055,1003.63,4e-05,70.45,632.49,702.94,0.0,-702.94,-0.703,banked (gap < cost),sideways/calm
parity,NIFTY,24800.0,2026-09-29,2026-08-26 15:16 IST,2026-08-26 15:16 IST,1,75,1834777.0,129.0,451.8,24463.7,129.0,451.8,0.00047,860.3,4e-05,70.57,641.21,711.78,0.0,-711.78,-0.712,banked (gap < cost),sideways/calm
parity,NIFTY,25000.0,2026-09-29,2026-08-26 15:16 IST,2026-08-26 15:16 IST,1,75,1834777.0,77.05,596.0,24463.7,77.05,596.0,0.00058,1058.51,4e-05,70.85,659.91,730.76,0.0,-730.76,-0.731,banked (gap < cost),sideways/calm
parity,BANKNIFTY,56000.0,2026-09-29,2026-08-26 15:17 IST,2026-08-26 15:17 IST,1,15,873675.0,2356.65,140.0,58245.0,2356.65,140.0,0.00025,221.97,0.00027,242.46,372.7,615.16,0.0,-615.16,-0.615,banked (gap < cost),sideways/calm
parity,NIFTY,25200.0,2026-09-29,2026-08-26 15:17 IST,2026-08-26 15:17 IST,1,75,1834875.0,43.65,759.0,24465.0,43.65,759.0,0.00062,1140.99,0.00026,498.22,684.4,1182.62,0.0,-1182.62,-1.183,banked (gap < cost),sideways/calm
parity,NIFTY,24400.0,2026-09-29,2026-08-26 15:19 IST,2026-08-26 15:19 IST,1,75,1834927.0,310.1,232.05,24465.7,310.1,232.05,0.00052,956.05,6e-05,114.69,634.36,749.05,0.0,-749.05,-0.749,banked (gap < cost),sideways/calm
parity,NIFTY,24000.0,2026-09-29,2026-08-26 15:21 IST,2026-08-26 15:21 IST,1,75,1833585.0,571.55,113.8,24447.8,571.55,113.8,0.00052,948.93,0.0,0.0,662.4,662.4,0.0,-662.4,-0.662,banked (gap < cost),sideways/calm
parity,NIFTY,24400.0,2026-09-29,2026-08-26 15:21 IST,2026-08-26 15:21 IST,1,75,1833585.0,302.1,240.15,24447.8,302.1,240.15,0.00059,1082.83,0.0,0.0,634.42,634.42,0.0,-634.42,-0.634,banked (gap < cost),sideways/calm
parity,NIFTY,24500.0,2026-09-29,2026-08-26 15:21 IST,2026-08-26 15:21 IST,1,75,1833585.0,249.7,286.85,24447.8,249.7,286.85,0.0006,1105.06,0.0,0.0,632.42,632.42,0.0,-632.42,-0.632,banked (gap < cost),sideways/calm
parity,NIFTY,24700.0,2026-09-29,2026-08-26 15:21 IST,2026-08-26 15:21 IST,1,75,1833585.0,160.3,390.15,24447.8,160.3,390.15,0.00085,1562.01,3e-05,64.61,636.38,700.99,0.0,-700.99,-0.701,banked (gap < cost),sideways/calm
parity,NIFTY,24800.0,2026-09-29,2026-08-26 15:21 IST,2026-08-26 15:21 IST,1,75,1833585.0,124.7,460.0,24447.8,124.7,460.0,0.0006,1107.99,0.00024,450.78,641.68,1092.46,0.0,-1092.46,-1.092,banked (gap < cost),sideways/calm
parity,NIFTY,25000.0,2026-09-29,2026-08-26 15:21 IST,2026-08-26 15:21 IST,1,75,1833585.0,74.75,612.0,24447.8,74.75,612.0,0.00048,871.19,3e-05,64.92,659.77,724.69,0.0,-724.69,-0.725,banked (gap < cost),sideways/calm
parity,NIFTY,24100.0,2026-09-29,2026-08-26 15:22 IST,2026-08-26 15:22 IST,1,75,1833975.0,492.55,137.75,24453.0,492.55,137.75,0.00016,294.82,0.0,0.0,651.43,651.43,0.0,-651.43,-0.651,banked (gap < cost),sideways/calm
parity,NIFTY,24200.0,2026-09-29,2026-08-26 15:22 IST,2026-08-26 15:22 IST,1,75,1833975.0,426.0,166.25,24453.0,426.0,166.25,0.00034,620.79,0.0,0.0,644.19,644.19,0.0,-644.19,-0.644,banked (gap < cost),sideways/calm
parity,NIFTY,24600.0,2026-09-29,2026-08-26 15:22 IST,2026-08-26 15:22 IST,1,75,1833975.0,198.0,339.65,24453.0,198.0,339.65,0.00018,334.7,0.0,0.0,633.76,633.76,0.0,-633.76,-0.634,banked (gap < cost),sideways/calm
parity,NIFTY,25300.0,2026-09-29,2026-08-26 15:22 IST,2026-08-26 15:22 IST,1,75,1833975.0,31.25,864.8,24453.0,31.25,864.8,0.00034,625.28,0.0,0.0,699.66,699.66,0.0,-699.66,-0.7,banked (gap < cost),sideways/calm
parity,NIFTY,25500.0,2026-09-29,2026-08-26 15:23 IST,2026-08-26 15:23 IST,1,75,1833075.0,18.5,1055.0,24441.0,18.5,1055.0,0.00066,1208.05,0.0,0.0,726.49,726.49,0.0,-726.49,-0.726,banked (gap < cost),sideways/calm
parity,NIFTY,24500.0,2026-09-29,2026-08-26 15:24 IST,2026-08-26 15:24 IST,1,75,1833750.0,247.7,287.0,24450.0,247.7,287.0,0.00043,779.86,0.00017,323.25,632.78,956.03,0.0,-956.03,-0.956,banked (gap < cost),sideways/calm
parity,NIFTY,24700.0,2026-09-29,2026-08-26 15:24 IST,2026-08-26 15:24 IST,1,75,1833750.0,159.55,398.65,24450.0,159.55,398.65,0.00038,704.32,0.00017,323.53,636.86,960.39,0.0,-960.39,-0.96,banked (gap < cost),sideways/calm
parity,NIFTY,24800.0,2026-09-29,2026-08-26 15:24 IST,2026-08-26 15:24 IST,1,75,1833750.0,124.4,463.85,24450.0,124.4,463.85,0.00035,632.79,0.00017,323.92,642.66,966.58,0.0,-966.58,-0.967,banked (gap < cost),sideways/calm
parity,BANKNIFTY,57300.0,2026-09-29,2026-08-26 15:26 IST,2026-08-26 15:26 IST,1,15,873375.0,1299.75,386.1,58225.0,1299.75,386.1,0.0001,86.49,0.0,3.72,341.94,345.66,0.0,-345.66,-0.346,banked (gap < cost),sideways/calm
parity,NIFTY,24200.0,2026-09-29,2026-08-26 15:26 IST,2026-08-26 15:26 IST,1,75,1833750.0,427.45,167.45,24450.0,427.45,167.45,0.00047,863.19,0.0,0.0,644.35,644.35,0.0,-644.35,-0.644,banked (gap < cost),sideways/calm
parity,NIFTY,24600.0,2026-09-29,2026-08-26 15:26 IST,2026-08-26 15:26 IST,1,75,1833750.0,200.45,338.95,24450.0,200.45,338.95,0.00043,794.59,0.0,0.0,633.73,633.73,0.0,-633.73,-0.634,banked (gap < cost),sideways/calm
parity,NIFTY,24700.0,2026-09-29,2026-08-26 15:26 IST,2026-08-26 15:26 IST,1,75,1833750.0,158.85,396.9,24450.0,158.85,396.9,0.00043,783.07,0.0,0.0,636.94,636.94,0.0,-636.94,-0.637,banked (gap < cost),sideways/calm
parity,NIFTY,24800.0,2026-09-29,2026-08-26 15:26 IST,2026-08-26 15:26 IST,1,75,1833750.0,124.5,461.75,24450.0,124.5,461.75,0.00044,797.79,0.0,0.0,642.37,642.37,0.0,-642.37,-0.642,banked (gap < cost),sideways/calm
parity,NIFTY,25000.0,2026-09-29,2026-08-26 15:26 IST,2026-08-26 15:26 IST,1,75,1833750.0,73.85,609.4,24450.0,73.85,609.4,0.00046,834.74,0.0,0.0,661.41,661.41,0.0,-661.41,-0.661,banked (gap < cost),sideways/calm
parity,NIFTY,23700.0,2026-09-29,2026-08-26 15:28 IST,2026-08-26 15:28 IST,1,75,1833075.0,812.35,63.5,24441.0,812.35,63.5,0.0005,924.23,0.0,0.0,698.88,698.88,0.0,-698.88,-0.699,banked (gap < cost),sideways/calm
parity,NIFTY,24600.0,2026-09-29,2026-08-26 15:29 IST,2026-08-26 15:29 IST,1,75,1832835.0,196.05,343.7,24437.8,196.05,343.7,0.00056,1017.76,0.0,0.0,633.04,633.04,0.0,-633.04,-0.633,banked (gap < cost),sideways/calm
parity,NIFTY,25200.0,2026-09-29,2026-08-26 15:29 IST,2026-08-26 15:29 IST,1,75,1832835.0,40.7,781.85,24437.8,40.7,781.85,0.00067,1233.62,0.0,0.0,687.25,687.25,0.0,-687.25,-0.687,banked (gap < cost),sideways/calm
parity,NIFTY,24000.0,2026-09-29,2026-08-26 15:30 IST,2026-08-26 15:30 IST,1,75,1831170.0,548.8,121.6,24415.6,548.8,121.6,0.00058,1058.19,0.0,0.0,660.95,660.95,0.0,-660.95,-0.661,banked (gap < cost),sideways/calm
parity,NIFTY,24200.0,2026-09-29,2026-08-26 15:30 IST,2026-08-26 15:30 IST,1,75,1831170.0,404.75,177.7,24415.6,404.75,177.7,0.00052,956.39,0.0,0.0,643.34,643.34,0.0,-643.34,-0.643,banked (gap < cost),sideways/calm
parity,NIFTY,24400.0,2026-09-29,2026-08-26 15:30 IST,2026-08-26 15:30 IST,1,75,1831170.0,285.35,255.8,24415.6,285.35,255.8,0.00058,1053.34,0.0,0.0,633.67,633.67,0.0,-633.67,-0.634,banked (gap < cost),sideways/calm
parity,NIFTY,24500.0,2026-09-29,2026-08-26 15:30 IST,2026-08-26 15:30 IST,1,75,1831170.0,233.2,303.95,24415.6,233.2,303.95,0.00054,985.57,0.0,0.0,632.57,632.57,0.0,-632.57,-0.633,banked (gap < cost),sideways/calm
parity,NIFTY,24700.0,2026-09-29,2026-08-26 15:30 IST,2026-08-26 15:30 IST,1,75,1831170.0,147.95,417.25,24415.6,147.95,417.25,0.00055,1003.77,0.0,0.0,636.85,636.85,0.0,-636.85,-0.637,banked (gap < cost),sideways/calm
parity,NIFTY,24800.0,2026-09-29,2026-08-26 15:30 IST,2026-08-26 15:30 IST,1,75,1831170.0,115.9,484.95,24415.6,115.9,484.95,0.00053,977.25,0.0,0.0,643.23,643.23,0.0,-643.23,-0.643,banked (gap < cost),sideways/calm
parity,NIFTY,25000.0,2026-09-29,2026-08-26 15:30 IST,2026-08-26 15:30 IST,1,75,1831170.0,68.65,635.0,24415.6,68.65,635.0,0.00059,1089.2,0.0,0.0,661.67,661.67,0.0,-661.67,-0.662,banked (gap < cost),sideways/calm
parity,NIFTY,25500.0,2026-09-29,2026-08-26 15:30 IST,2026-08-26 15:30 IST,1,75,1831170.0,18.0,1079.0,24415.6,18.0,1079.0,0.00069,1264.08,1e-05,12.78,727.09,739.87,0.0,-739.87,-0.74,banked (gap < cost),sideways/calm
parity,NIFTY,23700.0,2026-09-29,2026-08-26 15:31 IST,2026-08-26 15:31 IST,1,75,1830750.0,784.0,68.55,24410.0,784.0,68.55,0.0004,730.19,0.0,0.0,694.13,694.13,0.0,-694.13,-0.694,banked (gap < cost),sideways/calm
parity,NIFTY,23800.0,2026-09-29,2026-08-26 15:31 IST,2026-08-26 15:31 IST,1,75,1830750.0,700.1,83.75,24410.0,700.1,83.75,0.00041,752.42,0.0,0.0,680.69,680.69,0.0,-680.69,-0.681,banked (gap < cost),sideways/calm
parity,NIFTY,24100.0,2026-09-29,2026-08-26 15:31 IST,2026-08-26 15:31 IST,1,75,1830750.0,466.75,151.4,24410.0,466.75,151.4,0.0003,541.6,0.0,0.0,648.65,648.65,0.0,-648.65,-0.649,banked (gap < cost),sideways/calm
parity,NIFTY,24600.0,2026-09-29,2026-08-26 15:31 IST,2026-08-26 15:31 IST,1,75,1830750.0,184.75,365.75,24410.0,184.75,365.75,0.00032,588.98,0.0,0.0,634.41,634.41,0.0,-634.41,-0.634,banked (gap < cost),sideways/calm
parity,NIFTY,24900.0,2026-09-29,2026-08-26 15:31 IST,2026-08-26 15:31 IST,1,75,1830750.0,88.15,565.0,24410.0,88.15,565.0,0.00042,764.41,2e-05,43.44,652.02,695.46,0.0,-695.46,-0.695,banked (gap < cost),sideways/calm
parity,NIFTY,25300.0,2026-09-29,2026-08-26 15:31 IST,2026-08-26 15:31 IST,1,75,1830750.0,29.25,891.2,24410.0,29.25,891.2,0.00093,1700.81,0.0,0.0,705.95,705.95,0.0,-705.95,-0.706,banked (gap < cost),sideways/calm
parity,NIFTY,23900.0,2026-09-29,2026-08-26 15:32 IST,2026-08-26 15:32 IST,1,75,1831298.0,620.0,100.2,24417.3,620.0,100.2,0.00023,421.64,0.0,0.0,668.42,668.42,0.0,-668.42,-0.668,banked (gap < cost),sideways/calm
parity,NIFTY,24200.0,2026-09-29,2026-08-26 15:32 IST,2026-08-26 15:32 IST,1,75,1831298.0,407.95,179.05,24417.3,407.95,179.05,0.00053,968.32,0.0,0.0,641.51,641.51,0.0,-641.51,-0.642,banked (gap < cost),sideways/calm
parity,NIFTY,24400.0,2026-09-29,2026-08-26 15:32 IST,2026-08-26 15:32 IST,1,75,1831298.0,286.85,256.2,24417.3,286.85,256.2,0.00055,1009.02,0.0,0.0,633.36,633.36,0.0,-633.36,-0.633,banked (gap < cost),sideways/calm
parity,NIFTY,24500.0,2026-09-29,2026-08-26 15:32 IST,2026-08-26 15:32 IST,1,75,1831298.0,235.6,305.1,24417.3,235.6,305.1,0.00052,952.5,0.0,0.0,633.14,633.14,0.0,-633.14,-0.633,banked (gap < cost),sideways/calm
parity,NIFTY,24700.0,2026-09-29,2026-08-26 15:32 IST,2026-08-26 15:32 IST,1,75,1831298.0,150.5,419.55,24417.3,150.5,419.55,0.00049,895.7,0.0,0.0,638.69,638.69,0.0,-638.69,-0.639,banked (gap < cost),sideways/calm
parity,NIFTY,25000.0,2026-09-29,2026-08-26 15:32 IST,2026-08-26 15:32 IST,1,75,1831298.0,70.6,635.95,24417.3,70.6,635.95,0.00057,1037.38,0.0,0.0,666.1,666.1,0.0,-666.1,-0.666,banked (gap < cost),sideways/calm
parity,NIFTY,25500.0,2026-09-29,2026-08-26 15:32 IST,2026-08-26 15:32 IST,1,75,1831298.0,18.0,1083.0,24417.3,18.0,1083.0,0.00046,837.26,0.0,0.0,730.35,730.35,0.0,-730.35,-0.73,banked (gap < cost),sideways/calm
parity,NIFTY,24800.0,2026-09-29,2026-08-26 15:33 IST,2026-08-26 15:33 IST,1,75,1831102.0,117.25,485.4,24414.7,117.25,485.4,0.00061,1111.87,0.0,0.0,645.82,645.82,0.0,-645.82,-0.646,banked (gap < cost),sideways/calm
parity,BANKNIFTY,56000.0,2026-09-29,2026-08-26 15:34 IST,2026-08-26 15:34 IST,1,15,872964.0,2312.05,146.65,58197.6,2312.05,146.65,0.00033,284.04,0.0,0.0,371.22,371.22,0.0,-371.22,-0.371,banked (gap < cost),sideways/calm
parity,NIFTY,24600.0,2026-09-29,2026-08-26 15:34 IST,2026-08-26 15:34 IST,1,75,1830840.0,187.15,362.35,24411.2,187.15,362.35,0.00051,934.58,0.00022,408.99,634.43,1043.42,0.0,-1043.42,-1.043,banked (gap < cost),sideways/calm
parity,NIFTY,25200.0,2026-09-29,2026-08-26 15:34 IST,2026-08-26 15:34 IST,1,75,1830840.0,38.7,804.4,24411.2,38.7,804.4,0.00075,1375.44,0.0,0.0,690.66,690.66,0.0,-690.66,-0.691,banked (gap < cost),sideways/calm
parity,NIFTY,25300.0,2026-09-29,2026-08-26 15:34 IST,2026-08-26 15:34 IST,1,75,1830840.0,29.1,893.5,24411.2,29.1,893.5,0.00078,1427.67,0.0,0.0,706.01,706.01,0.0,-706.01,-0.706,banked (gap < cost),sideways/calm
parity,NIFTY,23600.0,2026-09-29,2026-08-26 15:35 IST,2026-08-26 15:35 IST,1,75,1831125.0,870.85,54.4,24415.0,870.85,54.4,0.00026,477.73,0.00043,816.18,711.61,1527.79,0.0,-1527.79,-1.528,banked (gap < cost),sideways/calm
parity,NIFTY,24000.0,2026-09-29,2026-08-26 15:35 IST,2026-08-26 15:35 IST,1,75,1831125.0,546.4,121.5,24415.0,546.4,121.5,0.00051,930.39,0.0,0.0,657.55,657.55,0.0,-657.55,-0.658,banked (gap < cost),sideways/calm
parity,NIFTY,24200.0,2026-09-29,2026-08-26 15:35 IST,2026-08-26 15:35 IST,1,75,1831125.0,406.15,178.1,24415.0,406.15,178.1,0.00059,1076.09,0.0,0.0,641.73,641.73,0.0,-641.73,-0.642,banked (gap < cost),sideways/calm
parity,NIFTY,24400.0,2026-09-29,2026-08-26 15:35 IST,2026-08-26 15:35 IST,1,75,1831125.0,283.5,254.25,24415.0,283.5,254.25,0.00059,1075.54,0.0,0.0,633.15,633.15,0.0,-633.15,-0.633,banked (gap < cost),sideways/calm
parity,NIFTY,24500.0,2026-09-29,2026-08-26 15:35 IST,2026-08-26 15:35 IST,1,75,1831125.0,231.55,303.6,24415.0,231.55,303.6,0.00051,932.77,0.0,0.0,632.88,632.88,0.0,-632.88,-0.633,banked (gap < cost),sideways/calm
parity,NIFTY,24700.0,2026-09-29,2026-08-26 15:35 IST,2026-08-26 15:35 IST,1,75,1831125.0,147.35,418.35,24415.0,147.35,418.35,0.0005,920.97,0.0,0.0,638.7,638.7,0.0,-638.7,-0.639,banked (gap < cost),sideways/calm
parity,NIFTY,25000.0,2026-09-29,2026-08-26 15:35 IST,2026-08-26 15:35 IST,1,75,1831125.0,68.65,636.95,24415.0,68.65,636.95,0.00054,987.65,0.0,0.0,665.45,665.45,0.0,-665.45,-0.665,banked (gap < cost),sideways/calm
parity,NIFTY,25100.0,2026-09-29,2026-08-26 15:35 IST,2026-08-26 15:35 IST,1,75,1831125.0,51.15,718.6,24415.0,51.15,718.6,0.00055,1006.13,0.0,0.0,672.46,672.46,0.0,-672.46,-0.672,banked (gap < cost),sideways/calm
parity,NIFTY,24900.0,2026-09-29,2026-08-26 15:36 IST,2026-08-26 15:36 IST,1,75,1830923.0,89.2,560.0,24412.3,89.2,560.0,0.00057,1046.64,0.0,0.0,654.39,654.39,0.0,-654.39,-0.654,banked (gap < cost),sideways/calm
parity,BANKNIFTY,57200.0,2026-09-29,2026-08-26 15:38 IST,2026-08-26 15:38 IST,1,15,873519.0,1367.0,357.05,58234.6,1367.0,357.05,0.00032,276.09,0.0,0.0,343.6,343.6,0.0,-343.6,-0.344,banked (gap < cost),sideways/calm
parity,BANKNIFTY,57400.0,2026-09-29,2026-08-26 15:38 IST,2026-08-26 15:38 IST,1,15,873519.0,1212.7,414.75,58234.6,1212.7,414.75,0.00054,474.2,5e-05,43.67,340.18,383.85,0.0,-383.85,-0.384,banked (gap < cost),sideways/calm
parity,BANKNIFTY,57900.0,2026-09-29,2026-08-26 15:38 IST,2026-08-26 15:38 IST,1,15,873519.0,906.9,591.95,58234.6,906.9,591.95,0.0003,264.48,0.0,0.0,334.83,334.83,0.0,-334.83,-0.335,banked (gap < cost),sideways/calm
parity,BANKNIFTY,58300.0,2026-09-29,2026-08-26 15:38 IST,2026-08-26 15:38 IST,1,15,873519.0,687.6,769.4,58234.6,687.6,769.4,0.00029,251.95,0.0,0.0,333.11,333.11,0.0,-333.11,-0.333,banked (gap < cost),sideways/calm
parity,BANKNIFTY,56500.0,2026-09-29,2026-08-26 15:39 IST,2026-08-26 15:39 IST,1,15,873300.0,1896.35,209.2,58220.0,1896.35,209.2,0.00039,337.01,0.0,0.0,358.55,358.55,0.0,-358.55,-0.359,banked (gap < cost),sideways/calm
parity,BANKNIFTY,57800.0,2026-09-29,2026-08-26 15:39 IST,2026-08-26 15:39 IST,1,15,873300.0,960.0,548.1,58220.0,960.0,548.1,0.0001,83.47,0.0,0.0,335.28,335.28,0.0,-335.28,-0.335,banked (gap < cost),sideways/calm
parity,NIFTY,25500.0,2026-09-29,2026-08-26 15:39 IST,2026-08-26 15:39 IST,1,75,1831500.0,17.65,1078.15,24420.0,17.65,1078.15,0.00053,973.54,0.00027,517.04,730.42,1247.46,0.0,-1247.46,-1.247,banked (gap < cost),sideways/calm
parity,BANKNIFTY,57300.0,2026-09-29,2026-08-27 09:16 IST,2026-08-27 09:16 IST,1,15,872475.0,1265.05,406.4,58165.0,1265.05,406.4,2e-05,19.22,0.0001,91.28,341.11,432.39,0.0,-432.39,-0.432,banked (gap < cost),sideways/normal
parity,NIFTY,25200.0,2026-09-29,2026-08-27 09:16 IST,2026-08-27 09:16 IST,1,75,1831335.0,37.35,810.0,24417.8,37.35,810.0,0.0002,372.45,0.00016,298.84,691.51,990.35,0.0,-990.35,-0.99,banked (gap < cost),sideways/normal
parity,BANKNIFTY,56000.0,2026-09-29,2026-08-27 09:18 IST,2026-08-27 09:18 IST,1,15,872400.0,2241.0,150.75,58160.0,2241.0,150.75,0.00098,856.4,0.0,0.0,367.86,367.86,0.0,-367.86,-0.368,banked (gap < cost),sideways/normal
parity,BANKNIFTY,56500.0,2026-09-29,2026-08-27 09:18 IST,2026-08-27 09:18 IST,1,15,872400.0,1860.0,221.05,58160.0,1860.0,221.05,0.00019,169.85,0.0,0.0,355.12,355.12,0.0,-355.12,-0.355,banked (gap < cost),sideways/normal
parity,BANKNIFTY,57000.0,2026-09-29,2026-08-27 09:18 IST,2026-08-27 09:18 IST,1,15,872400.0,1457.55,323.95,58160.0,1457.55,323.95,0.00034,294.04,0.0,0.0,344.37,344.37,0.0,-344.37,-0.344,banked (gap < cost),sideways/normal
parity,BANKNIFTY,57300.0,2026-09-29,2026-08-27 09:18 IST,2026-08-27 09:18 IST,1,15,872400.0,1238.75,405.55,58160.0,1238.75,405.55,0.00037,326.41,0.0,0.0,339.56,339.56,0.0,-339.56,-0.34,banked (gap < cost),sideways/normal
parity,BANKNIFTY,57500.0,2026-09-29,2026-08-27 09:18 IST,2026-08-27 09:18 IST,1,15,872400.0,1108.75,469.0,58160.0,1108.75,469.0,0.00028,245.74,0.0,0.0,336.69,336.69,0.0,-336.69,-0.337,banked (gap < cost),sideways/normal
parity,BANKNIFTY,57600.0,2026-09-29,2026-08-27 09:18 IST,2026-08-27 09:18 IST,1,15,872400.0,1046.7,504.0,58160.0,1046.7,504.0,0.00024,210.28,0.0,0.0,335.75,335.75,0.0,-335.75,-0.336,banked (gap < cost),sideways/normal
parity,BANKNIFTY,57700.0,2026-09-29,2026-08-27 09:18 IST,2026-08-27 09:18 IST,1,15,872400.0,992.3,541.4,58160.0,992.3,541.4,0.00011,96.07,0.0,0.0,335.39,335.39,0.0,-335.39,-0.335,banked (gap < cost),sideways/normal
parity,BANKNIFTY,57800.0,2026-09-29,2026-08-27 09:18 IST,2026-08-27 09:18 IST,1,15,872400.0,925.4,579.0,58160.0,925.4,579.0,0.0002,172.36,0.0,0.0,334.6,334.6,0.0,-334.6,-0.335,banked (gap < cost),sideways/normal
parity,BANKNIFTY,57900.0,2026-09-29,2026-08-27 09:18 IST,2026-08-27 09:18 IST,1,15,872400.0,869.05,618.35,58160.0,869.05,618.35,0.00013,116.65,0.0,0.0,334.0,334.0,0.0,-334.0,-0.334,banked (gap < cost),sideways/normal
parity,BANKNIFTY,58000.0,2026-09-29,2026-08-27 09:18 IST,2026-08-27 09:18 IST,1,15,872400.0,809.4,664.0,58160.0,809.4,664.0,0.00023,204.94,0.0,0.0,333.45,333.45,0.0,-333.45,-0.333,banked (gap < cost),sideways/normal
parity,BANKNIFTY,58100.0,2026-09-29,2026-08-27 09:18 IST,2026-08-27 09:18 IST,1,15,872400.0,754.45,707.3,58160.0,754.45,707.3,0.00021,187.48,0.0,0.0,333.31,333.31,0.0,-333.31,-0.333,banked (gap < cost),sideways/normal
parity,BANKNIFTY,58200.0,2026-09-29,2026-08-27 09:18 IST,2026-08-27 09:18 IST,1,15,872400.0,705.8,754.4,58160.0,705.8,754.4,0.00015,132.52,0.0,0.0,333.19,333.19,0.0,-333.19,-0.333,banked (gap < cost),sideways/normal
parity,BANKNIFTY,58300.0,2026-09-29,2026-08-27 09:18 IST,2026-08-27 09:18 IST,1,15,872400.0,652.75,801.7,58160.0,652.75,801.7,0.00017,146.56,0.0,0.0,333.15,333.15,0.0,-333.15,-0.333,banked (gap < cost),sideways/normal
parity,BANKNIFTY,58400.0,2026-09-29,2026-08-27 09:18 IST,2026-08-27 09:18 IST,1,15,872400.0,603.6,850.3,58160.0,603.6,850.3,0.00014,121.59,0.0,0.0,333.3,333.3,0.0,-333.3,-0.333,banked (gap < cost),sideways/normal
parity,BANKNIFTY,58500.0,2026-09-29,2026-08-27 09:18 IST,2026-08-27 09:18 IST,1,15,872400.0,558.35,907.0,58160.0,558.35,907.0,0.00018,159.63,0.0,0.0,333.76,333.76,0.0,-333.76,-0.334,banked (gap < cost),sideways/normal
parity,BANKNIFTY,58600.0,2026-09-29,2026-08-27 09:18 IST,2026-08-27 09:18 IST,1,15,872400.0,515.0,974.4,58160.0,515.0,974.4,0.00038,329.67,0.0,0.0,334.6,334.6,0.0,-334.6,-0.335,banked (gap < cost),sideways/normal
parity,BANKNIFTY,58700.0,2026-09-29,2026-08-27 09:18 IST,2026-08-27 09:18 IST,1,15,872400.0,475.45,1050.0,58160.0,475.45,1050.0,0.00065,565.71,0.0,0.0,335.28,335.28,0.0,-335.28,-0.335,banked (gap < cost),sideways/normal
parity,BANKNIFTY,58900.0,2026-09-29,2026-08-27 09:18 IST,2026-08-27 09:18 IST,1,15,872400.0,397.25,1172.6,58160.0,397.25,1172.6,0.00068,595.29,0.0,0.0,337.62,337.62,0.0,-337.62,-0.338,banked (gap < cost),sideways/normal
parity,BANKNIFTY,59000.0,2026-09-29,2026-08-27 09:18 IST,2026-08-27 09:18 IST,1,15,872400.0,363.9,1201.55,58160.0,363.9,1201.55,4e-05,38.58,0.0,0.0,338.46,338.46,0.0,-338.46,-0.338,banked (gap < cost),sideways/normal
parity,BANKNIFTY,59100.0,2026-09-29,2026-08-27 09:18 IST,2026-08-27 09:18 IST,1,15,872400.0,327.55,1336.4,58160.0,327.55,1336.4,0.00128,1115.37,0.00028,254.77,342.3,597.07,0.0,-597.07,-0.597,banked (gap < cost),sideways/normal
parity,BANKNIFTY,56700.0,2026-09-29,2026-08-27 09:19 IST,2026-08-27 09:19 IST,1,15,872400.0,1676.45,260.65,58160.0,1676.45,260.65,0.00061,534.68,0.0,0.0,351.21,351.21,0.0,-351.21,-0.351,banked (gap < cost),sideways/normal
parity,BANKNIFTY,57500.0,2026-09-29,2026-08-27 09:20 IST,2026-08-27 09:20 IST,1,15,872385.0,1099.0,475.0,58159.0,1099.0,475.0,0.00054,467.08,0.0,0.0,337.38,337.38,0.0,-337.38,-0.337,banked (gap < cost),sideways/normal
parity,BANKNIFTY,57700.0,2026-09-29,2026-08-27 09:20 IST,2026-08-27 09:20 IST,1,15,872385.0,981.0,550.45,58159.0,981.0,550.45,0.00044,386.41,0.0,0.0,335.59,335.59,0.0,-335.59,-0.336,banked (gap < cost),sideways/normal
parity,NIFTY,24800.0,2026-09-29,2026-08-27 09:20 IST,2026-08-27 09:20 IST,1,75,1829775.0,108.5,503.45,24397.0,108.5,503.45,0.00023,426.65,0.0,0.0,644.9,644.9,0.0,-644.9,-0.645,banked (gap < cost),sideways/normal
parity,NIFTY,25000.0,2026-09-29,2026-08-27 09:20 IST,2026-08-27 09:20 IST,1,75,1829775.0,64.1,656.95,24397.0,64.1,656.95,0.00027,496.25,0.0,0.0,666.27,666.27,0.0,-666.27,-0.666,banked (gap < cost),sideways/normal
parity,BANKNIFTY,57300.0,2026-09-29,2026-08-27 09:22 IST,2026-08-27 09:22 IST,1,15,872700.0,1253.55,411.4,58180.0,1253.55,411.4,0.00056,490.4,0.00018,159.47,339.81,499.28,0.0,-499.28,-0.499,banked (gap < cost),sideways/normal
parity,BANKNIFTY,57600.0,2026-09-29,2026-08-27 09:23 IST,2026-08-27 09:23 IST,1,15,871971.0,1039.5,516.0,58131.4,1039.5,516.0,8e-05,71.77,0.0,2.68,337.01,339.69,0.0,-339.69,-0.34,banked (gap < cost),sideways/normal
parity,BANKNIFTY,57700.0,2026-09-29,2026-08-27 09:23 IST,2026-08-27 09:23 IST,1,15,871971.0,978.4,553.8,58131.4,978.4,553.8,7e-05,64.06,0.0,2.68,336.05,338.73,0.0,-338.73,-0.339,banked (gap < cost),sideways/normal
parity,BANKNIFTY,58500.0,2026-09-29,2026-08-27 09:23 IST,2026-08-27 09:23 IST,1,15,871971.0,556.0,925.8,58131.4,556.0,925.8,6e-05,50.37,0.0,2.68,333.7,336.38,0.0,-336.38,-0.336,banked (gap < cost),sideways/normal
parity,BANKNIFTY,59000.0,2026-09-29,2026-08-27 09:23 IST,2026-08-27 09:23 IST,1,15,871971.0,362.5,1226.55,58131.4,362.5,1226.55,1e-05,8.07,0.0,2.68,337.54,340.22,0.0,-340.22,-0.34,banked (gap < cost),sideways/normal
parity,NIFTY,24800.0,2026-09-29,2026-08-27 09:23 IST,2026-08-27 09:23 IST,1,75,1828920.0,106.65,510.85,24385.6,106.65,510.85,0.00032,582.92,0.0,0.0,645.75,645.75,0.0,-645.75,-0.646,banked (gap < cost),sideways/normal
parity,NIFTY,25000.0,2026-09-29,2026-08-27 09:24 IST,2026-08-27 09:24 IST,1,75,1828890.0,62.6,663.85,24385.2,62.6,663.85,0.00041,746.13,0.0,0.0,668.4,668.4,0.0,-668.4,-0.668,banked (gap < cost),sideways/normal
parity,BANKNIFTY,56700.0,2026-09-29,2026-08-27 09:25 IST,2026-08-27 09:25 IST,1,15,871875.0,1647.3,268.2,58125.0,1647.3,268.2,0.00065,563.25,0.0001,88.44,350.61,439.05,0.0,-439.05,-0.439,banked (gap < cost),sideways/normal
parity,BANKNIFTY,57000.0,2026-09-29,2026-08-27 09:25 IST,2026-08-27 09:25 IST,1,15,871875.0,1425.0,335.0,58125.0,1425.0,335.0,0.00049,426.12,0.0001,88.22,344.87,433.09,0.0,-433.09,-0.433,banked (gap < cost),sideways/normal
parity,BANKNIFTY,57300.0,2026-09-29,2026-08-27 09:25 IST,2026-08-27 09:25 IST,1,15,871875.0,1212.0,418.05,58125.0,1212.0,418.05,0.00045,393.24,0.0001,88.03,339.83,427.86,0.0,-427.86,-0.428,banked (gap < cost),sideways/normal
parity,BANKNIFTY,57400.0,2026-09-29,2026-08-27 09:25 IST,2026-08-27 09:25 IST,1,15,871875.0,1151.45,450.0,58125.0,1151.45,450.0,0.00033,289.53,0.0001,87.98,338.54,426.52,0.0,-426.52,-0.427,banked (gap < cost),sideways/normal
parity,BANKNIFTY,57500.0,2026-09-29,2026-08-27 09:25 IST,2026-08-27 09:25 IST,1,15,871875.0,1076.0,481.55,58125.0,1076.0,481.55,0.00046,403.32,0.0001,87.93,337.2,425.13,0.0,-425.13,-0.425,banked (gap < cost),sideways/normal
parity,BANKNIFTY,57600.0,2026-09-29,2026-08-27 09:25 IST,2026-08-27 09:25 IST,1,15,871875.0,1028.4,518.35,58125.0,1028.4,518.35,0.0002,178.11,0.0001,87.89,336.36,424.25,0.0,-424.25,-0.424,banked (gap < cost),sideways/normal
parity,BANKNIFTY,57700.0,2026-09-29,2026-08-27 09:25 IST,2026-08-27 09:25 IST,1,15,871875.0,963.2,555.7,58125.0,963.2,555.7,0.00026,225.15,0.0001,87.85,335.33,423.18,0.0,-423.18,-0.423,banked (gap < cost),sideways/normal
parity,BANKNIFTY,57800.0,2026-09-29,2026-08-27 09:25 IST,2026-08-27 09:25 IST,1,15,871875.0,907.95,594.5,58125.0,907.95,594.5,0.00017,144.68,0.00014,124.36,334.6,458.96,0.0,-458.96,-0.459,banked (gap < cost),sideways/normal
parity,BANKNIFTY,57900.0,2026-09-29,2026-08-27 09:25 IST,2026-08-27 09:25 IST,1,15,871875.0,847.3,638.2,58125.0,847.3,638.2,0.00025,218.72,0.0001,87.81,334.15,421.96,0.0,-421.96,-0.422,banked (gap < cost),sideways/normal
parity,BANKNIFTY,58000.0,2026-09-29,2026-08-27 09:25 IST,2026-08-27 09:25 IST,1,15,871875.0,794.65,677.9,58125.0,794.65,677.9,0.00013,112.76,0.0001,87.79,333.64,421.43,0.0,-421.43,-0.421,banked (gap < cost),sideways/normal
parity,BANKNIFTY,58200.0,2026-09-29,2026-08-27 09:25 IST,2026-08-27 09:25 IST,1,15,871875.0,684.75,773.45,58125.0,684.75,773.45,0.00024,212.09,0.0001,87.77,333.1,420.87,0.0,-420.87,-0.421,banked (gap < cost),sideways/normal
parity,NIFTY,23400.0,2026-09-29,2026-08-27 09:25 IST,2026-08-27 09:25 IST,1,75,1829175.0,1020.0,39.1,24389.0,1020.0,39.1,9e-05,172.87,0.0,0.0,726.81,726.81,0.0,-726.81,-0.727,banked (gap < cost),sideways/normal
parity,BANKNIFTY,56500.0,2026-09-29,2026-08-27 09:26 IST,2026-08-27 09:26 IST,1,15,872691.0,1846.75,221.2,58179.4,1846.75,221.2,0.00076,660.12,0.0,0.0,355.14,355.14,0.0,-355.14,-0.355,banked (gap < cost),sideways/normal
parity,BANKNIFTY,58400.0,2026-09-29,2026-08-27 09:26 IST,2026-08-27 09:26 IST,1,15,872691.0,605.35,855.05,58179.4,605.35,855.05,0.00052,455.87,0.0,0.0,333.35,333.35,0.0,-333.35,-0.333,banked (gap < cost),sideways/normal
parity,BANKNIFTY,58600.0,2026-09-29,2026-08-27 09:26 IST,2026-08-27 09:26 IST,1,15,872691.0,514.0,972.0,58179.4,514.0,972.0,0.00069,597.94,0.0,0.0,334.68,334.68,0.0,-334.68,-0.335,banked (gap < cost),sideways/normal
parity,BANKNIFTY,56700.0,2026-09-29,2026-08-27 09:27 IST,2026-08-27 09:27 IST,1,15,872103.0,1673.8,265.3,58140.2,1673.8,265.3,0.0004,348.91,0.00018,163.6,351.89,515.49,0.0,-515.49,-0.515,banked (gap < cost),sideways/normal
parity,BANKNIFTY,57500.0,2026-09-29,2026-08-27 09:27 IST,2026-08-27 09:27 IST,1,15,872103.0,1095.6,479.85,58140.2,1095.6,479.85,0.00036,310.47,0.00018,162.59,337.67,500.26,0.0,-500.26,-0.5,banked (gap < cost),sideways/normal
parity,BANKNIFTY,57700.0,2026-09-29,2026-08-27 09:27 IST,2026-08-27 09:27 IST,1,15,872103.0,977.35,552.95,58140.2,977.35,552.95,0.00023,198.3,0.00018,162.44,335.58,498.02,0.0,-498.02,-0.498,banked (gap < cost),sideways/normal
parity,BANKNIFTY,57800.0,2026-09-29,2026-08-27 09:27 IST,2026-08-27 09:27 IST,1,15,872103.0,915.95,590.4,58140.2,915.95,590.4,0.00022,189.84,0.00018,162.4,334.92,497.32,0.0,-497.32,-0.497,banked (gap < cost),sideways/normal
parity,BANKNIFTY,57900.0,2026-09-29,2026-08-27 09:27 IST,2026-08-27 09:27 IST,1,15,872103.0,855.6,634.9,58140.2,855.6,634.9,0.00031,271.38,0.00018,162.35,334.21,496.56,0.0,-496.56,-0.497,banked (gap < cost),sideways/normal
parity,BANKNIFTY,58100.0,2026-09-29,2026-08-27 09:27 IST,2026-08-27 09:27 IST,1,15,872103.0,744.25,722.5,58140.2,744.25,722.5,0.00031,273.21,0.00018,162.29,333.34,495.63,0.0,-495.63,-0.496,banked (gap < cost),sideways/normal
parity,BANKNIFTY,58200.0,2026-09-29,2026-08-27 09:27 IST,2026-08-27 09:27 IST,1,15,872103.0,690.55,770.55,58140.2,690.55,770.55,0.00035,308.24,0.00018,162.27,333.1,495.37,0.0,-495.37,-0.495,banked (gap < cost),sideways/normal
parity,BANKNIFTY,58300.0,2026-09-29,2026-08-27 09:27 IST,2026-08-27 09:27 IST,1,15,872103.0,641.8,816.85,58140.2,641.8,816.85,0.00028,242.78,0.00018,162.26,333.04,495.3,0.0,-495.3,-0.495,banked (gap < cost),sideways/normal
parity,BANKNIFTY,58500.0,2026-09-29,2026-08-27 09:27 IST,2026-08-27 09:27 IST,1,15,872103.0,551.0,924.25,58140.2,551.0,924.25,0.00027,233.36,0.00018,162.3,333.49,495.79,0.0,-495.79,-0.496,banked (gap < cost),sideways/normal
parity,BANKNIFTY,58700.0,2026-09-29,2026-08-27 09:27 IST,2026-08-27 09:27 IST,1,15,872103.0,466.45,1038.0,58140.2,466.45,1038.0,0.00026,225.44,0.00018,162.37,334.6,496.97,0.0,-496.97,-0.497,banked (gap < cost),sideways/normal
parity,BANKNIFTY,59000.0,2026-09-29,2026-08-27 09:27 IST,2026-08-27 09:27 IST,1,15,872103.0,359.5,1224.15,58140.2,359.5,1224.15,0.00017,148.31,0.00018,162.62,338.1,500.72,0.0,-500.72,-0.501,banked (gap < cost),sideways/normal
parity,NIFTY,25100.0,2026-09-29,2026-08-27 09:28 IST,2026-08-27 09:28 IST,1,75,1827375.0,45.0,762.95,24365.0,45.0,762.95,0.00052,955.75,0.00034,645.12,681.42,1326.54,0.0,-1326.54,-1.327,banked (gap < cost),sideways/normal
parity,NIFTY,23000.0,2026-09-29,2026-08-27 09:29 IST,2026-08-27 09:29 IST,1,75,1827743.0,1383.1,21.65,24369.9,1383.1,21.65,2e-05,31.76,0.0,0.0,773.77,773.77,0.0,-773.77,-0.774,banked (gap < cost),sideways/normal
parity,NIFTY,24000.0,2026-09-29,2026-08-27 09:29 IST,2026-08-27 09:29 IST,1,75,1827743.0,506.8,136.9,24369.9,506.8,136.9,9e-05,162.53,0.0,0.0,652.3,652.3,0.0,-652.3,-0.652,banked (gap < cost),sideways/normal
parity,NIFTY,24100.0,2026-09-29,2026-08-27 09:29 IST,2026-08-27 09:29 IST,1,75,1827743.0,434.4,164.95,24369.9,434.4,164.95,5e-05,84.83,0.0,0.0,643.81,643.81,0.0,-643.81,-0.644,banked (gap < cost),sideways/normal
parity,NIFTY,24200.0,2026-09-29,2026-08-27 09:29 IST,2026-08-27 09:29 IST,1,75,1827743.0,370.0,200.4,24369.9,370.0,200.4,3e-05,52.14,0.0,0.0,638.01,638.01,0.0,-638.01,-0.638,banked (gap < cost),sideways/normal
parity,NIFTY,24400.0,2026-09-29,2026-08-27 09:29 IST,2026-08-27 09:29 IST,1,75,1827743.0,255.05,284.4,24369.9,255.05,284.4,2e-05,42.99,0.0,0.0,632.21,632.21,0.0,-632.21,-0.632,banked (gap < cost),sideways/normal
parity,NIFTY,24500.0,2026-09-29,2026-08-27 09:29 IST,2026-08-27 09:29 IST,1,75,1827743.0,208.0,335.85,24369.9,208.0,335.85,6e-05,111.55,0.0,0.0,632.85,632.85,0.0,-632.85,-0.633,banked (gap < cost),sideways/normal
parity,NIFTY,24600.0,2026-09-29,2026-08-27 09:29 IST,2026-08-27 09:29 IST,1,75,1827743.0,166.0,392.0,24369.9,166.0,392.0,0.00011,206.35,0.0,0.0,636.09,636.09,0.0,-636.09,-0.636,banked (gap < cost),sideways/normal
parity,NIFTY,24800.0,2026-09-29,2026-08-27 09:29 IST,2026-08-27 09:29 IST,1,75,1827743.0,101.3,522.5,24369.9,101.3,522.5,0.00026,478.46,0.0,0.0,648.61,648.61,0.0,-648.61,-0.649,banked (gap < cost),sideways/normal
parity,NIFTY,25000.0,2026-09-29,2026-08-27 09:29 IST,2026-08-27 09:29 IST,1,75,1827743.0,59.75,683.35,24369.9,59.75,683.35,0.00012,210.57,0.0,0.0,670.79,670.79,0.0,-670.79,-0.671,banked (gap < cost),sideways/normal
parity,NIFTY,25200.0,2026-09-29,2026-08-27 09:29 IST,2026-08-27 09:29 IST,1,75,1827743.0,33.6,850.75,24369.9,33.6,850.75,0.00033,606.42,0.0,0.0,698.35,698.35,0.0,-698.35,-0.698,banked (gap < cost),sideways/normal
parity,BANKNIFTY,58800.0,2026-09-29,2026-08-27 09:31 IST,2026-08-27 09:31 IST,1,15,871020.0,403.3,1137.45,58068.0,403.3,1137.45,0.00011,96.59,0.0001,87.9,336.39,424.29,0.0,-424.29,-0.424,banked (gap < cost),sideways/normal
parity,BANKNIFTY,56000.0,2026-09-29,2026-08-27 09:32 IST,2026-08-27 09:32 IST,1,15,871425.0,2195.2,162.1,58095.0,2195.2,162.1,0.00085,744.37,0.0,0.0,367.5,367.5,0.0,-367.5,-0.368,banked (gap < cost),sideways/normal
parity,BANKNIFTY,57000.0,2026-09-29,2026-08-27 09:32 IST,2026-08-27 09:32 IST,1,15,871425.0,1405.0,350.0,58095.0,1405.0,350.0,0.00058,503.76,0.0,0.0,343.79,343.79,0.0,-343.79,-0.344,banked (gap < cost),sideways/normal
parity,BANKNIFTY,57200.0,2026-09-29,2026-08-27 09:32 IST,2026-08-27 09:32 IST,1,15,871425.0,1264.0,406.0,58095.0,1264.0,406.0,0.00055,476.34,0.0,0.0,340.67,340.67,0.0,-340.67,-0.341,banked (gap < cost),sideways/normal
parity,BANKNIFTY,57400.0,2026-09-29,2026-08-27 09:32 IST,2026-08-27 09:32 IST,1,15,871425.0,1121.05,472.45,58095.0,1121.05,472.45,0.00073,634.91,0.0,0.0,337.83,337.83,0.0,-337.83,-0.338,banked (gap < cost),sideways/normal
parity,BANKNIFTY,57500.0,2026-09-29,2026-08-27 09:32 IST,2026-08-27 09:32 IST,1,15,871425.0,1066.65,500.0,58095.0,1066.65,500.0,0.00043,372.95,0.0,0.0,336.41,336.41,0.0,-336.41,-0.336,banked (gap < cost),sideways/normal
parity,BANKNIFTY,57600.0,2026-09-29,2026-08-27 09:32 IST,2026-08-27 09:32 IST,1,15,871425.0,998.85,542.95,58095.0,998.85,542.95,0.00062,542.99,0.0,0.0,335.5,335.5,0.0,-335.5,-0.336,banked (gap < cost),sideways/normal
parity,BANKNIFTY,57700.0,2026-09-29,2026-08-27 09:32 IST,2026-08-27 09:32 IST,1,15,871425.0,950.0,577.55,58095.0,950.0,577.55,0.00035,303.53,0.0,0.0,335.1,335.1,0.0,-335.1,-0.335,banked (gap < cost),sideways/normal
parity,BANKNIFTY,57800.0,2026-09-29,2026-08-27 09:32 IST,2026-08-27 09:32 IST,1,15,871425.0,889.0,618.55,58095.0,889.0,618.55,0.00039,342.32,0.0,0.0,334.22,334.22,0.0,-334.22,-0.334,banked (gap < cost),sideways/normal
parity,BANKNIFTY,57900.0,2026-09-29,2026-08-27 09:32 IST,2026-08-27 09:32 IST,1,15,871425.0,830.75,659.5,58095.0,830.75,659.5,0.00039,339.11,0.0,0.0,333.62,333.62,0.0,-333.62,-0.334,banked (gap < cost),sideways/normal
parity,BANKNIFTY,58000.0,2026-09-29,2026-08-27 09:32 IST,2026-08-27 09:32 IST,1,15,871425.0,775.0,706.8,58095.0,775.0,706.8,0.00045,393.65,0.0,0.0,333.24,333.24,0.0,-333.24,-0.333,banked (gap < cost),sideways/normal
parity,BANKNIFTY,58100.0,2026-09-29,2026-08-27 09:32 IST,2026-08-27 09:32 IST,1,15,871425.0,722.0,752.8,58095.0,722.0,752.8,0.00044,387.44,0.0,0.0,333.24,333.24,0.0,-333.24,-0.333,banked (gap < cost),sideways/normal
parity,BANKNIFTY,58200.0,2026-09-29,2026-08-27 09:32 IST,2026-08-27 09:32 IST,1,15,871425.0,672.95,801.2,58095.0,672.95,801.2,0.00041,357.98,0.0,0.0,333.16,333.16,0.0,-333.16,-0.333,banked (gap < cost),sideways/normal
parity,BANKNIFTY,58300.0,2026-09-29,2026-08-27 09:32 IST,2026-08-27 09:32 IST,1,15,871425.0,623.6,850.85,58095.0,623.6,850.85,0.0004,351.77,0.0,0.0,333.48,333.48,0.0,-333.48,-0.333,banked (gap < cost),sideways/normal
parity,BANKNIFTY,58400.0,2026-09-29,2026-08-27 09:32 IST,2026-08-27 09:32 IST,1,15,871425.0,579.65,910.0,58095.0,579.65,910.0,0.00047,407.06,0.0,0.0,333.67,333.67,0.0,-333.67,-0.334,banked (gap < cost),sideways/normal
parity,BANKNIFTY,58500.0,2026-09-29,2026-08-27 09:32 IST,2026-08-27 09:32 IST,1,15,871425.0,531.85,960.0,58095.0,531.85,960.0,0.00044,382.85,0.0,0.0,334.16,334.16,0.0,-334.16,-0.334,banked (gap < cost),sideways/normal
parity,BANKNIFTY,58600.0,2026-09-29,2026-08-27 09:32 IST,2026-08-27 09:32 IST,1,15,871425.0,486.75,1030.0,58095.0,486.75,1030.0,0.00071,618.14,0.0,0.0,334.83,334.83,0.0,-334.83,-0.335,banked (gap < cost),sideways/normal
parity,BANKNIFTY,58700.0,2026-09-29,2026-08-27 09:32 IST,2026-08-27 09:32 IST,1,15,871425.0,447.05,1090.0,58095.0,447.05,1090.0,0.00071,622.42,0.0,0.0,335.69,335.69,0.0,-335.69,-0.336,banked (gap < cost),sideways/normal
parity,BANKNIFTY,58900.0,2026-09-29,2026-08-27 09:32 IST,2026-08-27 09:32 IST,1,15,871425.0,379.75,1212.0,58095.0,379.75,1212.0,0.00055,479.5,2e-05,13.84,337.78,351.62,0.0,-351.62,-0.352,banked (gap < cost),sideways/normal
parity,BANKNIFTY,59000.0,2026-09-29,2026-08-27 09:32 IST,2026-08-27 09:32 IST,1,15,871425.0,347.45,1266.85,58095.0,347.45,1266.85,0.00034,295.54,0.0,0.0,339.23,339.23,0.0,-339.23,-0.339,banked (gap < cost),sideways/normal
parity,BANKNIFTY,57300.0,2026-09-29,2026-08-27 09:33 IST,2026-08-27 09:33 IST,1,15,871485.0,1204.0,431.4,58099.0,1204.0,431.4,0.00037,325.77,0.0,0.0,339.41,339.41,0.0,-339.41,-0.339,banked (gap < cost),sideways/normal
parity,BANKNIFTY,56000.0,2026-09-29,2026-08-27 09:35 IST,2026-08-27 09:35 IST,1,15,872175.0,2265.0,156.55,58145.0,2265.0,156.55,0.00041,359.72,0.0,0.0,369.31,369.31,0.0,-369.31,-0.369,banked (gap < cost),sideways/normal
parity,BANKNIFTY,56800.0,2026-09-29,2026-08-27 09:35 IST,2026-08-27 09:35 IST,1,15,872175.0,1611.0,289.2,58145.0,1611.0,289.2,0.00026,229.79,0.0,0.0,350.41,350.41,0.0,-350.41,-0.35,banked (gap < cost),sideways/normal
parity,BANKNIFTY,57000.0,2026-09-29,2026-08-27 09:35 IST,2026-08-27 09:35 IST,1,15,872175.0,1446.4,336.9,58145.0,1446.4,336.9,0.0005,431.86,0.0,0.0,345.34,345.34,0.0,-345.34,-0.345,banked (gap < cost),sideways/normal
parity,BANKNIFTY,57400.0,2026-09-29,2026-08-27 09:35 IST,2026-08-27 09:35 IST,1,15,872175.0,1160.0,452.6,58145.0,1160.0,452.6,0.00057,498.52,0.0,0.0,338.71,338.71,0.0,-338.71,-0.339,banked (gap < cost),sideways/normal
parity,BANKNIFTY,57500.0,2026-09-29,2026-08-27 09:35 IST,2026-08-27 09:35 IST,1,15,872175.0,1088.3,485.0,58145.0,1088.3,485.0,0.00065,568.81,0.0,0.0,337.44,337.44,0.0,-337.44,-0.337,banked (gap < cost),sideways/normal
parity,BANKNIFTY,58700.0,2026-09-29,2026-08-27 09:35 IST,2026-08-27 09:35 IST,1,15,872175.0,473.1,1047.45,58145.0,473.1,1047.45,0.00039,339.03,0.0,0.0,335.37,335.37,0.0,-335.37,-0.335,banked (gap < cost),sideways/normal
parity,BANKNIFTY,56500.0,2026-09-29,2026-08-27 09:36 IST,2026-08-27 09:36 IST,1,15,871665.0,1804.0,237.1,58111.0,1804.0,237.1,0.0006,519.91,0.0,0.0,354.2,354.2,0.0,-354.2,-0.354,banked (gap < cost),sideways/normal
parity,BANKNIFTY,57200.0,2026-09-29,2026-08-27 09:36 IST,2026-08-27 09:36 IST,1,15,871665.0,1295.4,404.0,58111.0,1295.4,404.0,0.00025,213.93,0.0,0.81,342.01,342.82,0.0,-342.82,-0.343,banked (gap < cost),sideways/normal
parity,BANKNIFTY,57600.0,2026-09-29,2026-08-27 09:36 IST,2026-08-27 09:36 IST,1,15,871665.0,1013.6,538.65,58111.0,1013.6,538.65,0.00057,495.84,0.0,0.0,336.57,336.57,0.0,-336.57,-0.337,banked (gap < cost),sideways/normal
parity,BANKNIFTY,57700.0,2026-09-29,2026-08-27 09:36 IST,2026-08-27 09:36 IST,1,15,871665.0,948.0,575.0,58111.0,948.0,575.0,0.00061,533.88,0.0,0.0,335.68,335.68,0.0,-335.68,-0.336,banked (gap < cost),sideways/normal
parity,BANKNIFTY,57800.0,2026-09-29,2026-08-27 09:36 IST,2026-08-27 09:36 IST,1,15,871665.0,891.6,615.8,58111.0,891.6,615.8,0.00057,500.67,0.0,0.0,334.9,334.9,0.0,-334.9,-0.335,banked (gap < cost),sideways/normal
parity,BANKNIFTY,57900.0,2026-09-29,2026-08-27 09:36 IST,2026-08-27 09:36 IST,1,15,871665.0,831.3,660.0,58111.0,831.3,660.0,0.00066,576.95,0.0,0.0,334.38,334.38,0.0,-334.38,-0.334,banked (gap < cost),sideways/normal
parity,BANKNIFTY,58000.0,2026-09-29,2026-08-27 09:36 IST,2026-08-27 09:36 IST,1,15,871665.0,779.65,704.8,58111.0,779.65,704.8,0.00061,532.49,0.0,0.0,333.71,333.71,0.0,-333.71,-0.334,banked (gap < cost),sideways/normal
parity,BANKNIFTY,58100.0,2026-09-29,2026-08-27 09:36 IST,2026-08-27 09:36 IST,1,15,871665.0,727.25,750.0,58111.0,727.25,750.0,0.00058,505.28,0.0,0.0,333.48,333.48,0.0,-333.48,-0.333,banked (gap < cost),sideways/normal
parity,BANKNIFTY,58200.0,2026-09-29,2026-08-27 09:36 IST,2026-08-27 09:36 IST,1,15,871665.0,672.4,800.35,58111.0,672.4,800.35,0.00068,592.07,0.0,0.0,333.28,333.28,0.0,-333.28,-0.333,banked (gap < cost),sideways/normal
parity,BANKNIFTY,58300.0,2026-09-29,2026-08-27 09:36 IST,2026-08-27 09:36 IST,1,15,871665.0,629.65,848.4,58111.0,629.65,848.4,0.00053,462.86,0.0,0.0,333.44,333.44,0.0,-333.44,-0.333,banked (gap < cost),sideways/normal
parity,BANKNIFTY,58400.0,2026-09-29,2026-08-27 09:36 IST,2026-08-27 09:36 IST,1,15,871665.0,582.65,899.5,58111.0,582.65,899.5,0.00051,443.15,0.0,0.0,333.43,333.43,0.0,-333.43,-0.333,banked (gap < cost),sideways/normal
parity,BANKNIFTY,58500.0,2026-09-29,2026-08-27 09:36 IST,2026-08-27 09:36 IST,1,15,871665.0,536.55,959.1,58111.0,536.55,959.1,0.00062,537.44,0.0,0.0,333.91,333.91,0.0,-333.91,-0.334,banked (gap < cost),sideways/normal
parity,BANKNIFTY,58800.0,2026-09-29,2026-08-27 09:36 IST,2026-08-27 09:36 IST,1,15,871665.0,417.55,1137.25,58111.0,417.55,1137.25,0.0006,521.06,0.0,0.0,336.31,336.31,0.0,-336.31,-0.336,banked (gap < cost),sideways/normal
parity,BANKNIFTY,56700.0,2026-09-29,2026-08-27 09:37 IST,2026-08-27 09:37 IST,1,15,871299.0,1631.65,279.85,58086.6,1631.65,279.85,0.00046,400.15,0.0,0.0,351.43,351.43,0.0,-351.43,-0.351,banked (gap < cost),sideways/normal
parity,BANKNIFTY,57000.0,2026-09-29,2026-08-27 09:37 IST,2026-08-27 09:37 IST,1,15,871299.0,1394.6,350.0,58086.6,1394.6,350.0,0.00061,534.52,0.0,0.0,344.51,344.51,0.0,-344.51,-0.345,banked (gap < cost),sideways/normal
parity,BANKNIFTY,57100.0,2026-09-29,2026-08-27 09:37 IST,2026-08-27 09:37 IST,1,15,871299.0,1336.05,378.4,58086.6,1336.05,378.4,0.0004,347.56,0.0,0.0,343.01,343.01,0.0,-343.01,-0.343,banked (gap < cost),sideways/normal
parity,BANKNIFTY,57300.0,2026-09-29,2026-08-27 09:37 IST,2026-08-27 09:37 IST,1,15,871299.0,1192.0,440.0,58086.6,1192.0,440.0,0.00052,449.89,0.0,0.0,339.88,339.88,0.0,-339.88,-0.34,banked (gap < cost),sideways/normal
parity,BANKNIFTY,57400.0,2026-09-29,2026-08-27 09:37 IST,2026-08-27 09:37 IST,1,15,871299.0,1123.6,475.05,58086.6,1123.6,475.05,0.00059,510.43,0.0,0.0,338.52,338.52,0.0,-338.52,-0.339,banked (gap < cost),sideways/normal
parity,BANKNIFTY,57500.0,2026-09-29,2026-08-27 09:37 IST,2026-08-27 09:37 IST,1,15,871299.0,1060.0,503.3,58086.6,1060.0,503.3,0.00046,396.97,0.0,0.0,336.99,336.99,0.0,-336.99,-0.337,banked (gap < cost),sideways/normal
parity,BANKNIFTY,58700.0,2026-09-29,2026-08-27 09:37 IST,2026-08-27 09:37 IST,1,15,871299.0,447.5,1085.3,58086.6,447.5,1085.3,0.00048,419.94,0.0,0.0,335.25,335.25,0.0,-335.25,-0.335,banked (gap < cost),sideways/normal
parity,BANKNIFTY,59000.0,2026-09-29,2026-08-27 09:37 IST,2026-08-27 09:37 IST,1,15,871299.0,343.3,1270.35,58086.6,343.3,1270.35,0.00033,285.05,0.0,0.0,338.86,338.86,0.0,-338.86,-0.339,banked (gap < cost),sideways/normal
parity,BANKNIFTY,57600.0,2026-09-29,2026-08-27 09:38 IST,2026-08-27 09:38 IST,1,15,871500.0,1014.5,540.45,58100.0,1014.5,540.45,0.0004,345.3,0.0,0.0,335.83,335.83,0.0,-335.83,-0.336,banked (gap < cost),sideways/normal
parity,BANKNIFTY,57700.0,2026-09-29,2026-08-27 09:38 IST,2026-08-27 09:38 IST,1,15,871500.0,946.5,577.65,58100.0,946.5,577.65,0.0005,432.09,0.0,0.0,335.14,335.14,0.0,-335.14,-0.335,banked (gap < cost),sideways/normal
parity,BANKNIFTY,57800.0,2026-09-29,2026-08-27 09:38 IST,2026-08-27 09:38 IST,1,15,871500.0,887.9,618.1,58100.0,887.9,618.1,0.00049,426.63,0.0,0.0,334.37,334.37,0.0,-334.37,-0.334,banked (gap < cost),sideways/normal
parity,BANKNIFTY,57900.0,2026-09-29,2026-08-27 09:38 IST,2026-08-27 09:38 IST,1,15,871500.0,832.05,661.8,58100.0,832.05,661.8,0.00049,428.67,0.0,0.0,333.93,333.93,0.0,-333.93,-0.334,banked (gap < cost),sideways/normal
parity,BANKNIFTY,58000.0,2026-09-29,2026-08-27 09:38 IST,2026-08-27 09:38 IST,1,15,871500.0,775.2,705.8,58100.0,775.2,705.8,0.00052,450.21,0.0,0.0,333.52,333.52,0.0,-333.52,-0.334,banked (gap < cost),sideways/normal
parity,BANKNIFTY,58100.0,2026-09-29,2026-08-27 09:38 IST,2026-08-27 09:38 IST,1,15,871500.0,721.5,752.1,58100.0,721.5,752.1,0.00053,459.0,0.0,0.0,333.2,333.2,0.0,-333.2,-0.333,banked (gap < cost),sideways/normal
parity,BANKNIFTY,58200.0,2026-09-29,2026-08-27 09:38 IST,2026-08-27 09:38 IST,1,15,871500.0,671.55,803.5,58100.0,671.55,803.5,0.00056,488.04,0.0,0.0,333.25,333.25,0.0,-333.25,-0.333,banked (gap < cost),sideways/normal
parity,BANKNIFTY,58300.0,2026-09-29,2026-08-27 09:38 IST,2026-08-27 09:38 IST,1,15,871500.0,622.1,849.2,58100.0,622.1,849.2,0.00049,424.08,0.0,0.0,333.26,333.26,0.0,-333.26,-0.333,banked (gap < cost),sideways/normal
parity,BANKNIFTY,58400.0,2026-09-29,2026-08-27 09:38 IST,2026-08-27 09:38 IST,1,15,871500.0,576.0,901.15,58100.0,576.0,901.15,0.00046,403.62,0.0,0.0,333.48,333.48,0.0,-333.48,-0.333,banked (gap < cost),sideways/normal
parity,BANKNIFTY,58500.0,2026-09-29,2026-08-27 09:38 IST,2026-08-27 09:38 IST,1,15,871500.0,534.25,962.25,58100.0,534.25,962.25,0.00052,455.16,0.0,0.0,334.24,334.24,0.0,-334.24,-0.334,banked (gap < cost),sideways/normal
parity,BANKNIFTY,58600.0,2026-09-29,2026-08-27 09:38 IST,2026-08-27 09:38 IST,1,15,871500.0,492.85,1015.7,58100.0,492.85,1015.7,0.00044,386.7,0.0,0.0,334.83,334.83,0.0,-334.83,-0.335,banked (gap < cost),sideways/normal
parity,BANKNIFTY,58900.0,2026-09-29,2026-08-27 09:38 IST,2026-08-27 09:38 IST,1,15,871500.0,379.45,1200.1,58100.0,379.45,1200.1,0.00044,380.06,0.0,0.0,337.95,337.95,0.0,-337.95,-0.338,banked (gap < cost),sideways/normal
parity,BANKNIFTY,57200.0,2026-09-29,2026-08-27 09:39 IST,2026-08-27 09:39 IST,1,15,871428.0,1284.6,403.45,58095.2,1284.6,403.45,0.00015,132.06,0.0,0.0,340.66,340.66,0.0,-340.66,-0.341,banked (gap < cost),sideways/normal
parity,NIFTY,25300.0,2026-09-29,2026-08-27 09:39 IST,2026-08-27 09:39 IST,1,75,1827375.0,25.75,953.65,24365.0,25.75,953.65,7e-05,121.6,0.0,0.0,711.01,711.01,0.0,-711.01,-0.711,banked (gap < cost),sideways/normal
parity,BANKNIFTY,59100.0,2026-09-29,2026-08-27 09:40 IST,2026-08-27 09:40 IST,1,15,871785.0,322.85,1332.0,58119.0,322.85,1332.0,0.00058,508.47,0.0,0.0,340.65,340.65,0.0,-340.65,-0.341,banked (gap < cost),sideways/normal
parity,NIFTY,25100.0,2026-09-29,2026-08-27 09:40 IST,2026-08-27 09:40 IST,1,75,1827300.0,44.95,769.95,24364.0,44.95,769.95,0.00027,501.56,0.0,0.0,681.93,681.93,0.0,-681.93,-0.682,banked (gap < cost),sideways/normal
parity,BANKNIFTY,57000.0,2026-09-29,2026-08-27 09:41 IST,2026-08-27 09:41 IST,1,15,871554.0,1406.85,348.0,58103.6,1406.85,348.0,0.00066,574.28,0.0,0.0,344.51,344.51,0.0,-344.51,-0.345,banked (gap < cost),sideways/normal
parity,BANKNIFTY,57400.0,2026-09-29,2026-08-27 09:41 IST,2026-08-27 09:41 IST,1,15,871554.0,1125.85,468.0,58103.6,1125.85,468.0,0.00072,624.43,0.00011,95.04,338.66,433.7,0.0,-433.7,-0.434,banked (gap < cost),sideways/normal
parity,BANKNIFTY,57600.0,2026-09-29,2026-08-27 09:41 IST,2026-08-27 09:41 IST,1,15,871554.0,1008.35,539.8,58103.6,1008.35,539.8,0.00055,481.51,0.0,0.0,336.23,336.23,0.0,-336.23,-0.336,banked (gap < cost),sideways/normal
parity,BANKNIFTY,56500.0,2026-09-29,2026-08-27 09:42 IST,2026-08-27 09:42 IST,1,15,871350.0,1796.0,234.45,58090.0,1796.0,234.45,0.00033,287.0,0.0,0.0,354.9,354.9,0.0,-354.9,-0.355,banked (gap < cost),sideways/normal
parity,BANKNIFTY,57200.0,2026-09-29,2026-08-27 09:42 IST,2026-08-27 09:42 IST,1,15,871350.0,1260.0,405.1,58090.0,1260.0,405.1,0.00051,448.28,0.0,0.0,341.47,341.47,0.0,-341.47,-0.341,banked (gap < cost),sideways/normal
parity,BANKNIFTY,58900.0,2026-09-29,2026-08-27 09:42 IST,2026-08-27 09:42 IST,1,15,871350.0,379.05,1214.75,58090.0,379.05,1214.75,0.00052,456.69,0.0,0.0,337.26,337.26,0.0,-337.26,-0.337,banked (gap < cost),sideways/normal
parity,BANKNIFTY,59500.0,2026-09-29,2026-08-27 09:42 IST,2026-08-27 09:42 IST,1,15,871350.0,212.35,1639.6,58090.0,212.35,1639.6,0.00044,382.68,0.0,0.0,348.23,348.23,0.0,-348.23,-0.348,banked (gap < cost),sideways/normal
parity,BANKNIFTY,57400.0,2026-09-29,2026-08-27 09:43 IST,2026-08-27 09:43 IST,1,15,871875.0,1147.0,455.2,58125.0,1147.0,455.2,0.0005,434.28,0.0,0.0,337.83,337.83,0.0,-337.83,-0.338,banked (gap < cost),sideways/normal
parity,BANKNIFTY,58600.0,2026-09-29,2026-08-27 09:43 IST,2026-08-27 09:43 IST,1,15,871875.0,500.0,1010.25,58125.0,500.0,1010.25,0.00065,570.5,0.0,0.0,334.85,334.85,0.0,-334.85,-0.335,banked (gap < cost),sideways/normal
parity,BANKNIFTY,56800.0,2026-09-29,2026-08-27 09:44 IST,2026-08-27 09:44 IST,1,15,872109.0,1578.95,288.65,58140.6,1578.95,288.65,0.00073,636.7,0.0,0.0,348.2,348.2,0.0,-348.2,-0.348,banked (gap < cost),sideways/normal
parity,BANKNIFTY,57000.0,2026-09-29,2026-08-27 09:45 IST,2026-08-27 09:45 IST,1,15,871557.0,1430.3,337.0,58103.8,1430.3,337.0,7e-05,60.5,0.0,0.0,344.9,344.9,0.0,-344.9,-0.345,banked (gap < cost),sideways/normal
parity,BANKNIFTY,57500.0,2026-09-29,2026-08-27 09:45 IST,2026-08-27 09:45 IST,1,15,871557.0,1082.0,487.5,58103.8,1082.0,487.5,0.0001,86.44,0.0,0.0,337.2,337.2,0.0,-337.2,-0.337,banked (gap < cost),sideways/normal
parity,BANKNIFTY,57600.0,2026-09-29,2026-08-27 09:45 IST,2026-08-27 09:45 IST,1,15,871557.0,1013.8,525.05,58103.8,1013.8,525.05,0.00021,181.48,0.0,0.0,336.33,336.33,0.0,-336.33,-0.336,banked (gap < cost),sideways/normal
parity,BANKNIFTY,57700.0,2026-09-29,2026-08-27 09:45 IST,2026-08-27 09:45 IST,1,15,871557.0,959.45,561.35,58103.8,959.45,561.35,6e-05,50.02,0.0,0.0,335.36,335.36,0.0,-335.36,-0.335,banked (gap < cost),sideways/normal
parity,BANKNIFTY,57800.0,2026-09-29,2026-08-27 09:45 IST,2026-08-27 09:45 IST,1,15,871557.0,902.75,601.9,58103.8,902.75,601.9,2e-05,17.56,0.0,0.0,334.69,334.69,0.0,-334.69,-0.335,banked (gap < cost),sideways/normal
parity,BANKNIFTY,57900.0,2026-09-29,2026-08-27 09:45 IST,2026-08-27 09:45 IST,1,15,871557.0,845.2,643.85,58103.8,845.2,643.85,2e-05,18.85,0.0,0.0,334.14,334.14,0.0,-334.14,-0.334,banked (gap < cost),sideways/normal
parity,BANKNIFTY,58000.0,2026-09-29,2026-08-27 09:45 IST,2026-08-27 09:45 IST,1,15,871557.0,791.5,687.5,58103.8,791.5,687.5,1e-05,12.11,0.0,0.0,333.46,333.46,0.0,-333.46,-0.333,banked (gap < cost),sideways/normal
parity,BANKNIFTY,58100.0,2026-09-29,2026-08-27 09:45 IST,2026-08-27 09:45 IST,1,15,871557.0,734.65,733.5,58103.8,734.65,733.5,5e-05,39.43,0.0,0.0,333.21,333.21,0.0,-333.21,-0.333,banked (gap < cost),sideways/normal
parity,BANKNIFTY,58200.0,2026-09-29,2026-08-27 09:45 IST,2026-08-27 09:45 IST,1,15,871557.0,685.0,780.85,58103.8,685.0,780.85,0.0,3.22,0.0,0.0,332.97,332.97,0.0,-332.97,-0.333,banked (gap < cost),sideways/normal
parity,BANKNIFTY,58300.0,2026-09-29,2026-08-27 09:45 IST,2026-08-27 09:45 IST,1,15,871557.0,630.3,830.95,58103.8,630.3,830.95,0.0001,84.01,0.0,0.0,333.17,333.17,0.0,-333.17,-0.333,banked (gap < cost),sideways/normal
parity,BANKNIFTY,58400.0,2026-09-29,2026-08-27 09:45 IST,2026-08-27 09:45 IST,1,15,871557.0,586.0,880.25,58103.8,586.0,880.25,0.0,3.2,0.0,0.0,333.31,333.31,0.0,-333.31,-0.333,banked (gap < cost),sideways/normal
parity,BANKNIFTY,58500.0,2026-09-29,2026-08-27 09:45 IST,2026-08-27 09:45 IST,1,15,871557.0,545.0,940.8,58103.8,545.0,940.8,3e-05,28.83,0.0,0.0,333.72,333.72,0.0,-333.72,-0.334,banked (gap < cost),sideways/normal
parity,BANKNIFTY,58600.0,2026-09-29,2026-08-27 09:45 IST,2026-08-27 09:45 IST,1,15,871557.0,504.2,1004.8,58103.8,504.2,1004.8,0.00013,109.62,0.0,0.0,334.23,334.23,0.0,-334.23,-0.334,banked (gap < cost),sideways/normal
parity,BANKNIFTY,59000.0,2026-09-29,2026-08-27 09:45 IST,2026-08-27 09:45 IST,1,15,871557.0,353.25,1242.2,58103.8,353.25,1242.2,3e-05,29.97,0.0,0.0,338.0,338.0,0.0,-338.0,-0.338,banked (gap < cost),sideways/normal
parity,BANKNIFTY,57200.0,2026-09-29,2026-08-27 09:46 IST,2026-08-27 09:46 IST,1,15,871803.0,1282.0,389.15,58120.2,1282.0,389.15,0.00038,329.36,0.0,0.0,341.56,341.56,0.0,-341.56,-0.342,banked (gap < cost),sideways/normal
parity,BANKNIFTY,57100.0,2026-09-29,2026-08-27 09:47 IST,2026-08-27 09:47 IST,1,15,872253.0,1385.0,360.7,58150.2,1385.0,360.7,0.00034,296.18,0.0,0.0,343.47,343.47,0.0,-343.47,-0.343,banked (gap < cost),sideways/normal
parity,BANKNIFTY,57000.0,2026-09-29,2026-08-27 09:48 IST,2026-08-27 09:48 IST,1,15,872553.0,1450.15,327.0,58170.2,1450.15,327.0,0.00069,602.89,0.0,0.0,344.93,344.93,0.0,-344.93,-0.345,banked (gap < cost),sideways/normal
parity,BANKNIFTY,57400.0,2026-09-29,2026-08-27 09:48 IST,2026-08-27 09:48 IST,1,15,872553.0,1166.6,441.05,58170.2,1166.6,441.05,0.00069,602.04,0.0,0.0,338.84,338.84,0.0,-338.84,-0.339,banked (gap < cost),sideways/normal
parity,BANKNIFTY,57500.0,2026-09-29,2026-08-27 09:48 IST,2026-08-27 09:48 IST,1,15,872553.0,1104.75,473.25,58170.2,1104.75,473.25,0.0006,521.58,0.0,0.0,337.26,337.26,0.0,-337.26,-0.337,banked (gap < cost),sideways/normal
parity,BANKNIFTY,57600.0,2026-09-29,2026-08-27 09:48 IST,2026-08-27 09:48 IST,1,15,872553.0,1039.05,509.0,58170.2,1039.05,509.0,0.00063,552.12,0.0,0.0,336.53,336.53,0.0,-336.53,-0.337,banked (gap < cost),sideways/normal
parity,BANKNIFTY,57800.0,2026-09-29,2026-08-27 09:48 IST,2026-08-27 09:48 IST,1,15,872553.0,921.15,587.75,58170.2,921.15,587.75,0.0006,519.45,0.0,0.0,334.71,334.71,0.0,-334.71,-0.335,banked (gap < cost),sideways/normal
parity,BANKNIFTY,57900.0,2026-09-29,2026-08-27 09:48 IST,2026-08-27 09:48 IST,1,15,872553.0,863.4,626.45,58170.2,863.4,626.45,0.00054,474.99,0.0,0.0,334.09,334.09,0.0,-334.09,-0.334,banked (gap < cost),sideways/normal
parity,BANKNIFTY,58000.0,2026-09-29,2026-08-27 09:48 IST,2026-08-27 09:48 IST,1,15,872553.0,806.45,670.85,58170.2,806.45,670.85,0.00058,504.03,0.0,0.0,333.48,333.48,0.0,-333.48,-0.333,banked (gap < cost),sideways/normal
parity,BANKNIFTY,58100.0,2026-09-29,2026-08-27 09:48 IST,2026-08-27 09:48 IST,1,15,872553.0,748.1,713.6,58170.2,748.1,713.6,0.00061,529.32,0.0,0.0,333.24,333.24,0.0,-333.24,-0.333,banked (gap < cost),sideways/normal
parity,BANKNIFTY,58200.0,2026-09-29,2026-08-27 09:48 IST,2026-08-27 09:48 IST,1,15,872553.0,701.5,762.4,58170.2,701.5,762.4,0.00054,469.11,0.0,0.0,333.1,333.1,0.0,-333.1,-0.333,banked (gap < cost),sideways/normal
parity,BANKNIFTY,58500.0,2026-09-29,2026-08-27 09:48 IST,2026-08-27 09:48 IST,1,15,872553.0,558.7,918.55,58170.2,558.7,918.55,0.00055,479.72,0.0,0.0,333.77,333.77,0.0,-333.77,-0.334,banked (gap < cost),sideways/normal
parity,BANKNIFTY,59000.0,2026-09-29,2026-08-27 09:48 IST,2026-08-27 09:48 IST,1,15,872553.0,363.45,1220.0,58170.2,363.45,1220.0,0.00054,474.17,0.0,0.0,338.05,338.05,0.0,-338.05,-0.338,banked (gap < cost),sideways/normal
parity,BANKNIFTY,58400.0,2026-09-29,2026-08-27 09:49 IST,2026-08-27 09:49 IST,1,15,872565.0,602.2,871.75,58171.0,602.2,871.75,0.00072,628.38,0.0,0.0,333.38,333.38,0.0,-333.38,-0.333,banked (gap < cost),sideways/normal
parity,BANKNIFTY,57000.0,2026-09-29,2026-08-27 09:50 IST,2026-08-27 09:50 IST,1,15,872250.0,1439.0,333.9,58150.0,1439.0,333.9,0.00066,572.42,0.00022,200.78,345.19,545.97,0.0,-545.97,-0.546,banked (gap < cost),sideways/normal
parity,BANKNIFTY,57400.0,2026-09-29,2026-08-27 09:50 IST,2026-08-27 09:50 IST,1,15,872250.0,1164.6,451.75,58150.0,1164.6,451.75,0.00056,491.33,0.00022,200.25,339.05,539.3,0.0,-539.3,-0.539,banked (gap < cost),sideways/normal
parity,BANKNIFTY,57500.0,2026-09-29,2026-08-27 09:50 IST,2026-08-27 09:50 IST,1,15,872250.0,1085.6,483.3,58150.0,1085.6,483.3,0.00075,658.37,0.00022,200.11,337.43,537.54,0.0,-537.54,-0.538,banked (gap < cost),sideways/normal
parity,BANKNIFTY,57600.0,2026-09-29,2026-08-27 09:50 IST,2026-08-27 09:50 IST,1,15,872250.0,1025.45,519.7,58150.0,1025.45,519.7,0.00071,615.41,0.00022,200.02,336.43,536.45,0.0,-536.45,-0.536,banked (gap < cost),sideways/normal
parity,BANKNIFTY,57700.0,2026-09-29,2026-08-27 09:50 IST,2026-08-27 09:50 IST,1,15,872250.0,968.65,557.85,58150.0,968.65,557.85,0.00063,548.45,0.00022,199.96,335.71,535.67,0.0,-535.67,-0.536,banked (gap < cost),sideways/normal
parity,BANKNIFTY,57900.0,2026-09-29,2026-08-27 09:50 IST,2026-08-27 09:50 IST,1,15,872250.0,851.65,638.95,58150.0,851.65,638.95,0.00062,537.53,0.00022,199.83,334.29,534.12,0.0,-534.12,-0.534,banked (gap < cost),sideways/normal
parity,BANKNIFTY,58000.0,2026-09-29,2026-08-27 09:50 IST,2026-08-27 09:50 IST,1,15,872250.0,794.95,680.6,58150.0,794.95,680.6,0.0006,521.57,0.00022,199.79,333.8,533.59,0.0,-533.59,-0.534,banked (gap < cost),sideways/normal
parity,BANKNIFTY,58200.0,2026-09-29,2026-08-27 09:50 IST,2026-08-27 09:50 IST,1,15,872250.0,689.6,777.9,58150.0,689.6,777.9,0.00066,578.9,0.00022,199.74,333.2,532.94,0.0,-532.94,-0.533,banked (gap < cost),sideways/normal
parity,BANKNIFTY,58300.0,2026-09-29,2026-08-27 09:50 IST,2026-08-27 09:50 IST,1,15,872250.0,641.85,823.5,58150.0,641.85,823.5,0.00056,487.93,0.00022,199.74,333.24,532.98,0.0,-532.98,-0.533,banked (gap < cost),sideways/normal
parity,BANKNIFTY,58500.0,2026-09-29,2026-08-27 09:50 IST,2026-08-27 09:50 IST,1,15,872250.0,548.25,934.35,58150.0,548.25,934.35,0.00066,572.26,0.00022,199.79,333.83,533.62,0.0,-533.62,-0.534,banked (gap < cost),sideways/normal
parity,BANKNIFTY,58700.0,2026-09-29,2026-08-27 09:50 IST,2026-08-27 09:50 IST,1,15,872250.0,466.6,1038.7,58150.0,466.6,1038.7,0.00044,379.84,0.0,0.0,334.96,334.96,0.0,-334.96,-0.335,banked (gap < cost),sideways/normal
parity,BANKNIFTY,57800.0,2026-09-29,2026-08-27 09:51 IST,2026-08-27 09:51 IST,1,15,871830.0,906.3,601.65,58122.0,906.3,601.65,0.00027,231.95,0.00027,239.33,334.69,574.02,0.0,-574.02,-0.574,banked (gap < cost),sideways/normal
parity,BANKNIFTY,56500.0,2026-09-29,2026-08-27 09:52 IST,2026-08-27 09:52 IST,1,15,872100.0,1825.0,226.5,58140.0,1825.0,226.5,0.00055,478.36,0.0,0.0,355.32,355.32,0.0,-355.32,-0.355,banked (gap < cost),sideways/normal
parity,BANKNIFTY,57000.0,2026-09-29,2026-08-27 09:52 IST,2026-08-27 09:52 IST,1,15,872100.0,1435.9,332.7,58140.0,1435.9,332.7,0.00052,451.8,0.0,0.0,344.49,344.49,0.0,-344.49,-0.344,banked (gap < cost),sideways/normal
parity,BANKNIFTY,57400.0,2026-09-29,2026-08-27 09:52 IST,2026-08-27 09:52 IST,1,15,872100.0,1158.45,450.0,58140.0,1158.45,450.0,0.00047,408.21,0.0,0.0,338.14,338.14,0.0,-338.14,-0.338,banked (gap < cost),sideways/normal
parity,BANKNIFTY,58200.0,2026-09-29,2026-08-27 09:52 IST,2026-08-27 09:52 IST,1,15,872100.0,690.0,774.7,58140.0,690.0,774.7,0.00043,375.77,0.0,0.0,332.99,332.99,0.0,-332.99,-0.333,banked (gap < cost),sideways/normal
parity,BANKNIFTY,58300.0,2026-09-29,2026-08-27 09:52 IST,2026-08-27 09:52 IST,1,15,872100.0,643.3,829.65,58140.0,643.3,829.65,0.00047,409.31,0.0,0.0,333.28,333.28,0.0,-333.28,-0.333,banked (gap < cost),sideways/normal
parity,BANKNIFTY,58400.0,2026-09-29,2026-08-27 09:52 IST,2026-08-27 09:52 IST,1,15,872100.0,595.65,882.65,58140.0,595.65,882.65,0.00049,427.85,0.0,0.0,333.2,333.2,0.0,-333.2,-0.333,banked (gap < cost),sideways/normal
parity,BANKNIFTY,58600.0,2026-09-29,2026-08-27 09:52 IST,2026-08-27 09:52 IST,1,15,872100.0,508.15,993.4,58140.0,508.15,993.4,0.00048,419.18,0.0,0.0,334.68,334.68,0.0,-334.68,-0.335,banked (gap < cost),sideways/normal
parity,BANKNIFTY,59000.0,2026-09-29,2026-08-27 09:52 IST,2026-08-27 09:52 IST,1,15,872100.0,359.35,1232.5,58140.0,359.35,1232.5,0.00031,272.84,0.0,0.0,338.59,338.59,0.0,-338.59,-0.339,banked (gap < cost),sideways/normal
parity,NIFTY,24500.0,2026-09-29,2026-08-27 09:52 IST,2026-08-27 09:52 IST,1,75,1827315.0,209.1,336.65,24364.2,209.1,336.65,0.00031,559.13,0.0,0.0,633.3,633.3,0.0,-633.3,-0.633,banked (gap < cost),sideways/normal
parity,NIFTY,24800.0,2026-09-29,2026-08-27 09:52 IST,2026-08-27 09:52 IST,1,75,1827315.0,102.05,524.45,24364.2,102.05,524.45,0.00045,813.54,0.0,0.0,649.07,649.07,0.0,-649.07,-0.649,banked (gap < cost),sideways/normal
parity,BANKNIFTY,56700.0,2026-09-29,2026-08-27 09:54 IST,2026-08-27 09:54 IST,1,15,872430.0,1675.85,262.5,58162.0,1675.85,262.5,0.00069,601.25,0.0,0.0,351.06,351.06,0.0,-351.06,-0.351,banked (gap < cost),sideways/normal
parity,BANKNIFTY,57000.0,2026-09-29,2026-08-27 09:54 IST,2026-08-27 09:54 IST,1,15,872430.0,1442.8,331.65,58162.0,1442.8,331.65,0.00076,660.62,0.0,0.0,344.73,344.73,0.0,-344.73,-0.345,banked (gap < cost),sideways/normal
parity,BANKNIFTY,57300.0,2026-09-29,2026-08-27 09:54 IST,2026-08-27 09:54 IST,1,15,872430.0,1240.0,415.2,58162.0,1240.0,415.2,0.00055,482.24,0.0,0.0,340.39,340.39,0.0,-340.39,-0.34,banked (gap < cost),sideways/normal
parity,BANKNIFTY,57400.0,2026-09-29,2026-08-27 09:54 IST,2026-08-27 09:54 IST,1,15,872430.0,1168.3,446.7,58162.0,1168.3,446.7,0.00062,539.03,0.0,0.0,339.11,339.11,0.0,-339.11,-0.339,banked (gap < cost),sideways/normal
parity,BANKNIFTY,57500.0,2026-09-29,2026-08-27 09:54 IST,2026-08-27 09:54 IST,1,15,872430.0,1095.2,478.15,58162.0,1095.2,478.15,0.00071,616.07,0.0,0.0,337.49,337.49,0.0,-337.49,-0.337,banked (gap < cost),sideways/normal
parity,BANKNIFTY,57600.0,2026-09-29,2026-08-27 09:54 IST,2026-08-27 09:54 IST,1,15,872430.0,1036.7,515.75,58162.0,1036.7,515.75,0.00065,566.36,0.0,0.0,336.55,336.55,0.0,-336.55,-0.337,banked (gap < cost),sideways/normal
parity,BANKNIFTY,57700.0,2026-09-29,2026-08-27 09:54 IST,2026-08-27 09:54 IST,1,15,872430.0,977.65,549.8,58162.0,977.65,549.8,0.00054,471.64,0.0,0.0,335.68,335.68,0.0,-335.68,-0.336,banked (gap < cost),sideways/normal
parity,BANKNIFTY,57800.0,2026-09-29,2026-08-27 09:54 IST,2026-08-27 09:54 IST,1,15,872430.0,914.4,592.2,58162.0,914.4,592.2,0.00065,565.18,0.0,0.0,334.74,334.74,0.0,-334.74,-0.335,banked (gap < cost),sideways/normal
parity,BANKNIFTY,57900.0,2026-09-29,2026-08-27 09:54 IST,2026-08-27 09:54 IST,1,15,872430.0,856.45,633.75,58162.0,856.45,633.75,0.00065,566.47,0.0,0.0,334.13,334.13,0.0,-334.13,-0.334,banked (gap < cost),sideways/normal
parity,BANKNIFTY,58100.0,2026-09-29,2026-08-27 09:54 IST,2026-08-27 09:54 IST,1,15,872430.0,746.4,722.1,58162.0,746.4,722.1,0.00064,560.05,0.0,0.0,333.42,333.42,0.0,-333.42,-0.333,banked (gap < cost),sideways/normal
parity,BANKNIFTY,58200.0,2026-09-29,2026-08-27 09:54 IST,2026-08-27 09:54 IST,1,15,872430.0,695.7,769.65,58162.0,695.7,769.65,0.00062,542.59,0.0,0.0,333.29,333.29,0.0,-333.29,-0.333,banked (gap < cost),sideways/normal
parity,BANKNIFTY,58300.0,2026-09-29,2026-08-27 09:54 IST,2026-08-27 09:54 IST,1,15,872430.0,644.9,817.55,58162.0,644.9,817.55,0.00061,531.88,0.0,0.0,333.15,333.15,0.0,-333.15,-0.333,banked (gap < cost),sideways/normal
parity,BANKNIFTY,58500.0,2026-09-29,2026-08-27 09:54 IST,2026-08-27 09:54 IST,1,15,872430.0,553.95,926.9,58162.0,553.95,926.9,0.00063,553.96,0.0,0.0,333.64,333.64,0.0,-333.64,-0.334,banked (gap < cost),sideways/normal
parity,BANKNIFTY,59000.0,2026-09-29,2026-08-27 09:54 IST,2026-08-27 09:54 IST,1,15,872430.0,361.9,1226.2,58162.0,361.9,1226.2,0.00054,468.15,0.0,0.0,337.82,337.82,0.0,-337.82,-0.338,banked (gap < cost),sideways/normal
parity,BANKNIFTY,58400.0,2026-09-29,2026-08-27 09:55 IST,2026-08-27 09:55 IST,1,15,872175.0,598.15,877.25,58145.0,598.15,877.25,0.00044,383.91,0.0,0.0,333.4,333.4,0.0,-333.4,-0.333,banked (gap < cost),sideways/normal
parity,BANKNIFTY,57500.0,2026-09-29,2026-08-27 09:56 IST,2026-08-27 09:56 IST,1,15,872349.0,1090.0,483.2,58156.6,1090.0,483.2,0.00079,689.31,6e-05,57.57,337.08,394.65,0.0,-394.65,-0.395,banked (gap < cost),sideways/normal
parity,BANKNIFTY,57600.0,2026-09-29,2026-08-27 09:56 IST,2026-08-27 09:56 IST,1,15,872349.0,1028.05,521.9,58156.6,1028.05,521.9,0.00081,707.85,6e-05,57.56,336.66,394.22,0.0,-394.22,-0.394,banked (gap < cost),sideways/normal
parity,NIFTY,24000.0,2026-09-29,2026-08-27 09:56 IST,2026-08-27 09:56 IST,1,75,1827000.0,501.0,138.5,24360.0,501.0,138.5,0.00019,345.71,0.0,0.0,651.75,651.75,0.0,-651.75,-0.652,banked (gap < cost),sideways/normal
parity,NIFTY,24200.0,2026-09-29,2026-08-27 09:56 IST,2026-08-27 09:56 IST,1,75,1827000.0,366.5,203.4,24360.0,366.5,203.4,0.00017,302.81,0.0,0.0,638.02,638.02,0.0,-638.02,-0.638,banked (gap < cost),sideways/normal
parity,BANKNIFTY,58600.0,2026-09-29,2026-08-27 09:57 IST,2026-08-27 09:57 IST,1,15,871950.0,508.25,1008.55,58130.0,508.25,1008.55,0.00057,495.81,0.0,0.0,334.37,334.37,0.0,-334.37,-0.334,banked (gap < cost),sideways/normal
parity,BANKNIFTY,56000.0,2026-09-29,2026-08-27 09:58 IST,2026-08-27 09:58 IST,1,15,871836.0,2223.0,155.95,58122.4,2223.0,155.95,0.00074,643.68,5e-05,42.69,369.38,412.07,0.0,-412.07,-0.412,banked (gap < cost),sideways/normal
parity,BANKNIFTY,57000.0,2026-09-29,2026-08-27 09:59 IST,2026-08-27 09:59 IST,1,15,871650.0,1418.6,342.9,58110.0,1418.6,342.9,0.00048,416.94,5e-05,47.73,344.61,392.34,0.0,-392.34,-0.392,banked (gap < cost),sideways/normal
parity,BANKNIFTY,57300.0,2026-09-29,2026-08-27 09:59 IST,2026-08-27 09:59 IST,1,15,871650.0,1210.7,430.35,58110.0,1210.7,430.35,0.00043,373.56,0.0,0.0,339.77,339.77,0.0,-339.77,-0.34,banked (gap < cost),sideways/normal
parity,BANKNIFTY,57400.0,2026-09-29,2026-08-27 09:59 IST,2026-08-27 09:59 IST,1,15,871650.0,1134.95,462.55,58110.0,1134.95,462.55,0.00058,501.6,0.0,0.0,338.17,338.17,0.0,-338.17,-0.338,banked (gap < cost),sideways/normal
parity,BANKNIFTY,57500.0,2026-09-29,2026-08-27 09:59 IST,2026-08-27 09:59 IST,1,15,871650.0,1077.35,494.5,58110.0,1077.35,494.5,0.00041,353.64,0.0,0.0,336.98,336.98,0.0,-336.98,-0.337,banked (gap < cost),sideways/normal
parity,BANKNIFTY,57700.0,2026-09-29,2026-08-27 09:59 IST,2026-08-27 09:59 IST,1,15,871650.0,958.5,569.3,58110.0,958.5,569.3,0.00032,275.96,0.0,0.0,335.02,335.02,0.0,-335.02,-0.335,banked (gap < cost),sideways/normal
parity,BANKNIFTY,57800.0,2026-09-29,2026-08-27 09:59 IST,2026-08-27 09:59 IST,1,15,871650.0,894.75,610.9,58110.0,894.75,610.9,0.00042,365.0,0.0,0.0,334.54,334.54,0.0,-334.54,-0.335,banked (gap < cost),sideways/normal
parity,BANKNIFTY,57900.0,2026-09-29,2026-08-27 09:59 IST,2026-08-27 09:59 IST,1,15,871650.0,840.0,653.5,58110.0,840.0,653.5,0.00038,334.04,0.0,0.0,334.02,334.02,0.0,-334.02,-0.334,banked (gap < cost),sideways/normal
parity,BANKNIFTY,58000.0,2026-09-29,2026-08-27 09:59 IST,2026-08-27 09:59 IST,1,15,871650.0,781.85,695.5,58110.0,781.85,695.5,0.0004,345.08,0.0,0.0,333.45,333.45,0.0,-333.45,-0.333,banked (gap < cost),sideways/normal
parity,BANKNIFTY,58500.0,2026-09-29,2026-08-27 09:59 IST,2026-08-27 09:59 IST,1,15,871650.0,542.65,953.6,58110.0,542.65,953.6,0.0004,348.53,0.0,0.0,333.99,333.99,0.0,-333.99,-0.334,banked (gap < cost),sideways/normal
parity,BANKNIFTY,58800.0,2026-09-29,2026-08-27 09:59 IST,2026-08-27 09:59 IST,1,15,871650.0,420.9,1133.75,58110.0,420.9,1133.75,0.00046,403.4,0.0,0.0,336.46,336.46,0.0,-336.46,-0.336,banked (gap < cost),sideways/normal
parity,BANKNIFTY,58900.0,2026-09-29,2026-08-27 09:59 IST,2026-08-27 09:59 IST,1,15,871650.0,386.55,1188.55,58110.0,386.55,1188.55,0.00029,249.44,0.0,0.0,337.09,337.09,0.0,-337.09,-0.337,banked (gap < cost),sideways/normal
parity,BANKNIFTY,59000.0,2026-09-29,2026-08-27 09:59 IST,2026-08-27 09:59 IST,1,15,871650.0,352.2,1256.55,58110.0,352.2,1256.55,0.00034,293.47,0.0,0.0,338.41,338.41,0.0,-338.41,-0.338,banked (gap < cost),sideways/normal
parity,NIFTY,24900.0,2026-09-29,2026-08-27 10:00 IST,2026-08-27 10:00 IST,1,75,1825875.0,75.4,612.9,24345.0,75.4,612.9,0.00059,1068.6,0.0,0.0,659.28,659.28,0.0,-659.28,-0.659,banked (gap < cost),sideways/normal
parity,BANKNIFTY,57000.0,2026-09-29,2026-08-27 10:01 IST,2026-08-27 10:01 IST,1,15,871380.0,1416.85,344.45,58092.0,1416.85,344.45,0.00023,198.02,0.0,0.0,344.29,344.29,0.0,-344.29,-0.344,banked (gap < cost),sideways/normal
parity,BANKNIFTY,57500.0,2026-09-29,2026-08-27 10:01 IST,2026-08-27 10:01 IST,1,15,871380.0,1071.3,496.0,58092.0,1071.3,496.0,0.00023,198.47,0.0,0.0,336.79,336.79,0.0,-336.79,-0.337,banked (gap < cost),sideways/normal
parity,BANKNIFTY,58800.0,2026-09-29,2026-08-27 10:01 IST,2026-08-27 10:01 IST,1,15,871380.0,418.2,1143.4,58092.0,418.2,1143.4,0.00037,320.23,0.0,0.0,336.68,336.68,0.0,-336.68,-0.337,banked (gap < cost),sideways/normal
parity,NIFTY,25000.0,2026-09-29,2026-08-27 10:02 IST,2026-08-27 10:02 IST,1,75,1825950.0,57.1,702.5,24346.0,57.1,702.5,0.0002,357.59,0.0,0.0,673.97,673.97,0.0,-673.97,-0.674,banked (gap < cost),sideways/normal
parity,BANKNIFTY,58700.0,2026-09-29,2026-08-27 10:03 IST,2026-08-27 10:03 IST,1,15,871830.0,464.05,1070.0,58122.0,464.05,1070.0,0.00054,470.05,0.0,0.0,334.89,334.89,0.0,-334.89,-0.335,banked (gap < cost),sideways/normal
parity,NIFTY,25500.0,2026-09-29,2026-08-27 10:04 IST,2026-08-27 10:04 IST,1,75,1826265.0,15.0,1158.15,24350.2,15.0,1158.15,0.0,6.49,0.0,0.0,738.77,738.77,0.0,-738.77,-0.739,banked (gap < cost),sideways/normal
parity,NIFTY,25200.0,2026-09-29,2026-08-27 10:06 IST,2026-08-27 10:06 IST,1,75,1825245.0,32.2,880.0,24336.6,32.2,880.0,0.00043,790.6,0.0,0.0,702.48,702.48,0.0,-702.48,-0.702,banked (gap < cost),sideways/normal
parity,BANKNIFTY,56500.0,2026-09-29,2026-08-27 10:08 IST,2026-08-27 10:08 IST,1,15,871635.0,1812.25,236.65,58109.0,1812.25,236.65,0.00041,359.58,0.0,0.0,354.97,354.97,0.0,-354.97,-0.355,banked (gap < cost),sideways/normal
parity,NIFTY,23700.0,2026-09-29,2026-08-27 10:08 IST,2026-08-27 10:08 IST,1,75,1826130.0,720.0,79.4,24348.4,720.0,79.4,0.00016,300.08,0.0,0.0,682.43,682.43,0.0,-682.43,-0.682,banked (gap < cost),sideways/normal
parity,NIFTY,23600.0,2026-09-29,2026-08-27 10:10 IST,2026-08-27 10:10 IST,1,75,1826250.0,811.9,63.75,24350.0,811.9,63.75,0.0001,190.85,0.0,0.0,696.42,696.42,0.0,-696.42,-0.696,banked (gap < cost),sideways/normal
parity,BANKNIFTY,57500.0,2026-09-29,2026-08-27 10:11 IST,2026-08-27 10:11 IST,1,15,872025.0,1084.35,487.95,58135.0,1084.35,487.95,0.0006,523.19,0.0,0.0,337.31,337.31,0.0,-337.31,-0.337,banked (gap < cost),sideways/normal
parity,BANKNIFTY,58200.0,2026-09-29,2026-08-27 10:11 IST,2026-08-27 10:11 IST,1,15,872025.0,688.55,785.25,58135.0,688.55,785.25,0.00055,481.21,0.0,0.0,333.21,333.21,0.0,-333.21,-0.333,banked (gap < cost),sideways/normal
parity,BANKNIFTY,57900.0,2026-09-29,2026-08-27 10:12 IST,2026-08-27 10:12 IST,1,15,872178.0,852.05,642.5,58145.2,852.05,642.5,0.00059,513.19,0.00019,170.55,334.14,504.69,0.0,-504.69,-0.505,banked (gap < cost),sideways/normal
parity,BANKNIFTY,58300.0,2026-09-29,2026-08-27 10:12 IST,2026-08-27 10:12 IST,1,15,872178.0,644.5,829.0,58145.2,644.5,829.0,0.00053,459.09,0.00019,170.5,333.53,504.03,0.0,-504.03,-0.504,banked (gap < cost),sideways/normal
parity,BANKNIFTY,57500.0,2026-09-29,2026-08-27 10:13 IST,2026-08-27 10:13 IST,1,15,871785.0,1088.7,487.65,58119.0,1088.7,487.65,0.00025,214.85,0.0,0.0,337.37,337.37,0.0,-337.37,-0.337,banked (gap < cost),sideways/normal
parity,BANKNIFTY,57700.0,2026-09-29,2026-08-27 10:13 IST,2026-08-27 10:13 IST,1,15,871785.0,966.2,561.05,58119.0,966.2,561.05,0.0002,170.92,0.0,0.0,335.68,335.68,0.0,-335.68,-0.336,banked (gap < cost),sideways/normal
parity,BANKNIFTY,57800.0,2026-09-29,2026-08-27 10:13 IST,2026-08-27 10:13 IST,1,15,871785.0,910.3,601.8,58119.0,910.3,601.8,0.00015,129.46,0.0,0.0,335.0,335.0,0.0,-335.0,-0.335,banked (gap < cost),sideways/normal
parity,BANKNIFTY,58000.0,2026-09-29,2026-08-27 10:13 IST,2026-08-27 10:13 IST,1,15,871785.0,796.45,686.0,58119.0,796.45,686.0,0.00014,117.79,0.0,0.0,333.69,333.69,0.0,-333.69,-0.334,banked (gap < cost),sideways/normal
parity,BANKNIFTY,58100.0,2026-09-29,2026-08-27 10:13 IST,2026-08-27 10:13 IST,1,15,871785.0,743.3,732.3,58119.0,743.3,732.3,0.00014,118.33,0.0,0.0,333.53,333.53,0.0,-333.53,-0.334,banked (gap < cost),sideways/normal
parity,BANKNIFTY,58500.0,2026-09-29,2026-08-27 10:13 IST,2026-08-27 10:13 IST,1,15,871785.0,551.0,938.85,58119.0,551.0,938.85,0.00016,136.24,0.0,0.0,334.1,334.1,0.0,-334.1,-0.334,banked (gap < cost),sideways/normal
parity,BANKNIFTY,57000.0,2026-09-29,2026-08-27 10:14 IST,2026-08-27 10:14 IST,1,15,871665.0,1425.0,345.15,58111.0,1425.0,345.15,0.00042,369.6,0.0,0.0,344.96,344.96,0.0,-344.96,-0.345,banked (gap < cost),sideways/normal
parity,NIFTY,24600.0,2026-09-29,2026-08-27 10:15 IST,2026-08-27 10:15 IST,1,75,1825868.0,159.5,411.75,24344.9,159.5,411.75,6e-05,101.61,0.0,0.0,637.74,637.74,0.0,-637.74,-0.638,banked (gap < cost),sideways/normal
parity,NIFTY,24800.0,2026-09-29,2026-08-27 10:15 IST,2026-08-27 10:15 IST,1,75,1825868.0,96.9,545.35,24344.9,96.9,545.35,0.00016,298.72,0.0,0.0,652.02,652.02,0.0,-652.02,-0.652,banked (gap < cost),sideways/normal
parity,BANKNIFTY,58400.0,2026-09-29,2026-08-27 10:16 IST,2026-08-27 10:16 IST,1,15,871914.0,587.2,895.0,58127.6,587.2,895.0,0.00064,554.96,0.00031,281.14,334.17,615.31,0.0,-615.31,-0.615,banked (gap < cost),sideways/normal
parity,NIFTY,25400.0,2026-09-29,2026-08-27 10:19 IST,2026-08-27 10:19 IST,1,75,1825155.0,18.85,1059.65,24335.4,18.85,1059.65,0.00072,1317.12,0.0,0.0,726.39,726.39,0.0,-726.39,-0.726,banked (gap < cost),sideways/normal
parity,BANKNIFTY,58100.0,2026-09-29,2026-08-27 10:21 IST,2026-08-27 10:21 IST,1,15,871770.0,732.55,746.7,58118.0,732.55,746.7,0.00055,480.67,0.00015,133.25,333.7,466.95,0.0,-466.95,-0.467,banked (gap < cost),sideways/normal
parity,BANKNIFTY,58200.0,2026-09-29,2026-08-27 10:21 IST,2026-08-27 10:21 IST,1,15,871770.0,679.0,794.6,58118.0,679.0,794.6,0.00059,511.21,0.00015,133.23,333.47,466.7,0.0,-466.7,-0.467,banked (gap < cost),sideways/normal
parity,BANKNIFTY,58300.0,2026-09-29,2026-08-27 10:21 IST,2026-08-27 10:21 IST,1,15,871770.0,633.0,843.95,58118.0,633.0,843.95,0.00052,450.25,0.00015,133.24,333.56,466.8,0.0,-466.8,-0.467,banked (gap < cost),sideways/normal
parity,BANKNIFTY,57900.0,2026-09-29,2026-08-27 10:22 IST,2026-08-27 10:22 IST,1,15,871665.0,834.0,657.25,58111.0,834.0,657.25,0.00057,495.2,0.00012,111.41,334.05,445.46,0.0,-445.46,-0.445,banked (gap < cost),sideways/normal
parity,BANKNIFTY,57000.0,2026-09-29,2026-08-27 10:23 IST,2026-08-27 10:23 IST,1,15,871665.0,1425.4,344.2,58111.0,1425.4,344.2,0.0004,349.35,0.0,0.0,344.63,344.63,0.0,-344.63,-0.345,banked (gap < cost),sideways/normal
parity,BANKNIFTY,57400.0,2026-09-29,2026-08-27 10:23 IST,2026-08-27 10:23 IST,1,15,871665.0,1140.0,464.85,58111.0,1140.0,464.85,0.00055,475.26,0.0,0.0,338.57,338.57,0.0,-338.57,-0.339,banked (gap < cost),sideways/normal
parity,BANKNIFTY,57600.0,2026-09-29,2026-08-27 10:23 IST,2026-08-27 10:23 IST,1,15,871665.0,1017.1,533.15,58111.0,1017.1,533.15,0.00041,360.84,0.0,0.0,336.32,336.32,0.0,-336.32,-0.336,banked (gap < cost),sideways/normal
parity,BANKNIFTY,57700.0,2026-09-29,2026-08-27 10:23 IST,2026-08-27 10:23 IST,1,15,871665.0,954.8,573.15,58111.0,954.8,573.15,0.00046,404.13,0.00013,113.35,335.38,448.73,0.0,-448.73,-0.449,banked (gap < cost),sideways/normal
parity,BANKNIFTY,58400.0,2026-09-29,2026-08-27 10:23 IST,2026-08-27 10:23 IST,1,15,871665.0,583.65,898.85,58111.0,583.65,898.85,0.00048,418.4,0.0,0.0,333.63,333.63,0.0,-333.63,-0.334,banked (gap < cost),sideways/normal
parity,BANKNIFTY,56900.0,2026-09-29,2026-08-27 10:25 IST,2026-08-27 10:25 IST,1,15,871200.0,1490.15,326.15,58080.0,1490.15,326.15,0.00016,136.29,0.0,0.0,346.69,346.69,0.0,-346.69,-0.347,banked (gap < cost),sideways/normal
parity,BANKNIFTY,57400.0,2026-09-29,2026-08-27 10:25 IST,2026-08-27 10:25 IST,1,15,871200.0,1133.8,466.95,58080.0,1133.8,466.95,0.00016,137.48,0.0,0.0,338.43,338.43,0.0,-338.43,-0.338,banked (gap < cost),sideways/normal
parity,BANKNIFTY,58900.0,2026-09-29,2026-08-27 10:27 IST,2026-08-27 10:27 IST,1,15,871530.0,384.0,1210.25,58102.0,384.0,1210.25,0.00057,493.89,0.0,0.0,338.09,338.09,0.0,-338.09,-0.338,banked (gap < cost),sideways/normal
parity,BANKNIFTY,57500.0,2026-09-29,2026-08-27 10:28 IST,2026-08-27 10:28 IST,1,15,871530.0,1072.5,496.55,58102.0,1072.5,496.55,0.00039,337.84,0.0,0.0,336.86,336.86,0.0,-336.86,-0.337,banked (gap < cost),sideways/normal
parity,BANKNIFTY,57800.0,2026-09-29,2026-08-27 10:30 IST,2026-08-27 10:30 IST,1,15,871383.0,895.0,612.8,58092.2,895.0,612.8,0.00014,124.31,9e-05,83.06,334.6,417.66,0.0,-417.66,-0.418,banked (gap < cost),sideways/normal
parity,BANKNIFTY,57900.0,2026-09-29,2026-08-27 10:30 IST,2026-08-27 10:30 IST,1,15,871383.0,841.5,654.55,58092.2,841.5,654.55,7e-05,61.85,9e-05,83.04,334.06,417.1,0.0,-417.1,-0.417,banked (gap < cost),sideways/normal
parity,BANKNIFTY,58000.0,2026-09-29,2026-08-27 10:30 IST,2026-08-27 10:30 IST,1,15,871383.0,783.0,699.1,58092.2,783.0,699.1,0.00013,116.38,9e-05,83.04,333.86,416.9,0.0,-416.9,-0.417,banked (gap < cost),sideways/normal
parity,BANKNIFTY,58200.0,2026-09-29,2026-08-27 10:30 IST,2026-08-27 10:30 IST,1,15,871383.0,679.9,795.5,58092.2,679.9,795.5,0.00015,126.46,9e-05,83.03,333.56,416.59,0.0,-416.59,-0.417,banked (gap < cost),sideways/normal
parity,BANKNIFTY,57000.0,2026-09-29,2026-08-27 10:31 IST,2026-08-27 10:31 IST,1,15,871257.0,1420.0,345.1,58083.8,1420.0,345.1,4e-05,38.25,0.00023,203.46,344.51,547.97,0.0,-547.97,-0.548,banked (gap < cost),sideways/normal
parity,BANKNIFTY,58800.0,2026-09-29,2026-08-27 10:34 IST,2026-08-27 10:34 IST,1,15,871500.0,420.8,1137.25,58100.0,420.8,1137.25,0.00035,308.27,0.0002,180.84,336.7,517.54,0.0,-517.54,-0.518,banked (gap < cost),sideways/normal
parity,NIFTY,24900.0,2026-09-29,2026-08-27 10:36 IST,2026-08-27 10:36 IST,1,75,1825620.0,73.0,628.0,24341.6,73.0,628.0,1e-05,9.63,8e-05,142.01,662.1,804.11,0.0,-804.11,-0.804,banked (gap < cost),sideways/normal
parity,BANKNIFTY,57000.0,2026-09-29,2026-08-27 10:40 IST,2026-08-27 10:40 IST,1,15,871740.0,1420.0,345.0,58116.0,1420.0,345.0,0.00059,516.91,0.0,0.0,344.64,344.64,0.0,-344.64,-0.345,banked (gap < cost),sideways/normal
parity,BANKNIFTY,56700.0,2026-09-29,2026-08-27 10:41 IST,2026-08-27 10:41 IST,1,15,871506.0,1640.25,274.95,58100.4,1640.25,274.95,0.00046,403.39,6e-05,51.96,350.88,402.84,0.0,-402.84,-0.403,banked (gap < cost),sideways/normal
parity,NIFTY,25200.0,2026-09-29,2026-08-27 10:41 IST,2026-08-27 10:41 IST,1,75,1824750.0,31.6,885.0,24330.0,31.6,885.0,0.00047,862.67,0.0,0.0,702.97,702.97,0.0,-702.97,-0.703,banked (gap < cost),sideways/normal
parity,BANKNIFTY,57000.0,2026-09-29,2026-08-27 10:42 IST,2026-08-27 10:42 IST,1,15,871215.0,1404.1,348.95,58081.0,1404.1,348.95,0.00034,292.74,5e-05,40.58,344.19,384.77,0.0,-384.77,-0.385,banked (gap < cost),sideways/normal
parity,BANKNIFTY,57500.0,2026-09-29,2026-08-27 10:42 IST,2026-08-27 10:42 IST,1,15,871215.0,1061.75,501.0,58081.0,1061.75,501.0,0.00029,252.68,5e-05,40.45,336.75,377.2,0.0,-377.2,-0.377,banked (gap < cost),sideways/normal
parity,BANKNIFTY,57600.0,2026-09-29,2026-08-27 10:42 IST,2026-08-27 10:42 IST,1,15,871215.0,1002.0,537.9,58081.0,1002.0,537.9,0.00024,211.22,5e-05,40.43,335.88,376.31,0.0,-376.31,-0.376,banked (gap < cost),sideways/normal
parity,BANKNIFTY,57700.0,2026-09-29,2026-08-27 10:42 IST,2026-08-27 10:42 IST,1,15,871215.0,943.15,577.5,58081.0,943.15,577.5,0.00023,196.76,5e-05,40.42,335.03,375.45,0.0,-375.45,-0.375,banked (gap < cost),sideways/normal
parity,BANKNIFTY,57800.0,2026-09-29,2026-08-27 10:42 IST,2026-08-27 10:42 IST,1,15,871215.0,887.4,619.05,58081.0,887.4,619.05,0.00019,165.05,5e-05,40.41,334.52,374.93,0.0,-374.93,-0.375,banked (gap < cost),sideways/normal
parity,BANKNIFTY,57900.0,2026-09-29,2026-08-27 10:42 IST,2026-08-27 10:42 IST,1,15,871215.0,830.0,659.1,58081.0,830.0,659.1,0.00016,135.59,5e-05,40.4,333.9,374.3,0.0,-374.3,-0.374,banked (gap < cost),sideways/normal
parity,BANKNIFTY,58000.0,2026-09-29,2026-08-27 10:42 IST,2026-08-27 10:42 IST,1,15,871215.0,775.35,705.7,58081.0,775.35,705.7,0.00019,163.13,5e-05,40.39,333.48,373.87,0.0,-373.87,-0.374,banked (gap < cost),sideways/normal
parity,BANKNIFTY,58200.0,2026-09-29,2026-08-27 10:42 IST,2026-08-27 10:42 IST,1,15,871215.0,670.6,801.15,58081.0,670.6,801.15,0.00021,183.71,5e-05,40.39,333.2,373.59,0.0,-373.59,-0.374,banked (gap < cost),sideways/normal
parity,BANKNIFTY,58800.0,2026-09-29,2026-08-27 10:42 IST,2026-08-27 10:42 IST,1,15,871215.0,416.5,1146.75,58081.0,416.5,1146.75,0.00027,231.94,0.0,0.0,336.72,336.72,0.0,-336.72,-0.337,banked (gap < cost),sideways/normal
parity,BANKNIFTY,56000.0,2026-09-29,2026-08-27 10:45 IST,2026-08-27 10:45 IST,1,15,871452.0,2195.75,162.0,58096.8,2195.75,162.0,0.00087,761.47,0.0,0.0,368.11,368.11,0.0,-368.11,-0.368,banked (gap < cost),sideways/normal
parity,BANKNIFTY,58700.0,2026-09-29,2026-08-27 10:45 IST,2026-08-27 10:45 IST,1,15,871452.0,449.55,1085.1,58096.8,449.55,1085.1,0.00062,538.28,6e-05,50.58,335.76,386.34,0.0,-386.34,-0.386,banked (gap < cost),sideways/normal
parity,BANKNIFTY,59300.0,2026-09-29,2026-08-27 10:46 IST,2026-08-27 10:46 IST,1,15,871215.0,265.7,1497.85,58081.0,265.7,1497.85,0.00035,304.39,0.0,0.0,345.04,345.04,0.0,-345.04,-0.345,banked (gap < cost),sideways/normal
parity,BANKNIFTY,57000.0,2026-09-29,2026-08-27 10:49 IST,2026-08-27 10:49 IST,1,15,871155.0,1394.1,353.5,58077.0,1394.1,353.5,0.00052,451.34,0.00026,229.7,343.86,573.56,0.0,-573.56,-0.574,banked (gap < cost),sideways/normal
parity,BANKNIFTY,57200.0,2026-09-29,2026-08-27 10:50 IST,2026-08-27 10:50 IST,1,15,870465.0,1231.8,424.4,58031.0,1231.8,424.4,0.00032,280.96,0.0,0.0,340.46,340.46,0.0,-340.46,-0.34,banked (gap < cost),sideways/normal
parity,BANKNIFTY,58600.0,2026-09-29,2026-08-27 10:50 IST,2026-08-27 10:50 IST,1,15,870465.0,473.45,1053.7,58031.0,473.45,1053.7,0.00025,218.76,0.0,0.0,335.4,335.4,0.0,-335.4,-0.335,banked (gap < cost),sideways/normal
parity,BANKNIFTY,59100.0,2026-09-29,2026-08-27 10:50 IST,2026-08-27 10:50 IST,1,15,870465.0,304.25,1383.0,58031.0,304.25,1383.0,0.00028,240.21,0.0,0.0,340.85,340.85,0.0,-340.85,-0.341,banked (gap < cost),sideways/normal
parity,BANKNIFTY,56500.0,2026-09-29,2026-08-27 10:52 IST,2026-08-27 10:52 IST,1,15,870375.0,1734.85,255.75,58025.0,1734.85,255.75,0.00064,554.46,0.0,0.0,352.71,352.71,0.0,-352.71,-0.353,banked (gap < cost),sideways/normal
parity,BANKNIFTY,56700.0,2026-09-29,2026-08-27 10:52 IST,2026-08-27 10:52 IST,1,15,870375.0,1590.15,297.75,58025.0,1590.15,297.75,0.00043,372.54,0.0,0.0,349.87,349.87,0.0,-349.87,-0.35,banked (gap < cost),sideways/normal
parity,BANKNIFTY,57000.0,2026-09-29,2026-08-27 10:52 IST,2026-08-27 10:52 IST,1,15,870375.0,1360.0,373.25,58025.0,1360.0,373.25,0.00056,483.66,0.0,0.0,342.89,342.89,0.0,-342.89,-0.343,banked (gap < cost),sideways/normal
parity,BANKNIFTY,57400.0,2026-09-29,2026-08-27 10:52 IST,2026-08-27 10:52 IST,1,15,870375.0,1089.6,497.8,58025.0,1089.6,497.8,0.00051,443.07,0.0,0.0,337.44,337.44,0.0,-337.44,-0.337,banked (gap < cost),sideways/normal
parity,BANKNIFTY,57500.0,2026-09-29,2026-08-27 10:52 IST,2026-08-27 10:52 IST,1,15,870375.0,1021.15,530.55,58025.0,1021.15,530.55,0.00054,469.86,0.0,0.0,336.15,336.15,0.0,-336.15,-0.336,banked (gap < cost),sideways/normal
parity,BANKNIFTY,57600.0,2026-09-29,2026-08-27 10:52 IST,2026-08-27 10:52 IST,1,15,870375.0,963.9,570.7,58025.0,963.9,570.7,0.00051,439.65,0.0,0.0,335.37,335.37,0.0,-335.37,-0.335,banked (gap < cost),sideways/normal
parity,BANKNIFTY,57700.0,2026-09-29,2026-08-27 10:52 IST,2026-08-27 10:52 IST,1,15,870375.0,907.6,609.05,58025.0,907.6,609.05,0.00042,368.19,0.0,0.0,334.74,334.74,0.0,-334.74,-0.335,banked (gap < cost),sideways/normal
parity,BANKNIFTY,58000.0,2026-09-29,2026-08-27 10:52 IST,2026-08-27 10:52 IST,1,15,870375.0,740.8,743.55,58025.0,740.8,743.55,0.00048,414.05,0.0,0.0,333.4,333.4,0.0,-333.4,-0.333,banked (gap < cost),sideways/normal
parity,BANKNIFTY,58100.0,2026-09-29,2026-08-27 10:52 IST,2026-08-27 10:52 IST,1,15,870375.0,689.15,791.85,58025.0,689.15,791.85,0.00048,422.09,0.0,0.0,333.24,333.24,0.0,-333.24,-0.333,banked (gap < cost),sideways/normal
parity,BANKNIFTY,58200.0,2026-09-29,2026-08-27 10:52 IST,2026-08-27 10:52 IST,1,15,870375.0,639.05,838.2,58025.0,639.05,838.2,0.00043,377.63,0.0,0.0,333.36,333.36,0.0,-333.36,-0.333,banked (gap < cost),sideways/normal
parity,BANKNIFTY,58300.0,2026-09-29,2026-08-27 10:52 IST,2026-08-27 10:52 IST,1,15,870375.0,591.75,893.7,58025.0,591.75,893.7,0.00049,428.42,0.0,0.0,333.26,333.26,0.0,-333.26,-0.333,banked (gap < cost),sideways/normal
parity,BANKNIFTY,58400.0,2026-09-29,2026-08-27 10:52 IST,2026-08-27 10:52 IST,1,15,870375.0,548.0,946.45,58025.0,548.0,946.45,0.00044,384.71,0.0,0.0,334.13,334.13,0.0,-334.13,-0.334,banked (gap < cost),sideways/normal
parity,BANKNIFTY,58800.0,2026-09-29,2026-08-27 10:52 IST,2026-08-27 10:52 IST,1,15,870375.0,393.35,1193.0,58025.0,393.35,1193.0,0.0005,437.87,0.0,0.0,337.62,337.62,0.0,-337.62,-0.338,banked (gap < cost),sideways/normal
parity,BANKNIFTY,59000.0,2026-09-29,2026-08-27 10:52 IST,2026-08-27 10:52 IST,1,15,870375.0,330.85,1325.0,58025.0,330.85,1325.0,0.00043,372.94,0.0,0.0,340.35,340.35,0.0,-340.35,-0.34,banked (gap < cost),sideways/normal
parity,BANKNIFTY,59500.0,2026-09-29,2026-08-27 10:52 IST,2026-08-27 10:52 IST,1,15,870375.0,203.8,1699.85,58025.0,203.8,1699.85,0.00051,445.39,0.0,0.0,349.49,349.49,0.0,-349.49,-0.349,banked (gap < cost),sideways/normal
parity,BANKNIFTY,57100.0,2026-09-29,2026-08-27 10:53 IST,2026-08-27 10:53 IST,1,15,870420.0,1300.0,396.0,58028.0,1300.0,396.0,0.00032,278.44,1e-05,12.5,341.72,354.22,0.0,-354.22,-0.354,banked (gap < cost),sideways/normal
parity,BANKNIFTY,57200.0,2026-09-29,2026-08-27 10:53 IST,2026-08-27 10:53 IST,1,15,870420.0,1237.25,427.9,58028.0,1237.25,427.9,0.00024,206.98,0.0,0.0,339.82,339.82,0.0,-339.82,-0.34,banked (gap < cost),sideways/normal
parity,BANKNIFTY,58700.0,2026-09-29,2026-08-27 10:53 IST,2026-08-27 10:53 IST,1,15,870420.0,435.05,1120.0,58028.0,435.05,1120.0,0.00029,253.31,0.0,0.0,336.38,336.38,0.0,-336.38,-0.336,banked (gap < cost),sideways/normal
parity,BANKNIFTY,56000.0,2026-09-29,2026-08-27 10:55 IST,2026-08-27 10:55 IST,1,15,870321.0,2151.0,173.95,58021.4,2151.0,173.95,0.00056,487.56,0.0,0.0,365.64,365.64,0.0,-365.64,-0.366,banked (gap < cost),sideways/normal
parity,BANKNIFTY,58600.0,2026-09-29,2026-08-27 10:55 IST,2026-08-27 10:55 IST,1,15,870321.0,466.8,1067.25,58021.4,466.8,1067.25,0.00043,378.58,0.0,0.0,335.17,335.17,0.0,-335.17,-0.335,banked (gap < cost),sideways/normal
parity,BANKNIFTY,59100.0,2026-09-29,2026-08-27 10:55 IST,2026-08-27 10:55 IST,1,15,870321.0,300.0,1396.65,58021.4,300.0,1396.65,0.00042,365.53,0.0,0.0,341.63,341.63,0.0,-341.63,-0.342,banked (gap < cost),sideways/normal
parity,BANKNIFTY,57400.0,2026-09-29,2026-08-27 10:56 IST,2026-08-27 10:56 IST,1,15,870321.0,1087.25,496.95,58021.4,1087.25,496.95,0.00047,411.86,0.00014,128.64,337.16,465.8,0.0,-465.8,-0.466,banked (gap < cost),sideways/normal
parity,BANKNIFTY,57200.0,2026-09-29,2026-08-27 10:57 IST,2026-08-27 10:57 IST,1,15,870528.0,1225.85,428.6,58035.2,1225.85,428.6,0.00057,495.83,8e-05,71.17,339.75,410.92,0.0,-410.92,-0.411,banked (gap < cost),sideways/normal
parity,BANKNIFTY,57000.0,2026-09-29,2026-08-27 10:58 IST,2026-08-27 10:58 IST,1,15,870528.0,1367.65,367.45,58035.2,1367.65,367.45,0.0005,434.0,7e-05,61.54,343.16,404.7,0.0,-404.7,-0.405,banked (gap < cost),sideways/normal
parity,BANKNIFTY,57400.0,2026-09-29,2026-08-27 10:58 IST,2026-08-27 10:58 IST,1,15,870528.0,1094.05,492.4,58035.2,1094.05,492.4,0.00051,447.41,7e-05,61.39,337.5,398.89,0.0,-398.89,-0.399,banked (gap < cost),sideways/normal
parity,BANKNIFTY,57500.0,2026-09-29,2026-08-27 10:58 IST,2026-08-27 10:58 IST,1,15,870528.0,1027.3,526.05,58035.2,1027.3,526.05,0.00053,462.2,7e-05,61.35,336.22,397.57,0.0,-397.57,-0.398,banked (gap < cost),sideways/normal
parity,BANKNIFTY,57700.0,2026-09-29,2026-08-27 10:58 IST,2026-08-27 10:58 IST,1,15,870528.0,913.0,604.0,58035.2,913.0,604.0,0.00042,363.53,7e-05,61.31,334.66,395.97,0.0,-395.97,-0.396,banked (gap < cost),sideways/normal
parity,BANKNIFTY,57800.0,2026-09-29,2026-08-27 10:58 IST,2026-08-27 10:58 IST,1,15,870528.0,855.05,645.1,58035.2,855.05,645.1,0.00041,358.07,7e-05,61.29,334.08,395.37,0.0,-395.37,-0.395,banked (gap < cost),sideways/normal
parity,BANKNIFTY,57900.0,2026-09-29,2026-08-27 10:58 IST,2026-08-27 10:58 IST,1,15,870528.0,796.8,688.6,58035.2,796.8,688.6,0.00045,393.11,7e-05,61.29,333.78,395.07,0.0,-395.07,-0.395,banked (gap < cost),sideways/normal
parity,BANKNIFTY,58000.0,2026-09-29,2026-08-27 10:58 IST,2026-08-27 10:58 IST,1,15,870528.0,747.0,735.1,58035.2,747.0,735.1,0.0004,346.39,7e-05,61.28,333.42,394.7,0.0,-394.7,-0.395,banked (gap < cost),sideways/normal
parity,BANKNIFTY,58100.0,2026-09-29,2026-08-27 10:58 IST,2026-08-27 10:58 IST,1,15,870528.0,692.5,785.0,58035.2,692.5,785.0,0.00048,421.18,7e-05,61.27,333.21,394.48,0.0,-394.48,-0.394,banked (gap < cost),sideways/normal
parity,BANKNIFTY,58200.0,2026-09-29,2026-08-27 10:58 IST,2026-08-27 10:58 IST,1,15,870528.0,645.35,832.35,58035.2,645.35,832.35,0.0004,347.47,7e-05,61.28,333.39,394.67,0.0,-394.67,-0.395,banked (gap < cost),sideways/normal
parity,BANKNIFTY,58300.0,2026-09-29,2026-08-27 10:58 IST,2026-08-27 10:58 IST,1,15,870528.0,596.75,885.0,58035.2,596.75,885.0,0.00043,375.01,7e-05,61.28,333.55,394.83,0.0,-394.83,-0.395,banked (gap < cost),sideways/normal
parity,BANKNIFTY,58500.0,2026-09-29,2026-08-27 10:58 IST,2026-08-27 10:58 IST,1,15,870528.0,511.85,1007.5,58035.2,511.85,1007.5,0.00058,503.59,7e-05,61.31,334.59,395.9,0.0,-395.9,-0.396,banked (gap < cost),sideways/normal
parity,BANKNIFTY,58400.0,2026-09-29,2026-08-27 10:59 IST,2026-08-27 10:59 IST,1,15,870525.0,556.9,934.1,58035.0,556.9,934.1,0.00025,215.08,7e-05,61.29,333.78,395.07,0.0,-395.07,-0.395,banked (gap < cost),sideways/normal
parity,BANKNIFTY,57000.0,2026-09-29,2026-08-27 11:00 IST,2026-08-27 11:00 IST,1,15,870435.0,1368.4,368.9,58029.0,1368.4,368.9,0.0004,352.06,0.0,0.08,343.24,343.32,0.0,-343.32,-0.343,banked (gap < cost),sideways/normal
parity,BANKNIFTY,57800.0,2026-09-29,2026-08-27 11:00 IST,2026-08-27 11:00 IST,1,15,870435.0,854.6,648.7,58029.0,854.6,648.7,0.00037,326.37,0.0,0.08,334.09,334.17,0.0,-334.17,-0.334,banked (gap < cost),sideways/normal
parity,BANKNIFTY,58100.0,2026-09-29,2026-08-27 11:00 IST,2026-08-27 11:00 IST,1,15,870435.0,693.8,786.5,58029.0,693.8,786.5,0.00038,331.74,0.0,0.08,333.19,333.27,0.0,-333.27,-0.333,banked (gap < cost),sideways/normal
parity,BANKNIFTY,58200.0,2026-09-29,2026-08-27 11:01 IST,2026-08-27 11:01 IST,1,15,870240.0,635.25,848.7,58016.0,635.25,848.7,0.00053,457.92,0.0,0.07,333.29,333.36,0.0,-333.36,-0.333,banked (gap < cost),sideways/normal
parity,BANKNIFTY,58600.0,2026-09-29,2026-08-27 11:01 IST,2026-08-27 11:01 IST,1,15,870240.0,464.6,1074.4,58016.0,464.6,1074.4,0.0005,438.33,0.0,0.03,335.45,335.48,0.0,-335.48,-0.335,banked (gap < cost),sideways/normal
parity,BANKNIFTY,58900.0,2026-09-29,2026-08-27 11:01 IST,2026-08-27 11:01 IST,1,15,870240.0,359.4,1275.95,58016.0,359.4,1275.95,0.00065,565.95,0.0,0.0,339.01,339.01,0.0,-339.01,-0.339,banked (gap < cost),sideways/normal
parity,BANKNIFTY,56500.0,2026-09-29,2026-08-27 11:02 IST,2026-08-27 11:02 IST,1,15,870582.0,1733.0,248.5,58038.8,1733.0,248.5,0.00078,679.26,6e-05,55.97,352.66,408.63,0.0,-408.63,-0.409,banked (gap < cost),sideways/normal
parity,BANKNIFTY,57000.0,2026-09-29,2026-08-27 11:02 IST,2026-08-27 11:02 IST,1,15,870582.0,1380.0,362.4,58038.8,1380.0,362.4,0.00026,226.71,6e-05,55.73,342.9,398.63,0.0,-398.63,-0.399,banked (gap < cost),sideways/normal
parity,BANKNIFTY,57300.0,2026-09-29,2026-08-27 11:02 IST,2026-08-27 11:02 IST,1,15,870582.0,1171.0,452.75,58038.8,1171.0,452.75,0.00028,243.33,2e-05,13.99,338.54,352.53,0.0,-352.53,-0.353,banked (gap < cost),sideways/normal
parity,BANKNIFTY,57500.0,2026-09-29,2026-08-27 11:02 IST,2026-08-27 11:02 IST,1,15,870582.0,1039.0,518.25,58038.8,1039.0,518.25,0.00026,223.41,6e-05,55.57,336.11,391.68,0.0,-391.68,-0.392,banked (gap < cost),sideways/normal
parity,BANKNIFTY,57600.0,2026-09-29,2026-08-27 11:02 IST,2026-08-27 11:02 IST,1,15,870582.0,979.4,557.7,58038.8,979.4,557.7,0.00025,217.94,6e-05,55.55,335.19,390.74,0.0,-390.74,-0.391,banked (gap < cost),sideways/normal
parity,BANKNIFTY,57800.0,2026-09-29,2026-08-27 11:02 IST,2026-08-27 11:02 IST,1,15,870582.0,859.85,638.75,58038.8,859.85,638.75,0.00028,244.52,6e-05,55.52,333.95,389.47,0.0,-389.47,-0.389,banked (gap < cost),sideways/normal
parity,BANKNIFTY,57900.0,2026-09-29,2026-08-27 11:02 IST,2026-08-27 11:02 IST,1,15,870582.0,805.9,682.15,58038.8,805.9,682.15,0.00025,213.56,6e-05,55.51,333.69,389.2,0.0,-389.2,-0.389,banked (gap < cost),sideways/normal
parity,BANKNIFTY,58000.0,2026-09-29,2026-08-27 11:02 IST,2026-08-27 11:02 IST,1,15,870582.0,751.05,728.55,58038.8,751.05,728.55,0.00028,241.1,6e-05,55.5,333.32,388.82,0.0,-388.82,-0.389,banked (gap < cost),sideways/normal
parity,BANKNIFTY,58100.0,2026-09-29,2026-08-27 11:02 IST,2026-08-27 11:02 IST,1,15,870582.0,698.0,775.0,58038.8,698.0,775.0,0.00028,242.39,6e-05,55.5,333.33,388.83,0.0,-388.83,-0.389,banked (gap < cost),sideways/normal
parity,BANKNIFTY,58300.0,2026-09-29,2026-08-27 11:02 IST,2026-08-27 11:02 IST,1,15,870582.0,605.0,875.0,58038.8,605.0,875.0,0.00018,154.97,6e-05,55.51,333.62,389.13,0.0,-389.13,-0.389,banked (gap < cost),sideways/normal
parity,BANKNIFTY,58500.0,2026-09-29,2026-08-27 11:02 IST,2026-08-27 11:02 IST,1,15,870582.0,517.7,990.8,58038.8,517.7,990.8,0.00025,219.05,6e-05,55.54,334.91,390.45,0.0,-390.45,-0.39,banked (gap < cost),sideways/normal
parity,BANKNIFTY,59000.0,2026-09-29,2026-08-27 11:02 IST,2026-08-27 11:02 IST,1,15,870582.0,336.75,1300.35,58038.8,336.75,1300.35,0.00014,120.49,6e-05,55.67,340.37,396.04,0.0,-396.04,-0.396,banked (gap < cost),sideways/normal
parity,BANKNIFTY,57000.0,2026-09-29,2026-08-27 11:04 IST,2026-08-27 11:04 IST,1,15,870849.0,1379.0,361.75,58056.6,1379.0,361.75,0.00057,497.41,0.0,0.0,343.3,343.3,0.0,-343.3,-0.343,banked (gap < cost),sideways/normal
parity,BANKNIFTY,57300.0,2026-09-29,2026-08-27 11:04 IST,2026-08-27 11:04 IST,1,15,870849.0,1169.7,452.25,58056.6,1169.7,452.25,0.0006,520.77,0.0,0.0,339.09,339.09,0.0,-339.09,-0.339,banked (gap < cost),sideways/normal
parity,BANKNIFTY,57500.0,2026-09-29,2026-08-27 11:04 IST,2026-08-27 11:04 IST,1,15,870849.0,1040.0,518.9,58056.6,1040.0,518.9,0.00056,483.6,0.0,0.0,336.32,336.32,0.0,-336.32,-0.336,banked (gap < cost),sideways/normal
parity,BANKNIFTY,57600.0,2026-09-29,2026-08-27 11:04 IST,2026-08-27 11:04 IST,1,15,870849.0,982.75,557.95,58056.6,982.75,557.95,0.0005,436.89,0.0,0.0,335.53,335.53,0.0,-335.53,-0.336,banked (gap < cost),sideways/normal
parity,BANKNIFTY,57700.0,2026-09-29,2026-08-27 11:04 IST,2026-08-27 11:04 IST,1,15,870849.0,920.8,595.5,58056.6,920.8,595.5,0.0005,438.18,0.0,0.0,334.72,334.72,0.0,-334.72,-0.335,banked (gap < cost),sideways/normal
parity,BANKNIFTY,57800.0,2026-09-29,2026-08-27 11:04 IST,2026-08-27 11:04 IST,1,15,870849.0,864.0,638.85,58056.6,864.0,638.85,0.00052,449.22,0.0,0.0,334.21,334.21,0.0,-334.21,-0.334,banked (gap < cost),sideways/normal
parity,BANKNIFTY,57900.0,2026-09-29,2026-08-27 11:04 IST,2026-08-27 11:04 IST,1,15,870849.0,807.0,682.3,58056.6,807.0,682.3,0.00053,464.76,0.0,0.0,333.79,333.79,0.0,-333.79,-0.334,banked (gap < cost),sideways/normal
parity,BANKNIFTY,58000.0,2026-09-29,2026-08-27 11:04 IST,2026-08-27 11:04 IST,1,15,870849.0,753.55,725.95,58056.6,753.55,725.95,0.00049,430.05,0.0,0.0,333.27,333.27,0.0,-333.27,-0.333,banked (gap < cost),sideways/normal
parity,BANKNIFTY,58100.0,2026-09-29,2026-08-27 11:04 IST,2026-08-27 11:04 IST,1,15,870849.0,700.85,776.0,58056.6,700.85,776.0,0.00055,480.09,0.0,0.0,333.28,333.28,0.0,-333.28,-0.333,banked (gap < cost),sideways/normal
parity,BANKNIFTY,58300.0,2026-09-29,2026-08-27 11:04 IST,2026-08-27 11:04 IST,1,15,870849.0,605.75,877.95,58056.6,605.75,877.95,0.00052,453.42,0.0,0.0,333.36,333.36,0.0,-333.36,-0.333,banked (gap < cost),sideways/normal
parity,BANKNIFTY,58400.0,2026-09-29,2026-08-27 11:04 IST,2026-08-27 11:04 IST,1,15,870849.0,561.65,929.0,58056.6,561.65,929.0,0.00045,389.46,0.0,0.0,333.57,333.57,0.0,-333.57,-0.334,banked (gap < cost),sideways/normal
parity,BANKNIFTY,58500.0,2026-09-29,2026-08-27 11:04 IST,2026-08-27 11:04 IST,1,15,870849.0,519.35,986.45,58056.6,519.35,986.45,0.00045,394.5,0.0,0.0,334.44,334.44,0.0,-334.44,-0.334,banked (gap < cost),sideways/normal
parity,BANKNIFTY,57400.0,2026-09-29,2026-08-27 11:05 IST,2026-08-27 11:05 IST,1,15,870885.0,1110.0,479.15,58059.0,1110.0,479.15,0.00042,364.33,0.0,0.0,337.62,337.62,0.0,-337.62,-0.338,banked (gap < cost),sideways/normal
parity,BANKNIFTY,57000.0,2026-09-29,2026-08-27 11:06 IST,2026-08-27 11:06 IST,1,15,871125.0,1392.25,360.0,58075.0,1392.25,360.0,0.00063,546.77,0.0,0.0,343.55,343.55,0.0,-343.55,-0.344,banked (gap < cost),sideways/normal
parity,BANKNIFTY,57500.0,2026-09-29,2026-08-27 11:06 IST,2026-08-27 11:06 IST,1,15,871125.0,1051.15,514.6,58075.0,1051.15,514.6,0.0006,526.21,0.0,0.0,336.42,336.42,0.0,-336.42,-0.336,banked (gap < cost),sideways/normal
parity,BANKNIFTY,58100.0,2026-09-29,2026-08-27 11:06 IST,2026-08-27 11:06 IST,1,15,871125.0,707.05,770.0,58075.0,707.05,770.0,0.00066,571.45,0.0,0.0,333.21,333.21,0.0,-333.21,-0.333,banked (gap < cost),sideways/normal
parity,BANKNIFTY,58400.0,2026-09-29,2026-08-27 11:06 IST,2026-08-27 11:06 IST,1,15,871125.0,567.95,920.0,58075.0,567.95,920.0,0.0005,434.31,0.0,0.0,334.0,334.0,0.0,-334.0,-0.334,banked (gap < cost),sideways/normal
parity,BANKNIFTY,58500.0,2026-09-29,2026-08-27 11:06 IST,2026-08-27 11:06 IST,1,15,871125.0,524.05,981.8,58075.0,524.05,981.8,0.00061,528.6,0.0,0.0,334.39,334.39,0.0,-334.39,-0.334,banked (gap < cost),sideways/normal
parity,BANKNIFTY,58600.0,2026-09-29,2026-08-27 11:06 IST,2026-08-27 11:06 IST,1,15,871125.0,482.75,1036.35,58075.0,482.75,1036.35,0.00055,475.14,0.0,0.0,335.23,335.23,0.0,-335.23,-0.335,banked (gap < cost),sideways/normal
parity,BANKNIFTY,57300.0,2026-09-29,2026-08-27 11:07 IST,2026-08-27 11:07 IST,1,15,871050.0,1177.75,449.3,58070.0,1177.75,449.3,0.00064,555.57,0.0,0.0,339.06,339.06,0.0,-339.06,-0.339,banked (gap < cost),sideways/normal
parity,BANKNIFTY,57400.0,2026-09-29,2026-08-27 11:07 IST,2026-08-27 11:07 IST,1,15,871050.0,1116.65,477.55,58070.0,1116.65,477.55,0.00046,404.61,0.0,0.0,337.88,337.88,0.0,-337.88,-0.338,banked (gap < cost),sideways/normal
parity,BANKNIFTY,57600.0,2026-09-29,2026-08-27 11:07 IST,2026-08-27 11:07 IST,1,15,871050.0,988.0,554.6,58070.0,988.0,554.6,0.00058,507.69,0.0,0.0,335.77,335.77,0.0,-335.77,-0.336,banked (gap < cost),sideways/normal
parity,BANKNIFTY,57700.0,2026-09-29,2026-08-27 11:07 IST,2026-08-27 11:07 IST,1,15,871050.0,933.0,591.3,58070.0,933.0,591.3,0.00045,391.98,0.0,0.0,335.08,335.08,0.0,-335.08,-0.335,banked (gap < cost),sideways/normal
parity,BANKNIFTY,57800.0,2026-09-29,2026-08-27 11:07 IST,2026-08-27 11:07 IST,1,15,871050.0,871.2,632.8,58070.0,871.2,632.8,0.00052,450.27,0.0,0.0,334.46,334.46,0.0,-334.46,-0.334,banked (gap < cost),sideways/normal
parity,BANKNIFTY,58000.0,2026-09-29,2026-08-27 11:07 IST,2026-08-27 11:07 IST,1,15,871050.0,760.4,720.0,58070.0,760.4,720.0,0.0005,437.85,0.0,0.0,333.53,333.53,0.0,-333.53,-0.334,banked (gap < cost),sideways/normal
parity,BANKNIFTY,58200.0,2026-09-29,2026-08-27 11:07 IST,2026-08-27 11:07 IST,1,15,871050.0,659.6,818.9,58070.0,659.6,818.9,0.00052,450.93,0.0,0.0,333.44,333.44,0.0,-333.44,-0.333,banked (gap < cost),sideways/normal
parity,BANKNIFTY,58300.0,2026-09-29,2026-08-27 11:07 IST,2026-08-27 11:07 IST,1,15,871050.0,613.2,869.1,58070.0,613.2,869.1,0.00047,408.71,0.0,0.0,333.42,333.42,0.0,-333.42,-0.333,banked (gap < cost),sideways/normal
parity,BANKNIFTY,58700.0,2026-09-29,2026-08-27 11:07 IST,2026-08-27 11:07 IST,1,15,871050.0,444.7,1102.5,58070.0,444.7,1102.5,0.00054,472.37,0.0,0.0,336.03,336.03,0.0,-336.03,-0.336,banked (gap < cost),sideways/normal
parity,BANKNIFTY,58800.0,2026-09-29,2026-08-27 11:07 IST,2026-08-27 11:07 IST,1,15,871050.0,408.15,1166.85,58070.0,408.15,1166.85,0.00057,494.66,0.0,0.0,337.14,337.14,0.0,-337.14,-0.337,banked (gap < cost),sideways/normal
parity,BANKNIFTY,57000.0,2026-09-29,2026-08-27 11:09 IST,2026-08-27 11:09 IST,1,15,870978.0,1392.0,360.4,58065.2,1392.0,360.4,0.00047,410.37,0.0,0.0,343.52,343.52,0.0,-343.52,-0.344,banked (gap < cost),sideways/normal
parity,BANKNIFTY,57600.0,2026-09-29,2026-08-27 11:09 IST,2026-08-27 11:09 IST,1,15,870978.0,989.9,555.0,58065.2,989.9,555.0,0.00047,413.6,1e-05,7.28,335.72,343.0,0.0,-343.0,-0.343,banked (gap < cost),sideways/normal
parity,BANKNIFTY,58100.0,2026-09-29,2026-08-27 11:09 IST,2026-08-27 11:09 IST,1,15,870978.0,707.0,773.2,58065.2,707.0,773.2,0.00054,474.05,0.0,0.0,333.32,333.32,0.0,-333.32,-0.333,banked (gap < cost),sideways/normal
parity,BANKNIFTY,56200.0,2026-09-29,2026-08-27 11:10 IST,2026-08-27 11:10 IST,1,15,870900.0,1995.0,196.75,58060.0,1995.0,196.75,0.00088,762.77,0.0,0.0,366.89,366.89,0.0,-366.89,-0.367,banked (gap < cost),sideways/normal
parity,BANKNIFTY,56700.0,2026-09-29,2026-08-27 11:11 IST,2026-08-27 11:11 IST,1,15,870660.0,1595.35,290.8,58044.0,1595.35,290.8,0.00054,473.62,0.0,0.0,349.29,349.29,0.0,-349.29,-0.349,banked (gap < cost),sideways/normal
parity,BANKNIFTY,57300.0,2026-09-29,2026-08-27 11:11 IST,2026-08-27 11:11 IST,1,15,870660.0,1169.9,455.4,58044.0,1169.9,455.4,0.00043,377.11,0.0,0.0,339.0,339.0,0.0,-339.0,-0.339,banked (gap < cost),sideways/normal
parity,BANKNIFTY,57500.0,2026-09-29,2026-08-27 11:11 IST,2026-08-27 11:11 IST,1,15,870660.0,1034.05,521.45,58044.0,1034.05,521.45,0.00049,423.19,9e-05,80.08,336.4,416.48,0.0,-416.48,-0.416,banked (gap < cost),sideways/normal
parity,BANKNIFTY,57800.0,2026-09-29,2026-08-27 11:11 IST,2026-08-27 11:11 IST,1,15,870660.0,862.2,640.35,58044.0,862.2,640.35,0.00036,310.8,9e-05,80.01,334.39,414.4,0.0,-414.4,-0.414,banked (gap < cost),sideways/normal
parity,BANKNIFTY,58000.0,2026-09-29,2026-08-27 11:11 IST,2026-08-27 11:11 IST,1,15,870660.0,753.15,731.9,58044.0,753.15,731.9,0.00039,337.38,9e-05,79.98,333.5,413.48,0.0,-413.48,-0.413,banked (gap < cost),sideways/normal
parity,BANKNIFTY,58200.0,2026-09-29,2026-08-27 11:11 IST,2026-08-27 11:11 IST,1,15,870660.0,651.35,829.15,58044.0,651.35,829.15,0.00039,340.71,9e-05,79.97,333.38,413.35,0.0,-413.35,-0.413,banked (gap < cost),sideways/normal
parity,BANKNIFTY,58500.0,2026-09-29,2026-08-27 11:11 IST,2026-08-27 11:11 IST,1,15,870660.0,517.25,995.5,58044.0,517.25,995.5,0.00043,373.83,9e-05,80.01,334.49,414.5,0.0,-414.5,-0.414,banked (gap < cost),sideways/normal
parity,BANKNIFTY,58700.0,2026-09-29,2026-08-27 11:11 IST,2026-08-27 11:11 IST,1,15,870660.0,437.7,1108.75,58044.0,437.7,1108.75,0.00033,283.41,0.0,0.0,336.11,336.11,0.0,-336.11,-0.336,banked (gap < cost),sideways/normal
parity,BANKNIFTY,57600.0,2026-09-29,2026-08-27 11:12 IST,2026-08-27 11:12 IST,1,15,870726.0,975.0,563.0,58048.4,975.0,563.0,0.00058,506.57,0.0,0.0,335.53,335.53,0.0,-335.53,-0.336,banked (gap < cost),sideways/normal
parity,BANKNIFTY,58800.0,2026-09-29,2026-08-27 11:12 IST,2026-08-27 11:12 IST,1,15,870726.0,400.0,1180.8,58048.4,400.0,1180.8,0.00058,504.04,0.0,0.0,337.22,337.22,0.0,-337.22,-0.337,banked (gap < cost),sideways/normal
parity,BANKNIFTY,57000.0,2026-09-29,2026-08-27 11:13 IST,2026-08-27 11:13 IST,1,15,870774.0,1385.5,361.25,58051.6,1385.5,361.25,0.00037,317.85,4e-05,34.5,343.38,377.88,0.0,-377.88,-0.378,banked (gap < cost),sideways/normal
parity,BANKNIFTY,57400.0,2026-09-29,2026-08-27 11:13 IST,2026-08-27 11:13 IST,1,15,870774.0,1107.55,488.45,58051.6,1107.55,488.45,0.00049,430.25,4e-05,34.41,337.6,372.01,0.0,-372.01,-0.372,banked (gap < cost),sideways/normal
parity,BANKNIFTY,57500.0,2026-09-29,2026-08-27 11:13 IST,2026-08-27 11:13 IST,1,15,870774.0,1041.5,517.25,58051.6,1041.5,517.25,0.00042,361.79,4e-05,34.39,336.32,370.71,0.0,-370.71,-0.371,banked (gap < cost),sideways/normal
parity,BANKNIFTY,57800.0,2026-09-29,2026-08-27 11:13 IST,2026-08-27 11:13 IST,1,15,870774.0,865.35,639.45,58051.6,865.35,639.45,0.00042,363.41,4e-05,34.37,334.34,368.71,0.0,-368.71,-0.369,banked (gap < cost),sideways/normal
parity,BANKNIFTY,57900.0,2026-09-29,2026-08-27 11:13 IST,2026-08-27 11:13 IST,1,15,870774.0,808.65,680.55,58051.6,808.65,680.55,0.00039,339.2,4e-05,34.36,333.91,368.27,0.0,-368.27,-0.368,banked (gap < cost),sideways/normal
parity,BANKNIFTY,58000.0,2026-09-29,2026-08-27 11:13 IST,2026-08-27 11:13 IST,1,15,870774.0,756.0,725.55,58051.6,756.0,725.55,0.00036,312.74,4e-05,34.35,333.57,367.92,0.0,-367.92,-0.368,banked (gap < cost),sideways/normal
parity,BANKNIFTY,58100.0,2026-09-29,2026-08-27 11:13 IST,2026-08-27 11:13 IST,1,15,870774.0,701.0,780.0,58051.6,701.0,780.0,0.00053,463.28,4e-05,34.35,333.46,367.81,0.0,-367.81,-0.368,banked (gap < cost),sideways/normal
parity,BANKNIFTY,58300.0,2026-09-29,2026-08-27 11:13 IST,2026-08-27 11:13 IST,1,15,870774.0,601.15,879.75,58051.6,601.15,879.75,0.00055,474.86,4e-05,34.35,333.39,367.74,0.0,-367.74,-0.368,banked (gap < cost),sideways/normal
parity,BANKNIFTY,58500.0,2026-09-29,2026-08-27 11:13 IST,2026-08-27 11:13 IST,1,15,870774.0,516.6,990.0,58051.6,516.6,990.0,0.00048,414.43,4e-05,34.37,334.63,369.0,0.0,-369.0,-0.369,banked (gap < cost),sideways/normal
parity,BANKNIFTY,58600.0,2026-09-29,2026-08-27 11:13 IST,2026-08-27 11:13 IST,1,15,870774.0,475.0,1055.5,58051.6,475.0,1055.5,0.00061,529.72,0.0,0.0,335.38,335.38,0.0,-335.38,-0.335,banked (gap < cost),sideways/normal
parity,BANKNIFTY,59000.0,2026-09-29,2026-08-27 11:13 IST,2026-08-27 11:13 IST,1,15,870774.0,339.75,1305.7,58051.6,339.75,1305.7,0.0004,346.63,0.0,0.0,339.76,339.76,0.0,-339.76,-0.34,banked (gap < cost),sideways/normal
parity,BANKNIFTY,58100.0,2026-09-29,2026-08-27 11:16 IST,2026-08-27 11:16 IST,1,15,870780.0,696.1,783.4,58052.0,696.1,783.4,0.00068,593.72,6e-05,51.57,333.49,385.06,0.0,-385.06,-0.385,banked (gap < cost),sideways/normal
parity,BANKNIFTY,58500.0,2026-09-29,2026-08-27 11:16 IST,2026-08-27 11:16 IST,1,15,870780.0,515.2,990.85,58052.0,515.2,990.85,0.00052,454.13,0.00021,187.73,334.67,522.4,0.0,-522.4,-0.522,banked (gap < cost),sideways/normal
parity,BANKNIFTY,57200.0,2026-09-29,2026-08-27 11:18 IST,2026-08-27 11:18 IST,1,15,870450.0,1224.05,429.0,58030.0,1224.05,429.0,0.00052,451.3,0.0,0.0,340.31,340.31,0.0,-340.31,-0.34,banked (gap < cost),sideways/normal
parity,BANKNIFTY,57300.0,2026-09-29,2026-08-27 11:18 IST,2026-08-27 11:18 IST,1,15,870450.0,1169.35,460.4,58030.0,1169.35,460.4,0.00029,251.59,4e-05,34.43,338.89,373.32,0.0,-373.32,-0.373,banked (gap < cost),sideways/normal
parity,NIFTY,25200.0,2026-09-29,2026-08-27 11:20 IST,2026-08-27 11:20 IST,1,75,1822515.0,30.45,920.0,24300.2,30.45,920.0,0.0002,373.38,4e-05,74.13,706.93,781.06,0.0,-781.06,-0.781,banked (gap < cost),sideways/normal
parity,NIFTY,24700.0,2026-09-29,2026-08-27 11:24 IST,2026-08-27 11:24 IST,1,75,1821607.0,112.75,519.6,24288.1,112.75,519.6,0.00011,197.77,0.0,0.0,647.57,647.57,0.0,-647.57,-0.648,banked (gap < cost),sideways/normal
parity,NIFTY,25500.0,2026-09-29,2026-08-27 11:24 IST,2026-08-27 11:24 IST,1,75,1821607.0,14.6,1211.35,24288.1,14.6,1211.35,0.00033,603.7,7e-05,125.1,745.04,870.14,0.0,-870.14,-0.87,banked (gap < cost),sideways/normal
parity,BANKNIFTY,57100.0,2026-09-29,2026-08-27 11:27 IST,2026-08-27 11:27 IST,1,15,870180.0,1290.0,407.5,58012.0,1290.0,407.5,0.00042,362.34,5e-05,49.18,341.96,391.14,0.0,-391.14,-0.391,banked (gap < cost),sideways/normal
parity,BANKNIFTY,57500.0,2026-09-29,2026-08-27 11:27 IST,2026-08-27 11:27 IST,1,15,870180.0,1025.0,537.55,58012.0,1025.0,537.55,0.00037,323.25,0.0,0.0,336.49,336.49,0.0,-336.49,-0.336,banked (gap < cost),sideways/normal
parity,BANKNIFTY,57600.0,2026-09-29,2026-08-27 11:27 IST,2026-08-27 11:27 IST,1,15,870180.0,966.85,577.6,58012.0,966.85,577.6,0.00035,305.04,0.0,0.0,335.82,335.82,0.0,-335.82,-0.336,banked (gap < cost),sideways/normal
parity,BANKNIFTY,57700.0,2026-09-29,2026-08-27 11:27 IST,2026-08-27 11:27 IST,1,15,870180.0,908.0,617.4,58012.0,908.0,617.4,0.00034,293.58,0.0,0.0,334.92,334.92,0.0,-334.92,-0.335,banked (gap < cost),sideways/normal
parity,BANKNIFTY,57800.0,2026-09-29,2026-08-27 11:27 IST,2026-08-27 11:27 IST,1,15,870180.0,851.15,661.65,58012.0,851.15,661.65,0.00037,318.87,0.0,0.0,334.37,334.37,0.0,-334.37,-0.334,banked (gap < cost),sideways/normal
parity,BANKNIFTY,57900.0,2026-09-29,2026-08-27 11:27 IST,2026-08-27 11:27 IST,1,15,870180.0,796.25,703.6,58012.0,796.25,703.6,0.00032,280.41,0.0,0.0,333.91,333.91,0.0,-333.91,-0.334,banked (gap < cost),sideways/normal
parity,BANKNIFTY,58000.0,2026-09-29,2026-08-27 11:27 IST,2026-08-27 11:27 IST,1,15,870180.0,743.25,749.65,58012.0,743.25,749.65,0.00032,274.95,0.0,0.0,333.74,333.74,0.0,-333.74,-0.334,banked (gap < cost),sideways/normal
parity,BANKNIFTY,58100.0,2026-09-29,2026-08-27 11:27 IST,2026-08-27 11:27 IST,1,15,870180.0,692.0,800.0,58012.0,692.0,800.0,0.00035,307.73,0.0,0.0,333.65,333.65,0.0,-333.65,-0.334,banked (gap < cost),sideways/normal
parity,BANKNIFTY,58300.0,2026-09-29,2026-08-27 11:27 IST,2026-08-27 11:27 IST,1,15,870180.0,594.0,902.5,58012.0,594.0,902.5,0.00038,332.81,0.0,0.0,333.91,333.91,0.0,-333.91,-0.334,banked (gap < cost),sideways/normal
parity,BANKNIFTY,58900.0,2026-09-29,2026-08-27 11:28 IST,2026-08-27 11:28 IST,1,15,870015.0,360.4,1275.0,58001.0,360.4,1275.0,0.00036,313.02,5e-05,47.78,338.44,386.22,0.0,-386.22,-0.386,banked (gap < cost),sideways/normal
parity,BANKNIFTY,56500.0,2026-09-29,2026-08-27 11:29 IST,2026-08-27 11:29 IST,1,15,870030.0,1725.5,260.15,58002.0,1725.5,260.15,0.00048,417.74,3e-05,26.06,353.05,379.11,0.0,-379.11,-0.379,banked (gap < cost),sideways/normal
parity,BANKNIFTY,58400.0,2026-09-29,2026-08-27 11:29 IST,2026-08-27 11:29 IST,1,15,870030.0,558.45,952.0,58002.0,558.45,952.0,4e-05,31.77,0.0,0.0,334.66,334.66,0.0,-334.66,-0.335,banked (gap < cost),sideways/normal
parity,BANKNIFTY,58600.0,2026-09-29,2026-08-27 11:29 IST,2026-08-27 11:29 IST,1,15,870030.0,474.35,1075.75,58002.0,474.35,1075.75,0.00012,103.56,0.0,0.0,335.98,335.98,0.0,-335.98,-0.336,banked (gap < cost),sideways/normal
parity,BANKNIFTY,56000.0,2026-09-29,2026-08-27 11:32 IST,2026-08-27 11:32 IST,1,15,870585.0,2164.3,173.3,58039.0,2164.3,173.3,0.00062,540.79,0.0001,88.52,365.92,454.44,0.0,-454.44,-0.454,banked (gap < cost),sideways/normal
parity,BANKNIFTY,57000.0,2026-09-29,2026-08-27 11:35 IST,2026-08-27 11:35 IST,1,15,870933.0,1392.45,365.0,58062.2,1392.45,365.0,0.00049,427.88,0.0,0.0,344.02,344.02,0.0,-344.02,-0.344,banked (gap < cost),sideways/normal
parity,BANKNIFTY,57200.0,2026-09-29,2026-08-27 11:35 IST,2026-08-27 11:35 IST,1,15,870933.0,1250.0,422.7,58062.2,1250.0,422.7,0.00051,447.71,0.0,0.0,340.7,340.7,0.0,-340.7,-0.341,banked (gap < cost),sideways/normal
parity,BANKNIFTY,57400.0,2026-09-29,2026-08-27 11:35 IST,2026-08-27 11:35 IST,1,15,870933.0,1115.15,486.8,58062.2,1115.15,486.8,0.00052,449.54,0.0,0.0,338.21,338.21,0.0,-338.21,-0.338,banked (gap < cost),sideways/normal
parity,BANKNIFTY,58000.0,2026-09-29,2026-08-27 11:35 IST,2026-08-27 11:35 IST,1,15,870933.0,761.6,729.65,58062.2,761.6,729.65,0.00051,448.27,0.0,0.0,333.73,333.73,0.0,-333.73,-0.334,banked (gap < cost),sideways/normal
parity,BANKNIFTY,58100.0,2026-09-29,2026-08-27 11:35 IST,2026-08-27 11:35 IST,1,15,870933.0,711.0,777.95,58062.2,711.0,777.95,0.00051,440.56,0.0,0.0,333.63,333.63,0.0,-333.63,-0.334,banked (gap < cost),sideways/normal
parity,BANKNIFTY,58200.0,2026-09-29,2026-08-27 11:35 IST,2026-08-27 11:35 IST,1,15,870933.0,659.35,829.85,58062.2,659.35,829.85,0.00058,502.6,0.0,0.0,333.6,333.6,0.0,-333.6,-0.334,banked (gap < cost),sideways/normal
parity,BANKNIFTY,58500.0,2026-09-29,2026-08-27 11:35 IST,2026-08-27 11:35 IST,1,15,870933.0,524.4,989.0,58062.2,524.4,989.0,0.00051,440.47,0.0,0.0,334.66,334.66,0.0,-334.66,-0.335,banked (gap < cost),sideways/normal
parity,BANKNIFTY,59000.0,2026-09-29,2026-08-27 11:35 IST,2026-08-27 11:35 IST,1,15,870933.0,344.0,1303.0,58062.2,344.0,1303.0,0.00046,400.41,0.0,0.0,339.58,339.58,0.0,-339.58,-0.34,banked (gap < cost),sideways/normal
parity,BANKNIFTY,57000.0,2026-09-29,2026-08-27 11:37 IST,2026-08-27 11:37 IST,1,15,870846.0,1383.9,368.3,58056.4,1383.9,368.3,0.0006,519.13,1e-05,9.18,343.59,352.77,0.0,-352.77,-0.353,banked (gap < cost),sideways/normal
parity,BANKNIFTY,57500.0,2026-09-29,2026-08-27 11:37 IST,2026-08-27 11:37 IST,1,15,870846.0,1045.4,525.35,58056.4,1045.4,525.35,0.00057,496.32,0.0,0.0,336.67,336.67,0.0,-336.67,-0.337,banked (gap < cost),sideways/normal
parity,BANKNIFTY,58100.0,2026-09-29,2026-08-27 11:37 IST,2026-08-27 11:37 IST,1,15,870846.0,704.15,781.8,58056.4,704.15,781.8,0.00059,514.56,0.0,0.0,333.59,333.59,0.0,-333.59,-0.334,banked (gap < cost),sideways/normal
parity,BANKNIFTY,58200.0,2026-09-29,2026-08-27 11:37 IST,2026-08-27 11:37 IST,1,15,870846.0,655.9,830.75,58056.4,655.9,830.75,0.00055,481.35,0.0,0.0,333.68,333.68,0.0,-333.68,-0.334,banked (gap < cost),sideways/normal
parity,BANKNIFTY,58300.0,2026-09-29,2026-08-27 11:37 IST,2026-08-27 11:37 IST,1,15,870846.0,609.6,882.65,58056.4,609.6,882.65,0.00053,463.14,0.0,0.0,333.79,333.79,0.0,-333.79,-0.334,banked (gap < cost),sideways/normal
parity,BANKNIFTY,58500.0,2026-09-29,2026-08-27 11:37 IST,2026-08-27 11:37 IST,1,15,870846.0,521.95,995.9,58056.4,521.95,995.9,0.00057,494.22,0.0,0.0,334.89,334.89,0.0,-334.89,-0.335,banked (gap < cost),sideways/normal
parity,BANKNIFTY,56700.0,2026-09-29,2026-08-27 11:38 IST,2026-08-27 11:38 IST,1,15,870900.0,1605.25,294.25,58060.0,1605.25,294.25,0.00071,615.47,7e-05,65.63,349.46,415.09,0.0,-415.09,-0.415,banked (gap < cost),sideways/normal
parity,BANKNIFTY,57500.0,2026-09-29,2026-08-27 11:41 IST,2026-08-27 11:41 IST,1,15,870771.0,1039.45,527.8,58051.4,1039.45,527.8,0.00063,547.76,4e-05,37.38,336.87,374.25,0.0,-374.25,-0.374,banked (gap < cost),sideways/normal
parity,BANKNIFTY,58100.0,2026-09-29,2026-08-27 11:41 IST,2026-08-27 11:41 IST,1,15,870771.0,703.6,785.25,58051.4,703.6,785.25,0.00057,500.0,4e-05,37.33,333.75,371.08,0.0,-371.08,-0.371,banked (gap < cost),sideways/normal
parity,BANKNIFTY,56000.0,2026-09-29,2026-08-27 11:42 IST,2026-08-27 11:42 IST,1,15,870900.0,2189.35,173.1,58060.0,2189.35,173.1,0.00055,475.19,0.0,0.0,367.3,367.3,0.0,-367.3,-0.367,banked (gap < cost),sideways/normal
parity,BANKNIFTY,57000.0,2026-09-29,2026-08-27 11:50 IST,2026-08-27 11:50 IST,1,15,870726.0,1382.15,371.4,58048.4,1382.15,371.4,0.00054,472.58,0.0,0.0,343.72,343.72,0.0,-343.72,-0.344,banked (gap < cost),sideways/normal
parity,BANKNIFTY,57500.0,2026-09-29,2026-08-27 11:50 IST,2026-08-27 11:50 IST,1,15,870726.0,1039.55,529.0,58048.4,1039.55,529.0,0.0006,519.53,0.0,0.0,336.72,336.72,0.0,-336.72,-0.337,banked (gap < cost),sideways/normal
parity,BANKNIFTY,57700.0,2026-09-29,2026-08-27 11:50 IST,2026-08-27 11:50 IST,1,15,870726.0,920.6,608.0,58048.4,920.6,608.0,0.00058,506.36,0.0,0.0,335.07,335.07,0.0,-335.07,-0.335,banked (gap < cost),sideways/normal
parity,BANKNIFTY,57900.0,2026-09-29,2026-08-27 11:50 IST,2026-08-27 11:50 IST,1,15,870726.0,809.5,695.05,58048.4,809.5,695.05,0.00057,496.18,0.0,0.0,334.06,334.06,0.0,-334.06,-0.334,banked (gap < cost),sideways/normal
parity,BANKNIFTY,58000.0,2026-09-29,2026-08-27 11:50 IST,2026-08-27 11:50 IST,1,15,870726.0,753.0,740.0,58048.4,753.0,740.0,0.0006,526.72,0.0,0.0,333.8,333.8,0.0,-333.8,-0.334,banked (gap < cost),sideways/normal
parity,BANKNIFTY,57200.0,2026-09-29,2026-08-27 11:51 IST,2026-08-27 11:51 IST,1,15,870540.0,1250.25,431.0,58036.0,1250.25,431.0,0.0002,177.77,5e-05,43.97,340.56,384.53,0.0,-384.53,-0.385,banked (gap < cost),sideways/normal
parity,BANKNIFTY,57300.0,2026-09-29,2026-08-27 11:51 IST,2026-08-27 11:51 IST,1,15,870540.0,1166.95,461.45,58036.0,1166.95,461.45,0.00045,392.81,0.0,0.0,339.23,339.23,0.0,-339.23,-0.339,banked (gap < cost),sideways/normal
parity,BANKNIFTY,56600.0,2026-09-29,2026-08-27 11:53 IST,2026-08-27 11:53 IST,1,15,870900.0,1675.65,272.65,58060.0,1675.65,272.65,0.00083,726.68,0.0,0.0,351.18,351.18,0.0,-351.18,-0.351,banked (gap < cost),sideways/normal
parity,BANKNIFTY,57500.0,2026-09-29,2026-08-27 11:53 IST,2026-08-27 11:53 IST,1,15,870900.0,1044.25,522.05,58060.0,1044.25,522.05,0.00059,517.78,0.00013,112.12,336.84,448.96,0.0,-448.96,-0.449,banked (gap < cost),sideways/normal
parity,BANKNIFTY,57600.0,2026-09-29,2026-08-27 11:53 IST,2026-08-27 11:53 IST,1,15,870900.0,986.85,564.5,58060.0,986.85,564.5,0.0006,524.32,0.00013,112.08,336.05,448.13,0.0,-448.13,-0.448,banked (gap < cost),sideways/normal
parity,BANKNIFTY,57700.0,2026-09-29,2026-08-27 11:53 IST,2026-08-27 11:53 IST,1,15,870900.0,926.0,602.75,58060.0,926.0,602.75,0.0006,519.61,0.00013,112.05,335.37,447.42,0.0,-447.42,-0.447,banked (gap < cost),sideways/normal
parity,BANKNIFTY,58000.0,2026-09-29,2026-08-27 11:53 IST,2026-08-27 11:53 IST,1,15,870900.0,755.8,733.75,58060.0,755.8,733.75,0.00065,563.98,0.00013,111.97,333.86,445.83,0.0,-445.83,-0.446,banked (gap < cost),sideways/normal
parity,BANKNIFTY,58200.0,2026-09-29,2026-08-27 11:53 IST,2026-08-27 11:53 IST,1,15,870900.0,654.7,828.05,58060.0,654.7,828.05,0.00059,512.55,0.00013,111.96,333.63,445.59,0.0,-445.59,-0.446,banked (gap < cost),sideways/normal
parity,BANKNIFTY,58500.0,2026-09-29,2026-08-27 11:54 IST,2026-08-27 11:54 IST,1,15,870900.0,523.6,993.0,58060.0,523.6,993.0,0.00055,479.67,0.0,0.0,334.81,334.81,0.0,-334.81,-0.335,banked (gap < cost),sideways/normal
parity,BANKNIFTY,59000.0,2026-09-29,2026-08-27 11:54 IST,2026-08-27 11:54 IST,1,15,870900.0,340.5,1305.0,58060.0,340.5,1305.0,0.00052,450.12,0.0,0.0,339.78,339.78,0.0,-339.78,-0.34,banked (gap < cost),sideways/normal
parity,BANKNIFTY,56000.0,2026-09-29,2026-08-27 11:56 IST,2026-08-27 11:56 IST,1,15,870720.0,2188.75,169.75,58048.0,2188.75,169.75,0.00029,255.0,0.00013,113.6,367.25,480.85,0.0,-480.85,-0.481,banked (gap < cost),sideways/normal
parity,BANKNIFTY,57200.0,2026-09-29,2026-08-27 11:56 IST,2026-08-27 11:56 IST,1,15,870720.0,1248.6,422.55,58048.0,1248.6,422.55,0.00029,254.72,0.0,0.0,340.87,340.87,0.0,-340.87,-0.341,banked (gap < cost),sideways/normal
parity,BANKNIFTY,59000.0,2026-09-29,2026-08-27 11:58 IST,2026-08-27 11:58 IST,1,15,870999.0,346.0,1290.0,58066.6,346.0,1290.0,0.00028,241.06,5e-05,43.36,339.88,383.24,0.0,-383.24,-0.383,banked (gap < cost),sideways/normal
parity,BANKNIFTY,56700.0,2026-09-29,2026-08-27 12:00 IST,2026-08-27 12:00 IST,1,15,870825.0,1610.0,289.15,58055.0,1610.0,289.15,0.00045,393.16,3e-05,25.46,349.62,375.08,0.0,-375.08,-0.375,banked (gap < cost),sideways/normal
parity,BANKNIFTY,58800.0,2026-09-29,2026-08-27 12:00 IST,2026-08-27 12:00 IST,1,15,870825.0,407.4,1158.85,58055.0,407.4,1158.85,0.00019,162.23,0.0,0.0,337.44,337.44,0.0,-337.44,-0.337,banked (gap < cost),sideways/normal
parity,BANKNIFTY,58400.0,2026-09-29,2026-08-27 12:01 IST,2026-08-27 12:01 IST,1,15,870840.0,564.0,931.2,58056.0,564.0,931.2,0.00043,378.24,0.0,0.0,334.39,334.39,0.0,-334.39,-0.334,banked (gap < cost),sideways/normal
parity,BANKNIFTY,57000.0,2026-09-29,2026-08-27 12:02 IST,2026-08-27 12:02 IST,1,15,870840.0,1380.3,365.55,58056.0,1380.3,365.55,0.0006,525.93,0.00016,146.21,343.6,489.81,0.0,-489.81,-0.49,banked (gap < cost),sideways/normal
parity,BANKNIFTY,57100.0,2026-09-29,2026-08-27 12:02 IST,2026-08-27 12:02 IST,1,15,870840.0,1315.0,392.85,58056.0,1315.0,392.85,0.00049,423.73,7e-05,60.57,342.32,402.89,0.0,-402.89,-0.403,banked (gap < cost),sideways/normal
parity,BANKNIFTY,57300.0,2026-09-29,2026-08-27 12:02 IST,2026-08-27 12:02 IST,1,15,870840.0,1175.4,453.45,58056.0,1175.4,453.45,0.00051,444.3,0.00016,145.93,339.21,485.14,0.0,-485.14,-0.485,banked (gap < cost),sideways/normal
parity,BANKNIFTY,57500.0,2026-09-29,2026-08-27 12:02 IST,2026-08-27 12:02 IST,1,15,870840.0,1040.4,523.0,58056.0,1040.4,523.0,0.00061,530.13,0.00016,145.77,336.66,482.43,0.0,-482.43,-0.482,banked (gap < cost),sideways/normal
parity,BANKNIFTY,58100.0,2026-09-29,2026-08-27 12:02 IST,2026-08-27 12:02 IST,1,15,870840.0,701.15,783.05,58056.0,701.15,783.05,0.00066,572.37,0.00016,145.56,333.44,479.0,0.0,-479.0,-0.479,banked (gap < cost),sideways/normal
parity,BANKNIFTY,56500.0,2026-09-29,2026-08-27 12:03 IST,2026-08-27 12:03 IST,1,15,870690.0,1754.0,253.1,58046.0,1754.0,253.1,0.00062,540.62,0.0,4.5,353.95,358.45,0.0,-358.45,-0.358,banked (gap < cost),sideways/normal
parity,BANKNIFTY,57200.0,2026-09-29,2026-08-27 12:03 IST,2026-08-27 12:03 IST,1,15,870690.0,1235.0,426.0,58046.0,1235.0,426.0,0.00055,480.64,0.0,0.0,340.49,340.49,0.0,-340.49,-0.34,banked (gap < cost),sideways/normal
parity,BANKNIFTY,57400.0,2026-09-29,2026-08-27 12:03 IST,2026-08-27 12:03 IST,1,15,870690.0,1100.0,493.85,58046.0,1100.0,493.85,0.00062,540.97,0.0,4.47,338.0,342.47,0.0,-342.47,-0.342,banked (gap < cost),sideways/normal
parity,NIFTY,25000.0,2026-09-29,2026-08-27 12:03 IST,2026-08-27 12:03 IST,1,75,1822635.0,54.5,732.15,24301.8,54.5,732.15,0.00068,1234.36,0.0,0.0,678.4,678.4,0.0,-678.4,-0.678,banked (gap < cost),sideways/normal
parity,BANKNIFTY,58500.0,2026-09-29,2026-08-27 12:04 IST,2026-08-27 12:04 IST,1,15,870540.0,516.65,1002.3,58036.0,516.65,1002.3,0.00042,365.53,0.0,0.0,334.83,334.83,0.0,-334.83,-0.335,banked (gap < cost),sideways/normal
parity,BANKNIFTY,57000.0,2026-09-29,2026-08-27 12:05 IST,2026-08-27 12:05 IST,1,15,870450.0,1367.0,371.9,58030.0,1367.0,371.9,0.0005,432.97,0.0,0.0,343.51,343.51,0.0,-343.51,-0.344,banked (gap < cost),sideways/normal
parity,BANKNIFTY,57200.0,2026-09-29,2026-08-27 12:05 IST,2026-08-27 12:05 IST,1,15,870450.0,1225.7,431.1,58030.0,1225.7,431.1,0.00053,458.05,0.0,0.0,340.04,340.04,0.0,-340.04,-0.34,banked (gap < cost),sideways/normal
parity,BANKNIFTY,57300.0,2026-09-29,2026-08-27 12:05 IST,2026-08-27 12:05 IST,1,15,870450.0,1155.85,463.3,58030.0,1155.85,463.3,0.00057,497.59,0.0,0.0,338.76,338.76,0.0,-338.76,-0.339,banked (gap < cost),sideways/normal
parity,BANKNIFTY,57500.0,2026-09-29,2026-08-27 12:05 IST,2026-08-27 12:05 IST,1,15,870450.0,1029.2,531.95,58030.0,1029.2,531.95,0.00051,444.67,0.0,0.0,336.38,336.38,0.0,-336.38,-0.336,banked (gap < cost),sideways/normal
parity,BANKNIFTY,57600.0,2026-09-29,2026-08-27 12:05 IST,2026-08-27 12:05 IST,1,15,870450.0,970.3,573.05,58030.0,970.3,573.05,0.00052,453.46,0.0,0.0,335.74,335.74,0.0,-335.74,-0.336,banked (gap < cost),sideways/normal
parity,BANKNIFTY,57700.0,2026-09-29,2026-08-27 12:05 IST,2026-08-27 12:05 IST,1,15,870450.0,913.95,610.95,58030.0,913.95,610.95,0.00043,376.0,0.0,0.0,335.02,335.02,0.0,-335.02,-0.335,banked (gap < cost),sideways/normal
parity,BANKNIFTY,57800.0,2026-09-29,2026-08-27 12:05 IST,2026-08-27 12:05 IST,1,15,870450.0,856.2,654.7,58030.0,856.2,654.7,0.00047,407.28,0.0,0.0,334.41,334.41,0.0,-334.41,-0.334,banked (gap < cost),sideways/normal
parity,BANKNIFTY,57900.0,2026-09-29,2026-08-27 12:05 IST,2026-08-27 12:05 IST,1,15,870450.0,801.95,698.55,58030.0,801.95,698.55,0.00045,387.57,0.0,0.0,333.97,333.97,0.0,-333.97,-0.334,banked (gap < cost),sideways/normal
parity,BANKNIFTY,58000.0,2026-09-29,2026-08-27 12:05 IST,2026-08-27 12:05 IST,1,15,870450.0,747.7,742.85,58030.0,747.7,742.85,0.00043,374.61,0.0,0.0,333.62,333.62,0.0,-333.62,-0.334,banked (gap < cost),sideways/normal
parity,BANKNIFTY,58100.0,2026-09-29,2026-08-27 12:05 IST,2026-08-27 12:05 IST,1,15,870450.0,695.9,792.0,58030.0,695.9,792.0,0.00046,397.65,0.0,0.0,333.66,333.66,0.0,-333.66,-0.334,banked (gap < cost),sideways/normal
parity,BANKNIFTY,59000.0,2026-09-29,2026-08-27 12:05 IST,2026-08-27 12:05 IST,1,15,870450.0,335.0,1320.0,58030.0,335.0,1320.0,0.00036,310.26,0.0,0.0,340.14,340.14,0.0,-340.14,-0.34,banked (gap < cost),sideways/normal
parity,BANKNIFTY,56500.0,2026-09-29,2026-08-27 12:06 IST,2026-08-27 12:06 IST,1,15,870375.0,1740.05,254.55,58025.0,1740.05,254.55,0.00053,458.46,0.0,0.0,353.4,353.4,0.0,-353.4,-0.353,banked (gap < cost),sideways/normal
parity,BANKNIFTY,58300.0,2026-09-29,2026-08-27 12:06 IST,2026-08-27 12:06 IST,1,15,870375.0,600.3,891.9,58025.0,600.3,891.9,0.00031,273.17,0.0,0.0,333.61,333.61,0.0,-333.61,-0.334,banked (gap < cost),sideways/normal
parity,BANKNIFTY,58400.0,2026-09-29,2026-08-27 12:07 IST,2026-08-27 12:07 IST,1,15,870300.0,550.0,953.55,58020.0,550.0,953.55,0.00044,386.65,0.0,0.0,334.24,334.24,0.0,-334.24,-0.334,banked (gap < cost),sideways/normal
parity,BANKNIFTY,56800.0,2026-09-29,2026-08-27 12:08 IST,2026-08-27 12:08 IST,1,15,870225.0,1500.0,325.0,58015.0,1500.0,325.0,0.00057,493.21,0.0,0.0,347.43,347.43,0.0,-347.43,-0.347,banked (gap < cost),sideways/normal
parity,BANKNIFTY,57000.0,2026-09-29,2026-08-27 12:08 IST,2026-08-27 12:08 IST,1,15,870225.0,1361.8,374.15,58015.0,1361.8,374.15,0.00037,321.04,9e-05,79.26,343.17,422.43,0.0,-422.43,-0.422,banked (gap < cost),sideways/normal
parity,BANKNIFTY,57200.0,2026-09-29,2026-08-27 12:08 IST,2026-08-27 12:08 IST,1,15,870225.0,1222.0,436.4,58015.0,1222.0,436.4,0.00042,369.37,0.0,0.0,340.16,340.16,0.0,-340.16,-0.34,banked (gap < cost),sideways/normal
parity,BANKNIFTY,57400.0,2026-09-29,2026-08-27 12:08 IST,2026-08-27 12:08 IST,1,15,870225.0,1086.8,503.55,58015.0,1086.8,503.55,0.00049,422.2,0.0,0.0,337.6,337.6,0.0,-337.6,-0.338,banked (gap < cost),sideways/normal
parity,BANKNIFTY,57500.0,2026-09-29,2026-08-27 12:08 IST,2026-08-27 12:08 IST,1,15,870225.0,1022.95,536.6,58015.0,1022.95,536.6,0.00044,384.48,0.0,0.0,336.3,336.3,0.0,-336.3,-0.336,banked (gap < cost),sideways/normal
parity,BANKNIFTY,57600.0,2026-09-29,2026-08-27 12:08 IST,2026-08-27 12:08 IST,1,15,870225.0,968.85,574.95,58015.0,968.85,574.95,0.00032,280.03,0.00014,123.77,335.63,459.4,0.0,-459.4,-0.459,banked (gap < cost),sideways/normal
parity,BANKNIFTY,57800.0,2026-09-29,2026-08-27 12:08 IST,2026-08-27 12:08 IST,1,15,870225.0,855.0,656.2,58015.0,855.0,656.2,0.00026,224.1,0.0,0.0,334.42,334.42,0.0,-334.42,-0.334,banked (gap < cost),sideways/normal
parity,BANKNIFTY,57900.0,2026-09-29,2026-08-27 12:08 IST,2026-08-27 12:08 IST,1,15,870225.0,794.95,702.0,58015.0,794.95,702.0,0.00037,320.64,0.0,0.0,333.95,333.95,0.0,-333.95,-0.334,banked (gap < cost),sideways/normal
parity,BANKNIFTY,58100.0,2026-09-29,2026-08-27 12:09 IST,2026-08-27 12:09 IST,1,15,870450.0,693.55,795.55,58030.0,693.55,795.55,0.00056,486.15,9e-05,81.96,333.85,415.81,0.0,-415.81,-0.416,banked (gap < cost),sideways/normal
parity,BANKNIFTY,57000.0,2026-09-29,2026-08-27 12:10 IST,2026-08-27 12:10 IST,1,15,870078.0,1363.1,372.85,58005.2,1363.1,372.85,0.00016,135.89,0.00017,153.42,343.29,496.71,0.0,-496.71,-0.497,banked (gap < cost),sideways/normal
parity,BANKNIFTY,57500.0,2026-09-29,2026-08-27 12:10 IST,2026-08-27 12:10 IST,1,15,870078.0,1030.0,532.95,58005.2,1030.0,532.95,9e-05,77.84,0.00017,152.96,336.44,489.4,0.0,-489.4,-0.489,banked (gap < cost),sideways/normal
parity,NIFTY,23700.0,2026-09-29,2026-08-27 12:10 IST,2026-08-27 12:10 IST,1,75,1822523.0,689.65,88.3,24300.3,689.65,88.3,0.00019,342.5,0.0,0.0,679.09,679.09,0.0,-679.09,-0.679,banked (gap < cost),sideways/normal
parity,BANKNIFTY,59500.0,2026-09-29,2026-08-27 12:11 IST,2026-08-27 12:11 IST,1,15,870225.0,206.45,1709.85,58015.0,206.45,1709.85,0.00047,406.52,0.0,0.0,349.22,349.22,0.0,-349.22,-0.349,banked (gap < cost),sideways/normal
parity,BANKNIFTY,57100.0,2026-09-29,2026-08-27 12:12 IST,2026-08-27 12:12 IST,1,15,870198.0,1282.05,407.5,58013.2,1282.05,407.5,0.00057,499.47,0.0,0.0,341.16,341.16,0.0,-341.16,-0.341,banked (gap < cost),sideways/normal
parity,BANKNIFTY,57000.0,2026-09-29,2026-08-27 12:13 IST,2026-08-27 12:13 IST,1,15,870075.0,1360.0,373.45,58005.0,1360.0,373.45,0.00022,188.42,0.00012,110.72,342.9,453.62,0.0,-453.62,-0.454,banked (gap < cost),sideways/normal
parity,BANKNIFTY,57300.0,2026-09-29,2026-08-27 12:13 IST,2026-08-27 12:13 IST,1,15,870075.0,1150.65,466.2,58005.0,1150.65,466.2,0.00028,246.29,0.00012,110.51,338.49,449.0,0.0,-449.0,-0.449,banked (gap < cost),sideways/normal
parity,BANKNIFTY,57500.0,2026-09-29,2026-08-27 12:13 IST,2026-08-27 12:13 IST,1,15,870075.0,1022.7,534.4,58005.0,1022.7,534.4,0.00024,206.11,0.00012,110.41,336.36,446.77,0.0,-446.77,-0.447,banked (gap < cost),sideways/normal
parity,BANKNIFTY,57700.0,2026-09-29,2026-08-27 12:13 IST,2026-08-27 12:13 IST,1,15,870075.0,908.0,614.5,58005.0,908.0,614.5,0.00017,145.69,0.00012,110.33,334.77,445.1,0.0,-445.1,-0.445,banked (gap < cost),sideways/normal
parity,BANKNIFTY,57800.0,2026-09-29,2026-08-27 12:13 IST,2026-08-27 12:13 IST,1,15,870075.0,850.9,654.1,58005.0,850.9,654.1,0.00012,104.98,0.00012,110.31,334.25,444.56,0.0,-444.56,-0.445,banked (gap < cost),sideways/normal
parity,BANKNIFTY,58000.0,2026-09-29,2026-08-27 12:13 IST,2026-08-27 12:13 IST,1,15,870075.0,743.45,747.85,58005.0,743.45,747.85,0.00016,140.56,0.00012,110.29,333.8,444.09,0.0,-444.09,-0.444,banked (gap < cost),sideways/normal
parity,BANKNIFTY,58100.0,2026-09-29,2026-08-27 12:13 IST,2026-08-27 12:13 IST,1,15,870075.0,690.5,795.25,58005.0,690.5,795.25,0.00018,154.6,0.00012,110.27,333.49,443.76,0.0,-443.76,-0.444,banked (gap < cost),sideways/normal
parity,BANKNIFTY,58200.0,2026-09-29,2026-08-27 12:13 IST,2026-08-27 12:13 IST,1,15,870075.0,641.05,852.9,58005.0,641.05,852.9,0.00031,269.89,0.00012,110.28,333.62,443.9,0.0,-443.9,-0.444,banked (gap < cost),sideways/normal
parity,BANKNIFTY,58400.0,2026-09-29,2026-08-27 12:13 IST,2026-08-27 12:13 IST,1,15,870075.0,549.4,954.45,58005.0,549.4,954.45,0.00021,185.47,0.00013,118.56,334.36,452.92,0.0,-452.92,-0.453,banked (gap < cost),sideways/normal
parity,BANKNIFTY,58500.0,2026-09-29,2026-08-27 12:13 IST,2026-08-27 12:13 IST,1,15,870075.0,509.95,1013.0,58005.0,509.95,1013.0,0.00019,164.26,0.00012,110.35,335.08,445.43,0.0,-445.43,-0.445,banked (gap < cost),sideways/normal
parity,NIFTY,24000.0,2026-09-29,2026-08-27 12:15 IST,2026-08-27 12:15 IST,1,75,1823400.0,476.0,155.5,24312.0,476.0,155.5,0.00042,774.61,6e-05,112.8,648.52,761.32,0.0,-761.32,-0.761,banked (gap < cost),sideways/normal
parity,NIFTY,24100.0,2026-09-29,2026-08-27 12:15 IST,2026-08-27 12:15 IST,1,75,1823400.0,407.4,186.0,24312.0,407.4,186.0,0.00044,798.17,6e-05,112.63,641.33,753.96,0.0,-753.96,-0.754,banked (gap < cost),sideways/normal
parity,NIFTY,24200.0,2026-09-29,2026-08-27 12:15 IST,2026-08-27 12:15 IST,1,75,1823400.0,345.0,225.5,24312.0,345.0,225.5,0.00034,611.72,6e-05,112.52,636.84,749.36,0.0,-749.36,-0.749,banked (gap < cost),sideways/normal
parity,NIFTY,24400.0,2026-09-29,2026-08-27 12:15 IST,2026-08-27 12:15 IST,1,75,1823400.0,236.75,314.4,24312.0,236.75,314.4,0.0004,737.58,6e-05,112.44,633.29,745.73,0.0,-745.73,-0.746,banked (gap < cost),sideways/normal
parity,NIFTY,25000.0,2026-09-29,2026-08-27 12:15 IST,2026-08-27 12:15 IST,1,75,1823400.0,55.8,728.65,24312.0,55.8,728.65,0.00046,833.9,6e-05,113.49,678.12,791.61,0.0,-791.61,-0.792,banked (gap < cost),sideways/normal
parity,BANKNIFTY,56000.0,2026-09-29,2026-08-27 12:16 IST,2026-08-27 12:16 IST,1,15,870150.0,2153.05,171.05,58010.0,2153.05,171.05,0.00028,243.34,0.0,0.0,365.83,365.83,0.0,-365.83,-0.366,banked (gap < cost),sideways/normal
parity,NIFTY,24600.0,2026-09-29,2026-08-27 12:17 IST,2026-08-27 12:17 IST,1,75,1823385.0,154.3,425.7,24311.8,154.3,425.7,0.00062,1133.29,0.0,0.0,638.9,638.9,0.0,-638.9,-0.639,banked (gap < cost),sideways/normal
parity,NIFTY,24700.0,2026-09-29,2026-08-27 12:17 IST,2026-08-27 12:17 IST,1,75,1823385.0,121.3,492.35,24311.8,121.3,492.35,0.00061,1115.59,0.0,0.0,645.44,645.44,0.0,-645.44,-0.645,banked (gap < cost),sideways/normal
parity,NIFTY,24800.0,2026-09-29,2026-08-27 12:17 IST,2026-08-27 12:17 IST,1,75,1823385.0,94.0,564.35,24311.8,94.0,564.35,0.00062,1124.15,0.0,0.0,654.21,654.21,0.0,-654.21,-0.654,banked (gap < cost),sideways/normal
parity,BANKNIFTY,57300.0,2026-09-29,2026-08-27 12:18 IST,2026-08-27 12:18 IST,1,15,870075.0,1142.0,471.15,58005.0,1142.0,471.15,0.00052,450.29,0.0,0.0,338.5,338.5,0.0,-338.5,-0.338,banked (gap < cost),sideways/normal
parity,NIFTY,25000.0,2026-09-29,2026-08-27 12:20 IST,2026-08-27 12:20 IST,1,75,1822620.0,54.35,737.0,24301.6,54.35,737.0,0.00048,874.36,0.00012,221.68,678.63,900.31,0.0,-900.31,-0.9,banked (gap < cost),sideways/normal
parity,BANKNIFTY,56500.0,2026-09-29,2026-08-27 12:21 IST,2026-08-27 12:21 IST,1,15,869700.0,1689.75,267.15,57980.0,1689.75,267.15,0.00084,730.92,0.0,0.0,351.83,351.83,0.0,-351.83,-0.352,banked (gap < cost),sideways/normal
parity,BANKNIFTY,56700.0,2026-09-29,2026-08-27 12:21 IST,2026-08-27 12:21 IST,1,15,869700.0,1554.8,310.9,57980.0,1554.8,310.9,0.00049,429.0,0.0,0.0,347.7,347.7,0.0,-347.7,-0.348,banked (gap < cost),sideways/normal
parity,BANKNIFTY,57000.0,2026-09-29,2026-08-27 12:21 IST,2026-08-27 12:21 IST,1,15,869700.0,1330.45,388.35,57980.0,1330.45,388.35,0.00055,482.37,0.0,0.0,342.03,342.03,0.0,-342.03,-0.342,banked (gap < cost),sideways/normal
parity,BANKNIFTY,57300.0,2026-09-29,2026-08-27 12:21 IST,2026-08-27 12:21 IST,1,15,869700.0,1125.0,481.0,57980.0,1125.0,481.0,0.00055,480.23,0.0,0.0,337.87,337.87,0.0,-337.87,-0.338,banked (gap < cost),sideways/normal
parity,BANKNIFTY,57400.0,2026-09-29,2026-08-27 12:21 IST,2026-08-27 12:21 IST,1,15,869700.0,1059.95,516.1,57980.0,1059.95,516.1,0.00056,491.27,0.0,0.0,336.7,336.7,0.0,-336.7,-0.337,banked (gap < cost),sideways/normal
parity,BANKNIFTY,57500.0,2026-09-29,2026-08-27 12:21 IST,2026-08-27 12:21 IST,1,15,869700.0,994.6,551.55,57980.0,994.6,551.55,0.00059,512.06,0.0,0.0,335.56,335.56,0.0,-335.56,-0.336,banked (gap < cost),sideways/normal
parity,BANKNIFTY,57600.0,2026-09-29,2026-08-27 12:21 IST,2026-08-27 12:21 IST,1,15,869700.0,939.05,593.6,57980.0,939.05,593.6,0.00056,484.85,0.0,0.0,334.85,334.85,0.0,-334.85,-0.335,banked (gap < cost),sideways/normal
parity,BANKNIFTY,57700.0,2026-09-29,2026-08-27 12:21 IST,2026-08-27 12:21 IST,1,15,869700.0,879.25,634.7,57980.0,879.25,634.7,0.00058,507.14,0.0,0.0,334.35,334.35,0.0,-334.35,-0.334,banked (gap < cost),sideways/normal
parity,BANKNIFTY,57800.0,2026-09-29,2026-08-27 12:21 IST,2026-08-27 12:21 IST,1,15,869700.0,823.7,675.2,57980.0,823.7,675.2,0.00053,456.68,0.0,0.0,333.88,333.88,0.0,-333.88,-0.334,banked (gap < cost),sideways/normal
parity,BANKNIFTY,57900.0,2026-09-29,2026-08-27 12:21 IST,2026-08-27 12:21 IST,1,15,869700.0,767.1,723.0,57980.0,767.1,723.0,0.00061,531.47,0.0,0.0,333.5,333.5,0.0,-333.5,-0.334,banked (gap < cost),sideways/normal
parity,BANKNIFTY,58000.0,2026-09-29,2026-08-27 12:21 IST,2026-08-27 12:21 IST,1,15,869700.0,716.0,769.95,57980.0,716.0,769.95,0.00059,511.01,0.0,0.0,333.3,333.3,0.0,-333.3,-0.333,banked (gap < cost),sideways/normal
parity,BANKNIFTY,58100.0,2026-09-29,2026-08-27 12:21 IST,2026-08-27 12:21 IST,1,15,869700.0,664.4,820.1,57980.0,664.4,820.1,0.00063,546.05,0.0,0.0,333.37,333.37,0.0,-333.37,-0.333,banked (gap < cost),sideways/normal
parity,BANKNIFTY,58200.0,2026-09-29,2026-08-27 12:21 IST,2026-08-27 12:21 IST,1,15,869700.0,616.65,871.9,57980.0,616.65,871.9,0.00063,548.09,0.0,0.0,333.65,333.65,0.0,-333.65,-0.334,banked (gap < cost),sideways/normal
parity,BANKNIFTY,58300.0,2026-09-29,2026-08-27 12:21 IST,2026-08-27 12:21 IST,1,15,869700.0,572.3,924.3,57980.0,572.3,924.3,0.00058,508.13,0.0,0.0,333.95,333.95,0.0,-333.95,-0.334,banked (gap < cost),sideways/normal
parity,BANKNIFTY,58400.0,2026-09-29,2026-08-27 12:21 IST,2026-08-27 12:21 IST,1,15,869700.0,529.8,984.6,57980.0,529.8,984.6,0.00064,558.91,0.0,0.0,334.59,334.59,0.0,-334.59,-0.335,banked (gap < cost),sideways/normal
parity,BANKNIFTY,58500.0,2026-09-29,2026-08-27 12:21 IST,2026-08-27 12:21 IST,1,15,869700.0,491.35,1037.1,57980.0,491.35,1037.1,0.0005,431.95,0.0,0.0,335.06,335.06,0.0,-335.06,-0.335,banked (gap < cost),sideways/normal
parity,BANKNIFTY,58600.0,2026-09-29,2026-08-27 12:21 IST,2026-08-27 12:21 IST,1,15,869700.0,452.3,1102.45,57980.0,452.3,1102.45,0.00058,506.74,0.0,0.0,335.87,335.87,0.0,-335.87,-0.336,banked (gap < cost),sideways/normal
parity,BANKNIFTY,58700.0,2026-09-29,2026-08-27 12:21 IST,2026-08-27 12:21 IST,1,15,869700.0,412.45,1179.0,57980.0,412.45,1179.0,0.00088,761.53,0.0,0.0,337.29,337.29,0.0,-337.29,-0.337,banked (gap < cost),sideways/normal
parity,BANKNIFTY,58800.0,2026-09-29,2026-08-27 12:21 IST,2026-08-27 12:21 IST,1,15,869700.0,379.2,1251.0,57980.0,379.2,1251.0,0.00098,849.07,0.0,0.0,338.26,338.26,0.0,-338.26,-0.338,banked (gap < cost),sideways/normal
parity,BANKNIFTY,59000.0,2026-09-29,2026-08-27 12:21 IST,2026-08-27 12:21 IST,1,15,869700.0,318.05,1356.9,57980.0,318.05,1356.9,0.00043,372.4,0.0,0.0,340.86,340.86,0.0,-340.86,-0.341,banked (gap < cost),sideways/normal
parity,NIFTY,24600.0,2026-09-29,2026-08-27 12:21 IST,2026-08-27 12:21 IST,1,75,1823250.0,150.95,434.7,24310.0,150.95,434.7,0.00019,341.31,0.0,0.0,639.99,639.99,0.0,-639.99,-0.64,banked (gap < cost),sideways/normal
parity,NIFTY,24800.0,2026-09-29,2026-08-27 12:21 IST,2026-08-27 12:21 IST,1,75,1823250.0,91.9,570.35,24310.0,91.9,570.35,0.00036,650.92,0.0,0.0,655.34,655.34,0.0,-655.34,-0.655,banked (gap < cost),sideways/normal
parity,BANKNIFTY,56000.0,2026-09-29,2026-08-27 12:22 IST,2026-08-27 12:22 IST,1,15,869340.0,2100.0,183.9,57956.0,2100.0,183.9,0.00049,426.58,0.00016,143.59,363.92,507.51,0.0,-507.51,-0.508,banked (gap < cost),sideways/normal
parity,NIFTY,24700.0,2026-09-29,2026-08-27 12:26 IST,2026-08-27 12:26 IST,1,75,1823250.0,120.9,494.85,24310.0,120.9,494.85,0.00057,1032.36,0.0,0.0,646.89,646.89,0.0,-646.89,-0.647,banked (gap < cost),sideways/normal
parity,NIFTY,24000.0,2026-09-29,2026-08-27 12:27 IST,2026-08-27 12:27 IST,1,75,1823512.0,479.0,153.3,24313.5,479.0,153.3,0.00058,1052.77,8e-05,153.13,648.7,801.83,0.0,-801.83,-0.802,banked (gap < cost),sideways/normal
parity,NIFTY,24100.0,2026-09-29,2026-08-27 12:27 IST,2026-08-27 12:27 IST,1,75,1823512.0,409.8,184.6,24313.5,409.8,184.6,0.00053,971.32,8e-05,152.89,641.21,794.1,0.0,-794.1,-0.794,banked (gap < cost),sideways/normal
parity,NIFTY,24200.0,2026-09-29,2026-08-27 12:27 IST,2026-08-27 12:27 IST,1,75,1823512.0,348.0,222.0,24313.5,348.0,222.0,0.00054,987.38,8e-05,152.75,636.86,789.61,0.0,-789.61,-0.79,banked (gap < cost),sideways/normal
parity,NIFTY,24400.0,2026-09-29,2026-08-27 12:27 IST,2026-08-27 12:27 IST,1,75,1823512.0,238.85,312.05,24313.5,238.85,312.05,0.00053,959.49,8e-05,152.64,633.33,785.97,0.0,-785.97,-0.786,banked (gap < cost),sideways/normal
parity,NIFTY,24800.0,2026-09-29,2026-08-27 12:27 IST,2026-08-27 12:27 IST,1,75,1823512.0,94.15,561.0,24313.5,94.15,561.0,0.00069,1259.95,8e-05,153.31,654.26,807.57,0.0,-807.57,-0.808,banked (gap < cost),sideways/normal
parity,NIFTY,24500.0,2026-09-29,2026-08-27 12:28 IST,2026-08-27 12:28 IST,1,75,1823490.0,193.0,366.75,24313.2,193.0,366.75,0.00049,896.72,0.0,0.0,634.86,634.86,0.0,-634.86,-0.635,banked (gap < cost),sideways/normal
parity,NIFTY,24600.0,2026-09-29,2026-08-27 12:29 IST,2026-08-27 12:29 IST,1,75,1823648.0,154.95,424.85,24315.3,154.95,424.85,0.00054,984.83,8e-05,152.82,639.1,791.92,0.0,-791.92,-0.792,banked (gap < cost),sideways/normal
parity,NIFTY,24700.0,2026-09-29,2026-08-27 12:29 IST,2026-08-27 12:29 IST,1,75,1823648.0,121.3,490.7,24315.3,121.3,490.7,0.00054,978.38,0.0,0.0,645.17,645.17,0.0,-645.17,-0.645,banked (gap < cost),sideways/normal
parity,BANKNIFTY,57400.0,2026-09-29,2026-08-27 12:30 IST,2026-08-27 12:30 IST,1,15,869634.0,1055.75,516.0,57975.6,1055.75,516.0,0.00056,487.18,0.0,0.0,336.82,336.82,0.0,-336.82,-0.337,banked (gap < cost),sideways/normal
parity,BANKNIFTY,58000.0,2026-09-29,2026-08-27 12:30 IST,2026-08-27 12:30 IST,1,15,869634.0,713.9,771.0,57975.6,713.9,771.0,0.00057,492.67,0.0,0.0,333.15,333.15,0.0,-333.15,-0.333,banked (gap < cost),sideways/normal
parity,NIFTY,23500.0,2026-09-29,2026-08-27 12:30 IST,2026-08-27 12:30 IST,1,75,1823280.0,879.7,57.4,24310.4,879.7,57.4,0.00068,1248.61,1e-05,16.31,707.59,723.9,0.0,-723.9,-0.724,banked (gap < cost),sideways/normal
parity,NIFTY,23800.0,2026-09-29,2026-08-27 12:30 IST,2026-08-27 12:30 IST,1,75,1823280.0,623.3,103.75,24310.4,623.3,103.75,0.0005,910.52,0.0,0.0,667.37,667.37,0.0,-667.37,-0.667,banked (gap < cost),sideways/normal
parity,NIFTY,23900.0,2026-09-29,2026-08-27 12:30 IST,2026-08-27 12:30 IST,1,75,1823280.0,549.0,126.0,24310.4,549.0,126.0,0.00062,1125.33,0.00011,208.24,657.22,865.46,0.0,-865.46,-0.865,banked (gap < cost),sideways/normal
parity,BANKNIFTY,56800.0,2026-09-29,2026-08-27 12:31 IST,2026-08-27 12:31 IST,1,15,869523.0,1485.5,332.7,57968.2,1485.5,332.7,0.00015,128.31,0.0,0.0,345.39,345.39,0.0,-345.39,-0.345,banked (gap < cost),sideways/normal
parity,BANKNIFTY,57500.0,2026-09-29,2026-08-27 12:31 IST,2026-08-27 12:31 IST,1,15,869523.0,995.15,554.25,57968.2,995.15,554.25,0.00042,368.34,9e-05,80.12,335.44,415.56,0.0,-415.56,-0.416,banked (gap < cost),sideways/normal
parity,BANKNIFTY,57600.0,2026-09-29,2026-08-27 12:31 IST,2026-08-27 12:31 IST,1,15,869523.0,934.3,594.85,57968.2,934.3,594.85,0.00046,398.88,9e-05,80.11,335.0,415.11,0.0,-415.11,-0.415,banked (gap < cost),sideways/normal
parity,BANKNIFTY,57800.0,2026-09-29,2026-08-27 12:31 IST,2026-08-27 12:31 IST,1,15,869523.0,821.7,677.25,57968.2,821.7,677.25,0.00039,341.45,9e-05,80.06,333.63,413.69,0.0,-413.69,-0.414,banked (gap < cost),sideways/normal
parity,BANKNIFTY,57900.0,2026-09-29,2026-08-27 12:31 IST,2026-08-27 12:31 IST,1,15,869523.0,768.3,724.15,57968.2,768.3,724.15,0.00041,354.74,9e-05,80.05,333.27,413.32,0.0,-413.32,-0.413,banked (gap < cost),sideways/normal
parity,BANKNIFTY,58100.0,2026-09-29,2026-08-27 12:31 IST,2026-08-27 12:31 IST,1,15,869523.0,664.25,819.7,57968.2,664.25,819.7,0.00042,366.32,9e-05,80.05,333.24,413.29,0.0,-413.29,-0.413,banked (gap < cost),sideways/normal
parity,BANKNIFTY,57300.0,2026-09-29,2026-08-27 12:32 IST,2026-08-27 12:32 IST,1,15,869451.0,1123.6,485.05,57963.4,1123.6,485.05,0.00036,314.42,5e-05,46.05,337.75,383.8,0.0,-383.8,-0.384,banked (gap < cost),sideways/normal
parity,BANKNIFTY,57600.0,2026-09-29,2026-08-27 12:33 IST,2026-08-27 12:33 IST,1,15,869325.0,934.0,597.0,57955.0,934.0,597.0,0.00027,238.8,0.0,0.0,335.02,335.02,0.0,-335.02,-0.335,banked (gap < cost),sideways/normal
parity,BANKNIFTY,57900.0,2026-09-29,2026-08-27 12:33 IST,2026-08-27 12:33 IST,1,15,869325.0,767.9,724.7,57955.0,767.9,724.7,0.0002,172.17,0.0,0.0,333.49,333.49,0.0,-333.49,-0.333,banked (gap < cost),sideways/normal
parity,BANKNIFTY,58100.0,2026-09-29,2026-08-27 12:33 IST,2026-08-27 12:33 IST,1,15,869325.0,664.25,819.2,57955.0,664.25,819.2,0.00019,161.99,0.0,0.0,333.33,333.33,0.0,-333.33,-0.333,banked (gap < cost),sideways/normal
parity,BANKNIFTY,58400.0,2026-09-29,2026-08-27 12:33 IST,2026-08-27 12:33 IST,1,15,869325.0,526.5,987.5,57955.0,526.5,987.5,0.00032,279.11,0.0,0.0,334.32,334.32,0.0,-334.32,-0.334,banked (gap < cost),sideways/normal
parity,BANKNIFTY,56000.0,2026-09-29,2026-08-27 12:34 IST,2026-08-27 12:34 IST,1,15,869448.0,2105.5,182.1,57963.2,2105.5,182.1,0.00049,424.44,0.0,0.0,364.92,364.92,0.0,-364.92,-0.365,banked (gap < cost),sideways/normal
parity,NIFTY,25100.0,2026-09-29,2026-08-27 12:35 IST,2026-08-27 12:35 IST,1,75,1824375.0,42.2,806.3,24325.0,42.2,806.3,0.00026,476.92,0.0,0.0,690.6,690.6,0.0,-690.6,-0.691,banked (gap < cost),sideways/normal
parity,BANKNIFTY,58100.0,2026-09-29,2026-08-27 12:36 IST,2026-08-27 12:36 IST,1,15,869631.0,664.3,820.1,57975.4,664.3,820.1,0.00055,478.93,7e-05,66.31,333.28,399.59,0.0,-399.59,-0.4,banked (gap < cost),sideways/normal
parity,BANKNIFTY,57200.0,2026-09-29,2026-08-27 12:38 IST,2026-08-27 12:38 IST,1,15,869985.0,1209.65,436.55,57999.0,1209.65,436.55,0.00037,318.27,0.0,1.6,338.66,340.26,0.0,-340.26,-0.34,banked (gap < cost),sideways/normal
parity,NIFTY,25500.0,2026-09-29,2026-08-27 12:38 IST,2026-08-27 12:38 IST,1,75,1825530.0,15.85,1160.0,24340.4,15.85,1160.0,0.00036,649.12,0.0,0.0,742.23,742.23,0.0,-742.23,-0.742,banked (gap < cost),sideways/normal
parity,BANKNIFTY,58400.0,2026-09-29,2026-08-27 12:41 IST,2026-08-27 12:41 IST,1,15,870300.0,542.5,957.2,58020.0,542.5,957.2,0.00064,553.9,0.0,0.0,333.87,333.87,0.0,-333.87,-0.334,banked (gap < cost),sideways/normal
parity,BANKNIFTY,58900.0,2026-09-29,2026-08-27 12:41 IST,2026-08-27 12:41 IST,1,15,870300.0,356.0,1268.6,58020.0,356.0,1268.6,0.00065,566.34,0.0,0.0,338.26,338.26,0.0,-338.26,-0.338,banked (gap < cost),sideways/normal
parity,BANKNIFTY,58700.0,2026-09-29,2026-08-27 12:42 IST,2026-08-27 12:42 IST,1,15,870219.0,418.7,1147.95,58014.6,418.7,1147.95,0.00083,718.01,0.0,0.0,336.4,336.4,0.0,-336.4,-0.336,banked (gap < cost),sideways/normal
parity,BANKNIFTY,56000.0,2026-09-29,2026-08-27 12:43 IST,2026-08-27 12:43 IST,1,15,870000.0,2131.0,177.3,58000.0,2131.0,177.3,0.0006,518.72,0.0,0.0,365.71,365.71,0.0,-365.71,-0.366,banked (gap < cost),sideways/normal
parity,BANKNIFTY,57400.0,2026-09-29,2026-08-27 12:44 IST,2026-08-27 12:44 IST,1,15,869895.0,1074.85,506.0,57993.0,1074.85,506.0,0.00036,310.13,0.00016,147.38,336.87,484.25,0.0,-484.25,-0.484,banked (gap < cost),sideways/normal
parity,BANKNIFTY,57500.0,2026-09-29,2026-08-27 12:44 IST,2026-08-27 12:44 IST,1,15,869895.0,1005.0,542.35,57993.0,1005.0,542.35,0.00047,411.92,0.00016,147.32,335.84,483.16,0.0,-483.16,-0.483,banked (gap < cost),sideways/normal
parity,BANKNIFTY,57600.0,2026-09-29,2026-08-27 12:44 IST,2026-08-27 12:44 IST,1,15,869895.0,948.9,580.4,57993.0,948.9,580.4,0.00038,332.96,0.00016,147.27,335.19,482.46,0.0,-482.46,-0.482,banked (gap < cost),sideways/normal
parity,BANKNIFTY,57800.0,2026-09-29,2026-08-27 12:44 IST,2026-08-27 12:44 IST,1,15,869895.0,836.0,662.35,57993.0,836.0,662.35,0.00031,273.29,0.00016,147.19,333.9,481.09,0.0,-481.09,-0.481,banked (gap < cost),sideways/normal
parity,BANKNIFTY,57900.0,2026-09-29,2026-08-27 12:44 IST,2026-08-27 12:44 IST,1,15,869895.0,780.9,707.4,57993.0,780.9,707.4,0.00033,284.33,0.00016,147.17,333.53,480.7,0.0,-480.7,-0.481,banked (gap < cost),sideways/normal
parity,BANKNIFTY,58000.0,2026-09-29,2026-08-27 12:44 IST,2026-08-27 12:44 IST,1,15,869895.0,722.6,758.35,57993.0,722.6,758.35,0.0005,431.87,0.00016,147.15,333.25,480.4,0.0,-480.4,-0.48,banked (gap < cost),sideways/normal
parity,BANKNIFTY,58100.0,2026-09-29,2026-08-27 12:44 IST,2026-08-27 12:44 IST,1,15,869895.0,674.0,803.05,57993.0,674.0,803.05,0.00039,340.15,0.00016,147.14,333.14,480.28,0.0,-480.28,-0.48,banked (gap < cost),sideways/normal
parity,BANKNIFTY,58400.0,2026-09-29,2026-08-27 12:44 IST,2026-08-27 12:44 IST,1,15,869895.0,538.0,964.6,57993.0,538.0,964.6,0.00038,329.77,0.00016,147.21,334.11,481.32,0.0,-481.32,-0.481,banked (gap < cost),sideways/normal
parity,BANKNIFTY,58200.0,2026-09-29,2026-08-27 12:45 IST,2026-08-27 12:45 IST,1,15,869961.0,623.15,863.65,57997.4,623.15,863.65,0.00067,586.28,0.00016,147.16,333.34,480.5,0.0,-480.5,-0.48,banked (gap < cost),sideways/normal
parity,BANKNIFTY,57500.0,2026-09-29,2026-08-27 12:46 IST,2026-08-27 12:46 IST,1,15,869913.0,998.3,544.85,57994.2,998.3,544.85,0.00065,567.8,0.00012,107.23,335.8,443.03,0.0,-443.03,-0.443,banked (gap < cost),sideways/normal
parity,BANKNIFTY,57700.0,2026-09-29,2026-08-27 12:46 IST,2026-08-27 12:46 IST,1,15,869913.0,880.55,626.35,57994.2,880.55,626.35,0.00066,574.13,0.00012,107.16,334.42,441.58,0.0,-441.58,-0.442,banked (gap < cost),sideways/normal
parity,BANKNIFTY,58000.0,2026-09-29,2026-08-27 12:46 IST,2026-08-27 12:46 IST,1,15,869913.0,720.9,762.45,57994.2,720.9,762.45,0.00062,536.75,0.00012,107.11,333.24,440.35,0.0,-440.35,-0.44,banked (gap < cost),sideways/normal
parity,BANKNIFTY,59000.0,2026-09-29,2026-08-27 12:46 IST,2026-08-27 12:46 IST,1,15,869913.0,318.65,1346.9,57994.2,318.65,1346.9,0.00049,425.14,0.0,0.0,340.45,340.45,0.0,-340.45,-0.34,banked (gap < cost),sideways/normal
parity,BANKNIFTY,57300.0,2026-09-29,2026-08-27 12:47 IST,2026-08-27 12:47 IST,1,15,869775.0,1125.15,479.9,57985.0,1125.15,479.9,0.00062,536.04,0.0001,89.38,337.98,427.36,0.0,-427.36,-0.427,banked (gap < cost),sideways/normal
parity,BANKNIFTY,57000.0,2026-09-29,2026-08-27 12:48 IST,2026-08-27 12:48 IST,1,15,869775.0,1334.95,383.2,57985.0,1334.95,383.2,0.00047,412.18,0.0,0.0,342.27,342.27,0.0,-342.27,-0.342,banked (gap < cost),sideways/normal
parity,BANKNIFTY,57500.0,2026-09-29,2026-08-27 12:48 IST,2026-08-27 12:48 IST,1,15,869775.0,1002.45,548.1,57985.0,1002.45,548.1,0.00048,417.12,0.0,0.0,335.74,335.74,0.0,-335.74,-0.336,banked (gap < cost),sideways/normal
parity,BANKNIFTY,57600.0,2026-09-29,2026-08-27 12:48 IST,2026-08-27 12:48 IST,1,15,869775.0,944.0,587.2,57985.0,944.0,587.2,0.00045,389.16,0.0,0.0,335.02,335.02,0.0,-335.02,-0.335,banked (gap < cost),sideways/normal
parity,BANKNIFTY,57800.0,2026-09-29,2026-08-27 12:48 IST,2026-08-27 12:48 IST,1,15,869775.0,829.8,672.2,57985.0,829.8,672.2,0.00045,394.74,0.0,0.0,333.73,333.73,0.0,-333.73,-0.334,banked (gap < cost),sideways/normal
parity,BANKNIFTY,58200.0,2026-09-29,2026-08-27 12:48 IST,2026-08-27 12:48 IST,1,15,869775.0,621.6,862.55,57985.0,621.6,862.55,0.00047,408.15,2e-05,15.46,333.19,348.65,0.0,-348.65,-0.349,banked (gap < cost),sideways/normal
parity,BANKNIFTY,58500.0,2026-09-29,2026-08-27 12:48 IST,2026-08-27 12:48 IST,1,15,869775.0,492.0,1032.65,57985.0,492.0,1032.65,0.00049,430.01,6e-05,54.82,334.89,389.71,0.0,-389.71,-0.39,banked (gap < cost),sideways/normal
parity,BANKNIFTY,56000.0,2026-09-29,2026-08-27 12:49 IST,2026-08-27 12:49 IST,1,15,869700.0,2125.9,179.25,57980.0,2125.9,179.25,0.00038,326.22,0.0,0.0,364.81,364.81,0.0,-364.81,-0.365,banked (gap < cost),sideways/normal
parity,BANKNIFTY,57400.0,2026-09-29,2026-08-27 12:49 IST,2026-08-27 12:49 IST,1,15,869700.0,1068.95,511.7,57980.0,1068.95,511.7,0.00033,290.27,0.0,0.0,336.85,336.85,0.0,-336.85,-0.337,banked (gap < cost),sideways/normal
parity,BANKNIFTY,56500.0,2026-09-29,2026-08-27 12:50 IST,2026-08-27 12:50 IST,1,15,869715.0,1715.0,263.0,57981.0,1715.0,263.0,0.00035,304.83,0.0,0.0,352.07,352.07,0.0,-352.07,-0.352,banked (gap < cost),sideways/normal
parity,NIFTY,24600.0,2026-09-29,2026-08-27 12:51 IST,2026-08-27 12:51 IST,1,75,1827000.0,163.0,401.95,24360.0,163.0,401.95,1e-05,26.72,0.00034,642.82,636.09,1278.91,0.0,-1278.91,-1.279,banked (gap < cost),sideways/normal
parity,BANKNIFTY,56500.0,2026-09-29,2026-08-27 12:52 IST,2026-08-27 12:52 IST,1,15,870147.0,1726.95,257.0,58009.8,1726.95,257.0,0.00053,465.06,5e-05,45.29,352.14,397.43,0.0,-397.43,-0.397,banked (gap < cost),sideways/normal
parity,BANKNIFTY,57400.0,2026-09-29,2026-08-27 12:52 IST,2026-08-27 12:52 IST,1,15,870147.0,1081.95,499.2,58009.8,1081.95,499.2,0.0004,352.17,5e-05,44.99,336.92,381.91,0.0,-381.91,-0.382,banked (gap < cost),sideways/normal
parity,BANKNIFTY,57500.0,2026-09-29,2026-08-27 12:52 IST,2026-08-27 12:52 IST,1,15,870147.0,1013.15,536.95,58009.8,1013.15,536.95,0.00053,459.2,5e-05,44.97,335.93,380.9,0.0,-380.9,-0.381,banked (gap < cost),sideways/normal
parity,BANKNIFTY,57600.0,2026-09-29,2026-08-27 12:52 IST,2026-08-27 12:52 IST,1,15,870147.0,951.0,575.4,58009.8,951.0,575.4,0.00055,476.99,5e-05,44.96,335.17,380.13,0.0,-380.13,-0.38,banked (gap < cost),sideways/normal
parity,BANKNIFTY,57800.0,2026-09-29,2026-08-27 12:52 IST,2026-08-27 12:52 IST,1,15,870147.0,836.2,659.2,58009.8,836.2,659.2,0.00054,473.57,5e-05,44.93,333.71,378.64,0.0,-378.64,-0.379,banked (gap < cost),sideways/normal
parity,BANKNIFTY,57900.0,2026-09-29,2026-08-27 12:52 IST,2026-08-27 12:52 IST,1,15,870147.0,779.75,700.0,58009.8,779.75,700.0,0.00051,441.11,5e-05,44.92,333.21,378.13,0.0,-378.13,-0.378,banked (gap < cost),sideways/normal
parity,BANKNIFTY,58000.0,2026-09-29,2026-08-27 12:52 IST,2026-08-27 12:52 IST,1,15,870147.0,727.45,750.3,58009.8,727.45,750.3,0.00056,488.9,5e-05,44.92,333.22,378.14,0.0,-378.14,-0.378,banked (gap < cost),sideways/normal
parity,BANKNIFTY,58100.0,2026-09-29,2026-08-27 12:52 IST,2026-08-27 12:52 IST,1,15,870147.0,676.6,793.1,58009.8,676.6,793.1,0.00046,402.44,5e-05,44.91,332.94,377.85,0.0,-377.85,-0.378,banked (gap < cost),sideways/normal
parity,BANKNIFTY,58300.0,2026-09-29,2026-08-27 12:52 IST,2026-08-27 12:52 IST,1,15,870147.0,582.95,896.05,58009.8,582.95,896.05,0.00042,369.02,5e-05,44.92,333.5,378.42,0.0,-378.42,-0.378,banked (gap < cost),sideways/normal
parity,BANKNIFTY,58500.0,2026-09-29,2026-08-27 12:52 IST,2026-08-27 12:52 IST,1,15,870147.0,499.35,1016.3,58009.8,499.35,1016.3,0.00051,444.35,5e-05,44.95,334.75,379.7,0.0,-379.7,-0.38,banked (gap < cost),sideways/normal
parity,NIFTY,23800.0,2026-09-29,2026-08-27 12:52 IST,2026-08-27 12:52 IST,1,75,1826085.0,650.25,94.1,24347.8,650.25,94.1,0.00047,866.93,0.00034,647.49,670.91,1318.4,0.0,-1318.4,-1.318,banked (gap < cost),sideways/normal
parity,NIFTY,23500.0,2026-09-29,2026-08-27 12:53 IST,2026-08-27 12:53 IST,1,75,1827600.0,913.45,51.15,24368.0,913.45,51.15,3e-05,46.05,7e-05,136.12,710.39,846.51,0.0,-846.51,-0.847,banked (gap < cost),sideways/normal
parity,NIFTY,24900.0,2026-09-29,2026-08-27 12:53 IST,2026-08-27 12:53 IST,1,75,1827600.0,77.0,610.5,24368.0,77.0,610.5,0.00019,346.29,0.0,0.0,659.59,659.59,0.0,-659.59,-0.66,banked (gap < cost),sideways/normal
parity,BANKNIFTY,56000.0,2026-09-29,2026-08-27 12:55 IST,2026-08-27 12:55 IST,1,15,870447.0,2160.1,171.0,58029.8,2160.1,171.0,0.0005,432.11,0.0,0.0,365.86,365.86,0.0,-365.86,-0.366,banked (gap < cost),sideways/normal
parity,BANKNIFTY,57000.0,2026-09-29,2026-08-27 12:55 IST,2026-08-27 12:55 IST,1,15,870447.0,1362.0,367.25,58029.8,1362.0,367.25,0.0005,435.25,0.0,0.0,342.69,342.69,0.0,-342.69,-0.343,banked (gap < cost),sideways/normal
parity,BANKNIFTY,57300.0,2026-09-29,2026-08-27 12:55 IST,2026-08-27 12:55 IST,1,15,870447.0,1155.0,458.4,58029.8,1155.0,458.4,0.0005,433.87,0.0,0.0,338.08,338.08,0.0,-338.08,-0.338,banked (gap < cost),sideways/normal
parity,BANKNIFTY,57600.0,2026-09-29,2026-08-27 12:55 IST,2026-08-27 12:55 IST,1,15,870447.0,963.95,567.0,58029.8,963.95,567.0,0.00052,454.99,0.0,0.0,335.18,335.18,0.0,-335.18,-0.335,banked (gap < cost),sideways/normal
parity,BANKNIFTY,57800.0,2026-09-29,2026-08-27 12:55 IST,2026-08-27 12:55 IST,1,15,870447.0,845.0,646.7,58029.8,845.0,646.7,0.00052,452.31,0.0,0.0,333.68,333.68,0.0,-333.68,-0.334,banked (gap < cost),sideways/normal
parity,BANKNIFTY,57900.0,2026-09-29,2026-08-27 12:55 IST,2026-08-27 12:55 IST,1,15,870447.0,792.2,690.0,58029.8,792.2,690.0,0.00046,402.6,0.0,0.0,333.28,333.28,0.0,-333.28,-0.333,banked (gap < cost),sideways/normal
parity,BANKNIFTY,58500.0,2026-09-29,2026-08-27 12:55 IST,2026-08-27 12:55 IST,1,15,870447.0,506.65,1002.0,58029.8,506.65,1002.0,0.00048,418.59,0.0,0.0,334.41,334.41,0.0,-334.41,-0.334,banked (gap < cost),sideways/normal
parity,BANKNIFTY,57200.0,2026-09-29,2026-08-27 12:56 IST,2026-08-27 12:56 IST,1,15,870441.0,1223.95,425.95,58029.4,1223.95,425.95,0.00046,398.08,5e-05,45.04,339.63,384.67,0.0,-384.67,-0.385,banked (gap < cost),sideways/normal
parity,BANKNIFTY,57400.0,2026-09-29,2026-08-27 12:56 IST,2026-08-27 12:56 IST,1,15,870441.0,1091.7,491.0,58029.4,1091.7,491.0,0.00043,375.16,0.0,0.0,337.22,337.22,0.0,-337.22,-0.337,banked (gap < cost),sideways/normal
parity,BANKNIFTY,57500.0,2026-09-29,2026-08-27 12:56 IST,2026-08-27 12:56 IST,1,15,870441.0,1023.9,524.05,58029.4,1023.9,524.05,0.00046,396.7,0.0,0.0,335.94,335.94,0.0,-335.94,-0.336,banked (gap < cost),sideways/normal
parity,BANKNIFTY,57700.0,2026-09-29,2026-08-27 12:56 IST,2026-08-27 12:56 IST,1,15,870441.0,905.95,603.95,58029.4,905.95,603.95,0.00044,382.03,0.0,0.0,334.39,334.39,0.0,-334.39,-0.334,banked (gap < cost),sideways/normal
parity,BANKNIFTY,58000.0,2026-09-29,2026-08-27 12:56 IST,2026-08-27 12:56 IST,1,15,870441.0,738.75,735.6,58029.4,738.75,735.6,0.00045,391.14,0.0,0.0,333.14,333.14,0.0,-333.14,-0.333,banked (gap < cost),sideways/normal
parity,BANKNIFTY,58100.0,2026-09-29,2026-08-27 12:56 IST,2026-08-27 12:56 IST,1,15,870441.0,688.6,782.4,58029.4,688.6,782.4,0.00041,354.18,0.0,0.0,332.98,332.98,0.0,-332.98,-0.333,banked (gap < cost),sideways/normal
parity,BANKNIFTY,58300.0,2026-09-29,2026-08-27 12:56 IST,2026-08-27 12:56 IST,1,15,870441.0,591.4,886.8,58029.4,591.4,886.8,0.00045,395.76,0.0,0.0,333.03,333.03,0.0,-333.03,-0.333,banked (gap < cost),sideways/normal
parity,BANKNIFTY,56200.0,2026-09-29,2026-08-27 12:57 IST,2026-08-27 12:57 IST,1,15,870585.0,1998.0,196.7,58039.0,1998.0,196.7,0.00046,403.87,0.0,0.0,359.66,359.66,0.0,-359.66,-0.36,banked (gap < cost),sideways/normal
parity,NIFTY,25300.0,2026-09-29,2026-08-27 12:57 IST,2026-08-27 12:57 IST,1,75,1826348.0,25.5,949.3,24351.3,25.5,949.3,0.00079,1450.53,0.0,0.0,711.51,711.51,0.0,-711.51,-0.712,banked (gap < cost),sideways/normal
parity,BANKNIFTY,56500.0,2026-09-29,2026-08-27 12:58 IST,2026-08-27 12:58 IST,1,15,870642.0,1757.65,249.35,58042.8,1757.65,249.35,0.00044,381.91,0.0,0.0,353.3,353.3,0.0,-353.3,-0.353,banked (gap < cost),sideways/normal
parity,BANKNIFTY,57000.0,2026-09-29,2026-08-27 12:58 IST,2026-08-27 12:58 IST,1,15,870642.0,1368.7,364.0,58042.8,1368.7,364.0,0.00055,479.86,0.00019,171.35,342.9,514.25,0.0,-514.25,-0.514,banked (gap < cost),sideways/normal
parity,BANKNIFTY,57500.0,2026-09-29,2026-08-27 12:58 IST,2026-08-27 12:58 IST,1,15,870642.0,1030.0,520.0,58042.8,1030.0,520.0,0.00051,444.3,0.0,0.0,335.78,335.78,0.0,-335.78,-0.336,banked (gap < cost),sideways/normal
parity,BANKNIFTY,57600.0,2026-09-29,2026-08-27 12:58 IST,2026-08-27 12:58 IST,1,15,870642.0,968.7,562.75,58042.8,968.7,562.75,0.00059,513.84,0.0,0.0,335.16,335.16,0.0,-335.16,-0.335,banked (gap < cost),sideways/normal
parity,BANKNIFTY,57800.0,2026-09-29,2026-08-27 12:58 IST,2026-08-27 12:58 IST,1,15,870642.0,850.0,641.0,58042.8,850.0,641.0,0.00056,485.67,0.0,0.0,333.75,333.75,0.0,-333.75,-0.334,banked (gap < cost),sideways/normal
parity,BANKNIFTY,57900.0,2026-09-29,2026-08-27 12:58 IST,2026-08-27 12:58 IST,1,15,870642.0,794.35,683.0,58042.8,794.35,683.0,0.00053,459.21,0.0,0.0,333.3,333.3,0.0,-333.3,-0.333,banked (gap < cost),sideways/normal
parity,BANKNIFTY,58000.0,2026-09-29,2026-08-27 12:58 IST,2026-08-27 12:58 IST,1,15,870642.0,739.6,732.55,58042.8,739.6,732.55,0.00061,532.5,0.0,0.0,333.0,333.0,0.0,-333.0,-0.333,banked (gap < cost),sideways/normal
parity,BANKNIFTY,58100.0,2026-09-29,2026-08-27 12:58 IST,2026-08-27 12:58 IST,1,15,870642.0,688.5,775.8,58042.8,688.5,775.8,0.00052,456.54,0.0,0.0,332.89,332.89,0.0,-332.89,-0.333,banked (gap < cost),sideways/normal
parity,BANKNIFTY,58900.0,2026-09-29,2026-08-27 12:58 IST,2026-08-27 12:58 IST,1,15,870642.0,361.95,1248.0,58042.8,361.95,1248.0,0.00058,508.1,0.0,0.0,338.31,338.31,0.0,-338.31,-0.338,banked (gap < cost),sideways/normal
parity,BANKNIFTY,59000.0,2026-09-29,2026-08-27 12:58 IST,2026-08-27 12:58 IST,1,15,870642.0,329.35,1305.1,58042.8,329.35,1305.1,0.00042,362.39,0.0,0.0,339.47,339.47,0.0,-339.47,-0.339,banked (gap < cost),sideways/normal
parity,BANKNIFTY,57200.0,2026-09-29,2026-08-27 12:59 IST,2026-08-27 12:59 IST,1,15,870567.0,1224.65,425.2,58037.8,1224.65,425.2,0.00058,501.63,0.0,0.0,339.8,339.8,0.0,-339.8,-0.34,banked (gap < cost),sideways/normal
parity,BANKNIFTY,58800.0,2026-09-29,2026-08-27 12:59 IST,2026-08-27 12:59 IST,1,15,870567.0,392.7,1180.1,58037.8,392.7,1180.1,0.00051,445.0,0.0,0.0,337.14,337.14,0.0,-337.14,-0.337,banked (gap < cost),sideways/normal
parity,BANKNIFTY,57100.0,2026-09-29,2026-08-27 13:00 IST,2026-08-27 13:00 IST,1,15,870612.0,1291.7,392.05,58040.8,1291.7,392.05,0.00061,534.57,0.0,0.0,341.09,341.09,0.0,-341.09,-0.341,banked (gap < cost),sideways/normal
parity,BANKNIFTY,57700.0,2026-09-29,2026-08-27 13:00 IST,2026-08-27 13:00 IST,1,15,870612.0,907.15,598.45,58040.8,907.15,598.45,0.00052,451.56,0.00015,133.78,334.29,468.07,0.0,-468.07,-0.468,banked (gap < cost),sideways/normal
parity,BANKNIFTY,57800.0,2026-09-29,2026-08-27 13:00 IST,2026-08-27 13:00 IST,1,15,870612.0,848.0,640.45,58040.8,848.0,640.45,0.00055,477.6,0.00015,133.74,333.7,467.44,0.0,-467.44,-0.467,banked (gap < cost),sideways/normal
parity,BANKNIFTY,58600.0,2026-09-29,2026-08-27 13:00 IST,2026-08-27 13:00 IST,1,15,870612.0,468.55,1064.5,58040.8,468.55,1064.5,0.00069,600.41,0.0,0.0,334.77,334.77,0.0,-334.77,-0.335,banked (gap < cost),sideways/normal
parity,BANKNIFTY,56000.0,2026-09-29,2026-08-27 13:03 IST,2026-08-27 13:03 IST,1,15,870645.0,2168.0,167.2,58043.0,2168.0,167.2,0.00052,453.44,0.0,2.19,366.35,368.54,0.0,-368.54,-0.369,banked (gap < cost),sideways/normal
parity,BANKNIFTY,57000.0,2026-09-29,2026-08-27 13:04 IST,2026-08-27 13:04 IST,1,15,870645.0,1371.2,361.8,58043.0,1371.2,361.8,0.00047,412.33,0.0,0.0,343.12,343.12,0.0,-343.12,-0.343,banked (gap < cost),sideways/normal
parity,BANKNIFTY,57400.0,2026-09-29,2026-08-27 13:04 IST,2026-08-27 13:04 IST,1,15,870645.0,1094.8,486.05,58043.0,1094.8,486.05,0.00053,457.23,0.0,0.0,337.33,337.33,0.0,-337.33,-0.337,banked (gap < cost),sideways/normal
parity,BANKNIFTY,57500.0,2026-09-29,2026-08-27 13:04 IST,2026-08-27 13:04 IST,1,15,870645.0,1029.45,520.35,58043.0,1029.45,520.35,0.00053,460.77,0.0,0.0,335.93,335.93,0.0,-335.93,-0.336,banked (gap < cost),sideways/normal
parity,BANKNIFTY,57600.0,2026-09-29,2026-08-27 13:04 IST,2026-08-27 13:04 IST,1,15,870645.0,968.25,561.4,58043.0,968.25,561.4,0.00058,503.31,0.0,0.0,335.23,335.23,0.0,-335.23,-0.335,banked (gap < cost),sideways/normal
parity,BANKNIFTY,57700.0,2026-09-29,2026-08-27 13:04 IST,2026-08-27 13:04 IST,1,15,870645.0,912.65,600.0,58043.0,912.65,600.0,0.00049,425.1,0.0,0.0,334.49,334.49,0.0,-334.49,-0.334,banked (gap < cost),sideways/normal
parity,BANKNIFTY,57800.0,2026-09-29,2026-08-27 13:04 IST,2026-08-27 13:04 IST,1,15,870645.0,854.6,639.65,58043.0,854.6,639.65,0.00046,399.39,0.0,0.0,333.8,333.8,0.0,-333.8,-0.334,banked (gap < cost),sideways/normal
parity,BANKNIFTY,57900.0,2026-09-29,2026-08-27 13:04 IST,2026-08-27 13:04 IST,1,15,870645.0,796.5,682.5,58043.0,796.5,682.5,0.00049,422.43,0.0,0.0,333.47,333.47,0.0,-333.47,-0.333,banked (gap < cost),sideways/normal
parity,BANKNIFTY,58000.0,2026-09-29,2026-08-27 13:04 IST,2026-08-27 13:04 IST,1,15,870645.0,740.05,733.0,58043.0,740.05,733.0,0.00062,535.47,0.0,0.0,332.99,332.99,0.0,-332.99,-0.333,banked (gap < cost),sideways/normal
parity,BANKNIFTY,58100.0,2026-09-29,2026-08-27 13:04 IST,2026-08-27 13:04 IST,1,15,870645.0,692.0,777.1,58043.0,692.0,777.1,0.00049,426.51,0.0,0.0,332.85,332.85,0.0,-332.85,-0.333,banked (gap < cost),sideways/normal
parity,BANKNIFTY,58500.0,2026-09-29,2026-08-27 13:04 IST,2026-08-27 13:04 IST,1,15,870645.0,510.7,991.8,58043.0,510.7,991.8,0.00046,401.67,0.0,0.0,334.13,334.13,0.0,-334.13,-0.334,banked (gap < cost),sideways/normal
parity,BANKNIFTY,58700.0,2026-09-29,2026-08-27 13:04 IST,2026-08-27 13:04 IST,1,15,870645.0,430.25,1112.4,58043.0,430.25,1112.4,0.0005,435.0,0.0,0.0,335.68,335.68,0.0,-335.68,-0.336,banked (gap < cost),sideways/normal
parity,BANKNIFTY,58900.0,2026-09-29,2026-08-27 13:06 IST,2026-08-27 13:06 IST,1,15,870525.0,365.25,1236.9,58035.0,365.25,1236.9,0.0002,175.78,0.00015,134.0,338.13,472.13,0.0,-472.13,-0.472,banked (gap < cost),sideways/normal
parity,BANKNIFTY,59100.0,2026-09-29,2026-08-27 13:08 IST,2026-08-27 13:08 IST,1,15,870750.0,303.15,1369.4,58050.0,303.15,1369.4,0.00039,336.04,7e-05,67.05,341.59,408.64,0.0,-408.64,-0.409,banked (gap < cost),sideways/normal
parity,BANKNIFTY,58100.0,2026-09-29,2026-08-27 13:09 IST,2026-08-27 13:09 IST,1,15,870975.0,700.0,769.0,58065.0,700.0,769.0,0.00059,513.08,1e-05,9.0,332.83,341.83,0.0,-341.83,-0.342,banked (gap < cost),sideways/normal
parity,BANKNIFTY,56500.0,2026-09-29,2026-08-27 13:10 IST,2026-08-27 13:10 IST,1,15,871125.0,1773.75,241.8,58075.0,1773.75,241.8,0.00058,507.32,0.0,0.0,353.73,353.73,0.0,-353.73,-0.354,banked (gap < cost),sideways/normal
parity,BANKNIFTY,57000.0,2026-09-29,2026-08-27 13:10 IST,2026-08-27 13:10 IST,1,15,871125.0,1393.7,353.4,58075.0,1393.7,353.4,0.00049,426.02,0.0,0.0,343.46,343.46,0.0,-343.46,-0.343,banked (gap < cost),sideways/normal
parity,BANKNIFTY,57400.0,2026-09-29,2026-08-27 13:10 IST,2026-08-27 13:10 IST,1,15,871125.0,1113.95,473.05,58075.0,1113.95,473.05,0.00052,452.17,0.0,0.0,337.35,337.35,0.0,-337.35,-0.337,banked (gap < cost),sideways/normal
parity,BANKNIFTY,57600.0,2026-09-29,2026-08-27 13:10 IST,2026-08-27 13:10 IST,1,15,871125.0,987.85,545.95,58075.0,987.85,545.95,0.00052,454.75,0.0,0.0,335.34,335.34,0.0,-335.34,-0.335,banked (gap < cost),sideways/normal
parity,BANKNIFTY,57800.0,2026-09-29,2026-08-27 13:10 IST,2026-08-27 13:10 IST,1,15,871125.0,867.6,625.0,58075.0,867.6,625.0,0.00053,461.83,0.0,0.0,333.97,333.97,0.0,-333.97,-0.334,banked (gap < cost),sideways/normal
parity,BANKNIFTY,58000.0,2026-09-29,2026-08-27 13:10 IST,2026-08-27 13:10 IST,1,15,871125.0,756.0,712.85,58075.0,756.0,712.85,0.00054,471.16,0.0,0.0,333.05,333.05,0.0,-333.05,-0.333,banked (gap < cost),sideways/normal
parity,BANKNIFTY,58500.0,2026-09-29,2026-08-27 13:10 IST,2026-08-27 13:10 IST,1,15,871125.0,521.1,973.25,58075.0,521.1,973.25,0.00051,444.6,0.0001,90.83,334.11,424.94,0.0,-424.94,-0.425,banked (gap < cost),sideways/normal
parity,BANKNIFTY,58600.0,2026-09-29,2026-08-27 13:10 IST,2026-08-27 13:10 IST,1,15,871125.0,478.55,1028.1,58075.0,478.55,1028.1,0.00048,414.39,0.0,0.0,334.74,334.74,0.0,-334.74,-0.335,banked (gap < cost),sideways/normal
parity,BANKNIFTY,58800.0,2026-09-29,2026-08-27 13:10 IST,2026-08-27 13:10 IST,1,15,871125.0,404.95,1156.85,58075.0,404.95,1156.85,0.00054,467.22,0.0,0.0,336.57,336.57,0.0,-336.57,-0.337,banked (gap < cost),sideways/normal
parity,BANKNIFTY,56000.0,2026-09-29,2026-08-27 13:11 IST,2026-08-27 13:11 IST,1,15,871350.0,2220.0,160.0,58090.0,2220.0,160.0,0.00031,266.31,0.0,0.0,366.91,366.91,0.0,-366.91,-0.367,banked (gap < cost),sideways/normal
parity,BANKNIFTY,57300.0,2026-09-29,2026-08-27 13:11 IST,2026-08-27 13:11 IST,1,15,871350.0,1197.2,433.6,58090.0,1197.2,433.6,0.00037,326.57,0.0,0.0,338.91,338.91,0.0,-338.91,-0.339,banked (gap < cost),sideways/normal
parity,BANKNIFTY,57500.0,2026-09-29,2026-08-27 13:11 IST,2026-08-27 13:11 IST,1,15,871350.0,1057.85,497.1,58090.0,1057.85,497.1,0.00044,386.89,0.0,0.0,336.22,336.22,0.0,-336.22,-0.336,banked (gap < cost),sideways/normal
parity,BANKNIFTY,57700.0,2026-09-29,2026-08-27 13:11 IST,2026-08-27 13:11 IST,1,15,871350.0,938.7,574.4,58090.0,938.7,574.4,0.0004,351.22,0.0,0.0,334.76,334.76,0.0,-334.76,-0.335,banked (gap < cost),sideways/normal
parity,BANKNIFTY,57900.0,2026-09-29,2026-08-27 13:11 IST,2026-08-27 13:11 IST,1,15,871350.0,820.05,657.7,58090.0,820.05,657.7,0.00046,398.05,0.0,0.0,333.52,333.52,0.0,-333.52,-0.334,banked (gap < cost),sideways/normal
parity,BANKNIFTY,58100.0,2026-09-29,2026-08-27 13:11 IST,2026-08-27 13:11 IST,1,15,871350.0,714.75,749.6,58090.0,714.75,749.6,0.00043,373.63,0.0,0.0,332.98,332.98,0.0,-332.98,-0.333,banked (gap < cost),sideways/normal
parity,BANKNIFTY,58200.0,2026-09-29,2026-08-27 13:11 IST,2026-08-27 13:11 IST,1,15,871350.0,665.75,796.65,58090.0,665.75,796.65,0.00037,323.17,0.0,0.0,332.96,332.96,0.0,-332.96,-0.333,banked (gap < cost),sideways/normal
parity,BANKNIFTY,58300.0,2026-09-29,2026-08-27 13:11 IST,2026-08-27 13:11 IST,1,15,871350.0,617.75,844.05,58090.0,617.75,844.05,0.0003,262.96,0.0,0.0,332.98,332.98,0.0,-332.98,-0.333,banked (gap < cost),sideways/normal
parity,BANKNIFTY,58400.0,2026-09-29,2026-08-27 13:11 IST,2026-08-27 13:11 IST,1,15,871350.0,572.0,904.85,58090.0,572.0,904.85,0.00042,370.0,0.0,0.0,333.27,333.27,0.0,-333.27,-0.333,banked (gap < cost),sideways/normal
parity,BANKNIFTY,59000.0,2026-09-29,2026-08-27 13:11 IST,2026-08-27 13:11 IST,1,15,871350.0,343.65,1270.0,58090.0,343.65,1270.0,0.00037,325.23,0.0,0.0,338.89,338.89,0.0,-338.89,-0.339,banked (gap < cost),sideways/normal
parity,BANKNIFTY,56500.0,2026-09-29,2026-08-27 13:12 IST,2026-08-27 13:12 IST,1,15,871950.0,1832.0,225.0,58130.0,1832.0,225.0,0.00023,201.74,0.0,0.0,354.19,354.19,0.0,-354.19,-0.354,banked (gap < cost),sideways/normal
parity,BANKNIFTY,56900.0,2026-09-29,2026-08-27 13:12 IST,2026-08-27 13:12 IST,1,15,871950.0,1521.0,306.45,58130.0,1521.0,306.45,0.00014,123.64,0.0,0.0,345.82,345.82,0.0,-345.82,-0.346,banked (gap < cost),sideways/normal
parity,BANKNIFTY,57000.0,2026-09-29,2026-08-27 13:12 IST,2026-08-27 13:12 IST,1,15,871950.0,1439.45,329.95,58130.0,1439.45,329.95,0.00024,208.18,0.0,0.0,343.96,343.96,0.0,-343.96,-0.344,banked (gap < cost),sideways/normal
parity,BANKNIFTY,57100.0,2026-09-29,2026-08-27 13:12 IST,2026-08-27 13:12 IST,1,15,871950.0,1370.8,357.7,58130.0,1370.8,357.7,0.00019,162.97,0.0,0.0,341.92,341.92,0.0,-341.92,-0.342,banked (gap < cost),sideways/normal
parity,BANKNIFTY,57200.0,2026-09-29,2026-08-27 13:12 IST,2026-08-27 13:12 IST,1,15,871950.0,1290.4,383.85,58130.0,1290.4,383.85,0.00031,270.01,0.0,0.0,340.3,340.3,0.0,-340.3,-0.34,banked (gap < cost),sideways/normal
parity,BANKNIFTY,57400.0,2026-09-29,2026-08-27 13:12 IST,2026-08-27 13:12 IST,1,15,871950.0,1153.5,446.25,58130.0,1153.5,446.25,0.00032,277.09,0.0,0.0,337.72,337.72,0.0,-337.72,-0.338,banked (gap < cost),sideways/normal
parity,BANKNIFTY,57600.0,2026-09-29,2026-08-27 13:12 IST,2026-08-27 13:12 IST,1,15,871950.0,1026.45,513.7,58130.0,1026.45,513.7,0.00024,212.17,0.0,0.0,335.55,335.55,0.0,-335.55,-0.336,banked (gap < cost),sideways/normal
parity,BANKNIFTY,57800.0,2026-09-29,2026-08-27 13:12 IST,2026-08-27 13:12 IST,1,15,871950.0,903.55,589.1,58130.0,903.55,589.1,0.00023,204.25,0.0,0.0,334.0,334.0,0.0,-334.0,-0.334,banked (gap < cost),sideways/normal
parity,BANKNIFTY,58000.0,2026-09-29,2026-08-27 13:12 IST,2026-08-27 13:12 IST,1,15,871950.0,790.0,676.4,58130.0,790.0,676.4,0.00027,234.57,0.0,0.0,333.05,333.05,0.0,-333.05,-0.333,banked (gap < cost),sideways/normal
parity,BANKNIFTY,58500.0,2026-09-29,2026-08-27 13:12 IST,2026-08-27 13:12 IST,1,15,871950.0,548.25,927.05,58130.0,548.25,927.05,0.00019,164.52,0.0,0.0,333.81,333.81,0.0,-333.81,-0.334,banked (gap < cost),sideways/normal
parity,BANKNIFTY,58600.0,2026-09-29,2026-08-27 13:12 IST,2026-08-27 13:12 IST,1,15,871950.0,503.1,987.3,58130.0,503.1,987.3,0.00029,254.31,0.0,0.0,334.3,334.3,0.0,-334.3,-0.334,banked (gap < cost),sideways/normal
parity,BANKNIFTY,58800.0,2026-09-29,2026-08-27 13:12 IST,2026-08-27 13:12 IST,1,15,871950.0,425.85,1110.0,58130.0,425.85,1110.0,0.00031,271.14,0.0,0.0,336.48,336.48,0.0,-336.48,-0.336,banked (gap < cost),sideways/normal
parity,BANKNIFTY,59500.0,2026-09-29,2026-08-27 13:12 IST,2026-08-27 13:12 IST,1,15,871950.0,221.25,1601.55,58130.0,221.25,1601.55,0.00032,274.91,0.0,0.0,348.72,348.72,0.0,-348.72,-0.349,banked (gap < cost),sideways/normal
parity,NIFTY,25100.0,2026-09-29,2026-08-27 13:13 IST,2026-08-27 13:13 IST,1,75,1827750.0,44.2,764.3,24370.0,44.2,764.3,0.00023,421.69,0.0,0.0,684.22,684.22,0.0,-684.22,-0.684,banked (gap < cost),sideways/normal
parity,BANKNIFTY,57000.0,2026-09-29,2026-08-27 13:16 IST,2026-08-27 13:16 IST,1,15,872100.0,1442.1,333.65,58140.0,1442.1,333.65,0.00043,373.05,0.0,0.0,344.82,344.82,0.0,-344.82,-0.345,banked (gap < cost),sideways/normal
parity,BANKNIFTY,57500.0,2026-09-29,2026-08-27 13:16 IST,2026-08-27 13:16 IST,1,15,872100.0,1080.0,481.2,58140.0,1080.0,481.2,0.00064,561.75,0.0,0.0,337.09,337.09,0.0,-337.09,-0.337,banked (gap < cost),sideways/normal
parity,BANKNIFTY,57600.0,2026-09-29,2026-08-27 13:16 IST,2026-08-27 13:16 IST,1,15,872100.0,1021.0,519.75,58140.0,1021.0,519.75,0.00061,533.79,0.0,0.0,336.05,336.05,0.0,-336.05,-0.336,banked (gap < cost),sideways/normal
parity,BANKNIFTY,58000.0,2026-09-29,2026-08-27 13:16 IST,2026-08-27 13:16 IST,1,15,872100.0,785.0,680.5,58140.0,785.0,680.5,0.0006,520.2,0.0,0.0,333.22,333.22,0.0,-333.22,-0.333,banked (gap < cost),sideways/normal
parity,BANKNIFTY,58100.0,2026-09-29,2026-08-27 13:16 IST,2026-08-27 13:16 IST,1,15,872100.0,736.65,723.7,58140.0,736.65,723.7,0.00046,402.23,0.0,0.0,332.97,332.97,0.0,-332.97,-0.333,banked (gap < cost),sideways/normal
parity,BANKNIFTY,58700.0,2026-09-29,2026-08-27 13:16 IST,2026-08-27 13:16 IST,1,15,872100.0,463.55,1037.5,58140.0,463.55,1037.5,0.0003,258.47,0.0,0.0,335.08,335.08,0.0,-335.08,-0.335,banked (gap < cost),sideways/normal
parity,BANKNIFTY,57500.0,2026-09-29,2026-08-27 13:18 IST,2026-08-27 13:18 IST,1,15,872025.0,1087.85,477.9,58135.0,1087.85,477.9,0.00037,319.94,0.0,0.0,336.8,336.8,0.0,-336.8,-0.337,banked (gap < cost),sideways/normal
parity,BANKNIFTY,57600.0,2026-09-29,2026-08-27 13:18 IST,2026-08-27 13:18 IST,1,15,872025.0,1022.75,515.2,58135.0,1022.75,515.2,0.00042,364.73,0.0,0.0,335.92,335.92,0.0,-335.92,-0.336,banked (gap < cost),sideways/normal
parity,BANKNIFTY,57700.0,2026-09-29,2026-08-27 13:18 IST,2026-08-27 13:18 IST,1,15,872025.0,963.6,553.6,58135.0,963.6,553.6,0.00039,336.77,0.0,0.0,335.07,335.07,0.0,-335.07,-0.335,banked (gap < cost),sideways/normal
parity,BANKNIFTY,57900.0,2026-09-29,2026-08-27 13:18 IST,2026-08-27 13:18 IST,1,15,872025.0,847.5,629.55,58135.0,847.5,629.55,0.00027,235.1,0.0,0.0,333.74,333.74,0.0,-333.74,-0.334,banked (gap < cost),sideways/normal
parity,BANKNIFTY,58000.0,2026-09-29,2026-08-27 13:18 IST,2026-08-27 13:18 IST,1,15,872025.0,788.4,678.05,58135.0,788.4,678.05,0.00041,357.88,0.0,0.0,333.13,333.13,0.0,-333.13,-0.333,banked (gap < cost),sideways/normal
parity,BANKNIFTY,58100.0,2026-09-29,2026-08-27 13:18 IST,2026-08-27 13:18 IST,1,15,872025.0,737.75,723.15,58135.0,737.75,723.15,0.00035,302.92,0.0,0.0,332.91,332.91,0.0,-332.91,-0.333,banked (gap < cost),sideways/normal
parity,BANKNIFTY,58400.0,2026-09-29,2026-08-27 13:18 IST,2026-08-27 13:18 IST,1,15,872025.0,592.0,875.0,58135.0,592.0,875.0,0.00034,293.29,0.0,0.0,332.96,332.96,0.0,-332.96,-0.333,banked (gap < cost),sideways/normal
parity,BANKNIFTY,58500.0,2026-09-29,2026-08-27 13:18 IST,2026-08-27 13:18 IST,1,15,872025.0,544.35,928.6,58135.0,544.35,928.6,0.00037,320.83,0.0,0.0,333.57,333.57,0.0,-333.57,-0.334,banked (gap < cost),sideways/normal
parity,BANKNIFTY,58600.0,2026-09-29,2026-08-27 13:18 IST,2026-08-27 13:18 IST,1,15,872025.0,500.0,988.8,58135.0,500.0,988.8,0.00046,397.87,0.0,0.0,334.12,334.12,0.0,-334.12,-0.334,banked (gap < cost),sideways/normal
parity,BANKNIFTY,56500.0,2026-09-29,2026-08-27 13:22 IST,2026-08-27 13:22 IST,1,15,871608.0,1825.25,228.95,58107.2,1825.25,228.95,3e-05,22.23,0.00011,95.98,354.91,450.89,0.0,-450.89,-0.451,banked (gap < cost),sideways/normal
parity,BANKNIFTY,56000.0,2026-09-29,2026-08-27 13:23 IST,2026-08-27 13:23 IST,1,15,871737.0,2246.1,155.15,58115.8,2246.1,155.15,0.00021,186.8,0.00017,156.63,368.1,524.73,0.0,-524.73,-0.525,banked (gap < cost),sideways/normal
parity,BANKNIFTY,57000.0,2026-09-29,2026-08-27 13:25 IST,2026-08-27 13:25 IST,1,15,871737.0,1430.0,335.75,58115.8,1430.0,335.75,0.00026,225.19,0.0,0.0,344.88,344.88,0.0,-344.88,-0.345,banked (gap < cost),sideways/normal
parity,BANKNIFTY,57500.0,2026-09-29,2026-08-27 13:25 IST,2026-08-27 13:25 IST,1,15,871737.0,1076.55,484.0,58115.8,1076.55,484.0,0.00034,294.64,0.0,0.0,336.85,336.85,0.0,-336.85,-0.337,banked (gap < cost),sideways/normal
parity,BANKNIFTY,57600.0,2026-09-29,2026-08-27 13:25 IST,2026-08-27 13:25 IST,1,15,871737.0,1015.1,521.8,58115.8,1015.1,521.8,0.00034,292.18,0.0,0.0,335.92,335.92,0.0,-335.92,-0.336,banked (gap < cost),sideways/normal
parity,BANKNIFTY,57700.0,2026-09-29,2026-08-27 13:25 IST,2026-08-27 13:25 IST,1,15,871737.0,956.35,557.65,58115.8,956.35,557.65,0.00025,219.97,0.0,0.0,335.24,335.24,0.0,-335.24,-0.335,banked (gap < cost),sideways/normal
parity,BANKNIFTY,57800.0,2026-09-29,2026-08-27 13:25 IST,2026-08-27 13:25 IST,1,15,871737.0,897.65,596.9,58115.8,897.65,596.9,0.00023,198.01,0.0,0.0,334.16,334.16,0.0,-334.16,-0.334,banked (gap < cost),sideways/normal
parity,BANKNIFTY,57900.0,2026-09-29,2026-08-27 13:25 IST,2026-08-27 13:25 IST,1,15,871737.0,841.3,643.2,58115.8,841.3,643.2,0.00028,246.54,0.0,0.0,333.83,333.83,0.0,-333.83,-0.334,banked (gap < cost),sideways/normal
parity,BANKNIFTY,58100.0,2026-09-29,2026-08-27 13:25 IST,2026-08-27 13:25 IST,1,15,871737.0,727.15,728.4,58115.8,727.15,728.4,0.00029,254.37,0.0,0.0,332.98,332.98,0.0,-332.98,-0.333,banked (gap < cost),sideways/normal
parity,BANKNIFTY,58200.0,2026-09-29,2026-08-27 13:25 IST,2026-08-27 13:25 IST,1,15,871737.0,680.95,777.0,58115.8,680.95,777.0,0.00021,185.16,0.0,0.0,332.87,332.87,0.0,-332.87,-0.333,banked (gap < cost),sideways/normal
parity,NIFTY,24900.0,2026-09-29,2026-08-27 13:25 IST,2026-08-27 13:25 IST,1,75,1826768.0,78.0,603.75,24356.9,78.0,603.75,0.00058,1062.55,1e-05,12.58,658.49,671.07,0.0,-671.07,-0.671,banked (gap < cost),sideways/normal
parity,BANKNIFTY,59000.0,2026-09-29,2026-08-27 13:26 IST,2026-08-27 13:26 IST,1,15,871755.0,351.0,1241.65,58117.0,351.0,1241.65,0.00022,192.36,0.0,0.0,338.04,338.04,0.0,-338.04,-0.338,banked (gap < cost),sideways/normal
parity,BANKNIFTY,57500.0,2026-09-29,2026-08-27 13:28 IST,2026-08-27 13:28 IST,1,15,871500.0,1068.4,489.95,58100.0,1068.4,489.95,0.00031,270.51,0.00012,105.75,336.74,442.49,0.0,-442.49,-0.442,banked (gap < cost),sideways/normal
parity,BANKNIFTY,57600.0,2026-09-29,2026-08-27 13:28 IST,2026-08-27 13:28 IST,1,15,871500.0,1007.55,529.05,58100.0,1007.55,529.05,0.00032,278.55,0.00012,108.61,335.81,444.42,0.0,-444.42,-0.444,banked (gap < cost),sideways/normal
parity,BANKNIFTY,56800.0,2026-09-29,2026-08-27 13:31 IST,2026-08-27 13:31 IST,1,15,871476.0,1542.7,298.9,58098.4,1542.7,298.9,0.00081,704.86,0.0,0.0,347.79,347.79,0.0,-347.79,-0.348,banked (gap < cost),sideways/normal
parity,BANKNIFTY,56700.0,2026-09-29,2026-08-27 13:32 IST,2026-08-27 13:32 IST,1,15,871350.0,1637.65,275.6,58090.0,1637.65,275.6,0.00034,297.08,0.0,0.0,350.32,350.32,0.0,-350.32,-0.35,banked (gap < cost),sideways/normal
parity,BANKNIFTY,58900.0,2026-09-29,2026-08-27 13:34 IST,2026-08-27 13:34 IST,1,15,871500.0,377.85,1198.0,58100.0,377.85,1198.0,0.00043,372.56,0.0,0.0,337.61,337.61,0.0,-337.61,-0.338,banked (gap < cost),sideways/normal
parity,BANKNIFTY,57000.0,2026-09-29,2026-08-27 13:37 IST,2026-08-27 13:37 IST,1,15,871485.0,1418.4,342.5,58099.0,1418.4,342.5,0.00029,249.91,0.0,0.0,344.35,344.35,0.0,-344.35,-0.344,banked (gap < cost),sideways/normal
parity,BANKNIFTY,57500.0,2026-09-29,2026-08-27 13:37 IST,2026-08-27 13:37 IST,1,15,871485.0,1067.95,492.0,58099.0,1067.95,492.0,0.00034,293.1,0.0,0.0,336.58,336.58,0.0,-336.58,-0.337,banked (gap < cost),sideways/normal
parity,BANKNIFTY,57600.0,2026-09-29,2026-08-27 13:37 IST,2026-08-27 13:37 IST,1,15,871485.0,1010.4,527.4,58099.0,1010.4,527.4,0.00023,196.14,0.0,0.0,335.89,335.89,0.0,-335.89,-0.336,banked (gap < cost),sideways/normal
parity,BANKNIFTY,56500.0,2026-09-29,2026-08-27 13:39 IST,2026-08-27 13:39 IST,1,15,871500.0,1805.0,234.05,58100.0,1805.0,234.05,0.00034,295.12,0.0,0.0,355.15,355.15,0.0,-355.15,-0.355,banked (gap < cost),sideways/normal
parity,BANKNIFTY,57000.0,2026-09-29,2026-08-27 13:41 IST,2026-08-27 13:41 IST,1,15,871185.0,1391.7,347.65,58079.0,1391.7,347.65,0.00049,429.41,0.00011,95.66,343.86,439.52,0.0,-439.52,-0.44,banked (gap < cost),sideways/normal
parity,BANKNIFTY,57100.0,2026-09-29,2026-08-27 13:41 IST,2026-08-27 13:41 IST,1,15,871185.0,1316.55,378.0,58079.0,1316.55,378.0,0.0006,520.7,5e-05,40.83,342.49,383.32,0.0,-383.32,-0.383,banked (gap < cost),sideways/normal
parity,BANKNIFTY,57500.0,2026-09-29,2026-08-27 13:41 IST,2026-08-27 13:41 IST,1,15,871185.0,1051.7,501.5,58079.0,1051.7,501.5,0.00044,381.11,0.00011,95.34,336.24,431.58,0.0,-431.58,-0.432,banked (gap < cost),sideways/normal
parity,BANKNIFTY,57700.0,2026-09-29,2026-08-27 13:41 IST,2026-08-27 13:41 IST,1,15,871185.0,934.4,577.1,58079.0,934.4,577.1,0.00034,292.19,0.00011,95.28,334.69,429.97,0.0,-429.97,-0.43,banked (gap < cost),sideways/normal
parity,BANKNIFTY,57800.0,2026-09-29,2026-08-27 13:41 IST,2026-08-27 13:41 IST,1,15,871185.0,874.75,615.25,58079.0,874.75,615.25,0.00031,267.98,0.00011,95.24,333.78,429.02,0.0,-429.02,-0.429,banked (gap < cost),sideways/normal
parity,BANKNIFTY,57900.0,2026-09-29,2026-08-27 13:41 IST,2026-08-27 13:41 IST,1,15,871185.0,817.25,660.0,58079.0,817.25,660.0,0.00036,310.52,0.00011,95.23,333.48,428.71,0.0,-428.71,-0.429,banked (gap < cost),sideways/normal
parity,BANKNIFTY,58000.0,2026-09-29,2026-08-27 13:41 IST,2026-08-27 13:41 IST,1,15,871185.0,761.35,705.0,58079.0,761.35,705.0,0.00038,332.81,0.00011,95.2,332.91,428.11,0.0,-428.11,-0.428,banked (gap < cost),sideways/normal
parity,BANKNIFTY,58100.0,2026-09-29,2026-08-27 13:41 IST,2026-08-27 13:41 IST,1,15,871185.0,710.35,751.0,58079.0,710.35,751.0,0.00034,296.6,0.00011,95.2,332.7,427.9,0.0,-427.9,-0.428,banked (gap < cost),sideways/normal
parity,BANKNIFTY,58200.0,2026-09-29,2026-08-27 13:41 IST,2026-08-27 13:41 IST,1,15,871185.0,660.1,798.85,58079.0,660.1,798.85,0.00032,276.88,0.00011,95.2,332.85,428.05,0.0,-428.05,-0.428,banked (gap < cost),sideways/normal
parity,BANKNIFTY,58300.0,2026-09-29,2026-08-27 13:41 IST,2026-08-27 13:41 IST,1,15,871185.0,611.8,855.9,58079.0,611.8,855.9,0.00042,365.92,0.00011,95.2,332.72,427.92,0.0,-427.92,-0.428,banked (gap < cost),sideways/normal
parity,BANKNIFTY,57400.0,2026-09-29,2026-08-27 13:42 IST,2026-08-27 13:42 IST,1,15,871260.0,1124.8,471.75,58084.0,1124.8,471.75,0.00046,404.13,0.0,0.0,337.7,337.7,0.0,-337.7,-0.338,banked (gap < cost),sideways/normal
parity,BANKNIFTY,58400.0,2026-09-29,2026-08-27 13:42 IST,2026-08-27 13:42 IST,1,15,871260.0,565.55,903.2,58084.0,565.55,903.2,0.0004,352.52,0.0,0.0,333.37,333.37,0.0,-333.37,-0.333,banked (gap < cost),sideways/normal
parity,BANKNIFTY,56000.0,2026-09-29,2026-08-27 13:43 IST,2026-08-27 13:43 IST,1,15,871050.0,2203.0,163.85,58070.0,2203.0,163.85,0.00032,280.81,0.0,0.0,367.53,367.53,0.0,-367.53,-0.368,banked (gap < cost),sideways/normal
parity,BANKNIFTY,57200.0,2026-09-29,2026-08-27 13:45 IST,2026-08-27 13:45 IST,1,15,870780.0,1240.0,417.0,58052.0,1240.0,417.0,0.00041,360.12,0.0,0.0,340.14,340.14,0.0,-340.14,-0.34,banked (gap < cost),sideways/normal
parity,BANKNIFTY,57300.0,2026-09-29,2026-08-27 13:45 IST,2026-08-27 13:45 IST,1,15,870780.0,1166.1,448.55,58052.0,1166.1,448.55,0.00052,450.66,0.0,0.0,338.74,338.74,0.0,-338.74,-0.339,banked (gap < cost),sideways/normal
parity,BANKNIFTY,57400.0,2026-09-29,2026-08-27 13:45 IST,2026-08-27 13:45 IST,1,15,870780.0,1101.8,480.55,58052.0,1101.8,480.55,0.00046,403.94,0.0,0.0,337.47,337.47,0.0,-337.47,-0.337,banked (gap < cost),sideways/normal
parity,BANKNIFTY,57500.0,2026-09-29,2026-08-27 13:45 IST,2026-08-27 13:45 IST,1,15,870780.0,1035.9,513.1,58052.0,1035.9,513.1,0.00045,389.48,0.0,0.0,336.08,336.08,0.0,-336.08,-0.336,banked (gap < cost),sideways/normal
parity,BANKNIFTY,57600.0,2026-09-29,2026-08-27 13:45 IST,2026-08-27 13:45 IST,1,15,870780.0,976.15,553.45,58052.0,976.15,553.45,0.00046,399.77,0.0,0.0,335.31,335.31,0.0,-335.31,-0.335,banked (gap < cost),sideways/normal
parity,BANKNIFTY,58300.0,2026-09-29,2026-08-27 13:45 IST,2026-08-27 13:45 IST,1,15,870780.0,598.95,869.65,58052.0,598.95,869.65,0.00042,362.3,4e-05,32.15,333.07,365.22,0.0,-365.22,-0.365,banked (gap < cost),sideways/normal
parity,BANKNIFTY,58600.0,2026-09-29,2026-08-27 13:45 IST,2026-08-27 13:45 IST,1,15,870780.0,470.25,1035.0,58052.0,470.25,1035.0,0.00034,299.41,0.0,0.0,334.5,334.5,0.0,-334.5,-0.334,banked (gap < cost),sideways/normal
parity,BANKNIFTY,56500.0,2026-09-29,2026-08-27 13:46 IST,2026-08-27 13:46 IST,1,15,870780.0,1756.1,245.6,58052.0,1756.1,245.6,0.00056,486.09,0.0,0.0,353.38,353.38,0.0,-353.38,-0.353,banked (gap < cost),sideways/normal
parity,BANKNIFTY,57000.0,2026-09-29,2026-08-27 13:46 IST,2026-08-27 13:46 IST,1,15,870780.0,1380.0,359.1,58052.0,1380.0,359.1,0.00043,374.04,0.0,0.0,343.15,343.15,0.0,-343.15,-0.343,banked (gap < cost),sideways/normal
parity,BANKNIFTY,57700.0,2026-09-29,2026-08-27 13:46 IST,2026-08-27 13:46 IST,1,15,870780.0,912.05,591.55,58052.0,912.05,591.55,0.00051,441.56,0.0,0.0,334.43,334.43,0.0,-334.43,-0.334,banked (gap < cost),sideways/normal
parity,BANKNIFTY,57800.0,2026-09-29,2026-08-27 13:46 IST,2026-08-27 13:46 IST,1,15,870780.0,858.6,631.9,58052.0,858.6,631.9,0.00041,357.35,0.0,0.0,333.8,333.8,0.0,-333.8,-0.334,banked (gap < cost),sideways/normal
parity,BANKNIFTY,57900.0,2026-09-29,2026-08-27 13:46 IST,2026-08-27 13:46 IST,1,15,870780.0,799.1,675.7,58052.0,799.1,675.7,0.00048,415.64,0.0,0.0,333.27,333.27,0.0,-333.27,-0.333,banked (gap < cost),sideways/normal
parity,BANKNIFTY,58000.0,2026-09-29,2026-08-27 13:46 IST,2026-08-27 13:46 IST,1,15,870780.0,744.65,721.7,58052.0,744.65,721.7,0.0005,431.18,0.0,0.0,332.91,332.91,0.0,-332.91,-0.333,banked (gap < cost),sideways/normal
parity,BANKNIFTY,58100.0,2026-09-29,2026-08-27 13:46 IST,2026-08-27 13:46 IST,1,15,870780.0,695.15,771.55,58052.0,695.15,771.55,0.00049,430.22,0.0,0.0,332.73,332.73,0.0,-332.73,-0.333,banked (gap < cost),sideways/normal
parity,BANKNIFTY,58200.0,2026-09-29,2026-08-27 13:46 IST,2026-08-27 13:46 IST,1,15,870780.0,645.65,819.0,58052.0,645.65,819.0,0.00045,393.26,0.0,0.0,332.77,332.77,0.0,-332.77,-0.333,banked (gap < cost),sideways/normal
parity,BANKNIFTY,58400.0,2026-09-29,2026-08-27 13:46 IST,2026-08-27 13:46 IST,1,15,870780.0,549.65,925.2,58052.0,549.65,925.2,0.00051,443.84,0.0,0.0,333.3,333.3,0.0,-333.3,-0.333,banked (gap < cost),sideways/normal
parity,BANKNIFTY,58500.0,2026-09-29,2026-08-27 13:46 IST,2026-08-27 13:46 IST,1,15,870780.0,510.4,983.4,58052.0,510.4,983.4,0.00048,414.38,0.0,0.0,333.85,333.85,0.0,-333.85,-0.334,banked (gap < cost),sideways/normal
parity,NIFTY,24700.0,2026-09-29,2026-08-27 13:47 IST,2026-08-27 13:47 IST,1,75,1825298.0,120.55,478.9,24337.3,120.55,478.9,9e-05,166.8,0.0,0.0,642.91,642.91,0.0,-642.91,-0.643,banked (gap < cost),sideways/normal
parity,BANKNIFTY,57200.0,2026-09-29,2026-08-27 13:48 IST,2026-08-27 13:48 IST,1,15,870075.0,1208.25,433.05,58005.0,1208.25,433.05,0.00043,376.25,4e-05,37.24,339.88,377.12,0.0,-377.12,-0.377,banked (gap < cost),sideways/normal
parity,BANKNIFTY,57300.0,2026-09-29,2026-08-27 13:48 IST,2026-08-27 13:48 IST,1,15,870075.0,1147.9,462.6,58005.0,1147.9,462.6,0.00027,233.54,4e-05,34.76,338.75,373.51,0.0,-373.51,-0.374,banked (gap < cost),sideways/normal
parity,BANKNIFTY,57500.0,2026-09-29,2026-08-27 13:48 IST,2026-08-27 13:48 IST,1,15,870075.0,1012.25,530.0,58005.0,1012.25,530.0,0.00034,296.86,6e-05,55.06,336.04,391.1,0.0,-391.1,-0.391,banked (gap < cost),sideways/normal
parity,NIFTY,23800.0,2026-09-29,2026-08-27 13:48 IST,2026-08-27 13:48 IST,1,75,1823910.0,622.65,103.4,24318.8,622.65,103.4,0.00014,261.69,0.0,0.0,670.57,670.57,0.0,-670.57,-0.671,banked (gap < cost),sideways/normal
parity,BANKNIFTY,56500.0,2026-09-29,2026-08-27 13:49 IST,2026-08-27 13:49 IST,1,15,870150.0,1742.15,254.85,58010.0,1742.15,254.85,0.00024,207.78,0.0,0.0,352.64,352.64,0.0,-352.64,-0.353,banked (gap < cost),sideways/normal
parity,BANKNIFTY,58000.0,2026-09-29,2026-08-27 13:49 IST,2026-08-27 13:49 IST,1,15,870150.0,729.5,741.95,58010.0,729.5,741.95,0.00039,335.87,0.0,0.0,332.83,332.83,0.0,-332.83,-0.333,banked (gap < cost),sideways/normal
parity,BANKNIFTY,58100.0,2026-09-29,2026-08-27 13:49 IST,2026-08-27 13:49 IST,1,15,870150.0,682.05,790.2,58010.0,682.05,790.2,0.00032,280.16,0.0,0.0,332.77,332.77,0.0,-332.77,-0.333,banked (gap < cost),sideways/normal
parity,BANKNIFTY,58400.0,2026-09-29,2026-08-27 13:49 IST,2026-08-27 13:49 IST,1,15,870150.0,542.1,943.85,58010.0,542.1,943.85,0.00024,210.53,3e-05,24.36,333.58,357.94,0.0,-357.94,-0.358,banked (gap < cost),sideways/normal
parity,BANKNIFTY,58600.0,2026-09-29,2026-08-27 13:49 IST,2026-08-27 13:49 IST,1,15,870150.0,463.55,1061.4,58010.0,463.55,1061.4,0.00019,169.61,0.0,0.0,335.02,335.02,0.0,-335.02,-0.335,banked (gap < cost),sideways/normal
parity,NIFTY,24600.0,2026-09-29,2026-08-27 13:49 IST,2026-08-27 13:49 IST,1,75,1824368.0,151.05,422.3,24324.9,151.05,422.3,9e-05,167.83,0.0,0.0,636.96,636.96,0.0,-636.96,-0.637,banked (gap < cost),sideways/normal
parity,BANKNIFTY,58900.0,2026-09-29,2026-08-27 13:50 IST,2026-08-27 13:50 IST,1,15,870342.0,352.55,1252.95,58022.8,352.55,1252.95,0.00049,425.11,0.0,0.0,337.82,337.82,0.0,-337.82,-0.338,banked (gap < cost),sideways/normal
parity,BANKNIFTY,58400.0,2026-09-29,2026-08-27 13:52 IST,2026-08-27 13:52 IST,1,15,870000.0,535.3,951.65,58000.0,535.3,951.65,0.00032,280.41,0.00015,131.96,333.54,465.5,0.0,-465.5,-0.466,banked (gap < cost),sideways/normal
parity,NIFTY,23600.0,2026-09-29,2026-08-27 13:52 IST,2026-08-27 13:52 IST,1,75,1823625.0,784.0,69.6,24315.0,784.0,69.6,0.00015,269.21,0.0,0.0,697.65,697.65,0.0,-697.65,-0.698,banked (gap < cost),sideways/normal
parity,BANKNIFTY,57100.0,2026-09-29,2026-08-27 13:53 IST,2026-08-27 13:53 IST,1,15,870066.0,1278.25,404.6,58004.4,1278.25,404.6,0.00044,381.74,0.0,0.0,340.79,340.79,0.0,-340.79,-0.341,banked (gap < cost),sideways/normal
parity,BANKNIFTY,57200.0,2026-09-29,2026-08-27 13:55 IST,2026-08-27 13:55 IST,1,15,870105.0,1205.0,436.2,58007.0,1205.0,436.2,0.00058,502.07,0.0,0.0,339.16,339.16,0.0,-339.16,-0.339,banked (gap < cost),sideways/normal
parity,BANKNIFTY,57800.0,2026-09-29,2026-08-27 13:56 IST,2026-08-27 13:56 IST,1,15,869874.0,823.45,667.0,57991.6,823.45,667.0,0.00059,510.43,5e-05,43.2,333.62,376.82,0.0,-376.82,-0.377,banked (gap < cost),sideways/normal
parity,BANKNIFTY,58100.0,2026-09-29,2026-08-27 13:56 IST,2026-08-27 13:56 IST,1,15,869874.0,665.05,811.2,57991.6,665.05,811.2,0.00066,575.8,5e-05,43.19,332.96,376.15,0.0,-376.15,-0.376,banked (gap < cost),sideways/normal
parity,BANKNIFTY,59000.0,2026-09-29,2026-08-27 13:56 IST,2026-08-27 13:56 IST,1,15,869874.0,315.3,1349.85,57991.6,315.3,1349.85,0.00055,480.9,5e-05,43.32,340.0,383.32,0.0,-383.32,-0.383,banked (gap < cost),sideways/normal
parity,BANKNIFTY,59400.0,2026-09-29,2026-08-27 13:56 IST,2026-08-27 13:56 IST,1,15,869874.0,215.4,1648.25,57991.6,215.4,1648.25,0.00056,490.56,0.0,0.0,348.52,348.52,0.0,-348.52,-0.349,banked (gap < cost),sideways/normal
parity,BANKNIFTY,56500.0,2026-09-29,2026-08-27 13:57 IST,2026-08-27 13:57 IST,1,15,869703.0,1700.0,265.6,57980.2,1700.0,265.6,0.00064,556.89,5e-05,40.68,352.17,392.85,0.0,-392.85,-0.393,banked (gap < cost),sideways/normal
parity,BANKNIFTY,57000.0,2026-09-29,2026-08-27 13:57 IST,2026-08-27 13:57 IST,1,15,869703.0,1326.95,386.05,57980.2,1326.95,386.05,0.00058,503.34,5e-05,40.51,342.24,382.75,0.0,-382.75,-0.383,banked (gap < cost),sideways/normal
parity,BANKNIFTY,57300.0,2026-09-29,2026-08-27 13:57 IST,2026-08-27 13:57 IST,1,15,869703.0,1121.0,478.4,57980.2,1121.0,478.4,0.00058,504.2,5e-05,40.43,337.86,378.29,0.0,-378.29,-0.378,banked (gap < cost),sideways/normal
parity,BANKNIFTY,57400.0,2026-09-29,2026-08-27 13:57 IST,2026-08-27 13:57 IST,1,15,869703.0,1057.75,513.85,57980.2,1057.75,513.85,0.00057,493.49,5e-05,40.41,336.62,377.03,0.0,-377.03,-0.377,banked (gap < cost),sideways/normal
parity,BANKNIFTY,57500.0,2026-09-29,2026-08-27 13:57 IST,2026-08-27 13:57 IST,1,15,869703.0,992.7,548.6,57980.2,992.7,548.6,0.00057,499.28,5e-05,40.39,335.6,375.99,0.0,-375.99,-0.376,banked (gap < cost),sideways/normal
parity,BANKNIFTY,57700.0,2026-09-29,2026-08-27 13:57 IST,2026-08-27 13:57 IST,1,15,869703.0,878.55,630.8,57980.2,878.55,630.8,0.00053,462.11,5e-05,40.37,334.18,374.55,0.0,-374.55,-0.375,banked (gap < cost),sideways/normal
parity,BANKNIFTY,57900.0,2026-09-29,2026-08-27 13:57 IST,2026-08-27 13:57 IST,1,15,869703.0,766.7,713.75,57980.2,766.7,713.75,0.00046,401.69,5e-05,40.35,333.17,373.52,0.0,-373.52,-0.374,banked (gap < cost),sideways/normal
parity,BANKNIFTY,58000.0,2026-09-29,2026-08-27 13:57 IST,2026-08-27 13:57 IST,1,15,869703.0,712.25,767.05,57980.2,712.25,767.05,0.00061,526.73,5e-05,40.35,333.02,373.37,0.0,-373.37,-0.373,banked (gap < cost),sideways/normal
parity,BANKNIFTY,58200.0,2026-09-29,2026-08-27 13:57 IST,2026-08-27 13:57 IST,1,15,869703.0,615.0,866.45,57980.2,615.0,866.45,0.00057,494.06,5e-05,40.35,332.99,373.34,0.0,-373.34,-0.373,banked (gap < cost),sideways/normal
parity,BANKNIFTY,58300.0,2026-09-29,2026-08-27 13:57 IST,2026-08-27 13:57 IST,1,15,869703.0,569.35,919.05,57980.2,569.35,919.05,0.00055,476.6,5e-05,40.35,333.37,373.72,0.0,-373.72,-0.374,banked (gap < cost),sideways/normal
parity,BANKNIFTY,58500.0,2026-09-29,2026-08-27 13:57 IST,2026-08-27 13:57 IST,1,15,869703.0,486.3,1031.5,57980.2,486.3,1031.5,0.00049,426.67,5e-05,40.37,334.55,374.92,0.0,-374.92,-0.375,banked (gap < cost),sideways/normal
parity,BANKNIFTY,58700.0,2026-09-29,2026-08-27 13:57 IST,2026-08-27 13:57 IST,1,15,869703.0,410.7,1155.0,57980.2,410.7,1155.0,0.0005,430.75,9e-05,80.54,336.37,416.91,0.0,-416.91,-0.417,banked (gap < cost),sideways/normal
parity,BANKNIFTY,58900.0,2026-09-29,2026-08-27 13:57 IST,2026-08-27 13:57 IST,1,15,869703.0,343.55,1280.0,57980.2,343.55,1280.0,0.00038,330.58,2e-05,19.27,338.96,358.23,0.0,-358.23,-0.358,banked (gap < cost),sideways/normal
parity,BANKNIFTY,59500.0,2026-09-29,2026-08-27 13:57 IST,2026-08-27 13:57 IST,1,15,869703.0,191.4,1731.8,57980.2,191.4,1731.8,0.00051,442.57,3e-05,24.06,350.14,374.2,0.0,-374.2,-0.374,banked (gap < cost),sideways/normal
parity,BANKNIFTY,56000.0,2026-09-29,2026-08-27 13:58 IST,2026-08-27 13:58 IST,1,15,869535.0,2109.1,181.85,57969.0,2109.1,181.85,0.00052,453.19,0.0,0.0,364.66,364.66,0.0,-364.66,-0.365,banked (gap < cost),sideways/normal
parity,BANKNIFTY,57100.0,2026-09-29,2026-08-27 13:58 IST,2026-08-27 13:58 IST,1,15,869535.0,1259.0,419.9,57969.0,1259.0,419.9,0.00043,372.12,2e-05,19.29,340.81,360.1,0.0,-360.1,-0.36,banked (gap < cost),sideways/normal
parity,BANKNIFTY,57200.0,2026-09-29,2026-08-27 13:58 IST,2026-08-27 13:58 IST,1,15,869535.0,1178.25,450.1,57969.0,1178.25,450.1,0.00063,545.16,0.0,0.0,339.22,339.22,0.0,-339.22,-0.339,banked (gap < cost),sideways/normal
parity,BANKNIFTY,57600.0,2026-09-29,2026-08-27 13:58 IST,2026-08-27 13:58 IST,1,15,869535.0,935.25,593.6,57969.0,935.25,593.6,0.00043,377.82,0.0,0.0,334.83,334.83,0.0,-334.83,-0.335,banked (gap < cost),sideways/normal
parity,BANKNIFTY,57800.0,2026-09-29,2026-08-27 13:58 IST,2026-08-27 13:58 IST,1,15,869535.0,819.65,676.55,57969.0,819.65,676.55,0.00043,373.65,0.0,0.0,333.69,333.69,0.0,-333.69,-0.334,banked (gap < cost),sideways/normal
parity,BANKNIFTY,58100.0,2026-09-29,2026-08-27 13:58 IST,2026-08-27 13:58 IST,1,15,869535.0,662.25,819.95,57969.0,662.25,819.95,0.00047,412.01,0.0,0.0,333.03,333.03,0.0,-333.03,-0.333,banked (gap < cost),sideways/normal
parity,BANKNIFTY,58400.0,2026-09-29,2026-08-27 13:58 IST,2026-08-27 13:58 IST,1,15,869535.0,526.5,985.2,57969.0,526.5,985.2,0.00052,453.38,0.0,0.0,334.0,334.0,0.0,-334.0,-0.334,banked (gap < cost),sideways/normal
parity,BANKNIFTY,59000.0,2026-09-29,2026-08-27 13:58 IST,2026-08-27 13:58 IST,1,15,869535.0,313.6,1360.8,57969.0,313.6,1360.8,0.00038,333.62,0.0,0.0,340.26,340.26,0.0,-340.26,-0.34,banked (gap < cost),sideways/normal
parity,BANKNIFTY,56500.0,2026-09-29,2026-08-27 13:59 IST,2026-08-27 13:59 IST,1,15,869520.0,1694.45,270.25,57968.0,1694.45,270.25,0.00061,527.98,0.0,0.0,351.66,351.66,0.0,-351.66,-0.352,banked (gap < cost),sideways/normal
parity,BANKNIFTY,57000.0,2026-09-29,2026-08-27 13:59 IST,2026-08-27 13:59 IST,1,15,869520.0,1321.1,390.85,57968.0,1321.1,390.85,0.00055,481.17,0.0,0.0,342.14,342.14,0.0,-342.14,-0.342,banked (gap < cost),sideways/normal
parity,BANKNIFTY,57300.0,2026-09-29,2026-08-27 13:59 IST,2026-08-27 13:59 IST,1,15,869520.0,1123.55,486.0,57968.0,1123.55,486.0,0.00046,398.04,0.0,0.0,337.62,337.62,0.0,-337.62,-0.338,banked (gap < cost),sideways/normal
parity,BANKNIFTY,57400.0,2026-09-29,2026-08-27 13:59 IST,2026-08-27 13:59 IST,1,15,869520.0,1052.9,520.2,57968.0,1052.9,520.2,0.00055,479.58,0.0,0.0,336.75,336.75,0.0,-336.75,-0.337,banked (gap < cost),sideways/normal
parity,BANKNIFTY,57500.0,2026-09-29,2026-08-27 13:59 IST,2026-08-27 13:59 IST,1,15,869520.0,986.6,556.85,57968.0,986.6,556.85,0.00061,532.62,0.0,0.0,335.58,335.58,0.0,-335.58,-0.336,banked (gap < cost),sideways/normal
parity,BANKNIFTY,57700.0,2026-09-29,2026-08-27 13:59 IST,2026-08-27 13:59 IST,1,15,869520.0,870.0,637.9,57968.0,870.0,637.9,0.00059,514.95,0.0,0.0,334.24,334.24,0.0,-334.24,-0.334,banked (gap < cost),sideways/normal
parity,BANKNIFTY,58000.0,2026-09-29,2026-08-27 13:59 IST,2026-08-27 13:59 IST,1,15,869520.0,706.65,775.95,57968.0,706.65,775.95,0.00065,562.31,0.0,0.0,333.23,333.23,0.0,-333.23,-0.333,banked (gap < cost),sideways/normal
parity,BANKNIFTY,58200.0,2026-09-29,2026-08-27 13:59 IST,2026-08-27 13:59 IST,1,15,869520.0,612.25,876.75,57968.0,612.25,876.75,0.00058,507.89,0.0,0.0,333.39,333.39,0.0,-333.39,-0.333,banked (gap < cost),sideways/normal
parity,BANKNIFTY,58300.0,2026-09-29,2026-08-27 13:59 IST,2026-08-27 13:59 IST,1,15,869520.0,566.7,931.15,57968.0,566.7,931.15,0.00059,515.93,0.0,0.0,333.53,333.53,0.0,-333.53,-0.334,banked (gap < cost),sideways/normal
parity,BANKNIFTY,58500.0,2026-09-29,2026-08-27 13:59 IST,2026-08-27 13:59 IST,1,15,869520.0,483.6,1045.0,57968.0,483.6,1045.0,0.00056,487.76,0.0,0.0,334.72,334.72,0.0,-334.72,-0.335,banked (gap < cost),sideways/normal
parity,BANKNIFTY,56700.0,2026-09-29,2026-08-27 14:01 IST,2026-08-27 14:01 IST,1,15,869325.0,1530.0,318.45,57955.0,1530.0,318.45,0.00062,541.45,0.0,0.0,347.94,347.94,0.0,-347.94,-0.348,banked (gap < cost),sideways/normal
parity,BANKNIFTY,56800.0,2026-09-29,2026-08-27 14:01 IST,2026-08-27 14:01 IST,1,15,869325.0,1454.0,341.25,57955.0,1454.0,341.25,0.00061,532.23,0.0,0.0,345.8,345.8,0.0,-345.8,-0.346,banked (gap < cost),sideways/normal
parity,BANKNIFTY,59100.0,2026-09-29,2026-08-27 14:06 IST,2026-08-27 14:06 IST,1,15,869325.0,280.8,1452.7,57955.0,280.8,1452.7,0.00058,504.14,0.0,0.0,342.04,342.04,0.0,-342.04,-0.342,banked (gap < cost),sideways/normal
parity,BANKNIFTY,59300.0,2026-09-29,2026-08-27 14:06 IST,2026-08-27 14:06 IST,1,15,869325.0,231.0,1601.25,57955.0,231.0,1601.25,0.00057,496.96,0.0,0.0,345.92,345.92,0.0,-345.92,-0.346,banked (gap < cost),sideways/normal
parity,BANKNIFTY,56000.0,2026-09-29,2026-08-27 14:07 IST,2026-08-27 14:07 IST,1,15,869217.0,2089.45,185.0,57947.8,2089.45,185.0,0.00055,479.07,3e-05,30.47,363.46,393.93,0.0,-393.93,-0.394,banked (gap < cost),sideways/normal
parity,BANKNIFTY,57100.0,2026-09-29,2026-08-27 14:07 IST,2026-08-27 14:07 IST,1,15,869217.0,1241.2,426.0,57947.8,1241.2,426.0,0.00048,414.5,0.0,4.03,340.07,344.1,0.0,-344.1,-0.344,banked (gap < cost),sideways/normal
parity,BANKNIFTY,56400.0,2026-09-29,2026-08-27 14:08 IST,2026-08-27 14:08 IST,1,15,868908.0,1801.0,256.1,57927.2,1801.0,256.1,0.00046,399.74,0.0,0.0,361.34,361.34,0.0,-361.34,-0.361,banked (gap < cost),sideways/normal
parity,BANKNIFTY,56500.0,2026-09-29,2026-08-27 14:08 IST,2026-08-27 14:08 IST,1,15,868908.0,1664.15,275.1,57927.2,1664.15,275.1,0.00051,446.8,0.0,0.0,351.38,351.38,0.0,-351.38,-0.351,banked (gap < cost),sideways/normal
parity,BANKNIFTY,57000.0,2026-09-29,2026-08-27 14:08 IST,2026-08-27 14:08 IST,1,15,868908.0,1294.75,400.0,57927.2,1294.75,400.0,0.00047,405.24,0.0,0.0,341.48,341.48,0.0,-341.48,-0.341,banked (gap < cost),sideways/normal
parity,BANKNIFTY,57200.0,2026-09-29,2026-08-27 14:08 IST,2026-08-27 14:08 IST,1,15,868908.0,1162.05,462.6,57927.2,1162.05,462.6,0.00041,352.32,0.0,0.0,338.48,338.48,0.0,-338.48,-0.338,banked (gap < cost),sideways/normal
parity,BANKNIFTY,57300.0,2026-09-29,2026-08-27 14:08 IST,2026-08-27 14:08 IST,1,15,868908.0,1096.7,499.8,57927.2,1096.7,499.8,0.00046,399.36,0.0,0.0,337.28,337.28,0.0,-337.28,-0.337,banked (gap < cost),sideways/normal
parity,BANKNIFTY,57400.0,2026-09-29,2026-08-27 14:08 IST,2026-08-27 14:08 IST,1,15,868908.0,1033.0,534.1,57927.2,1033.0,534.1,0.00044,378.15,0.0,0.0,336.32,336.32,0.0,-336.32,-0.336,banked (gap < cost),sideways/normal
parity,BANKNIFTY,57600.0,2026-09-29,2026-08-27 14:08 IST,2026-08-27 14:08 IST,1,15,868908.0,913.25,606.8,57927.2,913.25,606.8,0.00033,282.48,0.0,0.0,334.53,334.53,0.0,-334.53,-0.335,banked (gap < cost),sideways/normal
parity,BANKNIFTY,57700.0,2026-09-29,2026-08-27 14:08 IST,2026-08-27 14:08 IST,1,15,868908.0,856.6,648.75,57927.2,856.6,648.75,0.00031,270.27,0.0,0.0,334.06,334.06,0.0,-334.06,-0.334,banked (gap < cost),sideways/normal
parity,BANKNIFTY,57800.0,2026-09-29,2026-08-27 14:08 IST,2026-08-27 14:08 IST,1,15,868908.0,799.85,694.45,57927.2,799.85,694.45,0.00036,315.81,0.0,0.0,333.48,333.48,0.0,-333.48,-0.333,banked (gap < cost),sideways/normal
parity,BANKNIFTY,58000.0,2026-09-29,2026-08-27 14:08 IST,2026-08-27 14:08 IST,1,15,868908.0,696.75,789.55,57927.2,696.75,789.55,0.00035,306.39,0.0,0.0,333.12,333.12,0.0,-333.12,-0.333,banked (gap < cost),sideways/normal
parity,BANKNIFTY,58100.0,2026-09-29,2026-08-27 14:08 IST,2026-08-27 14:08 IST,1,15,868908.0,646.95,841.3,57927.2,646.95,841.3,0.00039,338.43,0.0,0.0,333.13,333.13,0.0,-333.13,-0.333,banked (gap < cost),sideways/normal
parity,BANKNIFTY,58300.0,2026-09-29,2026-08-27 14:08 IST,2026-08-27 14:08 IST,1,15,868908.0,554.65,952.25,57927.2,554.65,952.25,0.00047,404.75,0.0,0.0,333.6,333.6,0.0,-333.6,-0.334,banked (gap < cost),sideways/normal
parity,BANKNIFTY,58500.0,2026-09-29,2026-08-27 14:08 IST,2026-08-27 14:08 IST,1,15,868908.0,474.5,1060.25,57927.2,474.5,1060.25,0.00028,244.58,0.0,0.0,334.91,334.91,0.0,-334.91,-0.335,banked (gap < cost),sideways/normal
parity,BANKNIFTY,58800.0,2026-09-29,2026-08-27 14:08 IST,2026-08-27 14:08 IST,1,15,868908.0,365.2,1260.4,57927.2,365.2,1260.4,0.00047,412.7,0.0,0.0,338.22,338.22,0.0,-338.22,-0.338,banked (gap < cost),sideways/normal
parity,BANKNIFTY,59000.0,2026-09-29,2026-08-27 14:08 IST,2026-08-27 14:08 IST,1,15,868908.0,306.75,1394.95,57927.2,306.75,1394.95,0.00037,325.28,0.0,0.0,340.8,340.8,0.0,-340.8,-0.341,banked (gap < cost),sideways/normal
parity,BANKNIFTY,56000.0,2026-09-29,2026-08-27 14:09 IST,2026-08-27 14:09 IST,1,15,868953.0,2084.3,187.05,57930.2,2084.3,187.05,0.00037,324.59,0.0,0.0,363.16,363.16,0.0,-363.16,-0.363,banked (gap < cost),sideways/normal
parity,BANKNIFTY,58400.0,2026-09-29,2026-08-27 14:09 IST,2026-08-27 14:09 IST,1,15,868953.0,511.9,1003.9,57930.2,511.9,1003.9,0.00043,374.28,0.0,0.0,334.45,334.45,0.0,-334.45,-0.334,banked (gap < cost),sideways/normal
parity,BANKNIFTY,57100.0,2026-09-29,2026-08-27 14:10 IST,2026-08-27 14:10 IST,1,15,869217.0,1234.9,420.35,57947.8,1234.9,420.35,0.00049,424.25,0.0,0.0,339.65,339.65,0.0,-339.65,-0.34,banked (gap < cost),sideways/normal
parity,BANKNIFTY,57000.0,2026-09-29,2026-08-27 14:11 IST,2026-08-27 14:11 IST,1,15,869400.0,1319.0,386.7,57960.0,1319.0,386.7,0.00038,331.12,0.0,0.0,341.37,341.37,0.0,-341.37,-0.341,banked (gap < cost),sideways/normal
parity,BANKNIFTY,58900.0,2026-09-29,2026-08-27 14:11 IST,2026-08-27 14:11 IST,1,15,869400.0,340.65,1313.0,57960.0,340.65,1313.0,0.00065,567.87,0.0,0.0,339.85,339.85,0.0,-339.85,-0.34,banked (gap < cost),sideways/normal
parity,BANKNIFTY,58400.0,2026-09-29,2026-08-27 14:12 IST,2026-08-27 14:12 IST,1,15,869481.0,527.0,986.4,57965.4,527.0,986.4,0.00047,410.18,0.0,0.0,333.81,333.81,0.0,-333.81,-0.334,banked (gap < cost),sideways/normal
parity,BANKNIFTY,57300.0,2026-09-29,2026-08-27 14:13 IST,2026-08-27 14:13 IST,1,15,869499.0,1132.5,469.25,57966.6,1132.5,469.25,1e-05,8.32,0.0,0.0,337.34,337.34,0.0,-337.34,-0.337,banked (gap < cost),sideways/normal
parity,BANKNIFTY,58100.0,2026-09-29,2026-08-27 14:13 IST,2026-08-27 14:13 IST,1,15,869499.0,668.6,803.5,57966.6,668.6,803.5,4e-05,34.25,0.0,0.0,332.92,332.92,0.0,-332.92,-0.333,banked (gap < cost),sideways/normal
parity,BANKNIFTY,58200.0,2026-09-29,2026-08-27 14:13 IST,2026-08-27 14:13 IST,1,15,869499.0,620.7,856.7,57966.6,620.7,856.7,7e-05,59.54,0.0,0.0,333.08,333.08,0.0,-333.08,-0.333,banked (gap < cost),sideways/normal
parity,BANKNIFTY,58500.0,2026-09-29,2026-08-27 14:13 IST,2026-08-27 14:13 IST,1,15,869499.0,491.1,1019.4,57966.6,491.1,1019.4,3e-05,29.59,0.0,0.0,334.83,334.83,0.0,-334.83,-0.335,banked (gap < cost),sideways/normal
parity,BANKNIFTY,58600.0,2026-09-29,2026-08-27 14:13 IST,2026-08-27 14:13 IST,1,15,869499.0,450.95,1087.35,57966.6,450.95,1087.35,0.00012,100.69,0.0,0.0,335.57,335.57,0.0,-335.57,-0.336,banked (gap < cost),sideways/normal
parity,BANKNIFTY,58900.0,2026-09-29,2026-08-27 14:14 IST,2026-08-27 14:14 IST,1,15,869394.0,342.75,1284.2,57959.6,342.75,1284.2,0.00011,98.43,0.0,0.0,339.34,339.34,0.0,-339.34,-0.339,banked (gap < cost),sideways/normal
parity,BANKNIFTY,56500.0,2026-09-29,2026-08-27 14:16 IST,2026-08-27 14:16 IST,1,15,869325.0,1710.0,263.3,57955.0,1710.0,263.3,0.0,3.38,0.0,0.0,350.72,350.72,0.0,-350.72,-0.351,banked (gap < cost),sideways/normal
parity,BANKNIFTY,56900.0,2026-09-29,2026-08-27 14:16 IST,2026-08-27 14:16 IST,1,15,869325.0,1405.65,356.95,57955.0,1405.65,356.95,0.0,1.77,0.0,0.0,343.26,343.26,0.0,-343.26,-0.343,banked (gap < cost),sideways/normal
parity,NIFTY,24700.0,2026-09-29,2026-08-27 14:16 IST,2026-08-27 14:16 IST,1,75,1822965.0,117.5,499.0,24306.2,117.5,499.0,0.00041,749.5,0.0,0.0,645.53,645.53,0.0,-645.53,-0.646,banked (gap < cost),sideways/normal
parity,BANKNIFTY,58700.0,2026-09-29,2026-08-27 14:34 IST,2026-08-27 14:34 IST,1,15,870000.0,417.1,1130.0,58000.0,417.1,1130.0,0.00029,255.02,0.0,0.0,336.13,336.13,0.0,-336.13,-0.336,banked (gap < cost),sideways/normal
parity,BANKNIFTY,57500.0,2026-09-29,2026-08-27 14:36 IST,2026-08-27 14:36 IST,1,15,870075.0,1009.05,530.2,58005.0,1009.05,530.2,0.0004,347.86,0.0,0.0,335.42,335.42,0.0,-335.42,-0.335,banked (gap < cost),sideways/normal
parity,BANKNIFTY,57700.0,2026-09-29,2026-08-27 14:36 IST,2026-08-27 14:36 IST,1,15,870075.0,887.3,613.7,58005.0,887.3,613.7,0.00051,444.19,0.0,0.0,334.01,334.01,0.0,-334.01,-0.334,banked (gap < cost),sideways/normal
parity,BANKNIFTY,57800.0,2026-09-29,2026-08-27 14:36 IST,2026-08-27 14:36 IST,1,15,870075.0,832.9,653.95,58005.0,832.9,653.95,0.00043,372.73,0.0,0.0,333.47,333.47,0.0,-333.47,-0.333,banked (gap < cost),sideways/normal
parity,BANKNIFTY,58500.0,2026-09-29,2026-08-27 14:36 IST,2026-08-27 14:36 IST,1,15,870075.0,495.15,1002.35,58005.0,495.15,1002.35,0.00026,226.51,0.0,0.0,334.18,334.18,0.0,-334.18,-0.334,banked (gap < cost),sideways/normal
parity,BANKNIFTY,57600.0,2026-09-29,2026-08-27 14:37 IST,2026-08-27 14:37 IST,1,15,869850.0,940.0,578.2,57990.0,940.0,578.2,0.00045,388.72,3e-05,25.36,334.76,360.12,0.0,-360.12,-0.36,banked (gap < cost),sideways/normal
parity,BANKNIFTY,58000.0,2026-09-29,2026-08-27 14:37 IST,2026-08-27 14:37 IST,1,15,869850.0,717.45,754.3,57990.0,717.45,754.3,0.00046,403.63,3e-05,25.34,332.78,358.12,0.0,-358.12,-0.358,banked (gap < cost),sideways/normal
parity,BANKNIFTY,58600.0,2026-09-29,2026-08-27 14:37 IST,2026-08-27 14:37 IST,1,15,869850.0,451.9,1082.55,57990.0,451.9,1082.55,0.00042,363.37,0.00012,103.58,334.88,438.46,0.0,-438.46,-0.438,banked (gap < cost),sideways/normal
parity,BANKNIFTY,58800.0,2026-09-29,2026-08-27 14:37 IST,2026-08-27 14:37 IST,1,15,869850.0,379.95,1206.2,57990.0,379.95,1206.2,0.00036,314.94,6e-05,57.07,337.05,394.12,0.0,-394.12,-0.394,banked (gap < cost),sideways/normal
parity,BANKNIFTY,57500.0,2026-09-29,2026-08-27 14:38 IST,2026-08-27 14:38 IST,1,15,869775.0,1005.0,534.5,57985.0,1005.0,534.5,0.0002,174.87,7e-05,59.85,335.29,395.14,0.0,-395.14,-0.395,banked (gap < cost),sideways/normal
parity,BANKNIFTY,57800.0,2026-09-29,2026-08-27 14:38 IST,2026-08-27 14:38 IST,1,15,869775.0,833.1,659.9,57985.0,833.1,659.9,0.00018,160.74,7e-05,59.8,333.37,393.17,0.0,-393.17,-0.393,banked (gap < cost),sideways/normal
parity,BANKNIFTY,58300.0,2026-09-29,2026-08-27 14:40 IST,2026-08-27 14:40 IST,1,15,869625.0,574.15,910.0,57975.0,574.15,910.0,0.00022,191.31,7e-05,59.8,333.19,392.99,0.0,-392.99,-0.393,banked (gap < cost),sideways/normal
parity,NIFTY,24200.0,2026-09-29,2026-08-27 14:40 IST,2026-08-27 14:40 IST,1,75,1825507.0,351.35,215.25,24340.1,351.35,215.25,0.00013,238.4,6e-05,113.57,636.82,750.39,0.0,-750.39,-0.75,banked (gap < cost),sideways/normal
parity,BANKNIFTY,59000.0,2026-09-29,2026-08-27 14:49 IST,2026-08-27 14:49 IST,1,15,869319.0,310.2,1350.0,57954.6,310.2,1350.0,1e-05,7.91,2e-05,17.59,340.21,357.8,0.0,-357.8,-0.358,banked (gap < cost),sideways/normal
parity,BANKNIFTY,57200.0,2026-09-29,2026-08-27 14:52 IST,2026-08-27 14:52 IST,1,15,869055.0,1176.0,455.6,57937.0,1176.0,455.6,0.00021,184.22,0.00011,98.63,338.71,437.34,0.0,-437.34,-0.437,banked (gap < cost),sideways/normal
parity,BANKNIFTY,57300.0,2026-09-29,2026-08-27 14:52 IST,2026-08-27 14:52 IST,1,15,869055.0,1109.85,492.6,57937.0,1109.85,492.6,0.00028,240.26,0.00011,98.58,337.64,436.22,0.0,-436.22,-0.436,banked (gap < cost),sideways/normal
parity,BANKNIFTY,57500.0,2026-09-29,2026-08-27 14:52 IST,2026-08-27 14:52 IST,1,15,869055.0,977.75,562.0,57937.0,977.75,562.0,0.00032,280.34,6e-05,52.34,335.31,387.65,0.0,-387.65,-0.388,banked (gap < cost),sideways/normal
parity,BANKNIFTY,57700.0,2026-09-29,2026-08-27 14:52 IST,2026-08-27 14:52 IST,1,15,869055.0,863.1,645.0,57937.0,863.1,645.0,0.0003,262.67,6e-05,52.31,333.97,386.28,0.0,-386.28,-0.386,banked (gap < cost),sideways/normal
parity,BANKNIFTY,57800.0,2026-09-29,2026-08-27 14:52 IST,2026-08-27 14:52 IST,1,15,869055.0,809.3,687.05,57937.0,809.3,687.05,0.00024,209.21,0.00016,145.2,333.64,478.84,0.0,-478.84,-0.479,banked (gap < cost),sideways/normal
parity,BANKNIFTY,57900.0,2026-09-29,2026-08-27 14:52 IST,2026-08-27 14:52 IST,1,15,869055.0,754.7,734.95,57937.0,754.7,734.95,0.00029,255.5,6e-05,52.3,333.24,385.54,0.0,-385.54,-0.386,banked (gap < cost),sideways/normal
parity,NIFTY,24500.0,2026-09-29,2026-08-27 14:52 IST,2026-08-27 14:52 IST,1,75,1824135.0,194.1,362.4,24321.8,194.1,362.4,0.00036,664.13,0.0,0.0,634.57,634.57,0.0,-634.57,-0.635,banked (gap < cost),sideways/normal
parity,BANKNIFTY,59500.0,2026-09-29,2026-08-27 14:53 IST,2026-08-27 14:53 IST,1,15,869250.0,189.7,1750.0,57950.0,189.7,1750.0,0.00033,290.73,0.0,0.0,351.64,351.64,0.0,-351.64,-0.352,banked (gap < cost),sideways/normal
parity,NIFTY,23900.0,2026-09-29,2026-08-27 14:53 IST,2026-08-27 14:53 IST,1,75,1824443.0,554.05,124.0,24325.9,554.05,124.0,0.00027,498.39,0.0,0.0,658.64,658.64,0.0,-658.64,-0.659,banked (gap < cost),sideways/normal
parity,NIFTY,24800.0,2026-09-29,2026-08-27 14:53 IST,2026-08-27 14:53 IST,1,75,1824443.0,94.0,555.85,24325.9,94.0,555.85,0.00039,710.37,8e-05,155.04,651.9,806.94,0.0,-806.94,-0.807,banked (gap < cost),sideways/normal
parity,NIFTY,25000.0,2026-09-29,2026-08-27 14:53 IST,2026-08-27 14:53 IST,1,75,1824443.0,55.6,716.3,24325.9,55.6,716.3,0.00039,708.73,0.0,0.0,675.77,675.77,0.0,-675.77,-0.676,banked (gap < cost),sideways/normal
parity,BANKNIFTY,56000.0,2026-09-29,2026-08-27 14:54 IST,2026-08-27 14:54 IST,1,15,869052.0,2087.2,184.35,57936.8,2087.2,184.35,0.00039,339.03,0.0,0.0,362.94,362.94,0.0,-362.94,-0.363,banked (gap < cost),sideways/normal
parity,NIFTY,24100.0,2026-09-29,2026-08-27 14:54 IST,2026-08-27 14:54 IST,1,75,1824457.0,413.65,180.5,24326.1,413.65,180.5,0.00034,628.14,0.0,0.0,641.78,641.78,0.0,-641.78,-0.642,banked (gap < cost),sideways/normal
parity,NIFTY,24500.0,2026-09-29,2026-08-27 14:54 IST,2026-08-27 14:54 IST,1,75,1824457.0,195.3,360.95,24326.1,195.3,360.95,0.0003,542.36,0.0,0.0,634.33,634.33,0.0,-634.33,-0.634,banked (gap < cost),sideways/normal
parity,BANKNIFTY,59000.0,2026-09-29,2026-08-27 14:55 IST,2026-08-27 14:55 IST,1,15,869583.0,313.0,1360.0,57972.2,313.0,1360.0,0.00044,378.32,0.0,0.0,341.35,341.35,0.0,-341.35,-0.341,banked (gap < cost),sideways/normal
parity,BANKNIFTY,57000.0,2026-09-29,2026-08-27 14:56 IST,2026-08-27 14:56 IST,1,15,869625.0,1326.1,385.6,57975.0,1326.1,385.6,0.0005,431.81,9e-05,83.58,341.86,425.44,0.0,-425.44,-0.425,banked (gap < cost),sideways/normal
parity,BANKNIFTY,57300.0,2026-09-29,2026-08-27 14:56 IST,2026-08-27 14:56 IST,1,15,869625.0,1118.25,481.65,57975.0,1118.25,481.65,0.00059,516.67,9e-05,83.43,337.73,421.16,0.0,-421.16,-0.421,banked (gap < cost),sideways/normal
parity,BANKNIFTY,57400.0,2026-09-29,2026-08-27 14:56 IST,2026-08-27 14:56 IST,1,15,869625.0,1056.55,519.55,57975.0,1056.55,519.55,0.0006,519.46,0.0001,85.88,336.47,422.35,0.0,-422.35,-0.422,banked (gap < cost),sideways/normal
parity,BANKNIFTY,57500.0,2026-09-29,2026-08-27 14:56 IST,2026-08-27 14:56 IST,1,15,869625.0,992.75,550.4,57975.0,992.75,550.4,0.00052,448.0,9e-05,83.34,335.46,418.8,0.0,-418.8,-0.419,banked (gap < cost),sideways/normal
parity,BANKNIFTY,57700.0,2026-09-29,2026-08-27 14:56 IST,2026-08-27 14:56 IST,1,15,869625.0,874.0,632.55,57975.0,874.0,632.55,0.00055,479.08,9e-05,83.29,334.08,417.37,0.0,-417.37,-0.417,banked (gap < cost),sideways/normal
parity,BANKNIFTY,57800.0,2026-09-29,2026-08-27 14:56 IST,2026-08-27 14:56 IST,1,15,869625.0,817.55,677.15,57975.0,817.55,677.15,0.00058,503.62,9e-05,83.28,333.63,416.91,0.0,-416.91,-0.417,banked (gap < cost),sideways/normal
parity,BANKNIFTY,58000.0,2026-09-29,2026-08-27 14:56 IST,2026-08-27 14:56 IST,1,15,869625.0,711.8,767.4,57975.0,711.8,767.4,0.00053,461.2,9e-05,83.26,333.12,416.38,0.0,-416.38,-0.416,banked (gap < cost),sideways/normal
parity,BANKNIFTY,58100.0,2026-09-29,2026-08-27 14:56 IST,2026-08-27 14:56 IST,1,15,869625.0,661.05,819.65,57975.0,661.05,819.65,0.00059,514.99,9e-05,83.26,333.17,416.43,0.0,-416.43,-0.416,banked (gap < cost),sideways/normal
parity,BANKNIFTY,58200.0,2026-09-29,2026-08-27 14:56 IST,2026-08-27 14:56 IST,1,15,869625.0,614.4,869.35,57975.0,614.4,869.35,0.00054,469.03,9e-05,83.27,333.32,416.59,0.0,-416.59,-0.417,banked (gap < cost),sideways/normal
parity,BANKNIFTY,58300.0,2026-09-29,2026-08-27 14:56 IST,2026-08-27 14:56 IST,1,15,869625.0,569.8,923.35,57975.0,569.8,923.35,0.00053,456.81,9e-05,83.28,333.62,416.9,0.0,-416.9,-0.417,banked (gap < cost),sideways/normal
parity,BANKNIFTY,58500.0,2026-09-29,2026-08-27 14:56 IST,2026-08-27 14:56 IST,1,15,869625.0,485.8,1040.0,57975.0,485.8,1040.0,0.00056,484.14,9e-05,83.32,334.79,418.11,0.0,-418.11,-0.418,banked (gap < cost),sideways/normal
parity,NIFTY,24000.0,2026-09-29,2026-08-27 14:56 IST,2026-08-27 14:56 IST,1,75,1824555.0,485.0,149.3,24327.4,485.0,149.3,0.00042,766.35,0.0,0.0,649.78,649.78,0.0,-649.78,-0.65,banked (gap < cost),sideways/normal
parity,NIFTY,24200.0,2026-09-29,2026-08-27 14:56 IST,2026-08-27 14:56 IST,1,75,1824555.0,352.5,216.35,24327.4,352.5,216.35,0.00039,712.21,0.0,0.0,636.81,636.81,0.0,-636.81,-0.637,banked (gap < cost),sideways/normal
parity,NIFTY,24400.0,2026-09-29,2026-08-27 14:56 IST,2026-08-27 14:56 IST,1,75,1824555.0,241.55,303.5,24327.4,241.55,303.5,0.00042,766.82,0.0,0.0,632.25,632.25,0.0,-632.25,-0.632,banked (gap < cost),sideways/normal
parity,BANKNIFTY,57600.0,2026-09-29,2026-08-27 14:57 IST,2026-08-27 14:57 IST,1,15,869520.0,932.2,592.05,57968.0,932.2,592.05,0.00044,385.41,0.0,0.0,334.78,334.78,0.0,-334.78,-0.335,banked (gap < cost),sideways/normal
parity,BANKNIFTY,57900.0,2026-09-29,2026-08-27 14:57 IST,2026-08-27 14:57 IST,1,15,869520.0,759.35,723.5,57968.0,759.35,723.5,0.00055,476.27,0.0,0.0,333.29,333.29,0.0,-333.29,-0.333,banked (gap < cost),sideways/normal
parity,BANKNIFTY,57500.0,2026-09-29,2026-08-27 14:58 IST,2026-08-27 14:58 IST,1,15,869424.0,984.4,557.35,57961.6,984.4,557.35,0.00055,477.7,2e-05,20.06,335.46,355.52,0.0,-355.52,-0.356,banked (gap < cost),sideways/normal
parity,BANKNIFTY,57700.0,2026-09-29,2026-08-27 14:58 IST,2026-08-27 14:58 IST,1,15,869424.0,867.3,639.65,57961.6,867.3,639.65,0.00056,486.28,2e-05,20.04,333.96,354.0,0.0,-354.0,-0.354,banked (gap < cost),sideways/normal
parity,BANKNIFTY,57800.0,2026-09-29,2026-08-27 14:58 IST,2026-08-27 14:58 IST,1,15,869424.0,809.05,683.95,57961.6,809.05,683.95,0.00061,533.32,2e-05,20.04,333.52,353.56,0.0,-353.56,-0.354,banked (gap < cost),sideways/normal
parity,BANKNIFTY,58100.0,2026-09-29,2026-08-27 14:58 IST,2026-08-27 14:58 IST,1,15,869424.0,654.8,827.35,57961.6,654.8,827.35,0.0006,524.44,2e-05,20.03,333.08,353.11,0.0,-353.11,-0.353,banked (gap < cost),sideways/normal
parity,BANKNIFTY,58200.0,2026-09-29,2026-08-27 14:58 IST,2026-08-27 14:58 IST,1,15,869424.0,608.0,878.65,57961.6,608.0,878.65,0.00058,504.73,2e-05,20.04,333.28,353.32,0.0,-353.32,-0.353,banked (gap < cost),sideways/normal
parity,BANKNIFTY,58500.0,2026-09-29,2026-08-27 14:58 IST,2026-08-27 14:58 IST,1,15,869424.0,480.25,1046.55,57961.6,480.25,1046.55,0.00054,465.85,2e-05,20.05,334.75,354.8,0.0,-354.8,-0.355,banked (gap < cost),sideways/normal
parity,BANKNIFTY,58700.0,2026-09-29,2026-08-27 14:58 IST,2026-08-27 14:58 IST,1,15,869424.0,405.0,1170.35,57961.6,405.0,1170.35,0.00054,469.17,0.0,0.0,336.28,336.28,0.0,-336.28,-0.336,banked (gap < cost),sideways/normal
parity,BANKNIFTY,58800.0,2026-09-29,2026-08-27 14:58 IST,2026-08-27 14:58 IST,1,15,869424.0,371.85,1200.0,57961.6,371.85,1200.0,9e-05,80.04,0.00011,98.6,338.13,436.73,0.0,-436.73,-0.437,banked (gap < cost),sideways/normal
parity,BANKNIFTY,59000.0,2026-09-29,2026-08-27 14:58 IST,2026-08-27 14:58 IST,1,15,869424.0,309.1,1367.0,57961.6,309.1,1367.0,0.00044,383.79,0.0,0.0,340.39,340.39,0.0,-340.39,-0.34,banked (gap < cost),sideways/normal
parity,BANKNIFTY,57900.0,2026-09-29,2026-08-27 14:59 IST,2026-08-27 14:59 IST,1,15,869625.0,766.55,717.9,57975.0,766.55,717.9,0.00045,388.66,0.0,0.0,333.12,333.12,0.0,-333.12,-0.333,banked (gap < cost),sideways/normal
parity,BANKNIFTY,58300.0,2026-09-29,2026-08-27 14:59 IST,2026-08-27 14:59 IST,1,15,869625.0,570.5,918.55,57975.0,570.5,918.55,0.00043,374.31,3e-05,25.32,333.56,358.88,0.0,-358.88,-0.359,banked (gap < cost),sideways/normal
parity,NIFTY,24000.0,2026-09-29,2026-08-27 14:59 IST,2026-08-27 14:59 IST,1,75,1824765.0,485.25,148.35,24330.2,485.25,148.35,0.00035,647.67,0.0,0.0,649.46,649.46,0.0,-649.46,-0.649,banked (gap < cost),sideways/normal
parity,NIFTY,24100.0,2026-09-29,2026-08-27 14:59 IST,2026-08-27 14:59 IST,1,75,1824765.0,416.4,177.7,24330.2,416.4,177.7,0.0004,738.72,0.0,0.0,641.63,641.63,0.0,-641.63,-0.642,banked (gap < cost),sideways/normal
parity,NIFTY,24600.0,2026-09-29,2026-08-27 14:59 IST,2026-08-27 14:59 IST,1,75,1824765.0,155.2,415.15,24330.2,155.2,415.15,0.00034,620.24,0.0,0.0,637.62,637.62,0.0,-637.62,-0.638,banked (gap < cost),sideways/normal
parity,BANKNIFTY,59500.0,2026-09-29,2026-08-27 15:00 IST,2026-08-27 15:00 IST,1,15,869685.0,193.4,1727.05,57979.0,193.4,1727.05,0.00037,323.43,0.0,0.0,350.59,350.59,0.0,-350.59,-0.351,banked (gap < cost),sideways/normal
parity,BANKNIFTY,57200.0,2026-09-29,2026-08-27 15:01 IST,2026-08-27 15:01 IST,1,15,869850.0,1200.0,435.0,57990.0,1200.0,435.0,0.00035,305.57,0.00015,130.82,338.88,469.7,0.0,-469.7,-0.47,banked (gap < cost),sideways/normal
parity,NIFTY,24200.0,2026-09-29,2026-08-27 15:01 IST,2026-08-27 15:01 IST,1,75,1825065.0,356.45,212.8,24334.2,356.45,212.8,0.00042,767.78,0.0,0.0,637.07,637.07,0.0,-637.07,-0.637,banked (gap < cost),sideways/normal
parity,NIFTY,24400.0,2026-09-29,2026-08-27 15:01 IST,2026-08-27 15:01 IST,1,75,1825065.0,243.8,299.6,24334.2,243.8,299.6,0.0004,721.14,0.0,0.0,631.73,631.73,0.0,-631.73,-0.632,banked (gap < cost),sideways/normal
parity,NIFTY,24500.0,2026-09-29,2026-08-27 15:01 IST,2026-08-27 15:01 IST,1,75,1825065.0,198.35,355.0,24334.2,198.35,355.0,0.00034,613.45,0.0,0.0,633.32,633.32,0.0,-633.32,-0.633,banked (gap < cost),sideways/normal
parity,BANKNIFTY,56900.0,2026-09-29,2026-08-27 15:02 IST,2026-08-27 15:02 IST,1,15,869850.0,1420.0,348.45,57990.0,1420.0,348.45,0.00021,180.95,0.0,0.0,343.19,343.19,0.0,-343.19,-0.343,banked (gap < cost),sideways/normal
parity,NIFTY,24700.0,2026-09-29,2026-08-27 15:03 IST,2026-08-27 15:03 IST,1,75,1824540.0,122.25,480.0,24327.2,122.25,480.0,0.00053,964.98,0.0,0.0,643.11,643.11,0.0,-643.11,-0.643,banked (gap < cost),sideways/normal
parity,NIFTY,24000.0,2026-09-29,2026-08-27 15:04 IST,2026-08-27 15:04 IST,1,75,1824180.0,479.25,152.25,24322.4,479.25,152.25,0.00027,486.65,0.0,0.0,649.75,649.75,0.0,-649.75,-0.65,banked (gap < cost),sideways/normal
parity,NIFTY,24100.0,2026-09-29,2026-08-27 15:04 IST,2026-08-27 15:04 IST,1,75,1824180.0,411.5,181.2,24322.4,411.5,181.2,0.00038,690.21,0.0,0.0,641.9,641.9,0.0,-641.9,-0.642,banked (gap < cost),sideways/normal
parity,NIFTY,24200.0,2026-09-29,2026-08-27 15:04 IST,2026-08-27 15:04 IST,1,75,1824180.0,350.0,218.9,24322.4,350.0,218.9,0.00039,706.26,0.0,0.0,637.01,637.01,0.0,-637.01,-0.637,banked (gap < cost),sideways/normal
parity,NIFTY,24400.0,2026-09-29,2026-08-27 15:04 IST,2026-08-27 15:04 IST,1,75,1824180.0,238.8,304.75,24322.4,238.8,304.75,0.00046,839.62,0.0,0.0,631.84,631.84,0.0,-631.84,-0.632,banked (gap < cost),sideways/normal
parity,NIFTY,24500.0,2026-09-29,2026-08-27 15:04 IST,2026-08-27 15:04 IST,1,75,1824180.0,193.8,361.15,24322.4,193.8,361.15,0.00038,690.67,0.0,0.0,634.05,634.05,0.0,-634.05,-0.634,banked (gap < cost),sideways/normal
parity,NIFTY,24800.0,2026-09-29,2026-08-27 15:04 IST,2026-08-27 15:04 IST,1,75,1824180.0,93.0,556.0,24322.4,93.0,556.0,0.00049,885.08,0.0,0.0,651.58,651.58,0.0,-651.58,-0.652,banked (gap < cost),sideways/normal
parity,NIFTY,25000.0,2026-09-29,2026-08-27 15:05 IST,2026-08-27 15:05 IST,1,75,1823932.0,54.5,720.1,24319.1,54.5,720.1,0.00047,848.3,0.0,0.0,675.93,675.93,0.0,-675.93,-0.676,banked (gap < cost),sideways/normal
parity,NIFTY,24700.0,2026-09-29,2026-08-27 15:06 IST,2026-08-27 15:06 IST,1,75,1823475.0,119.0,490.0,24313.0,119.0,490.0,0.00056,1029.93,0.0,0.0,644.28,644.28,0.0,-644.28,-0.644,banked (gap < cost),sideways/normal
parity,NIFTY,24800.0,2026-09-29,2026-08-27 15:06 IST,2026-08-27 15:06 IST,1,75,1823475.0,91.45,560.6,24313.0,91.45,560.6,0.00062,1124.73,9e-05,161.8,652.61,814.41,0.0,-814.41,-0.814,banked (gap < cost),sideways/normal
parity,BANKNIFTY,57500.0,2026-09-29,2026-08-27 15:07 IST,2026-08-27 15:07 IST,1,15,869499.0,992.85,545.95,57966.6,992.85,545.95,0.00029,254.51,0.0,0.0,335.44,335.44,0.0,-335.44,-0.335,banked (gap < cost),sideways/normal
parity,BANKNIFTY,57600.0,2026-09-29,2026-08-27 15:07 IST,2026-08-27 15:07 IST,1,15,869499.0,936.15,585.4,57966.6,936.15,585.4,0.00024,205.55,0.0,0.0,334.69,334.69,0.0,-334.69,-0.335,banked (gap < cost),sideways/normal
parity,BANKNIFTY,57800.0,2026-09-29,2026-08-27 15:07 IST,2026-08-27 15:07 IST,1,15,869499.0,822.25,668.45,57966.6,822.25,668.45,0.0002,177.38,0.0,0.0,333.55,333.55,0.0,-333.55,-0.334,banked (gap < cost),sideways/normal
parity,BANKNIFTY,58000.0,2026-09-29,2026-08-27 15:07 IST,2026-08-27 15:07 IST,1,15,869499.0,715.0,760.7,57966.6,715.0,760.7,0.00022,187.46,0.0,0.0,332.99,332.99,0.0,-332.99,-0.333,banked (gap < cost),sideways/normal
parity,NIFTY,24000.0,2026-09-29,2026-08-27 15:07 IST,2026-08-27 15:07 IST,1,75,1823873.0,476.8,152.6,24318.3,476.8,152.6,0.00032,582.32,0.0,0.0,648.65,648.65,0.0,-648.65,-0.649,banked (gap < cost),sideways/normal
parity,NIFTY,24100.0,2026-09-29,2026-08-27 15:07 IST,2026-08-27 15:07 IST,1,75,1823873.0,407.6,182.65,24318.3,407.6,182.65,0.00033,594.63,0.0,0.0,641.1,641.1,0.0,-641.1,-0.641,banked (gap < cost),sideways/normal
parity,NIFTY,24200.0,2026-09-29,2026-08-27 15:07 IST,2026-08-27 15:07 IST,1,75,1823873.0,347.0,220.2,24318.3,347.0,220.2,0.00038,689.43,0.0,0.0,636.49,636.49,0.0,-636.49,-0.636,banked (gap < cost),sideways/normal
parity,NIFTY,24500.0,2026-09-29,2026-08-27 15:07 IST,2026-08-27 15:07 IST,1,75,1823873.0,189.8,365.05,24318.3,189.8,365.05,0.00022,403.84,0.0,0.0,634.73,634.73,0.0,-634.73,-0.635,banked (gap < cost),sideways/normal
parity,NIFTY,25000.0,2026-09-29,2026-08-27 15:09 IST,2026-08-27 15:09 IST,1,75,1823625.0,53.95,722.45,24315.0,53.95,722.45,0.00051,936.47,0.0,0.0,676.38,676.38,0.0,-676.38,-0.676,banked (gap < cost),sideways/normal
parity,NIFTY,24800.0,2026-09-29,2026-08-27 15:10 IST,2026-08-27 15:10 IST,1,75,1824075.0,91.35,561.15,24321.0,91.35,561.15,0.00026,479.5,1e-05,11.87,652.81,664.68,0.0,-664.68,-0.665,banked (gap < cost),sideways/normal
parity,BANKNIFTY,57000.0,2026-09-29,2026-08-27 15:11 IST,2026-08-27 15:11 IST,1,15,869175.0,1314.0,386.55,57945.0,1314.0,386.55,0.00021,180.19,0.0,0.0,341.55,341.55,0.0,-341.55,-0.342,banked (gap < cost),sideways/normal
parity,BANKNIFTY,57100.0,2026-09-29,2026-08-27 15:11 IST,2026-08-27 15:11 IST,1,15,869175.0,1245.0,415.95,57945.0,1245.0,415.95,0.00019,164.98,0.0,0.0,339.89,339.89,0.0,-339.89,-0.34,banked (gap < cost),sideways/normal
parity,BANKNIFTY,57200.0,2026-09-29,2026-08-27 15:11 IST,2026-08-27 15:11 IST,1,15,869175.0,1179.85,450.0,57945.0,1179.85,450.0,0.00019,161.77,0.0,0.0,338.87,338.87,0.0,-338.87,-0.339,banked (gap < cost),sideways/normal
parity,BANKNIFTY,57300.0,2026-09-29,2026-08-27 15:11 IST,2026-08-27 15:11 IST,1,15,869175.0,1114.45,482.0,57945.0,1114.45,482.0,0.00015,131.56,0.0,0.0,337.43,337.43,0.0,-337.43,-0.337,banked (gap < cost),sideways/normal
parity,BANKNIFTY,57400.0,2026-09-29,2026-08-27 15:11 IST,2026-08-27 15:11 IST,1,15,869175.0,1049.2,516.6,57945.0,1049.2,516.6,0.00016,138.1,0.0,0.0,336.37,336.37,0.0,-336.37,-0.336,banked (gap < cost),sideways/normal
parity,BANKNIFTY,57500.0,2026-09-29,2026-08-27 15:11 IST,2026-08-27 15:11 IST,1,15,869175.0,985.05,553.35,57945.0,985.05,553.35,0.00018,160.39,0.0,0.0,335.04,335.04,0.0,-335.04,-0.335,banked (gap < cost),sideways/normal
parity,BANKNIFTY,57600.0,2026-09-29,2026-08-27 15:11 IST,2026-08-27 15:11 IST,1,15,869175.0,924.45,594.8,57945.0,924.45,594.8,0.00023,199.93,0.0,0.0,334.41,334.41,0.0,-334.41,-0.334,banked (gap < cost),sideways/normal
parity,BANKNIFTY,57700.0,2026-09-29,2026-08-27 15:11 IST,2026-08-27 15:11 IST,1,15,869175.0,867.25,632.5,57945.0,867.25,632.5,0.00015,132.22,0.0,0.0,333.75,333.75,0.0,-333.75,-0.334,banked (gap < cost),sideways/normal
parity,BANKNIFTY,57800.0,2026-09-29,2026-08-27 15:11 IST,2026-08-27 15:11 IST,1,15,869175.0,814.15,676.25,57945.0,814.15,676.25,0.00011,93.76,0.0,0.0,333.39,333.39,0.0,-333.39,-0.333,banked (gap < cost),sideways/normal
parity,BANKNIFTY,57900.0,2026-09-29,2026-08-27 15:11 IST,2026-08-27 15:11 IST,1,15,869175.0,759.9,725.0,57945.0,759.9,725.0,0.00017,147.54,0.0,0.0,333.05,333.05,0.0,-333.05,-0.333,banked (gap < cost),sideways/normal
parity,BANKNIFTY,58000.0,2026-09-29,2026-08-27 15:11 IST,2026-08-27 15:11 IST,1,15,869175.0,705.6,771.85,57945.0,705.6,771.85,0.0002,173.58,0.0,0.0,332.93,332.93,0.0,-332.93,-0.333,banked (gap < cost),sideways/normal
parity,BANKNIFTY,58100.0,2026-09-29,2026-08-27 15:11 IST,2026-08-27 15:11 IST,1,15,869175.0,655.4,816.75,57945.0,655.4,816.75,0.00013,108.87,0.0,0.0,332.94,332.94,0.0,-332.94,-0.333,banked (gap < cost),sideways/normal
parity,BANKNIFTY,58200.0,2026-09-29,2026-08-27 15:11 IST,2026-08-27 15:11 IST,1,15,869175.0,611.4,870.95,57945.0,611.4,870.95,0.0001,90.66,0.0,0.0,333.34,333.34,0.0,-333.34,-0.333,banked (gap < cost),sideways/normal
parity,BANKNIFTY,58300.0,2026-09-29,2026-08-27 15:11 IST,2026-08-27 15:11 IST,1,15,869175.0,564.25,927.45,57945.0,564.25,927.45,0.00018,154.2,0.0,0.0,333.34,333.34,0.0,-333.34,-0.333,banked (gap < cost),sideways/normal
parity,BANKNIFTY,58500.0,2026-09-29,2026-08-27 15:11 IST,2026-08-27 15:11 IST,1,15,869175.0,481.95,1036.25,57945.0,481.95,1036.25,4e-05,38.28,0.0,0.0,334.5,334.5,0.0,-334.5,-0.334,banked (gap < cost),sideways/normal
parity,BANKNIFTY,56000.0,2026-09-29,2026-08-27 15:12 IST,2026-08-27 15:12 IST,1,15,868875.0,2083.45,184.6,57925.0,2083.45,184.6,0.00026,223.06,0.0,0.0,363.87,363.87,0.0,-363.87,-0.364,banked (gap < cost),sideways/normal
parity,BANKNIFTY,58400.0,2026-09-29,2026-08-27 15:12 IST,2026-08-27 15:12 IST,1,15,868875.0,516.95,992.3,57925.0,516.95,992.3,5e-05,47.0,0.0,0.0,333.67,333.67,0.0,-333.67,-0.334,banked (gap < cost),sideways/normal
parity,BANKNIFTY,59000.0,2026-09-29,2026-08-27 15:12 IST,2026-08-27 15:12 IST,1,15,868875.0,306.0,1369.55,57925.0,306.0,1369.55,9e-05,77.27,0.0,0.0,340.49,340.49,0.0,-340.49,-0.34,banked (gap < cost),sideways/normal
parity,BANKNIFTY,56500.0,2026-09-29,2026-08-27 15:13 IST,2026-08-27 15:13 IST,1,15,869076.0,1694.9,266.45,57938.4,1694.9,266.45,3e-05,22.8,0.0,0.0,351.74,351.74,0.0,-351.74,-0.352,banked (gap < cost),sideways/normal
parity,NIFTY,25200.0,2026-09-29,2026-08-27 15:13 IST,2026-08-27 15:13 IST,1,75,1823325.0,30.55,900.0,24311.0,30.55,900.0,0.00059,1075.57,0.0001,189.8,702.91,892.71,0.0,-892.71,-0.893,banked (gap < cost),sideways/normal
parity,NIFTY,24800.0,2026-09-29,2026-08-27 15:15 IST,2026-08-27 15:15 IST,1,75,1822732.0,89.9,572.0,24303.1,89.9,572.0,0.00049,891.66,0.0,0.0,654.14,654.14,0.0,-654.14,-0.654,banked (gap < cost),sideways/normal
parity,BANKNIFTY,57000.0,2026-09-29,2026-08-27 15:18 IST,2026-08-27 15:18 IST,1,15,869475.0,1325.2,382.8,57965.0,1325.2,382.8,0.00029,254.18,5e-05,48.42,341.67,390.09,0.0,-390.09,-0.39,banked (gap < cost),sideways/normal
parity,NIFTY,25000.0,2026-09-29,2026-08-27 15:19 IST,2026-08-27 15:19 IST,1,75,1823475.0,54.9,728.6,24313.0,54.9,728.6,0.00038,695.59,6e-05,120.11,676.9,797.01,0.0,-797.01,-0.797,banked (gap < cost),sideways/normal
parity,BANKNIFTY,56700.0,2026-09-29,2026-08-27 15:20 IST,2026-08-27 15:20 IST,1,15,869250.0,1535.4,312.05,57950.0,1535.4,312.05,0.00033,289.88,0.0,0.0,347.35,347.35,0.0,-347.35,-0.347,banked (gap < cost),sideways/normal
parity,BANKNIFTY,57000.0,2026-09-29,2026-08-27 15:20 IST,2026-08-27 15:20 IST,1,15,869250.0,1317.75,389.95,57950.0,1317.75,389.95,0.00029,249.5,0.0,0.0,342.01,342.01,0.0,-342.01,-0.342,banked (gap < cost),sideways/normal
parity,BANKNIFTY,57500.0,2026-09-29,2026-08-27 15:20 IST,2026-08-27 15:20 IST,1,15,869250.0,982.05,555.0,57950.0,982.05,555.0,0.00035,304.7,0.0,0.0,335.41,335.41,0.0,-335.41,-0.335,banked (gap < cost),sideways/normal
parity,BANKNIFTY,57600.0,2026-09-29,2026-08-27 15:20 IST,2026-08-27 15:20 IST,1,15,869250.0,925.1,594.05,57950.0,925.1,594.05,0.00029,253.49,0.0,0.0,334.55,334.55,0.0,-334.55,-0.335,banked (gap < cost),sideways/normal
parity,BANKNIFTY,57700.0,2026-09-29,2026-08-27 15:20 IST,2026-08-27 15:20 IST,1,15,869250.0,864.7,637.6,57950.0,864.7,637.6,0.00037,321.53,0.0,0.0,333.91,333.91,0.0,-333.91,-0.334,banked (gap < cost),sideways/normal
parity,BANKNIFTY,57800.0,2026-09-29,2026-08-27 15:20 IST,2026-08-27 15:20 IST,1,15,869250.0,810.1,678.5,57950.0,810.1,678.5,0.0003,262.82,0.0,0.0,333.32,333.32,0.0,-333.32,-0.333,banked (gap < cost),sideways/normal
parity,BANKNIFTY,57900.0,2026-09-29,2026-08-27 15:20 IST,2026-08-27 15:20 IST,1,15,869250.0,757.8,724.9,57950.0,757.8,724.9,0.00029,252.11,0.0,0.0,332.98,332.98,0.0,-332.98,-0.333,banked (gap < cost),sideways/normal
parity,BANKNIFTY,58000.0,2026-09-29,2026-08-27 15:20 IST,2026-08-27 15:20 IST,1,15,869250.0,702.8,772.85,57950.0,702.8,772.85,0.00035,305.14,0.0,0.0,332.78,332.78,0.0,-332.78,-0.333,banked (gap < cost),sideways/normal
parity,NIFTY,23400.0,2026-09-29,2026-08-27 15:20 IST,2026-08-27 15:20 IST,1,75,1822507.0,950.0,50.4,24300.1,950.0,50.4,0.0002,358.09,0.0,0.0,717.56,717.56,0.0,-717.56,-0.718,banked (gap < cost),sideways/normal
parity,NIFTY,24800.0,2026-09-29,2026-08-27 15:20 IST,2026-08-27 15:20 IST,1,75,1822507.0,87.85,575.65,24300.1,87.85,575.65,0.00038,687.84,6e-05,119.51,653.07,772.58,0.0,-772.58,-0.773,banked (gap < cost),sideways/normal
parity,NIFTY,24900.0,2026-09-29,2026-08-27 15:20 IST,2026-08-27 15:20 IST,1,75,1822507.0,67.75,649.3,24300.1,67.75,649.3,0.00061,1112.65,0.0,0.0,665.41,665.41,0.0,-665.41,-0.665,banked (gap < cost),sideways/normal
parity,NIFTY,25100.0,2026-09-29,2026-08-27 15:20 IST,2026-08-27 15:20 IST,1,75,1822507.0,39.2,816.6,24300.1,39.2,816.6,0.00073,1336.01,0.0,0.0,690.98,690.98,0.0,-690.98,-0.691,banked (gap < cost),sideways/normal
parity,BANKNIFTY,57300.0,2026-09-29,2026-08-27 15:21 IST,2026-08-27 15:21 IST,1,15,869100.0,1111.6,485.3,57940.0,1111.6,485.3,0.00017,149.25,0.0,0.0,337.7,337.7,0.0,-337.7,-0.338,banked (gap < cost),sideways/normal
parity,NIFTY,24100.0,2026-09-29,2026-08-27 15:22 IST,2026-08-27 15:22 IST,1,75,1821825.0,393.85,193.6,24291.0,393.85,193.6,0.00043,777.69,0.0,0.0,640.03,640.03,0.0,-640.03,-0.64,banked (gap < cost),sideways/normal
parity,NIFTY,24400.0,2026-09-29,2026-08-27 15:22 IST,2026-08-27 15:22 IST,1,75,1821825.0,225.65,324.15,24291.0,225.65,324.15,0.00041,739.6,0.0,0.0,632.67,632.67,0.0,-632.67,-0.633,banked (gap < cost),sideways/normal
parity,NIFTY,25000.0,2026-09-29,2026-08-27 15:22 IST,2026-08-27 15:22 IST,1,75,1821825.0,52.2,744.0,24291.0,52.2,744.0,0.00054,978.42,0.0,0.0,679.82,679.82,0.0,-679.82,-0.68,banked (gap < cost),sideways/normal
parity,NIFTY,23800.0,2026-09-29,2026-08-27 15:23 IST,2026-08-27 15:23 IST,1,75,1821607.0,608.45,110.65,24288.1,608.45,110.65,0.00052,942.03,0.0,0.9,665.33,666.23,0.0,-666.23,-0.666,banked (gap < cost),sideways/normal
parity,NIFTY,24000.0,2026-09-29,2026-08-27 15:23 IST,2026-08-27 15:23 IST,1,75,1821607.0,461.0,163.25,24288.1,461.0,163.25,0.00047,850.39,0.0,0.0,646.76,646.76,0.0,-646.76,-0.647,banked (gap < cost),sideways/normal
parity,NIFTY,24200.0,2026-09-29,2026-08-27 15:23 IST,2026-08-27 15:23 IST,1,75,1821607.0,332.0,233.75,24288.1,332.0,233.75,0.00044,800.0,0.0,0.0,635.8,635.8,0.0,-635.8,-0.636,banked (gap < cost),sideways/normal
parity,NIFTY,24500.0,2026-09-29,2026-08-27 15:23 IST,2026-08-27 15:23 IST,1,75,1821607.0,182.75,383.2,24288.1,182.75,383.2,0.00042,765.66,0.0,0.0,635.39,635.39,0.0,-635.39,-0.635,banked (gap < cost),sideways/normal
parity,NIFTY,25100.0,2026-09-29,2026-08-27 15:23 IST,2026-08-27 15:23 IST,1,75,1821607.0,38.7,831.5,24288.1,38.7,831.5,0.00059,1075.73,0.0,0.0,693.31,693.31,0.0,-693.31,-0.693,banked (gap < cost),sideways/normal
parity,NIFTY,25200.0,2026-09-29,2026-08-27 15:23 IST,2026-08-27 15:23 IST,1,75,1821607.0,29.65,924.0,24288.1,29.65,924.0,0.0005,915.53,0.0,0.0,707.99,707.99,0.0,-707.99,-0.708,banked (gap < cost),sideways/normal
parity,BANKNIFTY,56600.0,2026-09-29,2026-08-27 15:24 IST,2026-08-27 15:24 IST,1,15,868845.0,1600.0,298.0,57923.0,1600.0,298.0,0.00023,198.72,0.0,3.88,349.65,353.53,0.0,-353.53,-0.354,banked (gap < cost),sideways/normal
parity,NIFTY,24600.0,2026-09-29,2026-08-27 15:24 IST,2026-08-27 15:24 IST,1,75,1821015.0,142.8,449.05,24280.2,142.8,449.05,0.00048,875.77,0.0,0.0,639.6,639.6,0.0,-639.6,-0.64,banked (gap < cost),sideways/normal
parity,NIFTY,24700.0,2026-09-29,2026-08-27 15:24 IST,2026-08-27 15:24 IST,1,75,1821015.0,112.25,512.8,24280.2,112.25,512.8,0.00069,1259.32,0.0,0.0,647.02,647.02,0.0,-647.02,-0.647,banked (gap < cost),sideways/normal
parity,NIFTY,23500.0,2026-09-29,2026-08-27 15:25 IST,2026-08-27 15:25 IST,1,75,1821225.0,851.35,63.3,24283.0,851.35,63.3,0.0004,722.85,0.0,0.0,702.57,702.57,0.0,-702.57,-0.703,banked (gap < cost),sideways/normal
parity,NIFTY,23800.0,2026-09-29,2026-08-27 15:25 IST,2026-08-27 15:25 IST,1,75,1821225.0,606.2,112.5,24283.0,606.2,112.5,0.00056,1014.76,0.0,0.0,663.77,663.77,0.0,-663.77,-0.664,banked (gap < cost),sideways/normal
parity,NIFTY,24900.0,2026-09-29,2026-08-27 15:26 IST,2026-08-27 15:26 IST,1,75,1821300.0,66.6,669.45,24284.0,66.6,669.45,0.00039,715.54,0.0,0.0,668.52,668.52,0.0,-668.52,-0.669,banked (gap < cost),sideways/normal
parity,BANKNIFTY,56800.0,2026-09-29,2026-08-27 15:27 IST,2026-08-27 15:27 IST,1,15,868650.0,1440.0,351.2,57910.0,1440.0,351.2,0.00025,220.44,0.0,0.0,345.38,345.38,0.0,-345.38,-0.345,banked (gap < cost),sideways/normal
parity,NIFTY,23700.0,2026-09-29,2026-08-27 15:27 IST,2026-08-27 15:27 IST,1,75,1820400.0,675.0,95.15,24272.0,675.0,95.15,0.00046,840.12,0.0,0.0,675.67,675.67,0.0,-675.67,-0.676,banked (gap < cost),sideways/normal
parity,NIFTY,23900.0,2026-09-29,2026-08-27 15:28 IST,2026-08-27 15:28 IST,1,75,1820250.0,517.0,140.35,24270.0,517.0,140.35,0.00036,661.35,0.0,0.0,653.72,653.72,0.0,-653.72,-0.654,banked (gap < cost),sideways/normal
parity,NIFTY,24100.0,2026-09-29,2026-08-27 15:28 IST,2026-08-27 15:28 IST,1,75,1820250.0,383.35,202.45,24270.0,383.35,202.45,0.00049,892.21,0.0,0.0,639.19,639.19,0.0,-639.19,-0.639,banked (gap < cost),sideways/normal
parity,NIFTY,24400.0,2026-09-29,2026-08-27 15:28 IST,2026-08-27 15:28 IST,1,75,1820250.0,218.7,338.3,24270.0,218.7,338.3,0.0004,722.87,0.0,0.0,633.51,633.51,0.0,-633.51,-0.634,banked (gap < cost),sideways/normal
parity,NIFTY,24600.0,2026-09-29,2026-08-27 15:28 IST,2026-08-27 15:28 IST,1,75,1820250.0,140.0,456.35,24270.0,140.0,456.35,0.00048,878.73,0.0,0.0,641.62,641.62,0.0,-641.62,-0.642,banked (gap < cost),sideways/normal
parity,NIFTY,24900.0,2026-09-29,2026-08-27 15:28 IST,2026-08-27 15:28 IST,1,75,1820250.0,65.35,677.9,24270.0,65.35,677.9,0.00057,1031.89,0.0,0.0,669.28,669.28,0.0,-669.28,-0.669,banked (gap < cost),sideways/normal
parity,NIFTY,25500.0,2026-09-29,2026-08-27 15:28 IST,2026-08-27 15:28 IST,1,75,1820250.0,14.6,1228.75,24270.0,14.6,1228.75,0.00036,648.21,0.0,0.0,745.7,745.7,0.0,-745.7,-0.746,banked (gap < cost),sideways/normal
parity,NIFTY,24700.0,2026-09-29,2026-08-27 15:29 IST,2026-08-27 15:29 IST,1,75,1820310.0,109.4,524.75,24270.8,109.4,524.75,0.00047,850.08,0.0,0.0,648.16,648.16,0.0,-648.16,-0.648,banked (gap < cost),sideways/normal
parity,NIFTY,25200.0,2026-09-29,2026-08-27 15:29 IST,2026-08-27 15:29 IST,1,75,1820310.0,29.15,936.0,24270.8,29.15,936.0,0.0007,1267.84,0.0,0.0,709.75,709.75,0.0,-709.75,-0.71,banked (gap < cost),sideways/normal
parity,NIFTY,23200.0,2026-09-29,2026-08-27 15:30 IST,2026-08-27 15:30 IST,1,75,1820850.0,1110.0,36.2,24278.0,1110.0,36.2,9e-05,158.74,0.0,0.0,738.17,738.17,0.0,-738.17,-0.738,banked (gap < cost),sideways/normal
parity,NIFTY,24400.0,2026-09-29,2026-08-27 15:30 IST,2026-08-27 15:30 IST,1,75,1820850.0,220.5,331.4,24278.0,220.5,331.4,0.00043,778.89,8e-05,152.26,632.98,785.24,0.0,-785.24,-0.785,banked (gap < cost),sideways/normal
parity,BANKNIFTY,58800.0,2026-09-29,2026-08-27 15:32 IST,2026-08-27 15:32 IST,1,15,868767.0,364.95,1260.2,57917.8,364.95,1260.2,0.00031,273.3,0.0,0.0,338.84,338.84,0.0,-338.84,-0.339,banked (gap < cost),sideways/normal
parity,NIFTY,23400.0,2026-09-29,2026-08-27 15:32 IST,2026-08-27 15:32 IST,1,75,1821420.0,932.0,53.75,24285.6,932.0,53.75,9e-05,162.03,0.0,0.0,715.14,715.14,0.0,-715.14,-0.715,banked (gap < cost),sideways/normal
parity,BANKNIFTY,58100.0,2026-09-29,2026-08-27 15:33 IST,2026-08-27 15:33 IST,1,15,868371.0,644.05,850.0,57891.4,644.05,850.0,2e-05,21.44,0.0,0.0,333.17,333.17,0.0,-333.17,-0.333,banked (gap < cost),sideways/normal
parity,BANKNIFTY,58600.0,2026-09-29,2026-08-27 15:33 IST,2026-08-27 15:33 IST,1,15,868371.0,433.45,1140.15,57891.4,433.45,1140.15,4e-05,33.76,0.0,0.0,336.62,336.62,0.0,-336.62,-0.337,banked (gap < cost),sideways/normal
parity,NIFTY,24900.0,2026-09-29,2026-08-27 15:33 IST,2026-08-27 15:33 IST,1,75,1820332.0,65.7,672.6,24271.1,65.7,672.6,0.00075,1373.65,0.0,1.67,669.47,671.14,0.0,-671.14,-0.671,banked (gap < cost),sideways/normal
parity,NIFTY,23500.0,2026-09-29,2026-08-27 15:35 IST,2026-08-27 15:35 IST,1,75,1820243.0,836.1,65.0,24269.9,836.1,65.0,0.00024,428.31,0.0,0.0,700.54,700.54,0.0,-700.54,-0.701,banked (gap < cost),sideways/normal
parity,NIFTY,23700.0,2026-09-29,2026-08-27 15:35 IST,2026-08-27 15:35 IST,1,75,1820243.0,672.0,95.05,24269.9,672.0,95.05,0.00043,779.17,0.00012,225.62,674.51,900.13,0.0,-900.13,-0.9,banked (gap < cost),sideways/normal
parity,NIFTY,23800.0,2026-09-29,2026-08-27 15:35 IST,2026-08-27 15:35 IST,1,75,1820243.0,588.8,115.8,24269.9,588.8,115.8,0.00024,438.97,0.0,0.0,663.22,663.22,0.0,-663.22,-0.663,banked (gap < cost),sideways/normal
parity,NIFTY,24000.0,2026-09-29,2026-08-27 15:35 IST,2026-08-27 15:35 IST,1,75,1820243.0,444.65,169.7,24269.9,444.65,169.7,0.00027,497.33,0.0,0.0,645.62,645.62,0.0,-645.62,-0.646,banked (gap < cost),sideways/normal
parity,NIFTY,24100.0,2026-09-29,2026-08-27 15:35 IST,2026-08-27 15:35 IST,1,75,1820243.0,378.9,201.85,24269.9,378.9,201.85,0.00034,610.88,0.0,0.0,638.9,638.9,0.0,-638.9,-0.639,banked (gap < cost),sideways/normal
parity,NIFTY,24200.0,2026-09-29,2026-08-27 15:35 IST,2026-08-27 15:35 IST,1,75,1820243.0,320.0,243.0,24269.9,320.0,243.0,0.00031,563.19,0.0,0.0,635.07,635.07,0.0,-635.07,-0.635,banked (gap < cost),sideways/normal
parity,NIFTY,24400.0,2026-09-29,2026-08-27 15:35 IST,2026-08-27 15:35 IST,1,75,1820243.0,215.4,336.55,24269.9,215.4,336.55,0.00034,614.05,0.0,0.0,633.3,633.3,0.0,-633.3,-0.633,banked (gap < cost),sideways/normal
parity,NIFTY,24500.0,2026-09-29,2026-08-27 15:35 IST,2026-08-27 15:35 IST,1,75,1820243.0,175.0,396.6,24269.9,175.0,396.6,0.00029,536.35,0.0,0.0,636.47,636.47,0.0,-636.47,-0.636,banked (gap < cost),sideways/normal
parity,NIFTY,25000.0,2026-09-29,2026-08-27 15:35 IST,2026-08-27 15:35 IST,1,75,1820243.0,49.1,764.0,24269.9,49.1,764.0,0.00045,819.12,0.0,0.0,682.88,682.88,0.0,-682.88,-0.683,banked (gap < cost),sideways/normal
parity,NIFTY,24600.0,2026-09-29,2026-08-27 15:36 IST,2026-08-27 15:36 IST,1,75,1820175.0,137.0,463.0,24269.0,137.0,463.0,0.00013,229.54,0.0,0.0,640.65,640.65,0.0,-640.65,-0.641,banked (gap < cost),sideways/normal
parity,NIFTY,24800.0,2026-09-29,2026-08-27 15:36 IST,2026-08-27 15:36 IST,1,75,1820175.0,81.85,604.4,24269.0,81.85,604.4,0.00022,400.39,0.0,0.0,657.7,657.7,0.0,-657.7,-0.658,banked (gap < cost),sideways/normal
parity,NIFTY,25500.0,2026-09-29,2026-08-27 15:36 IST,2026-08-27 15:36 IST,1,75,1820175.0,14.0,1227.05,24269.0,14.0,1227.05,0.00044,805.27,0.0,0.0,746.55,746.55,0.0,-746.55,-0.747,banked (gap < cost),sideways/normal
parity,BANKNIFTY,56000.0,2026-09-29,2026-08-27 15:37 IST,2026-08-27 15:37 IST,1,15,867870.0,2049.4,197.85,57858.0,2049.4,197.85,8e-05,66.55,0.0,0.0,361.78,361.78,0.0,-361.78,-0.362,banked (gap < cost),sideways/normal
parity,NIFTY,24700.0,2026-09-29,2026-08-27 15:38 IST,2026-08-27 15:38 IST,1,75,1819650.0,106.55,528.0,24262.0,106.55,528.0,0.00058,1048.77,0.0,0.0,647.98,647.98,0.0,-647.98,-0.648,banked (gap < cost),sideways/normal
parity,BANKNIFTY,58100.0,2026-09-29,2026-08-28 09:15 IST,2026-08-28 09:15 IST,1,15,867081.0,576.3,910.4,57805.4,576.3,910.4,0.00071,617.59,0.0,0.0,333.25,333.25,0.0,-333.25,-0.333,banked (gap < cost),sideways/calm
parity,BANKNIFTY,58400.0,2026-09-29,2026-08-28 09:15 IST,2026-08-28 09:15 IST,1,15,867081.0,458.75,1100.0,57805.4,458.75,1100.0,0.00087,750.41,0.00015,133.65,334.37,468.02,0.0,-468.02,-0.468,banked (gap < cost),sideways/calm
parity,NIFTY,24900.0,2026-09-29,2026-08-28 09:15 IST,2026-08-28 09:15 IST,1,75,1821375.0,64.6,664.75,24285.0,64.6,664.75,0.00047,851.65,0.0,0.0,669.75,669.75,0.0,-669.75,-0.67,banked (gap < cost),sideways/calm
parity,BANKNIFTY,58600.0,2026-09-29,2026-08-28 09:16 IST,2026-08-28 09:16 IST,1,15,867075.0,383.45,1210.0,57805.0,383.45,1210.0,0.00062,541.01,0.00016,144.05,337.62,481.67,0.0,-481.67,-0.482,banked (gap < cost),sideways/calm
parity,BANKNIFTY,58700.0,2026-09-29,2026-08-28 09:16 IST,2026-08-28 09:16 IST,1,15,867075.0,351.65,1279.9,57805.0,351.65,1279.9,0.00066,575.04,2e-05,19.0,338.74,357.74,0.0,-357.74,-0.358,banked (gap < cost),sideways/calm
parity,BANKNIFTY,58800.0,2026-09-29,2026-08-28 09:16 IST,2026-08-28 09:16 IST,1,15,867075.0,320.55,1330.0,57805.0,320.55,1330.0,0.00035,301.56,0.00016,144.18,339.56,483.74,0.0,-483.74,-0.484,banked (gap < cost),sideways/calm
parity,NIFTY,23500.0,2026-09-29,2026-08-28 09:16 IST,2026-08-28 09:16 IST,1,75,1821000.0,842.0,62.15,24280.0,842.0,62.15,0.00018,321.17,0.0,0.0,703.32,703.32,0.0,-703.32,-0.703,banked (gap < cost),sideways/calm
parity,NIFTY,23800.0,2026-09-29,2026-08-28 09:17 IST,2026-08-28 09:17 IST,1,75,1822125.0,604.15,109.25,24295.0,604.15,109.25,0.00011,203.46,0.0,0.0,663.0,663.0,0.0,-663.0,-0.663,banked (gap < cost),sideways/calm
parity,BANKNIFTY,56900.0,2026-09-29,2026-08-28 09:19 IST,2026-08-28 09:19 IST,1,15,867000.0,1260.0,410.35,57800.0,1260.0,410.35,0.00078,678.54,0.0,2.18,340.08,342.26,0.0,-342.26,-0.342,banked (gap < cost),sideways/calm
parity,NIFTY,25400.0,2026-09-29,2026-08-28 09:21 IST,2026-08-28 09:21 IST,1,75,1822125.0,16.85,1113.95,24295.0,16.85,1113.95,7e-05,121.57,0.0,0.0,732.18,732.18,0.0,-732.18,-0.732,banked (gap < cost),sideways/calm
parity,BANKNIFTY,58700.0,2026-09-29,2026-08-28 09:22 IST,2026-08-28 09:22 IST,1,15,865338.0,322.7,1350.0,57689.2,322.7,1350.0,0.00039,333.65,0.0,0.0,337.68,337.68,0.0,-337.68,-0.338,banked (gap < cost),sideways/calm
parity,BANKNIFTY,56500.0,2026-09-29,2026-08-28 09:23 IST,2026-08-28 09:23 IST,1,15,865692.0,1515.25,325.9,57712.8,1515.25,325.9,0.00029,248.39,0.0,0.0,345.02,345.02,0.0,-345.02,-0.345,banked (gap < cost),sideways/calm
parity,BANKNIFTY,56900.0,2026-09-29,2026-08-28 09:23 IST,2026-08-28 09:23 IST,1,15,865692.0,1222.0,438.4,57712.8,1222.0,438.4,0.00043,368.73,1e-05,5.37,338.54,343.91,0.0,-343.91,-0.344,banked (gap < cost),sideways/calm
parity,BANKNIFTY,57000.0,2026-09-29,2026-08-28 09:23 IST,2026-08-28 09:23 IST,1,15,865692.0,1161.7,470.25,57712.8,1161.7,470.25,0.0003,259.51,0.0,0.0,337.19,337.19,0.0,-337.19,-0.337,banked (gap < cost),sideways/calm
parity,BANKNIFTY,57300.0,2026-09-29,2026-08-28 09:23 IST,2026-08-28 09:23 IST,1,15,865692.0,972.8,579.6,57712.8,972.8,579.6,0.0003,258.83,0.0,0.0,334.49,334.49,0.0,-334.49,-0.334,banked (gap < cost),sideways/calm
parity,BANKNIFTY,57400.0,2026-09-29,2026-08-28 09:23 IST,2026-08-28 09:23 IST,1,15,865692.0,909.9,620.35,57712.8,909.9,620.35,0.00037,322.1,0.0,0.0,333.74,333.74,0.0,-333.74,-0.334,banked (gap < cost),sideways/calm
parity,BANKNIFTY,57600.0,2026-09-29,2026-08-28 09:23 IST,2026-08-28 09:23 IST,1,15,865692.0,798.45,706.5,57712.8,798.45,706.5,0.00035,303.15,0.0,0.0,332.79,332.79,0.0,-332.79,-0.333,banked (gap < cost),sideways/calm
parity,BANKNIFTY,57700.0,2026-09-29,2026-08-28 09:23 IST,2026-08-28 09:23 IST,1,15,865692.0,741.75,754.9,57712.8,741.75,754.9,0.00045,388.17,0.0,0.0,332.62,332.62,0.0,-332.62,-0.333,banked (gap < cost),sideways/calm
parity,BANKNIFTY,57800.0,2026-09-29,2026-08-28 09:23 IST,2026-08-28 09:23 IST,1,15,865692.0,691.55,799.5,57712.8,691.55,799.5,0.00037,318.69,0.0,0.0,332.63,332.63,0.0,-332.63,-0.333,banked (gap < cost),sideways/calm
parity,BANKNIFTY,58000.0,2026-09-29,2026-08-28 09:23 IST,2026-08-28 09:23 IST,1,15,865692.0,598.0,903.4,57712.8,598.0,903.4,0.00034,297.49,0.0,0.0,333.23,333.23,0.0,-333.23,-0.333,banked (gap < cost),sideways/calm
parity,BANKNIFTY,58100.0,2026-09-29,2026-08-28 09:23 IST,2026-08-28 09:23 IST,1,15,865692.0,552.15,958.1,57712.8,552.15,958.1,0.00036,314.26,0.00018,158.59,333.56,492.15,0.0,-492.15,-0.492,banked (gap < cost),sideways/calm
parity,BANKNIFTY,58200.0,2026-09-29,2026-08-28 09:23 IST,2026-08-28 09:23 IST,1,15,865692.0,510.0,1011.45,57712.8,510.0,1011.45,0.00029,255.29,0.0,0.0,334.19,334.19,0.0,-334.19,-0.334,banked (gap < cost),sideways/calm
parity,BANKNIFTY,58300.0,2026-09-29,2026-08-28 09:23 IST,2026-08-28 09:23 IST,1,15,865692.0,469.9,1080.1,57712.8,469.9,1080.1,0.00046,395.06,0.0,0.0,335.06,335.06,0.0,-335.06,-0.335,banked (gap < cost),sideways/calm
parity,BANKNIFTY,58400.0,2026-09-29,2026-08-28 09:23 IST,2026-08-28 09:23 IST,1,15,865692.0,435.2,1140.15,57712.8,435.2,1140.15,0.00038,324.84,0.0,0.0,336.4,336.4,0.0,-336.4,-0.336,banked (gap < cost),sideways/calm
parity,BANKNIFTY,56500.0,2026-09-29,2026-08-28 09:25 IST,2026-08-28 09:25 IST,1,15,867285.0,1600.0,290.9,57819.0,1600.0,290.9,4e-05,36.07,0.0,0.0,346.18,346.18,0.0,-346.18,-0.346,banked (gap < cost),sideways/calm
parity,BANKNIFTY,56700.0,2026-09-29,2026-08-28 09:25 IST,2026-08-28 09:25 IST,1,15,867285.0,1430.0,342.0,57819.0,1430.0,342.0,0.00043,369.62,0.0,0.0,342.98,342.98,0.0,-342.98,-0.343,banked (gap < cost),sideways/calm
parity,NIFTY,24600.0,2026-09-29,2026-08-28 09:25 IST,2026-08-28 09:25 IST,1,75,1824000.0,152.0,426.8,24320.0,152.0,426.8,0.00015,270.67,0.0,0.0,638.94,638.94,0.0,-638.94,-0.639,banked (gap < cost),sideways/calm
parity,BANKNIFTY,56800.0,2026-09-29,2026-08-28 09:26 IST,2026-08-28 09:26 IST,1,15,867720.0,1394.15,358.4,57848.0,1394.15,358.4,0.00011,94.42,0.0,0.0,342.13,342.13,0.0,-342.13,-0.342,banked (gap < cost),sideways/calm
parity,BANKNIFTY,58600.0,2026-09-29,2026-08-28 09:26 IST,2026-08-28 09:26 IST,1,15,867720.0,406.3,1191.35,57848.0,406.3,1191.35,0.00065,559.85,0.0,0.0,338.22,338.22,0.0,-338.22,-0.338,banked (gap < cost),sideways/calm
parity,NIFTY,23000.0,2026-09-29,2026-08-28 09:26 IST,2026-08-28 09:26 IST,1,75,1824218.0,1345.0,24.0,24322.9,1345.0,24.0,0.00023,421.27,0.0,0.0,763.03,763.03,0.0,-763.03,-0.763,banked (gap < cost),sideways/calm
parity,BANKNIFTY,56000.0,2026-09-29,2026-08-28 09:27 IST,2026-08-28 09:27 IST,1,15,867582.0,2012.85,197.7,57838.8,2012.85,197.7,0.00023,198.03,0.0,0.0,359.77,359.77,0.0,-359.77,-0.36,banked (gap < cost),sideways/calm
parity,BANKNIFTY,58700.0,2026-09-29,2026-08-28 09:27 IST,2026-08-28 09:27 IST,1,15,867582.0,365.55,1232.15,57838.8,365.55,1232.15,0.00018,154.42,0.0,0.0,338.4,338.4,0.0,-338.4,-0.338,banked (gap < cost),sideways/calm
parity,NIFTY,24000.0,2026-09-29,2026-08-28 09:27 IST,2026-08-28 09:27 IST,1,75,1825305.0,488.15,148.8,24337.4,488.15,148.8,0.00016,290.01,0.0,0.0,649.3,649.3,0.0,-649.3,-0.649,banked (gap < cost),sideways/calm
parity,NIFTY,24100.0,2026-09-29,2026-08-28 09:27 IST,2026-08-28 09:27 IST,1,75,1825305.0,419.5,179.05,24337.4,419.5,179.05,0.00018,329.9,0.0,0.0,642.22,642.22,0.0,-642.22,-0.642,banked (gap < cost),sideways/calm
parity,NIFTY,24200.0,2026-09-29,2026-08-28 09:27 IST,2026-08-28 09:27 IST,1,75,1825305.0,356.75,213.85,24337.4,356.75,213.85,0.00026,471.03,0.0,0.0,637.04,637.04,0.0,-637.04,-0.637,banked (gap < cost),sideways/calm
parity,NIFTY,24400.0,2026-09-29,2026-08-28 09:27 IST,2026-08-28 09:27 IST,1,75,1825305.0,244.45,301.4,24337.4,244.45,301.4,0.00022,397.04,0.0,0.0,632.63,632.63,0.0,-632.63,-0.633,banked (gap < cost),sideways/calm
parity,NIFTY,24500.0,2026-09-29,2026-08-28 09:27 IST,2026-08-28 09:27 IST,1,75,1825305.0,198.35,354.35,24337.4,198.35,354.35,0.00023,425.67,0.0,0.0,634.04,634.04,0.0,-634.04,-0.634,banked (gap < cost),sideways/calm
parity,NIFTY,24600.0,2026-09-29,2026-08-28 09:27 IST,2026-08-28 09:27 IST,1,75,1825305.0,157.5,412.1,24337.4,157.5,412.1,0.00027,488.06,0.0,0.0,637.82,637.82,0.0,-637.82,-0.638,banked (gap < cost),sideways/calm
parity,NIFTY,24700.0,2026-09-29,2026-08-28 09:27 IST,2026-08-28 09:27 IST,1,75,1825305.0,123.45,479.85,24337.4,123.45,479.85,0.00017,310.44,0.0,0.0,644.39,644.39,0.0,-644.39,-0.644,banked (gap < cost),sideways/calm
parity,NIFTY,24800.0,2026-09-29,2026-08-28 09:27 IST,2026-08-28 09:27 IST,1,75,1825305.0,94.85,548.2,24337.4,94.85,548.2,0.00027,496.57,0.0,0.0,651.98,651.98,0.0,-651.98,-0.652,banked (gap < cost),sideways/calm
parity,NIFTY,25000.0,2026-09-29,2026-08-28 09:27 IST,2026-08-28 09:27 IST,1,75,1825305.0,55.15,708.75,24337.4,55.15,708.75,0.00022,392.58,0.0,0.0,675.36,675.36,0.0,-675.36,-0.675,banked (gap < cost),sideways/calm
parity,NIFTY,25500.0,2026-09-29,2026-08-28 09:27 IST,2026-08-28 09:27 IST,1,75,1825305.0,14.35,1167.35,24337.4,14.35,1167.35,0.00012,224.49,0.0,0.0,740.73,740.73,0.0,-740.73,-0.741,banked (gap < cost),sideways/calm
parity,BANKNIFTY,58400.0,2026-09-29,2026-08-28 09:28 IST,2026-08-28 09:28 IST,1,15,867435.0,467.5,1069.05,57829.0,467.5,1069.05,0.00058,506.92,0.0,0.0,335.03,335.03,0.0,-335.03,-0.335,banked (gap < cost),sideways/calm
parity,BANKNIFTY,56000.0,2026-09-29,2026-08-28 09:29 IST,2026-08-28 09:29 IST,1,15,867363.0,1989.35,202.7,57824.2,1989.35,202.7,0.00047,407.75,0.00029,257.51,359.59,617.1,0.0,-617.1,-0.617,banked (gap < cost),sideways/calm
parity,BANKNIFTY,57100.0,2026-09-29,2026-08-28 09:29 IST,2026-08-28 09:29 IST,1,15,867363.0,1157.65,465.15,57824.2,1157.65,465.15,0.00048,413.76,0.00029,255.08,337.77,592.85,0.0,-592.85,-0.593,banked (gap < cost),sideways/calm
parity,BANKNIFTY,57300.0,2026-09-29,2026-08-28 09:29 IST,2026-08-28 09:29 IST,1,15,867363.0,1033.05,537.05,57824.2,1033.05,537.05,0.00044,378.31,0.00029,254.83,335.55,590.38,0.0,-590.38,-0.59,banked (gap < cost),sideways/calm
parity,BANKNIFTY,57500.0,2026-09-29,2026-08-28 09:29 IST,2026-08-28 09:29 IST,1,15,867363.0,906.0,611.6,57824.2,906.0,611.6,0.00048,419.35,0.00029,254.66,333.96,588.62,0.0,-588.62,-0.589,banked (gap < cost),sideways/calm
parity,BANKNIFTY,58200.0,2026-09-29,2026-08-28 09:29 IST,2026-08-28 09:29 IST,1,15,867363.0,549.6,953.85,57824.2,549.6,953.85,0.00053,458.77,0.00029,254.61,333.56,588.17,0.0,-588.17,-0.588,banked (gap < cost),sideways/calm
parity,BANKNIFTY,58900.0,2026-09-29,2026-08-28 09:29 IST,2026-08-28 09:29 IST,1,15,867363.0,302.25,1403.3,57824.2,302.25,1403.3,0.00054,470.44,0.0,0.0,340.68,340.68,0.0,-340.68,-0.341,banked (gap < cost),sideways/calm
parity,BANKNIFTY,56500.0,2026-09-29,2026-08-28 09:30 IST,2026-08-28 09:30 IST,1,15,866697.0,1543.3,307.4,57779.8,1543.3,307.4,0.00063,549.43,0.00014,126.89,347.82,474.71,0.0,-474.71,-0.475,banked (gap < cost),sideways/calm
parity,BANKNIFTY,56800.0,2026-09-29,2026-08-28 09:30 IST,2026-08-28 09:30 IST,1,15,866697.0,1331.85,389.25,57779.8,1331.85,389.25,0.00055,474.5,2e-05,15.76,342.32,358.08,0.0,-358.08,-0.358,banked (gap < cost),sideways/calm
parity,BANKNIFTY,59500.0,2026-09-29,2026-08-28 09:30 IST,2026-08-28 09:30 IST,1,15,866697.0,160.1,1875.0,57779.8,160.1,1875.0,8e-05,67.14,0.0,0.0,354.67,354.67,0.0,-354.67,-0.355,banked (gap < cost),sideways/calm
parity,BANKNIFTY,57100.0,2026-09-29,2026-08-28 09:31 IST,2026-08-28 09:31 IST,1,15,866175.0,1129.6,485.0,57745.0,1129.6,485.0,6e-05,48.98,4e-05,38.43,337.54,375.97,0.0,-375.97,-0.376,banked (gap < cost),sideways/calm
parity,BANKNIFTY,57900.0,2026-09-29,2026-08-28 09:31 IST,2026-08-28 09:31 IST,1,15,866175.0,670.1,824.2,57745.0,670.1,824.2,0.0,0.29,4e-05,38.36,332.88,371.24,0.0,-371.24,-0.371,banked (gap < cost),sideways/calm
parity,BANKNIFTY,58300.0,2026-09-29,2026-08-28 09:31 IST,2026-08-28 09:31 IST,1,15,866175.0,489.1,1031.8,57745.0,489.1,1031.8,0.00016,137.19,4e-05,38.38,334.52,372.9,0.0,-372.9,-0.373,banked (gap < cost),sideways/calm
parity,BANKNIFTY,56600.0,2026-09-29,2026-08-28 09:33 IST,2026-08-28 09:33 IST,1,15,866625.0,1496.0,329.7,57775.0,1496.0,329.7,4e-05,30.35,0.0,0.0,345.58,345.58,0.0,-345.58,-0.346,banked (gap < cost),sideways/calm
parity,NIFTY,24200.0,2026-09-29,2026-08-28 09:34 IST,2026-08-28 09:34 IST,1,75,1824075.0,351.5,218.75,24321.0,351.5,218.75,0.00051,932.82,0.00019,349.92,637.05,986.97,0.0,-986.97,-0.987,banked (gap < cost),sideways/calm
parity,NIFTY,24400.0,2026-09-29,2026-08-28 09:34 IST,2026-08-28 09:34 IST,1,75,1824075.0,240.95,305.0,24321.0,240.95,305.0,0.0006,1087.58,0.00019,349.6,632.61,982.21,0.0,-982.21,-0.982,banked (gap < cost),sideways/calm
parity,NIFTY,24500.0,2026-09-29,2026-08-28 09:34 IST,2026-08-28 09:34 IST,1,75,1824075.0,194.7,360.4,24321.0,194.7,360.4,0.00051,921.21,0.00019,349.69,633.87,983.56,0.0,-983.56,-0.984,banked (gap < cost),sideways/calm
parity,NIFTY,24800.0,2026-09-29,2026-08-28 09:34 IST,2026-08-28 09:34 IST,1,75,1824075.0,92.7,548.3,24321.0,92.7,548.3,0.00085,1550.86,0.00019,351.01,652.05,1003.06,0.0,-1003.06,-1.003,banked (gap < cost),sideways/calm
parity,NIFTY,25000.0,2026-09-29,2026-08-28 09:34 IST,2026-08-28 09:34 IST,1,75,1824075.0,53.8,715.9,24321.0,53.8,715.9,0.00054,978.12,0.00019,352.7,675.19,1027.89,0.0,-1027.89,-1.028,banked (gap < cost),sideways/calm
parity,NIFTY,24000.0,2026-09-29,2026-08-28 09:35 IST,2026-08-28 09:35 IST,1,75,1824150.0,483.1,152.05,24322.0,483.1,152.05,0.00045,815.98,0.0001,192.49,649.53,842.02,0.0,-842.02,-0.842,banked (gap < cost),sideways/calm
parity,NIFTY,24100.0,2026-09-29,2026-08-28 09:35 IST,2026-08-28 09:35 IST,1,75,1824150.0,412.55,183.15,24322.0,412.55,183.15,0.00036,649.61,0.0001,192.2,642.31,834.51,0.0,-834.51,-0.835,banked (gap < cost),sideways/calm
parity,NIFTY,24600.0,2026-09-29,2026-08-28 09:35 IST,2026-08-28 09:35 IST,1,75,1824150.0,154.25,422.0,24322.0,154.25,422.0,0.00036,650.27,0.0001,191.99,637.15,829.14,0.0,-829.14,-0.829,banked (gap < cost),sideways/calm
parity,NIFTY,23500.0,2026-09-29,2026-08-28 09:36 IST,2026-08-28 09:36 IST,1,75,1823865.0,878.3,58.85,24318.2,878.3,58.85,0.00024,442.51,0.0001,194.91,709.91,904.82,0.0,-904.82,-0.905,banked (gap < cost),sideways/calm
parity,NIFTY,23900.0,2026-09-29,2026-08-28 09:36 IST,2026-08-28 09:36 IST,1,75,1823865.0,550.45,127.35,24318.2,550.45,127.35,0.0003,545.79,0.0001,192.84,658.35,851.19,0.0,-851.19,-0.851,banked (gap < cost),sideways/calm
parity,NIFTY,23800.0,2026-09-29,2026-08-28 09:37 IST,2026-08-28 09:37 IST,1,75,1823580.0,623.0,105.1,24314.4,623.0,105.1,0.00026,481.7,0.0001,191.72,669.6,861.32,0.0,-861.32,-0.861,banked (gap < cost),sideways/calm
parity,NIFTY,25400.0,2026-09-29,2026-08-28 09:37 IST,2026-08-28 09:37 IST,1,75,1823580.0,17.75,1089.45,24314.4,17.75,1089.45,0.00032,579.81,0.0,0.0,728.28,728.28,0.0,-728.28,-0.728,banked (gap < cost),sideways/calm
parity,BANKNIFTY,58100.0,2026-09-29,2026-08-28 09:38 IST,2026-08-28 09:38 IST,1,15,866100.0,566.15,950.95,57740.0,566.15,950.95,0.00046,402.68,0.00029,257.28,333.9,591.18,0.0,-591.18,-0.591,banked (gap < cost),sideways/calm
parity,NIFTY,23900.0,2026-09-29,2026-08-28 09:38 IST,2026-08-28 09:38 IST,1,75,1823077.0,544.15,129.1,24307.7,544.15,129.1,0.0004,725.06,0.0,0.0,657.31,657.31,0.0,-657.31,-0.657,banked (gap < cost),sideways/calm
parity,NIFTY,24000.0,2026-09-29,2026-08-28 09:38 IST,2026-08-28 09:38 IST,1,75,1823077.0,473.55,156.7,24307.7,473.55,156.7,0.00045,817.44,0.0,0.0,648.81,648.81,0.0,-648.81,-0.649,banked (gap < cost),sideways/calm
parity,NIFTY,24100.0,2026-09-29,2026-08-28 09:38 IST,2026-08-28 09:38 IST,1,75,1823077.0,407.25,188.35,24307.7,407.25,188.35,0.00051,928.58,0.0,0.0,641.68,641.68,0.0,-641.68,-0.642,banked (gap < cost),sideways/calm
parity,NIFTY,24400.0,2026-09-29,2026-08-28 09:38 IST,2026-08-28 09:38 IST,1,75,1823077.0,235.15,314.6,24307.7,235.15,314.6,0.00051,924.47,0.0,0.0,632.73,632.73,0.0,-632.73,-0.633,banked (gap < cost),sideways/calm
parity,NIFTY,24500.0,2026-09-29,2026-08-28 09:38 IST,2026-08-28 09:38 IST,1,75,1823077.0,190.05,370.3,24307.7,190.05,370.3,0.00045,821.85,0.0,0.0,634.42,634.42,0.0,-634.42,-0.634,banked (gap < cost),sideways/calm
parity,NIFTY,25000.0,2026-09-29,2026-08-28 09:38 IST,2026-08-28 09:38 IST,1,75,1823077.0,52.5,727.05,24307.7,52.5,727.05,0.00057,1036.26,0.0,0.0,676.68,676.68,0.0,-676.68,-0.677,banked (gap < cost),sideways/calm
parity,NIFTY,25100.0,2026-09-29,2026-08-28 09:38 IST,2026-08-28 09:38 IST,1,75,1823077.0,39.05,813.4,24307.7,39.05,813.4,0.00055,1008.64,0.0,0.0,688.58,688.58,0.0,-688.58,-0.689,banked (gap < cost),sideways/calm
parity,BANKNIFTY,56700.0,2026-09-29,2026-08-28 09:39 IST,2026-08-28 09:39 IST,1,15,866163.0,1401.0,365.85,57744.2,1401.0,365.85,5e-05,46.73,0.0,0.0,342.29,342.29,0.0,-342.29,-0.342,banked (gap < cost),sideways/calm
parity,BANKNIFTY,58600.0,2026-09-29,2026-08-28 09:41 IST,2026-08-28 09:41 IST,1,15,867234.0,393.5,1204.95,57815.6,393.5,1204.95,0.00054,472.63,0.0,0.0,338.13,338.13,0.0,-338.13,-0.338,banked (gap < cost),sideways/calm
parity,BANKNIFTY,57200.0,2026-09-29,2026-08-28 09:42 IST,2026-08-28 09:42 IST,1,15,867300.0,1104.85,494.0,57820.0,1104.85,494.0,0.0001,84.4,0.0,0.0,336.77,336.77,0.0,-336.77,-0.337,banked (gap < cost),sideways/calm
parity,BANKNIFTY,58100.0,2026-09-29,2026-08-28 09:42 IST,2026-08-28 09:42 IST,1,15,867300.0,605.0,890.2,57820.0,605.0,890.2,0.00012,101.87,0.0,0.0,333.21,333.21,0.0,-333.21,-0.333,banked (gap < cost),sideways/calm
parity,BANKNIFTY,58500.0,2026-09-29,2026-08-28 09:42 IST,2026-08-28 09:42 IST,1,15,867300.0,440.0,1114.85,57820.0,440.0,1114.85,2e-05,19.29,0.0,0.0,336.09,336.09,0.0,-336.09,-0.336,banked (gap < cost),sideways/calm
parity,BANKNIFTY,59000.0,2026-09-29,2026-08-28 09:42 IST,2026-08-28 09:42 IST,1,15,867300.0,280.0,1455.0,57820.0,280.0,1455.0,3e-05,25.58,0.0,0.0,343.09,343.09,0.0,-343.09,-0.343,banked (gap < cost),sideways/calm
parity,NIFTY,24900.0,2026-09-29,2026-08-28 09:42 IST,2026-08-28 09:42 IST,1,75,1825102.0,72.35,626.55,24334.7,72.35,626.55,0.00032,591.64,5e-05,88.13,662.93,751.06,0.0,-751.06,-0.751,banked (gap < cost),sideways/calm
parity,BANKNIFTY,58900.0,2026-09-29,2026-08-28 09:43 IST,2026-08-28 09:43 IST,1,15,867639.0,307.75,1377.95,57842.6,307.75,1377.95,0.00033,282.15,0.0,0.0,341.19,341.19,0.0,-341.19,-0.341,banked (gap < cost),sideways/calm
parity,NIFTY,24100.0,2026-09-29,2026-08-28 09:43 IST,2026-08-28 09:43 IST,1,75,1825912.0,422.0,176.5,24345.5,422.0,176.5,6e-05,104.63,0.0,0.0,642.87,642.87,0.0,-642.87,-0.643,banked (gap < cost),sideways/calm
parity,NIFTY,24200.0,2026-09-29,2026-08-28 09:43 IST,2026-08-28 09:43 IST,1,75,1825912.0,358.25,212.15,24345.5,358.25,212.15,6e-05,107.01,0.0,0.0,637.61,637.61,0.0,-637.61,-0.638,banked (gap < cost),sideways/calm
parity,NIFTY,24400.0,2026-09-29,2026-08-28 09:43 IST,2026-08-28 09:43 IST,1,75,1825912.0,245.45,295.4,24345.5,245.45,295.4,0.00017,318.02,0.0,0.0,632.49,632.49,0.0,-632.49,-0.632,banked (gap < cost),sideways/calm
parity,BANKNIFTY,56000.0,2026-09-29,2026-08-28 09:44 IST,2026-08-28 09:44 IST,1,15,867585.0,2000.0,200.85,57839.0,2000.0,200.85,0.00051,441.0,0.0,0.0,360.34,360.34,0.0,-360.34,-0.36,banked (gap < cost),sideways/calm
parity,BANKNIFTY,57000.0,2026-09-29,2026-08-28 09:44 IST,2026-08-28 09:44 IST,1,15,867585.0,1233.0,431.65,57839.0,1233.0,431.65,0.00057,493.24,0.0,0.0,339.71,339.71,0.0,-339.71,-0.34,banked (gap < cost),sideways/calm
parity,BANKNIFTY,57200.0,2026-09-29,2026-08-28 09:44 IST,2026-08-28 09:44 IST,1,15,867585.0,1098.65,495.55,57839.0,1098.65,495.55,0.00056,484.03,0.0,0.0,337.28,337.28,0.0,-337.28,-0.337,banked (gap < cost),sideways/calm
parity,BANKNIFTY,57300.0,2026-09-29,2026-08-28 09:44 IST,2026-08-28 09:44 IST,1,15,867585.0,1038.1,530.45,57839.0,1038.1,530.45,0.00049,424.31,0.0,0.0,335.92,335.92,0.0,-335.92,-0.336,banked (gap < cost),sideways/calm
parity,BANKNIFTY,57400.0,2026-09-29,2026-08-28 09:44 IST,2026-08-28 09:44 IST,1,15,867585.0,973.6,570.25,57839.0,973.6,570.25,0.00057,497.33,0.0,0.0,335.06,335.06,0.0,-335.06,-0.335,banked (gap < cost),sideways/calm
parity,BANKNIFTY,57500.0,2026-09-29,2026-08-28 09:44 IST,2026-08-28 09:44 IST,1,15,867585.0,912.25,608.1,57839.0,912.25,608.1,0.00057,493.85,0.0,0.0,334.15,334.15,0.0,-334.15,-0.334,banked (gap < cost),sideways/calm
parity,BANKNIFTY,57600.0,2026-09-29,2026-08-28 09:44 IST,2026-08-28 09:44 IST,1,15,867585.0,859.05,647.6,57839.0,859.05,647.6,0.00045,392.88,0.0,0.0,333.64,333.64,0.0,-333.64,-0.334,banked (gap < cost),sideways/calm
parity,BANKNIFTY,57700.0,2026-09-29,2026-08-28 09:44 IST,2026-08-28 09:44 IST,1,15,867585.0,803.0,690.0,57839.0,803.0,690.0,0.00044,378.15,0.0,0.0,333.23,333.23,0.0,-333.23,-0.333,banked (gap < cost),sideways/calm
parity,BANKNIFTY,57800.0,2026-09-29,2026-08-28 09:44 IST,2026-08-28 09:44 IST,1,15,867585.0,750.0,738.35,57839.0,750.0,738.35,0.00047,406.93,0.0,0.0,332.96,332.96,0.0,-332.96,-0.333,banked (gap < cost),sideways/calm
parity,BANKNIFTY,57900.0,2026-09-29,2026-08-28 09:44 IST,2026-08-28 09:44 IST,1,15,867585.0,699.15,787.8,57839.0,699.15,787.8,0.00048,419.95,0.0,0.0,332.76,332.76,0.0,-332.76,-0.333,banked (gap < cost),sideways/calm
parity,BANKNIFTY,58000.0,2026-09-29,2026-08-28 09:44 IST,2026-08-28 09:44 IST,1,15,867585.0,647.05,840.3,57839.0,647.05,840.3,0.00057,497.47,0.0,0.0,332.83,332.83,0.0,-332.83,-0.333,banked (gap < cost),sideways/calm
parity,BANKNIFTY,58100.0,2026-09-29,2026-08-28 09:44 IST,2026-08-28 09:44 IST,1,15,867585.0,600.0,890.75,57839.0,600.0,890.75,0.00054,468.5,0.0,0.0,333.0,333.0,0.0,-333.0,-0.333,banked (gap < cost),sideways/calm
parity,BANKNIFTY,58300.0,2026-09-29,2026-08-28 09:44 IST,2026-08-28 09:44 IST,1,15,867585.0,513.95,1003.65,57839.0,513.95,1003.65,0.00054,469.79,0.0,0.0,333.94,333.94,0.0,-333.94,-0.334,banked (gap < cost),sideways/calm
parity,BANKNIFTY,58600.0,2026-09-29,2026-08-28 09:44 IST,2026-08-28 09:44 IST,1,15,867585.0,397.95,1186.85,57839.0,397.95,1186.85,0.00056,483.36,0.0,0.0,336.65,336.65,0.0,-336.65,-0.337,banked (gap < cost),sideways/calm
parity,BANKNIFTY,56900.0,2026-09-29,2026-08-28 09:46 IST,2026-08-28 09:46 IST,1,15,867525.0,1311.0,397.0,57835.0,1311.0,397.0,0.00027,235.3,0.0,0.0,340.79,340.79,0.0,-340.79,-0.341,banked (gap < cost),sideways/calm
parity,NIFTY,24000.0,2026-09-29,2026-08-28 09:47 IST,2026-08-28 09:47 IST,1,75,1824832.0,486.65,147.45,24331.1,486.65,147.45,0.00041,748.64,2e-05,37.19,649.68,686.87,0.0,-686.87,-0.687,banked (gap < cost),sideways/calm
parity,NIFTY,24100.0,2026-09-29,2026-08-28 09:47 IST,2026-08-28 09:47 IST,1,75,1824832.0,418.65,177.3,24331.1,418.65,177.3,0.00048,867.27,2e-05,37.13,642.29,679.42,0.0,-679.42,-0.679,banked (gap < cost),sideways/calm
parity,NIFTY,24200.0,2026-09-29,2026-08-28 09:47 IST,2026-08-28 09:47 IST,1,75,1824832.0,355.0,212.9,24331.1,355.0,212.9,0.00048,880.9,2e-05,37.09,637.08,674.17,0.0,-674.17,-0.674,banked (gap < cost),sideways/calm
parity,NIFTY,24700.0,2026-09-29,2026-08-28 09:47 IST,2026-08-28 09:47 IST,1,75,1824832.0,121.6,479.5,24331.1,121.6,479.5,0.00037,667.81,0.0,0.0,642.55,642.55,0.0,-642.55,-0.643,banked (gap < cost),sideways/calm
parity,NIFTY,24400.0,2026-09-29,2026-08-28 09:48 IST,2026-08-28 09:48 IST,1,75,1824443.0,241.0,301.9,24325.9,241.0,301.9,0.00053,958.39,0.0001,178.25,631.78,810.03,0.0,-810.03,-0.81,banked (gap < cost),sideways/calm
parity,BANKNIFTY,56600.0,2026-09-29,2026-08-28 09:49 IST,2026-08-28 09:49 IST,1,15,866850.0,1500.0,325.05,57790.0,1500.0,325.05,0.00014,124.32,0.0,0.0,344.61,344.61,0.0,-344.61,-0.345,banked (gap < cost),sideways/calm
parity,BANKNIFTY,56800.0,2026-09-29,2026-08-28 09:49 IST,2026-08-28 09:49 IST,1,15,866850.0,1356.0,374.4,57790.0,1356.0,374.4,5e-05,41.62,0.0,0.0,342.27,342.27,0.0,-342.27,-0.342,banked (gap < cost),sideways/calm
parity,BANKNIFTY,57300.0,2026-09-29,2026-08-28 09:49 IST,2026-08-28 09:49 IST,1,15,866850.0,1031.55,538.0,57790.0,1031.55,538.0,0.00011,95.02,0.0,0.0,335.69,335.69,0.0,-335.69,-0.336,banked (gap < cost),sideways/calm
parity,BANKNIFTY,57400.0,2026-09-29,2026-08-28 09:49 IST,2026-08-28 09:49 IST,1,15,866850.0,969.75,574.85,57790.0,969.75,574.85,0.00012,106.74,0.0,0.0,334.66,334.66,0.0,-334.66,-0.335,banked (gap < cost),sideways/calm
parity,BANKNIFTY,57500.0,2026-09-29,2026-08-28 09:49 IST,2026-08-28 09:49 IST,1,15,866850.0,909.15,611.25,57790.0,909.15,611.25,0.00017,143.22,0.0,0.0,333.87,333.87,0.0,-333.87,-0.334,banked (gap < cost),sideways/calm
parity,BANKNIFTY,57900.0,2026-09-29,2026-08-28 09:49 IST,2026-08-28 09:49 IST,1,15,866850.0,694.2,795.0,57790.0,694.2,795.0,0.00015,128.62,0.0,0.0,332.67,332.67,0.0,-332.67,-0.333,banked (gap < cost),sideways/calm
parity,BANKNIFTY,58000.0,2026-09-29,2026-08-28 09:49 IST,2026-08-28 09:49 IST,1,15,866850.0,644.95,846.25,57790.0,644.95,846.25,0.00013,112.6,0.0,0.0,332.8,332.8,0.0,-332.8,-0.333,banked (gap < cost),sideways/calm
parity,NIFTY,23800.0,2026-09-29,2026-08-28 09:50 IST,2026-08-28 09:50 IST,1,75,1824405.0,634.0,101.1,24325.4,634.0,101.1,0.00043,786.39,0.0,0.0,669.41,669.41,0.0,-669.41,-0.669,banked (gap < cost),sideways/calm
parity,NIFTY,23900.0,2026-09-29,2026-08-28 09:50 IST,2026-08-28 09:50 IST,1,75,1824405.0,556.1,122.8,24325.4,556.1,122.8,0.00042,773.77,0.0,0.0,657.97,657.97,0.0,-657.97,-0.658,banked (gap < cost),sideways/calm
parity,NIFTY,24000.0,2026-09-29,2026-08-28 09:50 IST,2026-08-28 09:50 IST,1,75,1824405.0,484.7,148.85,24325.4,484.7,148.85,0.00051,922.4,5e-05,92.96,649.23,742.19,0.0,-742.19,-0.742,banked (gap < cost),sideways/calm
parity,NIFTY,24100.0,2026-09-29,2026-08-28 09:50 IST,2026-08-28 09:50 IST,1,75,1824405.0,415.5,179.45,24325.4,415.5,179.45,0.00049,894.78,5e-05,92.82,641.62,734.44,0.0,-734.44,-0.734,banked (gap < cost),sideways/calm
parity,NIFTY,24200.0,2026-09-29,2026-08-28 09:50 IST,2026-08-28 09:50 IST,1,75,1824405.0,352.6,215.35,24325.4,352.6,215.35,0.00052,942.16,5e-05,92.72,636.56,729.28,0.0,-729.28,-0.729,banked (gap < cost),sideways/calm
parity,NIFTY,24400.0,2026-09-29,2026-08-28 09:50 IST,2026-08-28 09:50 IST,1,75,1824405.0,241.25,302.5,24325.4,241.25,302.5,0.00053,969.43,5e-05,92.63,632.06,724.69,0.0,-724.69,-0.725,banked (gap < cost),sideways/calm
parity,NIFTY,24500.0,2026-09-29,2026-08-28 09:50 IST,2026-08-28 09:50 IST,1,75,1824405.0,195.5,356.55,24325.4,195.5,356.55,0.00052,941.81,5e-05,92.66,633.36,726.02,0.0,-726.02,-0.726,banked (gap < cost),sideways/calm
parity,NIFTY,24700.0,2026-09-29,2026-08-28 09:50 IST,2026-08-28 09:50 IST,1,75,1824405.0,120.25,481.35,24325.4,120.25,481.35,0.00047,852.82,0.0,0.0,643.59,643.59,0.0,-643.59,-0.644,banked (gap < cost),sideways/calm
parity,NIFTY,24800.0,2026-09-29,2026-08-28 09:50 IST,2026-08-28 09:50 IST,1,75,1824405.0,92.4,552.15,24325.4,92.4,552.15,0.0005,911.45,5e-05,93.01,651.5,744.51,0.0,-744.51,-0.745,banked (gap < cost),sideways/calm
parity,NIFTY,25000.0,2026-09-29,2026-08-28 09:50 IST,2026-08-28 09:50 IST,1,75,1824405.0,53.75,713.95,24325.4,53.75,713.95,0.00043,792.47,5e-05,93.46,674.95,768.41,0.0,-768.41,-0.768,banked (gap < cost),sideways/calm
parity,BANKNIFTY,58600.0,2026-09-29,2026-08-28 09:51 IST,2026-08-28 09:51 IST,1,15,867285.0,399.3,1197.0,57819.0,399.3,1197.0,0.00037,317.07,0.0,0.0,337.24,337.24,0.0,-337.24,-0.337,banked (gap < cost),sideways/calm
parity,NIFTY,23700.0,2026-09-29,2026-08-28 09:52 IST,2026-08-28 09:52 IST,1,75,1824323.0,710.85,83.4,24324.3,710.85,83.4,0.00028,502.26,0.0,0.0,680.94,680.94,0.0,-680.94,-0.681,banked (gap < cost),sideways/calm
parity,NIFTY,24000.0,2026-09-29,2026-08-28 09:53 IST,2026-08-28 09:53 IST,1,75,1825043.0,488.0,147.3,24333.9,488.0,147.3,0.00036,652.27,0.0,0.0,649.18,649.18,0.0,-649.18,-0.649,banked (gap < cost),sideways/calm
parity,NIFTY,24200.0,2026-09-29,2026-08-28 09:53 IST,2026-08-28 09:53 IST,1,75,1825043.0,354.6,213.0,24333.9,354.6,213.0,0.00035,634.54,0.0,0.0,636.65,636.65,0.0,-636.65,-0.637,banked (gap < cost),sideways/calm
parity,NIFTY,24400.0,2026-09-29,2026-08-28 09:53 IST,2026-08-28 09:53 IST,1,75,1825043.0,242.45,299.3,24333.9,242.45,299.3,0.00036,665.55,0.0,0.0,631.74,631.74,0.0,-631.74,-0.632,banked (gap < cost),sideways/calm
parity,NIFTY,24500.0,2026-09-29,2026-08-28 09:53 IST,2026-08-28 09:53 IST,1,75,1825043.0,196.0,353.85,24333.9,196.0,353.85,0.0003,547.93,0.0,0.0,633.75,633.75,0.0,-633.75,-0.634,banked (gap < cost),sideways/calm
parity,NIFTY,24700.0,2026-09-29,2026-08-28 09:54 IST,2026-08-28 09:54 IST,1,75,1825695.0,123.45,470.6,24342.6,123.45,470.6,0.00034,616.46,0.00015,286.46,642.93,929.39,0.0,-929.39,-0.929,banked (gap < cost),sideways/calm
parity,BANKNIFTY,56200.0,2026-09-29,2026-08-28 09:55 IST,2026-08-28 09:55 IST,1,15,867735.0,1875.0,230.4,57849.0,1875.0,230.4,9e-05,74.55,0.0,0.0,358.72,358.72,0.0,-358.72,-0.359,banked (gap < cost),sideways/calm
parity,NIFTY,24200.0,2026-09-29,2026-08-28 09:55 IST,2026-08-28 09:55 IST,1,75,1825507.0,358.95,211.3,24340.1,358.95,211.3,0.00034,625.99,0.0,0.0,637.33,637.33,0.0,-637.33,-0.637,banked (gap < cost),sideways/calm
parity,NIFTY,24400.0,2026-09-29,2026-08-28 09:55 IST,2026-08-28 09:55 IST,1,75,1825507.0,246.1,297.4,24340.1,246.1,297.4,0.00034,619.5,0.0,0.0,631.84,631.84,0.0,-631.84,-0.632,banked (gap < cost),sideways/calm
parity,NIFTY,24800.0,2026-09-29,2026-08-28 09:57 IST,2026-08-28 09:57 IST,1,75,1825402.0,94.25,545.65,24338.7,94.25,545.65,0.0003,545.96,0.0,0.0,650.01,650.01,0.0,-650.01,-0.65,banked (gap < cost),sideways/calm
parity,NIFTY,24000.0,2026-09-29,2026-08-28 09:59 IST,2026-08-28 09:59 IST,1,75,1825125.0,490.05,146.0,24335.0,490.05,146.0,0.00045,821.52,4e-05,67.17,650.45,717.62,0.0,-717.62,-0.718,banked (gap < cost),sideways/calm
parity,NIFTY,24100.0,2026-09-29,2026-08-28 09:59 IST,2026-08-28 09:59 IST,1,75,1825125.0,419.75,175.65,24335.0,419.75,175.65,0.00043,782.65,4e-05,67.06,642.6,709.66,0.0,-709.66,-0.71,banked (gap < cost),sideways/calm
parity,NIFTY,24200.0,2026-09-29,2026-08-28 09:59 IST,2026-08-28 09:59 IST,1,75,1825125.0,356.3,211.3,24335.0,356.3,211.3,0.00044,807.53,4e-05,66.98,637.34,704.32,0.0,-704.32,-0.704,banked (gap < cost),sideways/calm
parity,NIFTY,24400.0,2026-09-29,2026-08-28 09:59 IST,2026-08-28 09:59 IST,1,75,1825125.0,244.05,297.45,24335.0,244.05,297.45,0.00046,842.3,4e-05,66.91,631.75,698.66,0.0,-698.66,-0.699,banked (gap < cost),sideways/calm
parity,BANKNIFTY,56000.0,2026-09-29,2026-08-28 10:01 IST,2026-08-28 10:01 IST,1,15,867630.0,2000.0,198.75,57842.0,2000.0,198.75,0.00052,454.24,0.00025,221.97,360.31,582.28,0.0,-582.28,-0.582,banked (gap < cost),sideways/calm
parity,BANKNIFTY,57000.0,2026-09-29,2026-08-28 10:01 IST,2026-08-28 10:01 IST,1,15,867630.0,1237.1,426.25,57842.0,1237.1,426.25,0.00046,395.48,0.00025,219.99,339.65,559.64,0.0,-559.64,-0.56,banked (gap < cost),sideways/calm
parity,BANKNIFTY,57400.0,2026-09-29,2026-08-28 10:01 IST,2026-08-28 10:01 IST,1,15,867630.0,980.1,563.45,57842.0,980.1,563.45,0.00039,342.58,0.00025,219.54,334.92,554.46,0.0,-554.46,-0.554,banked (gap < cost),sideways/calm
parity,BANKNIFTY,57500.0,2026-09-29,2026-08-28 10:01 IST,2026-08-28 10:01 IST,1,15,867630.0,918.75,602.95,57842.0,918.75,602.95,0.00042,363.85,0.00025,219.45,333.99,553.44,0.0,-553.44,-0.553,banked (gap < cost),sideways/calm
parity,BANKNIFTY,57800.0,2026-09-29,2026-08-28 10:01 IST,2026-08-28 10:01 IST,1,15,867630.0,753.75,732.35,57842.0,753.75,732.35,0.00035,305.42,0.00025,219.34,332.84,552.18,0.0,-552.18,-0.552,banked (gap < cost),sideways/calm
parity,BANKNIFTY,58500.0,2026-09-29,2026-08-28 10:01 IST,2026-08-28 10:01 IST,1,15,867630.0,438.8,1113.0,57842.0,438.8,1113.0,0.00034,299.09,0.00025,219.59,335.47,555.06,0.0,-555.06,-0.555,banked (gap < cost),sideways/calm
parity,NIFTY,23500.0,2026-09-29,2026-08-28 10:02 IST,2026-08-28 10:02 IST,1,75,1824750.0,887.65,55.2,24330.0,887.65,55.2,0.00029,537.48,0.0,0.0,709.56,709.56,0.0,-709.56,-0.71,banked (gap < cost),sideways/calm
parity,NIFTY,24000.0,2026-09-29,2026-08-28 10:04 IST,2026-08-28 10:04 IST,1,75,1824548.0,482.6,148.9,24327.3,482.6,148.9,0.00034,619.43,5e-05,96.4,649.54,745.94,0.0,-745.94,-0.746,banked (gap < cost),sideways/calm
parity,NIFTY,24100.0,2026-09-29,2026-08-28 10:04 IST,2026-08-28 10:04 IST,1,75,1824548.0,412.7,180.0,24327.3,412.7,180.0,0.00028,501.81,5e-05,96.24,641.72,737.96,0.0,-737.96,-0.738,banked (gap < cost),sideways/calm
parity,NIFTY,24200.0,2026-09-29,2026-08-28 10:04 IST,2026-08-28 10:04 IST,1,75,1824548.0,350.0,215.75,24327.3,350.0,215.75,0.00032,575.44,5e-05,96.13,636.39,732.52,0.0,-732.52,-0.733,banked (gap < cost),sideways/calm
parity,NIFTY,24400.0,2026-09-29,2026-08-28 10:04 IST,2026-08-28 10:04 IST,1,75,1824548.0,239.0,301.95,24327.3,239.0,301.95,0.00038,700.21,5e-05,96.04,631.68,727.72,0.0,-727.72,-0.728,banked (gap < cost),sideways/calm
parity,NIFTY,24500.0,2026-09-29,2026-08-28 10:04 IST,2026-08-28 10:04 IST,1,75,1824548.0,192.4,357.85,24327.3,192.4,357.85,0.00026,470.09,5e-05,96.07,633.11,729.18,0.0,-729.18,-0.729,banked (gap < cost),sideways/calm
parity,NIFTY,24800.0,2026-09-29,2026-08-28 10:04 IST,2026-08-28 10:04 IST,1,75,1824548.0,91.6,551.25,24327.3,91.6,551.25,0.00043,777.24,0.0,0.0,650.91,650.91,0.0,-650.91,-0.651,banked (gap < cost),sideways/calm
parity,NIFTY,23800.0,2026-09-29,2026-08-28 10:05 IST,2026-08-28 10:05 IST,1,75,1824518.0,632.25,100.95,24326.9,632.25,100.95,0.0003,554.53,0.0,0.0,669.39,669.39,0.0,-669.39,-0.669,banked (gap < cost),sideways/calm
parity,NIFTY,23900.0,2026-09-29,2026-08-28 10:06 IST,2026-08-28 10:06 IST,1,75,1824000.0,554.0,123.7,24320.0,554.0,123.7,0.00052,951.5,0.0,0.0,657.99,657.99,0.0,-657.99,-0.658,banked (gap < cost),sideways/calm
parity,NIFTY,25000.0,2026-09-29,2026-08-28 10:07 IST,2026-08-28 10:07 IST,1,75,1825410.0,54.1,705.1,24338.8,54.1,705.1,0.00026,483.15,0.0,0.0,675.52,675.52,0.0,-675.52,-0.676,banked (gap < cost),sideways/calm
parity,NIFTY,24800.0,2026-09-29,2026-08-28 10:08 IST,2026-08-28 10:08 IST,1,75,1825523.0,94.2,546.0,24340.3,94.2,546.0,0.00022,396.53,0.0,0.0,652.16,652.16,0.0,-652.16,-0.652,banked (gap < cost),sideways/calm
parity,BANKNIFTY,57000.0,2026-09-29,2026-08-28 10:09 IST,2026-08-28 10:09 IST,1,15,867780.0,1250.0,420.95,57852.0,1250.0,420.95,0.00031,271.63,0.0,0.0,339.92,339.92,0.0,-339.92,-0.34,banked (gap < cost),sideways/calm
parity,BANKNIFTY,57300.0,2026-09-29,2026-08-28 10:09 IST,2026-08-28 10:09 IST,1,15,867780.0,1046.6,523.1,57852.0,1046.6,523.1,0.00044,380.45,0.0,0.0,336.18,336.18,0.0,-336.18,-0.336,banked (gap < cost),sideways/calm
parity,BANKNIFTY,57400.0,2026-09-29,2026-08-28 10:09 IST,2026-08-28 10:09 IST,1,15,867780.0,981.0,560.0,57852.0,981.0,560.0,0.00049,426.47,0.0,0.0,335.19,335.19,0.0,-335.19,-0.335,banked (gap < cost),sideways/calm
parity,BANKNIFTY,57500.0,2026-09-29,2026-08-28 10:09 IST,2026-08-28 10:09 IST,1,15,867780.0,920.0,598.8,57852.0,920.0,598.8,0.0005,432.0,0.0,0.0,334.1,334.1,0.0,-334.1,-0.334,banked (gap < cost),sideways/calm
parity,BANKNIFTY,57600.0,2026-09-29,2026-08-28 10:09 IST,2026-08-28 10:09 IST,1,15,867780.0,862.05,641.35,57852.0,862.05,641.35,0.00052,448.02,0.0,0.0,333.43,333.43,0.0,-333.43,-0.333,banked (gap < cost),sideways/calm
parity,BANKNIFTY,57800.0,2026-09-29,2026-08-28 10:09 IST,2026-08-28 10:09 IST,1,15,867780.0,752.5,721.3,57852.0,752.5,721.3,0.00035,307.57,0.0,0.0,332.57,332.57,0.0,-332.57,-0.333,banked (gap < cost),sideways/calm
parity,BANKNIFTY,57900.0,2026-09-29,2026-08-28 10:09 IST,2026-08-28 10:09 IST,1,15,867780.0,704.05,774.45,57852.0,704.05,774.45,0.00039,340.09,0.0,0.0,332.43,332.43,0.0,-332.43,-0.332,banked (gap < cost),sideways/calm
parity,BANKNIFTY,58000.0,2026-09-29,2026-08-28 10:09 IST,2026-08-28 10:09 IST,1,15,867780.0,652.7,824.4,57852.0,652.7,824.4,0.00042,368.12,0.0,0.0,332.65,332.65,0.0,-332.65,-0.333,banked (gap < cost),sideways/calm
parity,NIFTY,23500.0,2026-09-29,2026-08-28 10:09 IST,2026-08-28 10:09 IST,1,75,1824982.0,895.0,54.4,24333.1,895.0,54.4,0.0005,917.58,0.0,0.0,710.67,710.67,0.0,-710.67,-0.711,banked (gap < cost),sideways/calm
parity,NIFTY,24000.0,2026-09-29,2026-08-28 10:09 IST,2026-08-28 10:09 IST,1,75,1824982.0,488.25,145.65,24333.1,488.25,145.65,0.00047,854.49,0.0,0.0,650.12,650.12,0.0,-650.12,-0.65,banked (gap < cost),sideways/calm
parity,NIFTY,24100.0,2026-09-29,2026-08-28 10:09 IST,2026-08-28 10:09 IST,1,75,1824982.0,418.8,174.75,24333.1,418.8,174.75,0.0005,920.62,0.0,0.0,642.31,642.31,0.0,-642.31,-0.642,banked (gap < cost),sideways/calm
parity,NIFTY,24200.0,2026-09-29,2026-08-28 10:09 IST,2026-08-28 10:09 IST,1,75,1824982.0,356.8,209.35,24333.1,356.8,209.35,0.00062,1133.0,0.0,0.0,636.85,636.85,0.0,-636.85,-0.637,banked (gap < cost),sideways/calm
parity,NIFTY,24400.0,2026-09-29,2026-08-28 10:09 IST,2026-08-28 10:09 IST,1,75,1824982.0,242.75,297.15,24333.1,242.75,297.15,0.0005,909.02,0.0,0.0,631.43,631.43,0.0,-631.43,-0.631,banked (gap < cost),sideways/calm
parity,NIFTY,24500.0,2026-09-29,2026-08-28 10:09 IST,2026-08-28 10:09 IST,1,75,1824982.0,196.05,350.9,24333.1,196.05,350.9,0.00046,832.65,0.0,0.0,632.82,632.82,0.0,-632.82,-0.633,banked (gap < cost),sideways/calm
parity,NIFTY,24700.0,2026-09-29,2026-08-28 10:09 IST,2026-08-28 10:09 IST,1,75,1824982.0,121.45,471.2,24333.1,121.45,471.2,0.00062,1129.91,0.0,0.0,641.96,641.96,0.0,-641.96,-0.642,banked (gap < cost),sideways/calm
parity,NIFTY,25000.0,2026-09-29,2026-08-28 10:09 IST,2026-08-28 10:09 IST,1,75,1824982.0,53.9,700.0,24333.1,53.9,700.0,0.0007,1275.81,0.0,0.0,672.43,672.43,0.0,-672.43,-0.672,banked (gap < cost),sideways/calm
parity,BANKNIFTY,58500.0,2026-09-29,2026-08-28 10:10 IST,2026-08-28 10:10 IST,1,15,867498.0,439.9,1104.45,57833.2,439.9,1104.45,3e-05,23.07,0.0,0.0,334.97,334.97,0.0,-334.97,-0.335,banked (gap < cost),sideways/calm
parity,BANKNIFTY,56600.0,2026-09-29,2026-08-28 10:13 IST,2026-08-28 10:13 IST,1,15,868200.0,1550.0,304.25,57880.0,1550.0,304.25,0.00047,404.65,0.0,0.0,346.63,346.63,0.0,-346.63,-0.347,banked (gap < cost),sideways/calm
parity,BANKNIFTY,57200.0,2026-09-29,2026-08-28 10:13 IST,2026-08-28 10:13 IST,1,15,868200.0,1122.0,472.75,57880.0,1122.0,472.75,0.00046,403.29,0.0,0.0,337.18,337.18,0.0,-337.18,-0.337,banked (gap < cost),sideways/calm
parity,BANKNIFTY,57300.0,2026-09-29,2026-08-28 10:13 IST,2026-08-28 10:13 IST,1,15,868200.0,1058.05,508.0,57880.0,1058.05,508.0,0.00046,399.81,0.0,0.0,335.95,335.95,0.0,-335.95,-0.336,banked (gap < cost),sideways/calm
parity,BANKNIFTY,57400.0,2026-09-29,2026-08-28 10:13 IST,2026-08-28 10:13 IST,1,15,868200.0,996.4,546.15,57880.0,996.4,546.15,0.00047,405.34,0.0,0.0,335.03,335.03,0.0,-335.03,-0.335,banked (gap < cost),sideways/calm
parity,BANKNIFTY,57500.0,2026-09-29,2026-08-28 10:13 IST,2026-08-28 10:13 IST,1,15,868200.0,933.5,582.65,57880.0,933.5,582.65,0.00047,404.86,0.0,0.0,334.05,334.05,0.0,-334.05,-0.334,banked (gap < cost),sideways/calm
parity,BANKNIFTY,57900.0,2026-09-29,2026-08-28 10:13 IST,2026-08-28 10:13 IST,1,15,868200.0,715.9,757.0,57880.0,715.9,757.0,0.00037,318.2,0.0,0.0,332.31,332.31,0.0,-332.31,-0.332,banked (gap < cost),sideways/calm
parity,BANKNIFTY,58200.0,2026-09-29,2026-08-28 10:13 IST,2026-08-28 10:13 IST,1,15,868200.0,570.35,910.8,57880.0,570.35,910.8,0.00038,334.03,0.0,0.0,332.9,332.9,0.0,-332.9,-0.333,banked (gap < cost),sideways/calm
parity,BANKNIFTY,58300.0,2026-09-29,2026-08-28 10:13 IST,2026-08-28 10:13 IST,1,15,868200.0,525.85,969.4,57880.0,525.85,969.4,0.00045,389.05,0.0,0.0,333.42,333.42,0.0,-333.42,-0.333,banked (gap < cost),sideways/calm
parity,NIFTY,23800.0,2026-09-29,2026-08-28 10:13 IST,2026-08-28 10:13 IST,1,75,1826700.0,650.0,95.05,24356.0,650.0,95.05,9e-05,158.21,0.0,0.0,670.5,670.5,0.0,-670.5,-0.67,banked (gap < cost),sideways/calm
parity,NIFTY,24000.0,2026-09-29,2026-08-28 10:13 IST,2026-08-28 10:13 IST,1,75,1826700.0,498.75,140.9,24356.0,498.75,140.9,0.00016,290.47,0.0,0.0,650.31,650.31,0.0,-650.31,-0.65,banked (gap < cost),sideways/calm
parity,NIFTY,24100.0,2026-09-29,2026-08-28 10:13 IST,2026-08-28 10:13 IST,1,75,1826700.0,428.35,169.8,24356.0,428.35,169.8,0.00016,300.35,0.0,0.0,642.42,642.42,0.0,-642.42,-0.642,banked (gap < cost),sideways/calm
parity,NIFTY,24200.0,2026-09-29,2026-08-28 10:13 IST,2026-08-28 10:13 IST,1,75,1826700.0,364.5,203.9,24356.0,364.5,203.9,0.00023,411.48,0.0,0.0,637.18,637.18,0.0,-637.18,-0.637,banked (gap < cost),sideways/calm
parity,NIFTY,24400.0,2026-09-29,2026-08-28 10:13 IST,2026-08-28 10:13 IST,1,75,1826700.0,249.4,288.8,24356.0,249.4,288.8,0.00018,326.25,0.0,0.0,631.17,631.17,0.0,-631.17,-0.631,banked (gap < cost),sideways/calm
parity,NIFTY,24500.0,2026-09-29,2026-08-28 10:13 IST,2026-08-28 10:13 IST,1,75,1826700.0,201.35,342.2,24356.0,201.35,342.2,0.0001,174.88,0.0,0.0,632.66,632.66,0.0,-632.66,-0.633,banked (gap < cost),sideways/calm
parity,BANKNIFTY,57100.0,2026-09-29,2026-08-28 10:14 IST,2026-08-28 10:14 IST,1,15,868272.0,1203.0,434.0,57884.8,1203.0,434.0,0.0002,170.12,0.0,0.0,338.28,338.28,0.0,-338.28,-0.338,banked (gap < cost),sideways/calm
parity,NIFTY,23900.0,2026-09-29,2026-08-28 10:15 IST,2026-08-28 10:15 IST,1,75,1827150.0,580.0,111.5,24362.0,580.0,111.5,0.00037,684.4,0.0,0.0,661.05,661.05,0.0,-661.05,-0.661,banked (gap < cost),sideways/calm
parity,NIFTY,24000.0,2026-09-29,2026-08-28 10:15 IST,2026-08-28 10:15 IST,1,75,1827150.0,504.2,136.8,24362.0,504.2,136.8,0.00031,559.28,0.0,0.0,651.36,651.36,0.0,-651.36,-0.651,banked (gap < cost),sideways/calm
parity,NIFTY,24100.0,2026-09-29,2026-08-28 10:15 IST,2026-08-28 10:15 IST,1,75,1827150.0,434.5,164.55,24362.0,434.5,164.55,0.00039,707.91,0.0,0.0,643.48,643.48,0.0,-643.48,-0.643,banked (gap < cost),sideways/calm
parity,NIFTY,24200.0,2026-09-29,2026-08-28 10:15 IST,2026-08-28 10:15 IST,1,75,1827150.0,369.3,199.1,24362.0,369.3,199.1,0.00037,684.04,0.0,0.0,637.49,637.49,0.0,-637.49,-0.637,banked (gap < cost),sideways/calm
parity,NIFTY,24400.0,2026-09-29,2026-08-28 10:15 IST,2026-08-28 10:15 IST,1,75,1827150.0,252.3,282.0,24362.0,252.3,282.0,0.00033,606.31,0.0,0.0,631.3,631.3,0.0,-631.3,-0.631,banked (gap < cost),sideways/calm
parity,NIFTY,24600.0,2026-09-29,2026-08-28 10:15 IST,2026-08-28 10:15 IST,1,75,1827150.0,162.3,390.9,24362.0,162.3,390.9,0.00033,603.57,0.0,0.0,635.19,635.19,0.0,-635.19,-0.635,banked (gap < cost),sideways/calm
parity,NIFTY,24700.0,2026-09-29,2026-08-28 10:15 IST,2026-08-28 10:15 IST,1,75,1827150.0,126.95,454.25,24362.0,126.95,454.25,0.00036,658.45,0.0,0.0,640.82,640.82,0.0,-640.82,-0.641,banked (gap < cost),sideways/calm
parity,NIFTY,24800.0,2026-09-29,2026-08-28 10:15 IST,2026-08-28 10:15 IST,1,75,1827150.0,96.8,525.0,24362.0,96.8,525.0,0.0003,548.33,0.0,0.0,648.27,648.27,0.0,-648.27,-0.648,banked (gap < cost),sideways/calm
parity,NIFTY,25000.0,2026-09-29,2026-08-28 10:15 IST,2026-08-28 10:15 IST,1,75,1827150.0,56.2,680.0,24362.0,56.2,680.0,0.00043,793.1,0.0,0.0,670.85,670.85,0.0,-670.85,-0.671,banked (gap < cost),sideways/calm
parity,BANKNIFTY,56500.0,2026-09-29,2026-08-28 10:16 IST,2026-08-28 10:16 IST,1,15,869280.0,1686.35,263.0,57952.0,1686.35,263.0,0.00035,305.99,0.0,0.0,349.78,349.78,0.0,-349.78,-0.35,banked (gap < cost),sideways/calm
parity,BANKNIFTY,56600.0,2026-09-29,2026-08-28 10:16 IST,2026-08-28 10:16 IST,1,15,869280.0,1600.0,285.0,57952.0,1600.0,285.0,0.00051,439.76,0.0,0.0,347.19,347.19,0.0,-347.19,-0.347,banked (gap < cost),sideways/calm
parity,BANKNIFTY,56700.0,2026-09-29,2026-08-28 10:16 IST,2026-08-28 10:16 IST,1,15,869280.0,1508.85,304.9,57952.0,1508.85,304.9,0.00071,614.03,0.0,0.0,345.61,345.61,0.0,-345.61,-0.346,banked (gap < cost),sideways/calm
parity,NIFTY,23500.0,2026-09-29,2026-08-28 10:16 IST,2026-08-28 10:16 IST,1,75,1827315.0,919.0,50.35,24364.2,919.0,50.35,0.00038,702.11,0.0,0.0,713.27,713.27,0.0,-713.27,-0.713,banked (gap < cost),sideways/calm
parity,BANKNIFTY,56900.0,2026-09-29,2026-08-28 10:17 IST,2026-08-28 10:17 IST,1,15,869400.0,1380.0,355.5,57960.0,1380.0,355.5,0.00051,442.15,0.0,0.0,342.73,342.73,0.0,-342.73,-0.343,banked (gap < cost),sideways/calm
parity,BANKNIFTY,57100.0,2026-09-29,2026-08-28 10:17 IST,2026-08-28 10:17 IST,1,15,869400.0,1245.0,411.9,57960.0,1245.0,411.9,0.00038,330.2,0.0,0.0,339.32,339.32,0.0,-339.32,-0.339,banked (gap < cost),sideways/calm
parity,BANKNIFTY,58200.0,2026-09-29,2026-08-28 10:17 IST,2026-08-28 10:17 IST,1,15,869400.0,599.65,863.3,57960.0,599.65,863.3,0.00043,375.21,0.0,0.0,332.79,332.79,0.0,-332.79,-0.333,banked (gap < cost),sideways/calm
parity,BANKNIFTY,58300.0,2026-09-29,2026-08-28 10:17 IST,2026-08-28 10:17 IST,1,15,869400.0,552.2,925.0,57960.0,552.2,925.0,0.0006,520.98,0.0,0.0,333.08,333.08,0.0,-333.08,-0.333,banked (gap < cost),sideways/calm
parity,NIFTY,23900.0,2026-09-29,2026-08-28 10:17 IST,2026-08-28 10:17 IST,1,75,1827443.0,589.0,110.8,24365.9,589.0,110.8,0.00061,1121.03,6e-05,107.93,661.82,769.75,0.0,-769.75,-0.77,banked (gap < cost),sideways/calm
parity,NIFTY,24900.0,2026-09-29,2026-08-28 10:17 IST,2026-08-28 10:17 IST,1,75,1827443.0,76.95,587.75,24365.9,76.95,587.75,0.00083,1519.85,0.0,0.0,657.93,657.93,0.0,-657.93,-0.658,banked (gap < cost),sideways/calm
parity,NIFTY,25200.0,2026-09-29,2026-08-28 10:17 IST,2026-08-28 10:17 IST,1,75,1827443.0,32.8,840.0,24365.9,32.8,840.0,0.00091,1661.99,0.0,0.0,695.29,695.29,0.0,-695.29,-0.695,banked (gap < cost),sideways/calm
parity,BANKNIFTY,56000.0,2026-09-29,2026-08-28 10:18 IST,2026-08-28 10:18 IST,1,15,868803.0,2074.85,179.45,57920.2,2074.85,179.45,0.00024,208.32,0.0,0.0,363.69,363.69,0.0,-363.69,-0.364,banked (gap < cost),sideways/calm
parity,BANKNIFTY,56500.0,2026-09-29,2026-08-28 10:18 IST,2026-08-28 10:18 IST,1,15,868803.0,1674.25,266.7,57920.2,1674.25,266.7,8e-05,68.69,0.0,0.0,351.08,351.08,0.0,-351.08,-0.351,banked (gap < cost),sideways/calm
parity,BANKNIFTY,57000.0,2026-09-29,2026-08-28 10:18 IST,2026-08-28 10:18 IST,1,15,868803.0,1299.0,389.05,57920.2,1299.0,389.05,9e-05,75.3,0.0,0.0,341.21,341.21,0.0,-341.21,-0.341,banked (gap < cost),sideways/calm
parity,BANKNIFTY,57200.0,2026-09-29,2026-08-28 10:18 IST,2026-08-28 10:18 IST,1,15,868803.0,1165.55,452.15,57920.2,1165.55,452.15,5e-05,40.6,0.0,0.0,338.22,338.22,0.0,-338.22,-0.338,banked (gap < cost),sideways/calm
parity,BANKNIFTY,57300.0,2026-09-29,2026-08-28 10:18 IST,2026-08-28 10:18 IST,1,15,868803.0,1093.3,486.55,57920.2,1093.3,486.55,0.00017,148.87,0.0,0.0,336.85,336.85,0.0,-336.85,-0.337,banked (gap < cost),sideways/calm
parity,BANKNIFTY,57400.0,2026-09-29,2026-08-28 10:18 IST,2026-08-28 10:18 IST,1,15,868803.0,1028.8,520.0,57920.2,1028.8,520.0,0.00015,126.65,0.0,0.0,335.81,335.81,0.0,-335.81,-0.336,banked (gap < cost),sideways/calm
parity,BANKNIFTY,57500.0,2026-09-29,2026-08-28 10:18 IST,2026-08-28 10:18 IST,1,15,868803.0,964.0,557.7,57920.2,964.0,557.7,0.0002,172.67,0.0,0.0,334.68,334.68,0.0,-334.68,-0.335,banked (gap < cost),sideways/calm
parity,BANKNIFTY,57600.0,2026-09-29,2026-08-28 10:18 IST,2026-08-28 10:18 IST,1,15,868803.0,910.65,597.75,57920.2,910.65,597.75,9e-05,82.2,0.0,0.0,334.03,334.03,0.0,-334.03,-0.334,banked (gap < cost),sideways/calm
parity,BANKNIFTY,57700.0,2026-09-29,2026-08-28 10:18 IST,2026-08-28 10:18 IST,1,15,868803.0,852.6,636.75,57920.2,852.6,636.75,5e-05,46.47,0.0,0.0,333.37,333.37,0.0,-333.37,-0.333,banked (gap < cost),sideways/calm
parity,BANKNIFTY,57800.0,2026-09-29,2026-08-28 10:18 IST,2026-08-28 10:18 IST,1,15,868803.0,796.95,680.55,57920.2,796.95,680.55,5e-05,46.74,0.0,0.0,332.89,332.89,0.0,-332.89,-0.333,banked (gap < cost),sideways/calm
parity,BANKNIFTY,57900.0,2026-09-29,2026-08-28 10:18 IST,2026-08-28 10:18 IST,1,15,868803.0,743.4,727.9,57920.2,743.4,727.9,8e-05,68.77,0.0,0.0,332.42,332.42,0.0,-332.42,-0.332,banked (gap < cost),sideways/calm
parity,BANKNIFTY,58000.0,2026-09-29,2026-08-28 10:18 IST,2026-08-28 10:18 IST,1,15,868803.0,691.5,775.9,57920.2,691.5,775.9,9e-05,75.79,0.0,0.0,332.38,332.38,0.0,-332.38,-0.332,banked (gap < cost),sideways/calm
parity,BANKNIFTY,58100.0,2026-09-29,2026-08-28 10:18 IST,2026-08-28 10:18 IST,1,15,868803.0,641.95,825.05,57920.2,641.95,825.05,7e-05,64.81,0.0,0.0,332.45,332.45,0.0,-332.45,-0.332,banked (gap < cost),sideways/calm
parity,BANKNIFTY,58400.0,2026-09-29,2026-08-28 10:18 IST,2026-08-28 10:18 IST,1,15,868803.0,506.25,992.85,57920.2,506.25,992.85,0.00016,142.88,0.0,0.0,333.36,333.36,0.0,-333.36,-0.333,banked (gap < cost),sideways/calm
parity,BANKNIFTY,58500.0,2026-09-29,2026-08-28 10:18 IST,2026-08-28 10:18 IST,1,15,868803.0,467.55,1047.55,57920.2,467.55,1047.55,6e-05,52.41,0.0,0.0,334.07,334.07,0.0,-334.07,-0.334,banked (gap < cost),sideways/calm
parity,BANKNIFTY,58800.0,2026-09-29,2026-08-28 10:18 IST,2026-08-28 10:18 IST,1,15,868803.0,358.95,1240.0,57920.2,358.95,1240.0,0.00011,93.73,0.0,0.0,337.38,337.38,0.0,-337.38,-0.337,banked (gap < cost),sideways/calm
parity,BANKNIFTY,59000.0,2026-09-29,2026-08-28 10:18 IST,2026-08-28 10:18 IST,1,15,868803.0,297.65,1378.4,57920.2,297.65,1378.4,0.00012,106.28,0.0,0.0,339.86,339.86,0.0,-339.86,-0.34,banked (gap < cost),sideways/calm
parity,NIFTY,23500.0,2026-09-29,2026-08-28 10:18 IST,2026-08-28 10:18 IST,1,75,1827360.0,917.1,51.5,24364.8,917.1,51.5,0.00023,428.5,0.0,0.0,714.09,714.09,0.0,-714.09,-0.714,banked (gap < cost),sideways/calm
parity,NIFTY,24000.0,2026-09-29,2026-08-28 10:18 IST,2026-08-28 10:18 IST,1,75,1827360.0,508.0,136.5,24364.8,508.0,136.5,0.00036,657.91,0.0,0.0,652.86,652.86,0.0,-652.86,-0.653,banked (gap < cost),sideways/calm
parity,NIFTY,24100.0,2026-09-29,2026-08-28 10:18 IST,2026-08-28 10:18 IST,1,75,1827360.0,437.7,165.0,24364.8,437.7,165.0,0.00039,705.3,0.0,0.0,644.4,644.4,0.0,-644.4,-0.644,banked (gap < cost),sideways/calm
parity,NIFTY,24200.0,2026-09-29,2026-08-28 10:18 IST,2026-08-28 10:18 IST,1,75,1827360.0,372.65,197.85,24364.8,372.65,197.85,0.00045,820.18,0.0,0.0,637.86,637.86,0.0,-637.86,-0.638,banked (gap < cost),sideways/calm
parity,NIFTY,24400.0,2026-09-29,2026-08-28 10:18 IST,2026-08-28 10:18 IST,1,75,1827360.0,256.25,280.0,24364.8,256.25,280.0,0.00046,843.69,0.0,0.0,631.45,631.45,0.0,-631.45,-0.631,banked (gap < cost),sideways/calm
parity,NIFTY,24500.0,2026-09-29,2026-08-28 10:18 IST,2026-08-28 10:18 IST,1,75,1827360.0,207.25,333.75,24364.8,207.25,333.75,0.00033,594.82,0.0,0.0,632.18,632.18,0.0,-632.18,-0.632,banked (gap < cost),sideways/calm
parity,NIFTY,24600.0,2026-09-29,2026-08-28 10:18 IST,2026-08-28 10:18 IST,1,75,1827360.0,165.7,391.65,24364.8,165.7,391.65,0.00032,593.45,0.0,0.0,634.32,634.32,0.0,-634.32,-0.634,banked (gap < cost),sideways/calm
parity,NIFTY,24700.0,2026-09-29,2026-08-28 10:18 IST,2026-08-28 10:18 IST,1,75,1827360.0,129.9,450.55,24364.8,129.9,450.55,0.00052,948.34,0.0,0.0,639.9,639.9,0.0,-639.9,-0.64,banked (gap < cost),sideways/calm
parity,NIFTY,24800.0,2026-09-29,2026-08-28 10:18 IST,2026-08-28 10:18 IST,1,75,1827360.0,99.6,523.6,24364.8,99.6,523.6,0.00036,654.47,0.0,0.0,646.28,646.28,0.0,-646.28,-0.646,banked (gap < cost),sideways/calm
parity,NIFTY,25000.0,2026-09-29,2026-08-28 10:18 IST,2026-08-28 10:18 IST,1,75,1827360.0,58.1,680.85,24364.8,58.1,680.85,0.00036,662.98,0.0,0.0,668.59,668.59,0.0,-668.59,-0.669,banked (gap < cost),sideways/calm
parity,NIFTY,23400.0,2026-09-29,2026-08-28 10:20 IST,2026-08-28 10:20 IST,1,75,1826993.0,1005.15,42.6,24359.9,1005.15,42.6,0.00033,607.81,0.0,0.0,724.14,724.14,0.0,-724.14,-0.724,banked (gap < cost),sideways/calm
parity,NIFTY,23900.0,2026-09-29,2026-08-28 10:20 IST,2026-08-28 10:20 IST,1,75,1826993.0,579.5,114.0,24359.9,579.5,114.0,0.00034,615.97,0.00023,431.85,661.6,1093.45,0.0,-1093.45,-1.093,banked (gap < cost),sideways/calm
parity,NIFTY,24100.0,2026-09-29,2026-08-28 10:21 IST,2026-08-28 10:21 IST,1,75,1826475.0,429.9,168.45,24353.0,429.9,168.45,0.00041,741.57,0.0,0.0,643.61,643.61,0.0,-643.61,-0.644,banked (gap < cost),sideways/calm
parity,NIFTY,24200.0,2026-09-29,2026-08-28 10:21 IST,2026-08-28 10:21 IST,1,75,1826475.0,364.6,203.0,24353.0,364.6,203.0,0.00039,710.21,0.0,0.0,637.65,637.65,0.0,-637.65,-0.638,banked (gap < cost),sideways/calm
parity,NIFTY,24400.0,2026-09-29,2026-08-28 10:21 IST,2026-08-28 10:21 IST,1,75,1826475.0,250.75,286.65,24353.0,250.75,286.65,0.00044,812.47,0.0,0.0,631.34,631.34,0.0,-631.34,-0.631,banked (gap < cost),sideways/calm
parity,NIFTY,24900.0,2026-09-29,2026-08-28 10:25 IST,2026-08-28 10:25 IST,1,75,1826573.0,73.9,604.25,24354.3,73.9,604.25,0.0005,918.62,0.0,0.0,658.31,658.31,0.0,-658.31,-0.658,banked (gap < cost),sideways/calm
parity,NIFTY,24800.0,2026-09-29,2026-08-28 10:28 IST,2026-08-28 10:28 IST,1,75,1826970.0,98.15,527.35,24359.6,98.15,527.35,0.00036,652.34,0.0,0.0,647.65,647.65,0.0,-647.65,-0.648,banked (gap < cost),sideways/calm
parity,NIFTY,25500.0,2026-09-29,2026-08-28 10:29 IST,2026-08-28 10:29 IST,1,75,1827255.0,14.65,1139.0,24363.4,14.65,1139.0,0.00024,434.32,0.0,0.0,734.26,734.26,0.0,-734.26,-0.734,banked (gap < cost),sideways/calm
parity,NIFTY,23200.0,2026-09-29,2026-08-28 10:30 IST,2026-08-28 10:30 IST,1,75,1826850.0,1190.0,29.95,24358.0,1190.0,29.95,0.00035,647.27,0.0,0.0,746.85,746.85,0.0,-746.85,-0.747,banked (gap < cost),sideways/calm
parity,NIFTY,24100.0,2026-09-29,2026-08-28 10:30 IST,2026-08-28 10:30 IST,1,75,1826850.0,430.5,168.2,24358.0,430.5,168.2,0.00024,432.46,0.0,0.0,643.93,643.93,0.0,-643.93,-0.644,banked (gap < cost),sideways/calm
parity,NIFTY,24200.0,2026-09-29,2026-08-28 10:30 IST,2026-08-28 10:30 IST,1,75,1826850.0,366.75,202.1,24358.0,366.75,202.1,0.00031,566.09,0.0,0.0,637.74,637.74,0.0,-637.74,-0.638,banked (gap < cost),sideways/calm
parity,NIFTY,24400.0,2026-09-29,2026-08-28 10:30 IST,2026-08-28 10:30 IST,1,75,1826850.0,252.25,284.4,24358.0,252.25,284.4,0.00039,720.85,0.0,0.0,631.4,631.4,0.0,-631.4,-0.631,banked (gap < cost),sideways/calm
parity,NIFTY,24500.0,2026-09-29,2026-08-28 10:30 IST,2026-08-28 10:30 IST,1,75,1826850.0,203.0,338.55,24358.0,203.0,338.55,0.00023,423.23,0.0,0.0,632.07,632.07,0.0,-632.07,-0.632,banked (gap < cost),sideways/calm
parity,NIFTY,24700.0,2026-09-29,2026-08-28 10:31 IST,2026-08-28 10:31 IST,1,75,1826250.0,125.2,462.75,24350.0,125.2,462.75,0.00043,784.59,0.0,0.0,639.72,639.72,0.0,-639.72,-0.64,banked (gap < cost),sideways/calm
parity,NIFTY,23500.0,2026-09-29,2026-08-28 10:32 IST,2026-08-28 10:32 IST,1,75,1826468.0,908.0,51.9,24352.9,908.0,51.9,0.00033,603.46,0.0,0.0,711.74,711.74,0.0,-711.74,-0.712,banked (gap < cost),sideways/calm
parity,NIFTY,24000.0,2026-09-29,2026-08-28 10:32 IST,2026-08-28 10:32 IST,1,75,1826468.0,502.0,138.95,24352.9,502.0,138.95,0.0005,911.62,0.0,0.0,651.0,651.0,0.0,-651.0,-0.651,banked (gap < cost),sideways/calm
parity,NIFTY,24100.0,2026-09-29,2026-08-28 10:32 IST,2026-08-28 10:32 IST,1,75,1826468.0,430.25,168.0,24352.9,430.25,168.0,0.00044,809.0,0.0,0.0,642.82,642.82,0.0,-642.82,-0.643,banked (gap < cost),sideways/calm
parity,NIFTY,24400.0,2026-09-29,2026-08-28 10:32 IST,2026-08-28 10:32 IST,1,75,1826468.0,250.8,284.8,24352.9,250.8,284.8,0.00053,962.4,0.0,0.0,631.14,631.14,0.0,-631.14,-0.631,banked (gap < cost),sideways/calm
parity,NIFTY,24500.0,2026-09-29,2026-08-28 10:32 IST,2026-08-28 10:32 IST,1,75,1826468.0,203.35,338.4,24352.9,203.35,338.4,0.00046,841.03,0.0,0.0,632.29,632.29,0.0,-632.29,-0.632,banked (gap < cost),sideways/calm
parity,NIFTY,24800.0,2026-09-29,2026-08-28 10:32 IST,2026-08-28 10:32 IST,1,75,1826468.0,97.35,527.65,24352.9,97.35,527.65,0.00059,1069.42,0.0,0.0,648.0,648.0,0.0,-648.0,-0.648,banked (gap < cost),sideways/calm
parity,NIFTY,25000.0,2026-09-29,2026-08-28 10:34 IST,2026-08-28 10:34 IST,1,75,1826730.0,56.2,686.55,24356.4,56.2,686.55,0.00039,719.43,5e-05,84.89,670.89,755.78,0.0,-755.78,-0.756,banked (gap < cost),sideways/calm
parity,BANKNIFTY,59500.0,2026-09-29,2026-08-28 10:35 IST,2026-08-28 10:35 IST,1,15,868215.0,170.55,1790.0,57881.0,170.55,1790.0,0.00017,144.75,0.0,0.0,350.73,350.73,0.0,-350.73,-0.351,banked (gap < cost),sideways/calm
parity,NIFTY,24000.0,2026-09-29,2026-08-28 10:36 IST,2026-08-28 10:36 IST,1,75,1826318.0,501.15,139.5,24350.9,501.15,139.5,0.00052,955.77,5e-05,92.92,651.06,743.98,0.0,-743.98,-0.744,banked (gap < cost),sideways/calm
parity,NIFTY,24100.0,2026-09-29,2026-08-28 10:36 IST,2026-08-28 10:36 IST,1,75,1826318.0,429.0,167.0,24350.9,429.0,167.0,0.00051,939.4,5e-05,92.75,642.68,735.43,0.0,-735.43,-0.735,banked (gap < cost),sideways/calm
parity,NIFTY,24200.0,2026-09-29,2026-08-28 10:36 IST,2026-08-28 10:36 IST,1,75,1826318.0,363.9,201.85,24350.9,363.9,201.85,0.00049,900.53,5e-05,92.64,636.76,729.4,0.0,-729.4,-0.729,banked (gap < cost),sideways/calm
parity,NIFTY,24600.0,2026-09-29,2026-08-28 10:36 IST,2026-08-28 10:36 IST,1,75,1826318.0,161.35,397.8,24350.9,161.35,397.8,0.00046,842.56,0.0,0.0,635.02,635.02,0.0,-635.02,-0.635,banked (gap < cost),sideways/calm
parity,NIFTY,24700.0,2026-09-29,2026-08-28 10:37 IST,2026-08-28 10:37 IST,1,75,1826775.0,126.8,455.9,24357.0,126.8,455.9,0.00049,896.32,0.00016,303.67,640.57,944.24,0.0,-944.24,-0.944,banked (gap < cost),sideways/calm
parity,NIFTY,23500.0,2026-09-29,2026-08-28 10:39 IST,2026-08-28 10:39 IST,1,75,1826625.0,914.0,51.6,24355.0,914.0,51.6,0.0005,919.39,0.0,0.0,712.26,712.26,0.0,-712.26,-0.712,banked (gap < cost),sideways/calm
parity,NIFTY,23800.0,2026-09-29,2026-08-28 10:41 IST,2026-08-28 10:41 IST,1,75,1826970.0,655.0,93.0,24359.6,655.0,93.0,0.00023,418.52,7e-05,132.45,671.84,804.29,0.0,-804.29,-0.804,banked (gap < cost),sideways/calm
parity,NIFTY,23700.0,2026-09-29,2026-08-28 10:42 IST,2026-08-28 10:42 IST,1,75,1826932.0,735.0,76.4,24359.1,735.0,76.4,0.00013,243.43,0.0,0.0,684.11,684.11,0.0,-684.11,-0.684,banked (gap < cost),sideways/calm
parity,BANKNIFTY,57100.0,2026-09-29,2026-08-28 10:44 IST,2026-08-28 10:44 IST,1,15,869010.0,1225.8,420.75,57934.0,1225.8,420.75,0.00042,363.16,0.0,0.0,338.84,338.84,0.0,-338.84,-0.339,banked (gap < cost),sideways/calm
parity,BANKNIFTY,57200.0,2026-09-29,2026-08-28 10:45 IST,2026-08-28 10:45 IST,1,15,868734.0,1159.5,452.1,57915.6,1159.5,452.1,7e-05,62.03,2e-05,15.5,337.53,353.03,0.0,-353.03,-0.353,banked (gap < cost),sideways/calm
parity,NIFTY,23600.0,2026-09-29,2026-08-28 10:45 IST,2026-08-28 10:45 IST,1,75,1825875.0,809.65,64.15,24345.0,809.65,64.15,0.00019,355.01,0.0,0.0,697.94,697.94,0.0,-697.94,-0.698,banked (gap < cost),sideways/calm
parity,NIFTY,25000.0,2026-09-29,2026-08-28 10:46 IST,2026-08-28 10:46 IST,1,75,1826002.0,54.5,699.0,24346.7,54.5,699.0,0.00021,381.63,0.0,0.0,672.15,672.15,0.0,-672.15,-0.672,banked (gap < cost),sideways/calm
parity,NIFTY,23900.0,2026-09-29,2026-08-28 10:47 IST,2026-08-28 10:47 IST,1,75,1826123.0,568.0,114.05,24348.3,568.0,114.05,0.00034,614.75,1e-05,19.81,660.35,680.16,0.0,-680.16,-0.68,banked (gap < cost),sideways/calm
parity,NIFTY,24900.0,2026-09-29,2026-08-28 10:47 IST,2026-08-28 10:47 IST,1,75,1826123.0,72.65,611.65,24348.3,72.65,611.65,0.00039,717.32,0.0,3.67,658.97,662.64,0.0,-662.64,-0.663,banked (gap < cost),sideways/calm
parity,NIFTY,24100.0,2026-09-29,2026-08-28 10:48 IST,2026-08-28 10:48 IST,1,75,1826077.0,426.25,167.45,24347.7,426.25,167.45,0.00051,938.12,0.0,0.0,642.02,642.02,0.0,-642.02,-0.642,banked (gap < cost),sideways/calm
parity,NIFTY,24400.0,2026-09-29,2026-08-28 10:49 IST,2026-08-28 10:49 IST,1,75,1826618.0,251.25,284.25,24354.9,251.25,284.25,0.00049,888.25,7e-05,131.89,630.9,762.79,0.0,-762.79,-0.763,banked (gap < cost),sideways/calm
parity,NIFTY,24500.0,2026-09-29,2026-08-28 10:49 IST,2026-08-28 10:49 IST,1,75,1826618.0,202.9,336.65,24354.9,202.9,336.65,0.00043,789.38,7e-05,131.91,631.77,763.68,0.0,-763.68,-0.764,banked (gap < cost),sideways/calm
parity,NIFTY,24800.0,2026-09-29,2026-08-28 10:49 IST,2026-08-28 10:49 IST,1,75,1826618.0,96.65,525.6,24354.9,96.65,525.6,0.00056,1021.53,7e-05,132.37,648.49,780.86,0.0,-780.86,-0.781,banked (gap < cost),sideways/calm
parity,NIFTY,24700.0,2026-09-29,2026-08-28 10:50 IST,2026-08-28 10:50 IST,1,75,1827352.0,127.6,456.05,24364.7,127.6,456.05,0.0002,370.91,0.0,0.0,640.29,640.29,0.0,-640.29,-0.64,banked (gap < cost),sideways/calm
parity,NIFTY,25000.0,2026-09-29,2026-08-28 10:50 IST,2026-08-28 10:50 IST,1,75,1827352.0,56.95,684.25,24364.7,56.95,684.25,0.00018,329.31,0.0,0.0,670.5,670.5,0.0,-670.5,-0.67,banked (gap < cost),sideways/calm
parity,NIFTY,24200.0,2026-09-29,2026-08-28 10:55 IST,2026-08-28 10:55 IST,1,75,1825732.0,357.9,205.0,24343.1,357.9,205.0,0.00044,796.02,5e-05,88.29,636.28,724.57,0.0,-724.57,-0.725,banked (gap < cost),sideways/calm
parity,NIFTY,24400.0,2026-09-29,2026-08-28 10:55 IST,2026-08-28 10:55 IST,1,75,1825732.0,245.1,291.0,24343.1,245.1,291.0,0.00044,800.78,5e-05,88.19,631.02,719.21,0.0,-719.21,-0.719,banked (gap < cost),sideways/calm
parity,NIFTY,24800.0,2026-09-29,2026-08-28 10:55 IST,2026-08-28 10:55 IST,1,75,1825732.0,95.1,538.4,24343.1,95.1,538.4,0.00045,825.3,5e-05,88.52,649.02,737.54,0.0,-737.54,-0.738,banked (gap < cost),sideways/calm
parity,NIFTY,24000.0,2026-09-29,2026-08-28 10:56 IST,2026-08-28 10:56 IST,1,75,1826055.0,498.25,139.65,24347.4,498.25,139.65,0.00054,988.03,0.0,0.0,649.93,649.93,0.0,-649.93,-0.65,banked (gap < cost),sideways/calm
parity,NIFTY,24100.0,2026-09-29,2026-08-28 10:56 IST,2026-08-28 10:56 IST,1,75,1826055.0,426.05,168.75,24347.4,426.05,168.75,0.00046,847.91,0.0,0.0,642.07,642.07,0.0,-642.07,-0.642,banked (gap < cost),sideways/calm
parity,NIFTY,24500.0,2026-09-29,2026-08-28 10:56 IST,2026-08-28 10:56 IST,1,75,1826055.0,200.0,339.3,24347.4,200.0,339.3,0.00051,932.44,0.0,0.0,631.87,631.87,0.0,-631.87,-0.632,banked (gap < cost),sideways/calm
parity,NIFTY,25000.0,2026-09-29,2026-08-28 10:56 IST,2026-08-28 10:56 IST,1,75,1826055.0,55.7,692.95,24347.4,55.7,692.95,0.00048,873.09,0.0,0.0,672.06,672.06,0.0,-672.06,-0.672,banked (gap < cost),sideways/calm
parity,NIFTY,24600.0,2026-09-29,2026-08-28 10:57 IST,2026-08-28 10:57 IST,1,75,1826625.0,158.5,400.1,24355.0,158.5,400.1,8e-05,150.59,0.0,0.0,635.11,635.11,0.0,-635.11,-0.635,banked (gap < cost),sideways/calm
parity,NIFTY,24700.0,2026-09-29,2026-08-28 10:59 IST,2026-08-28 10:59 IST,1,75,1825882.0,123.0,465.15,24345.1,123.0,465.15,0.00044,805.03,5e-05,88.37,640.8,729.17,0.0,-729.17,-0.729,banked (gap < cost),sideways/calm
parity,BANKNIFTY,56900.0,2026-09-29,2026-08-28 11:00 IST,2026-08-28 11:00 IST,1,15,868830.0,1370.0,362.3,57922.0,1370.0,362.3,0.00015,127.39,0.0,0.0,342.53,342.53,0.0,-342.53,-0.343,banked (gap < cost),sideways/calm
parity,NIFTY,24100.0,2026-09-29,2026-08-28 11:00 IST,2026-08-28 11:00 IST,1,75,1825882.0,421.45,170.75,24345.1,421.45,170.75,0.00029,524.49,0.0,0.0,641.82,641.82,0.0,-641.82,-0.642,banked (gap < cost),sideways/calm
parity,NIFTY,24200.0,2026-09-29,2026-08-28 11:00 IST,2026-08-28 11:00 IST,1,75,1825882.0,358.75,204.9,24345.1,358.75,204.9,0.00039,718.12,0.0,0.0,636.14,636.14,0.0,-636.14,-0.636,banked (gap < cost),sideways/calm
parity,NIFTY,23800.0,2026-09-29,2026-08-28 11:02 IST,2026-08-28 11:02 IST,1,75,1826212.0,649.75,93.5,24349.5,649.75,93.5,0.00041,740.44,5e-05,88.93,671.05,759.98,0.0,-759.98,-0.76,banked (gap < cost),sideways/calm
parity,NIFTY,24800.0,2026-09-29,2026-08-28 11:02 IST,2026-08-28 11:02 IST,1,75,1826212.0,95.45,531.7,24349.5,95.45,531.7,0.00048,876.75,0.00018,334.81,648.59,983.4,0.0,-983.4,-0.983,banked (gap < cost),sideways/calm
parity,NIFTY,25000.0,2026-09-29,2026-08-28 11:02 IST,2026-08-28 11:02 IST,1,75,1826212.0,55.65,691.5,24349.5,55.65,691.5,0.00045,821.52,0.0,0.0,671.81,671.81,0.0,-671.81,-0.672,banked (gap < cost),sideways/calm
parity,NIFTY,24200.0,2026-09-29,2026-08-28 11:03 IST,2026-08-28 11:03 IST,1,75,1825973.0,361.0,201.0,24346.3,361.0,201.0,0.0006,1089.79,0.00014,263.48,636.52,900.0,0.0,-900.0,-0.9,banked (gap < cost),sideways/calm
parity,NIFTY,24400.0,2026-09-29,2026-08-28 11:03 IST,2026-08-28 11:03 IST,1,75,1825973.0,246.75,287.2,24346.3,246.75,287.2,0.00053,970.8,0.00014,263.16,630.75,893.91,0.0,-893.91,-0.894,banked (gap < cost),sideways/calm
parity,NIFTY,24700.0,2026-09-29,2026-08-28 11:03 IST,2026-08-28 11:03 IST,1,75,1825973.0,124.0,462.0,24346.3,124.0,462.0,0.00056,1026.7,0.00015,278.9,640.13,919.03,0.0,-919.03,-0.919,banked (gap < cost),sideways/calm
parity,BANKNIFTY,57500.0,2026-09-29,2026-08-28 11:07 IST,2026-08-28 11:07 IST,1,15,868740.0,964.15,559.8,57916.0,964.15,559.8,0.00016,139.29,0.0,0.0,334.51,334.51,0.0,-334.51,-0.335,banked (gap < cost),sideways/calm
parity,NIFTY,24000.0,2026-09-29,2026-08-28 11:08 IST,2026-08-28 11:08 IST,1,75,1825575.0,492.9,141.65,24341.0,492.9,141.65,0.0005,914.08,0.0,0.0,649.6,649.6,0.0,-649.6,-0.65,banked (gap < cost),sideways/calm
parity,NIFTY,24100.0,2026-09-29,2026-08-28 11:08 IST,2026-08-28 11:08 IST,1,75,1825575.0,419.25,171.0,24341.0,419.25,171.0,0.00035,646.46,0.0,0.0,641.32,641.32,0.0,-641.32,-0.641,banked (gap < cost),sideways/calm
parity,NIFTY,24200.0,2026-09-29,2026-08-28 11:08 IST,2026-08-28 11:08 IST,1,75,1825575.0,356.55,205.85,24341.0,356.55,205.85,0.00043,787.59,0.0,0.0,635.76,635.76,0.0,-635.76,-0.636,banked (gap < cost),sideways/calm
parity,NIFTY,24400.0,2026-09-29,2026-08-28 11:08 IST,2026-08-28 11:08 IST,1,75,1825575.0,244.75,295.9,24341.0,244.75,295.9,0.00031,563.61,0.0,0.0,630.54,630.54,0.0,-630.54,-0.631,banked (gap < cost),sideways/calm
parity,NIFTY,24500.0,2026-09-29,2026-08-28 11:08 IST,2026-08-28 11:08 IST,1,75,1825575.0,197.0,342.45,24341.0,197.0,342.45,0.00052,948.49,0.0,0.0,631.86,631.86,0.0,-631.86,-0.632,banked (gap < cost),sideways/calm
parity,NIFTY,24700.0,2026-09-29,2026-08-28 11:08 IST,2026-08-28 11:08 IST,1,75,1825575.0,122.0,467.3,24341.0,122.0,467.3,0.00048,874.5,7e-05,136.86,640.54,777.4,0.0,-777.4,-0.777,banked (gap < cost),sideways/calm
parity,NIFTY,25000.0,2026-09-29,2026-08-28 11:09 IST,2026-08-28 11:09 IST,1,75,1825118.0,53.7,707.65,24334.9,53.7,707.65,0.0003,552.77,9e-05,171.8,672.58,844.38,0.0,-844.38,-0.844,banked (gap < cost),sideways/calm
parity,BANKNIFTY,57000.0,2026-09-29,2026-08-28 11:13 IST,2026-08-28 11:13 IST,1,15,868965.0,1295.0,390.9,57931.0,1295.0,390.9,0.00037,324.14,0.0,0.0,340.79,340.79,0.0,-340.79,-0.341,banked (gap < cost),sideways/calm
parity,BANKNIFTY,57200.0,2026-09-29,2026-08-28 11:13 IST,2026-08-28 11:13 IST,1,15,868965.0,1155.55,451.7,57931.0,1155.55,451.7,0.0004,344.94,0.0,0.0,337.97,337.97,0.0,-337.97,-0.338,banked (gap < cost),sideways/calm
parity,BANKNIFTY,57400.0,2026-09-29,2026-08-28 11:13 IST,2026-08-28 11:13 IST,1,15,868965.0,1027.65,522.0,57931.0,1027.65,522.0,0.00039,334.99,0.0,0.0,335.62,335.62,0.0,-335.62,-0.336,banked (gap < cost),sideways/calm
parity,BANKNIFTY,57500.0,2026-09-29,2026-08-28 11:13 IST,2026-08-28 11:13 IST,1,15,868965.0,959.65,558.7,57931.0,959.65,558.7,0.00048,414.01,0.0,0.0,334.43,334.43,0.0,-334.43,-0.334,banked (gap < cost),sideways/calm
parity,BANKNIFTY,57600.0,2026-09-29,2026-08-28 11:13 IST,2026-08-28 11:13 IST,1,15,868965.0,905.0,595.6,57931.0,905.0,595.6,0.00034,295.79,0.0,0.0,333.64,333.64,0.0,-333.64,-0.334,banked (gap < cost),sideways/calm
parity,BANKNIFTY,57700.0,2026-09-29,2026-08-28 11:13 IST,2026-08-28 11:13 IST,1,15,868965.0,848.6,638.4,57931.0,848.6,638.4,0.00034,292.31,0.0,0.0,333.08,333.08,0.0,-333.08,-0.333,banked (gap < cost),sideways/calm
parity,BANKNIFTY,57800.0,2026-09-29,2026-08-28 11:13 IST,2026-08-28 11:13 IST,1,15,868965.0,790.35,681.65,57931.0,790.35,681.65,0.00037,323.33,0.0,0.0,332.69,332.69,0.0,-332.69,-0.333,banked (gap < cost),sideways/calm
parity,BANKNIFTY,57900.0,2026-09-29,2026-08-28 11:13 IST,2026-08-28 11:13 IST,1,15,868965.0,736.55,726.4,57931.0,736.55,726.4,0.00036,310.11,0.0,0.0,332.3,332.3,0.0,-332.3,-0.332,banked (gap < cost),sideways/calm
parity,BANKNIFTY,58000.0,2026-09-29,2026-08-28 11:13 IST,2026-08-28 11:13 IST,1,15,868965.0,685.8,774.8,57931.0,685.8,774.8,0.00035,305.88,0.0,0.0,332.23,332.23,0.0,-332.23,-0.332,banked (gap < cost),sideways/calm
parity,BANKNIFTY,58100.0,2026-09-29,2026-08-28 11:13 IST,2026-08-28 11:13 IST,1,15,868965.0,635.85,824.25,57931.0,635.85,824.25,0.00035,305.41,0.0,0.0,332.22,332.22,0.0,-332.22,-0.332,banked (gap < cost),sideways/calm
parity,BANKNIFTY,58200.0,2026-09-29,2026-08-28 11:13 IST,2026-08-28 11:13 IST,1,15,868965.0,589.6,876.45,57931.0,589.6,876.45,0.00033,290.68,0.0,0.0,332.32,332.32,0.0,-332.32,-0.332,banked (gap < cost),sideways/calm
parity,NIFTY,24200.0,2026-09-29,2026-08-28 11:13 IST,2026-08-28 11:13 IST,1,75,1826288.0,358.1,203.6,24350.5,358.1,203.6,0.0002,364.14,0.0001,188.24,635.59,823.83,0.0,-823.83,-0.824,banked (gap < cost),sideways/calm
parity,NIFTY,24700.0,2026-09-29,2026-08-28 11:13 IST,2026-08-28 11:13 IST,1,75,1826288.0,122.35,467.5,24350.5,122.35,467.5,0.0001,177.3,0.0,0.0,641.88,641.88,0.0,-641.88,-0.642,banked (gap < cost),sideways/calm
parity,BANKNIFTY,58300.0,2026-09-29,2026-08-28 11:14 IST,2026-08-28 11:14 IST,1,15,869145.0,545.4,925.45,57943.0,545.4,925.45,0.00043,376.18,0.0,0.0,332.97,332.97,0.0,-332.97,-0.333,banked (gap < cost),sideways/calm
parity,NIFTY,24700.0,2026-09-29,2026-08-28 11:15 IST,2026-08-28 11:15 IST,1,75,1826332.0,122.8,465.1,24351.1,122.8,465.1,0.00019,346.33,0.0,0.0,640.45,640.45,0.0,-640.45,-0.64,banked (gap < cost),sideways/calm
parity,BANKNIFTY,56000.0,2026-09-29,2026-08-28 11:17 IST,2026-08-28 11:17 IST,1,15,868125.0,2050.0,189.3,57875.0,2050.0,189.3,6e-05,54.68,0.0,0.0,361.88,361.88,0.0,-361.88,-0.362,banked (gap < cost),sideways/calm
parity,BANKNIFTY,57300.0,2026-09-29,2026-08-28 11:17 IST,2026-08-28 11:17 IST,1,15,868125.0,1065.0,505.0,57875.0,1065.0,505.0,0.0002,175.99,0.0,0.0,336.04,336.04,0.0,-336.04,-0.336,banked (gap < cost),sideways/calm
parity,BANKNIFTY,58100.0,2026-09-29,2026-08-28 11:17 IST,2026-08-28 11:17 IST,1,15,868125.0,615.0,852.45,57875.0,615.0,852.45,0.00024,205.93,0.0,0.0,332.22,332.22,0.0,-332.22,-0.332,banked (gap < cost),sideways/calm
parity,BANKNIFTY,58200.0,2026-09-29,2026-08-28 11:17 IST,2026-08-28 11:17 IST,1,15,868125.0,565.8,899.2,57875.0,565.8,899.2,0.00018,153.7,0.0,0.0,332.49,332.49,0.0,-332.49,-0.332,banked (gap < cost),sideways/calm
parity,BANKNIFTY,58300.0,2026-09-29,2026-08-28 11:17 IST,2026-08-28 11:17 IST,1,15,868125.0,521.65,962.0,57875.0,521.65,962.0,0.00031,266.48,0.0,0.0,332.94,332.94,0.0,-332.94,-0.333,banked (gap < cost),sideways/calm
parity,BANKNIFTY,58800.0,2026-09-29,2026-08-28 11:20 IST,2026-08-28 11:20 IST,1,15,868068.0,340.95,1265.5,57871.2,340.95,1265.5,2e-05,15.41,0.0,0.0,337.76,337.76,0.0,-337.76,-0.338,banked (gap < cost),sideways/calm
parity,BANKNIFTY,57000.0,2026-09-29,2026-08-28 11:22 IST,2026-08-28 11:22 IST,1,15,868305.0,1251.75,410.9,57887.0,1251.75,410.9,0.00071,616.65,0.0,0.0,340.09,340.09,0.0,-340.09,-0.34,banked (gap < cost),sideways/calm
parity,BANKNIFTY,57200.0,2026-09-29,2026-08-28 11:22 IST,2026-08-28 11:22 IST,1,15,868305.0,1121.1,474.9,57887.0,1121.1,474.9,0.00064,553.44,0.0,0.0,337.51,337.51,0.0,-337.51,-0.338,banked (gap < cost),sideways/calm
parity,BANKNIFTY,57300.0,2026-09-29,2026-08-28 11:22 IST,2026-08-28 11:22 IST,1,15,868305.0,1055.85,507.9,57887.0,1055.85,507.9,0.00062,535.72,0.0,0.0,336.19,336.19,0.0,-336.19,-0.336,banked (gap < cost),sideways/calm
parity,BANKNIFTY,57400.0,2026-09-29,2026-08-28 11:22 IST,2026-08-28 11:22 IST,1,15,868305.0,995.6,546.1,57887.0,995.6,546.1,0.0006,520.99,0.0,0.0,335.21,335.21,0.0,-335.21,-0.335,banked (gap < cost),sideways/calm
parity,BANKNIFTY,57500.0,2026-09-29,2026-08-28 11:22 IST,2026-08-28 11:22 IST,1,15,868305.0,930.6,584.05,57887.0,930.6,584.05,0.00066,573.76,0.0,0.0,334.19,334.19,0.0,-334.19,-0.334,banked (gap < cost),sideways/calm
parity,BANKNIFTY,57600.0,2026-09-29,2026-08-28 11:22 IST,2026-08-28 11:22 IST,1,15,868305.0,874.4,623.6,57887.0,874.4,623.6,0.0006,518.54,0.0,0.0,333.44,333.44,0.0,-333.44,-0.333,banked (gap < cost),sideways/calm
parity,BANKNIFTY,57700.0,2026-09-29,2026-08-28 11:22 IST,2026-08-28 11:22 IST,1,15,868305.0,817.1,666.3,57887.0,817.1,666.3,0.00061,527.06,0.0,0.0,332.88,332.88,0.0,-332.88,-0.333,banked (gap < cost),sideways/calm
parity,BANKNIFTY,57800.0,2026-09-29,2026-08-28 11:22 IST,2026-08-28 11:22 IST,1,15,868305.0,762.65,710.15,57887.0,762.65,710.15,0.00059,510.08,0.0,0.0,332.57,332.57,0.0,-332.57,-0.333,banked (gap < cost),sideways/calm
parity,BANKNIFTY,57900.0,2026-09-29,2026-08-28 11:22 IST,2026-08-28 11:22 IST,1,15,868305.0,709.5,755.5,57887.0,709.5,755.5,0.00057,496.11,0.0,0.0,332.22,332.22,0.0,-332.22,-0.332,banked (gap < cost),sideways/calm
parity,BANKNIFTY,58000.0,2026-09-29,2026-08-28 11:22 IST,2026-08-28 11:22 IST,1,15,868305.0,661.25,806.8,57887.0,661.25,806.8,0.00057,497.88,0.0,0.0,332.12,332.12,0.0,-332.12,-0.332,banked (gap < cost),sideways/calm
parity,BANKNIFTY,58100.0,2026-09-29,2026-08-28 11:22 IST,2026-08-28 11:22 IST,1,15,868305.0,610.9,857.9,57887.0,610.9,857.9,0.00061,528.16,0.0,0.0,332.19,332.19,0.0,-332.19,-0.332,banked (gap < cost),sideways/calm
parity,BANKNIFTY,58500.0,2026-09-29,2026-08-28 11:22 IST,2026-08-28 11:22 IST,1,15,868305.0,441.7,1089.35,57887.0,441.7,1089.35,0.00066,572.0,0.0,0.0,334.46,334.46,0.0,-334.46,-0.334,banked (gap < cost),sideways/calm
parity,BANKNIFTY,56600.0,2026-09-29,2026-08-28 11:23 IST,2026-08-28 11:23 IST,1,15,868155.0,1534.0,304.9,57877.0,1534.0,304.9,0.0007,609.65,1e-05,7.55,347.21,354.76,0.0,-354.76,-0.355,banked (gap < cost),sideways/calm
parity,BANKNIFTY,56200.0,2026-09-29,2026-08-28 11:26 IST,2026-08-28 11:26 IST,1,15,867762.0,1850.0,228.9,57850.8,1850.0,228.9,0.00035,304.8,0.0,0.0,357.85,357.85,0.0,-357.85,-0.358,banked (gap < cost),sideways/calm
parity,BANKNIFTY,56900.0,2026-09-29,2026-08-28 11:26 IST,2026-08-28 11:26 IST,1,15,867762.0,1314.3,387.7,57850.8,1314.3,387.7,0.00032,281.97,1e-05,5.23,341.09,346.32,0.0,-346.32,-0.346,banked (gap < cost),sideways/calm
parity,BANKNIFTY,58600.0,2026-09-29,2026-08-28 11:29 IST,2026-08-28 11:29 IST,1,15,867681.0,393.4,1180.0,57845.4,393.4,1180.0,0.00063,544.3,0.0,0.0,335.68,335.68,0.0,-335.68,-0.336,banked (gap < cost),sideways/calm
parity,NIFTY,23000.0,2026-09-29,2026-08-28 11:29 IST,2026-08-28 11:29 IST,1,75,1822800.0,1325.0,24.75,24304.0,1325.0,24.75,0.00015,274.49,0.0,0.0,762.42,762.42,0.0,-762.42,-0.762,banked (gap < cost),sideways/calm
parity,BANKNIFTY,57200.0,2026-09-29,2026-08-28 11:30 IST,2026-08-28 11:30 IST,1,15,867375.0,1103.5,484.4,57825.0,1103.5,484.4,4e-05,35.23,0.00026,232.73,336.59,569.32,0.0,-569.32,-0.569,banked (gap < cost),sideways/calm
parity,BANKNIFTY,57400.0,2026-09-29,2026-08-28 11:30 IST,2026-08-28 11:30 IST,1,15,867375.0,978.45,557.5,57825.0,978.45,557.5,3e-05,24.52,0.00026,232.53,334.55,567.08,0.0,-567.08,-0.567,banked (gap < cost),sideways/calm
parity,BANKNIFTY,57500.0,2026-09-29,2026-08-28 11:30 IST,2026-08-28 11:30 IST,1,15,867375.0,916.05,595.1,57825.0,916.05,595.1,4e-05,33.05,0.00026,232.43,333.64,566.07,0.0,-566.07,-0.566,banked (gap < cost),sideways/calm
parity,BANKNIFTY,58800.0,2026-09-29,2026-08-28 11:32 IST,2026-08-28 11:32 IST,1,15,867615.0,333.5,1294.15,57841.0,333.5,1294.15,0.00012,106.49,0.0,0.0,338.22,338.22,0.0,-338.22,-0.338,banked (gap < cost),sideways/calm
parity,NIFTY,24900.0,2026-09-29,2026-08-28 11:32 IST,2026-08-28 11:32 IST,1,75,1822350.0,65.85,655.05,24298.0,65.85,655.05,0.00039,703.44,0.0,0.0,664.56,664.56,0.0,-664.56,-0.665,banked (gap < cost),sideways/calm
parity,NIFTY,25200.0,2026-09-29,2026-08-28 11:33 IST,2026-08-28 11:33 IST,1,75,1821750.0,28.2,920.0,24290.0,28.2,920.0,0.00054,977.17,0.0,0.0,705.86,705.86,0.0,-705.86,-0.706,banked (gap < cost),sideways/calm
parity,BANKNIFTY,56700.0,2026-09-29,2026-08-28 11:34 IST,2026-08-28 11:34 IST,1,15,867375.0,1430.8,348.45,57825.0,1430.8,348.45,0.00063,543.86,0.0,0.0,344.17,344.17,0.0,-344.17,-0.344,banked (gap < cost),sideways/calm
parity,BANKNIFTY,57400.0,2026-09-29,2026-08-28 11:34 IST,2026-08-28 11:34 IST,1,15,867375.0,967.25,571.25,57825.0,967.25,571.25,0.00046,398.77,6e-05,54.82,334.43,389.25,0.0,-389.25,-0.389,banked (gap < cost),sideways/calm
parity,BANKNIFTY,57700.0,2026-09-29,2026-08-28 11:34 IST,2026-08-28 11:34 IST,1,15,867375.0,794.1,695.15,57825.0,794.1,695.15,0.00044,380.1,6e-05,54.78,332.69,387.47,0.0,-387.47,-0.387,banked (gap < cost),sideways/calm
parity,BANKNIFTY,57000.0,2026-09-29,2026-08-28 11:35 IST,2026-08-28 11:35 IST,1,15,866733.0,1205.75,442.8,57782.2,1205.75,442.8,0.00026,222.07,7e-05,58.16,339.21,397.37,0.0,-397.37,-0.397,banked (gap < cost),sideways/calm
parity,BANKNIFTY,57200.0,2026-09-29,2026-08-28 11:35 IST,2026-08-28 11:35 IST,1,15,866733.0,1074.7,510.3,57782.2,1074.7,510.3,0.00025,217.36,7e-05,58.1,336.6,394.7,0.0,-394.7,-0.395,banked (gap < cost),sideways/calm
parity,NIFTY,24700.0,2026-09-29,2026-08-28 11:35 IST,2026-08-28 11:35 IST,1,75,1820625.0,104.95,517.5,24275.0,104.95,517.5,0.00041,752.62,0.0,0.0,645.07,645.07,0.0,-645.07,-0.645,banked (gap < cost),sideways/calm
parity,BANKNIFTY,59500.0,2026-09-29,2026-08-28 11:36 IST,2026-08-28 11:36 IST,1,15,866826.0,158.2,1893.95,57788.4,158.2,1893.95,0.00059,508.12,0.0,0.0,353.22,353.22,0.0,-353.22,-0.353,banked (gap < cost),sideways/calm
parity,BANKNIFTY,56000.0,2026-09-29,2026-08-28 11:37 IST,2026-08-28 11:37 IST,1,15,866850.0,1978.0,205.05,57790.0,1978.0,205.05,0.00012,103.18,0.0,0.0,358.91,358.91,0.0,-358.91,-0.359,banked (gap < cost),sideways/calm
parity,BANKNIFTY,56500.0,2026-09-29,2026-08-28 11:37 IST,2026-08-28 11:37 IST,1,15,866850.0,1576.25,301.35,57790.0,1576.25,301.35,0.00013,116.55,0.0,0.0,347.12,347.12,0.0,-347.12,-0.347,banked (gap < cost),sideways/calm
parity,BANKNIFTY,57200.0,2026-09-29,2026-08-28 11:37 IST,2026-08-28 11:37 IST,1,15,866850.0,1093.4,500.35,57790.0,1093.4,500.35,0.00011,96.04,0.0,0.0,336.24,336.24,0.0,-336.24,-0.336,banked (gap < cost),sideways/calm
parity,BANKNIFTY,57300.0,2026-09-29,2026-08-28 11:37 IST,2026-08-28 11:37 IST,1,15,866850.0,1026.9,535.0,57790.0,1026.9,535.0,8e-05,70.27,0.0,0.0,335.45,335.45,0.0,-335.45,-0.335,banked (gap < cost),sideways/calm
parity,BANKNIFTY,57600.0,2026-09-29,2026-08-28 11:37 IST,2026-08-28 11:37 IST,1,15,866850.0,846.55,654.0,57790.0,846.55,654.0,6e-05,54.44,0.0,0.0,333.05,333.05,0.0,-333.05,-0.333,banked (gap < cost),sideways/calm
parity,BANKNIFTY,57700.0,2026-09-29,2026-08-28 11:37 IST,2026-08-28 11:37 IST,1,15,866850.0,791.0,700.45,57790.0,791.0,700.45,2e-05,15.92,0.0,0.0,332.89,332.89,0.0,-332.89,-0.333,banked (gap < cost),sideways/calm
parity,BANKNIFTY,57900.0,2026-09-29,2026-08-28 11:37 IST,2026-08-28 11:37 IST,1,15,866850.0,687.75,793.15,57790.0,687.75,793.15,7e-05,59.62,0.0,0.0,332.41,332.41,0.0,-332.41,-0.332,banked (gap < cost),sideways/calm
parity,BANKNIFTY,58100.0,2026-09-29,2026-08-28 11:37 IST,2026-08-28 11:37 IST,1,15,866850.0,589.05,908.35,57790.0,589.05,908.35,0.00019,165.92,0.0,0.0,332.75,332.75,0.0,-332.75,-0.333,banked (gap < cost),sideways/calm
parity,BANKNIFTY,58200.0,2026-09-29,2026-08-28 11:37 IST,2026-08-28 11:37 IST,1,15,866850.0,548.4,964.35,57790.0,548.4,964.35,0.00014,124.2,0.0,0.0,333.02,333.02,0.0,-333.02,-0.333,banked (gap < cost),sideways/calm
parity,BANKNIFTY,58500.0,2026-09-29,2026-08-28 11:37 IST,2026-08-28 11:37 IST,1,15,866850.0,427.65,1128.3,57790.0,427.65,1128.3,9e-05,79.73,0.0,0.0,335.86,335.86,0.0,-335.86,-0.336,banked (gap < cost),sideways/calm
parity,BANKNIFTY,57100.0,2026-09-29,2026-08-28 11:38 IST,2026-08-28 11:38 IST,1,15,867270.0,1156.0,465.85,57818.0,1156.0,465.85,0.00041,356.55,0.0,0.0,337.37,337.37,0.0,-337.37,-0.337,banked (gap < cost),sideways/calm
parity,BANKNIFTY,56500.0,2026-09-29,2026-08-28 11:39 IST,2026-08-28 11:39 IST,1,15,867270.0,1591.15,297.3,57818.0,1591.15,297.3,0.00029,249.91,0.0,0.0,348.06,348.06,0.0,-348.06,-0.348,banked (gap < cost),sideways/calm
parity,BANKNIFTY,56800.0,2026-09-29,2026-08-28 11:39 IST,2026-08-28 11:39 IST,1,15,867270.0,1379.35,372.3,57818.0,1379.35,372.3,9e-05,77.48,0.0,0.0,342.47,342.47,0.0,-342.47,-0.342,banked (gap < cost),sideways/calm
parity,BANKNIFTY,57000.0,2026-09-29,2026-08-28 11:39 IST,2026-08-28 11:39 IST,1,15,867270.0,1226.9,429.4,57818.0,1226.9,429.4,0.00027,237.78,0.0,0.0,339.18,339.18,0.0,-339.18,-0.339,banked (gap < cost),sideways/calm
parity,BANKNIFTY,57200.0,2026-09-29,2026-08-28 11:39 IST,2026-08-28 11:39 IST,1,15,867270.0,1097.9,496.0,57818.0,1097.9,496.0,0.00022,188.82,0.0,0.0,336.57,336.57,0.0,-336.57,-0.337,banked (gap < cost),sideways/calm
parity,BANKNIFTY,57300.0,2026-09-29,2026-08-28 11:39 IST,2026-08-28 11:39 IST,1,15,867270.0,1032.75,531.3,57818.0,1032.75,531.3,0.00024,204.1,0.0,0.0,335.5,335.5,0.0,-335.5,-0.336,banked (gap < cost),sideways/calm
parity,BANKNIFTY,57400.0,2026-09-29,2026-08-28 11:39 IST,2026-08-28 11:39 IST,1,15,867270.0,970.25,567.5,57818.0,970.25,567.5,0.00022,193.12,0.0,0.0,334.65,334.65,0.0,-334.65,-0.335,banked (gap < cost),sideways/calm
parity,BANKNIFTY,57500.0,2026-09-29,2026-08-28 11:39 IST,2026-08-28 11:39 IST,1,15,867270.0,905.5,607.1,57818.0,905.5,607.1,0.00031,266.89,0.0,0.0,333.67,333.67,0.0,-333.67,-0.334,banked (gap < cost),sideways/calm
parity,BANKNIFTY,57600.0,2026-09-29,2026-08-28 11:39 IST,2026-08-28 11:39 IST,1,15,867270.0,853.4,647.0,57818.0,853.4,647.0,0.00018,155.42,0.0,0.0,333.16,333.16,0.0,-333.16,-0.333,banked (gap < cost),sideways/calm
parity,BANKNIFTY,57700.0,2026-09-29,2026-08-28 11:39 IST,2026-08-28 11:39 IST,1,15,867270.0,795.55,691.0,57818.0,795.55,691.0,0.00022,191.69,0.0,0.0,332.69,332.69,0.0,-332.69,-0.333,banked (gap < cost),sideways/calm
parity,BANKNIFTY,57800.0,2026-09-29,2026-08-28 11:39 IST,2026-08-28 11:39 IST,1,15,867270.0,742.95,735.5,57818.0,742.95,735.5,0.00018,156.72,0.0,0.0,332.42,332.42,0.0,-332.42,-0.332,banked (gap < cost),sideways/calm
parity,BANKNIFTY,57900.0,2026-09-29,2026-08-28 11:39 IST,2026-08-28 11:39 IST,1,15,867270.0,690.35,783.85,57818.0,690.35,783.85,0.00021,179.49,0.0,0.0,332.28,332.28,0.0,-332.28,-0.332,banked (gap < cost),sideways/calm
parity,BANKNIFTY,58000.0,2026-09-29,2026-08-28 11:39 IST,2026-08-28 11:39 IST,1,15,867270.0,642.35,833.05,57818.0,642.35,833.05,0.00017,146.01,0.0,0.0,332.43,332.43,0.0,-332.43,-0.332,banked (gap < cost),sideways/calm
parity,BANKNIFTY,58200.0,2026-09-29,2026-08-28 11:39 IST,2026-08-28 11:39 IST,1,15,867270.0,549.6,940.0,57818.0,549.6,940.0,0.00018,158.56,0.0,0.0,333.05,333.05,0.0,-333.05,-0.333,banked (gap < cost),sideways/calm
parity,BANKNIFTY,58400.0,2026-09-29,2026-08-28 11:39 IST,2026-08-28 11:39 IST,1,15,867270.0,467.5,1053.5,57818.0,467.5,1053.5,0.00013,109.61,0.0,0.0,334.31,334.31,0.0,-334.31,-0.334,banked (gap < cost),sideways/calm
parity,BANKNIFTY,58500.0,2026-09-29,2026-08-28 11:39 IST,2026-08-28 11:39 IST,1,15,867270.0,429.35,1117.0,57818.0,429.35,1117.0,0.00016,142.88,0.0,0.0,335.23,335.23,0.0,-335.23,-0.335,banked (gap < cost),sideways/calm
parity,BANKNIFTY,58700.0,2026-09-29,2026-08-28 11:39 IST,2026-08-28 11:39 IST,1,15,867270.0,361.0,1254.25,57818.0,361.0,1254.25,0.00028,243.93,0.0,0.0,337.53,337.53,0.0,-337.53,-0.338,banked (gap < cost),sideways/calm
parity,BANKNIFTY,59100.0,2026-09-29,2026-08-28 11:39 IST,2026-08-28 11:39 IST,1,15,867270.0,247.95,1536.25,57818.0,247.95,1536.25,0.00023,203.77,0.0,0.0,342.54,342.54,0.0,-342.54,-0.343,banked (gap < cost),sideways/calm
parity,BANKNIFTY,57100.0,2026-09-29,2026-08-28 11:44 IST,2026-08-28 11:44 IST,1,15,867288.0,1167.0,462.95,57819.2,1167.0,462.95,0.00019,165.94,0.0,0.0,338.01,338.01,0.0,-338.01,-0.338,banked (gap < cost),sideways/calm
parity,NIFTY,23300.0,2026-09-29,2026-08-28 11:44 IST,2026-08-28 11:44 IST,1,75,1821750.0,1026.0,42.05,24290.0,1026.0,42.05,2e-05,31.83,0.0,0.0,723.48,723.48,0.0,-723.48,-0.723,banked (gap < cost),sideways/calm
parity,BANKNIFTY,57200.0,2026-09-29,2026-08-28 11:46 IST,2026-08-28 11:46 IST,1,15,867015.0,1081.65,507.2,57801.0,1081.65,507.2,0.0004,347.02,0.0,0.0,336.47,336.47,0.0,-336.47,-0.336,banked (gap < cost),sideways/calm
parity,BANKNIFTY,58200.0,2026-09-29,2026-08-28 11:46 IST,2026-08-28 11:46 IST,1,15,867015.0,542.3,959.35,57801.0,542.3,959.35,0.00035,304.76,0.0,0.0,333.18,333.18,0.0,-333.18,-0.333,banked (gap < cost),sideways/calm
parity,BANKNIFTY,57000.0,2026-09-29,2026-08-28 11:48 IST,2026-08-28 11:48 IST,1,15,867183.0,1215.9,440.05,57812.2,1215.9,440.05,0.00055,476.01,0.0,0.0,338.93,338.93,0.0,-338.93,-0.339,banked (gap < cost),sideways/calm
parity,BANKNIFTY,57300.0,2026-09-29,2026-08-28 11:48 IST,2026-08-28 11:48 IST,1,15,867183.0,1020.0,543.85,57812.2,1020.0,543.85,0.00057,497.08,0.0,0.0,335.55,335.55,0.0,-335.55,-0.336,banked (gap < cost),sideways/calm
parity,BANKNIFTY,57400.0,2026-09-29,2026-08-28 11:48 IST,2026-08-28 11:48 IST,1,15,867183.0,957.75,582.8,57812.2,957.75,582.8,0.0006,523.6,0.0,0.0,334.66,334.66,0.0,-334.66,-0.335,banked (gap < cost),sideways/calm
parity,BANKNIFTY,57500.0,2026-09-29,2026-08-28 11:48 IST,2026-08-28 11:48 IST,1,15,867183.0,896.8,621.6,57812.2,896.8,621.6,0.00061,528.38,0.0,0.0,333.69,333.69,0.0,-333.69,-0.334,banked (gap < cost),sideways/calm
parity,BANKNIFTY,57600.0,2026-09-29,2026-08-28 11:48 IST,2026-08-28 11:48 IST,1,15,867183.0,844.0,665.4,57812.2,844.0,665.4,0.00056,485.9,0.0,0.0,333.2,333.2,0.0,-333.2,-0.333,banked (gap < cost),sideways/calm
parity,BANKNIFTY,57700.0,2026-09-29,2026-08-28 11:48 IST,2026-08-28 11:48 IST,1,15,867183.0,785.9,704.5,57812.2,785.9,704.5,0.00052,452.42,0.0,0.0,332.89,332.89,0.0,-332.89,-0.333,banked (gap < cost),sideways/calm
parity,BANKNIFTY,57800.0,2026-09-29,2026-08-28 11:48 IST,2026-08-28 11:48 IST,1,15,867183.0,732.55,753.55,57812.2,732.55,753.55,0.00057,496.95,0.0,0.0,332.67,332.67,0.0,-332.67,-0.333,banked (gap < cost),sideways/calm
parity,BANKNIFTY,57900.0,2026-09-29,2026-08-28 11:48 IST,2026-08-28 11:48 IST,1,15,867183.0,681.95,802.45,57812.2,681.95,802.45,0.00057,497.97,0.0,0.0,332.67,332.67,0.0,-332.67,-0.333,banked (gap < cost),sideways/calm
parity,BANKNIFTY,58100.0,2026-09-29,2026-08-28 11:48 IST,2026-08-28 11:48 IST,1,15,867183.0,587.7,906.8,57812.2,587.7,906.8,0.00057,494.02,0.0,0.0,333.04,333.04,0.0,-333.04,-0.333,banked (gap < cost),sideways/calm
parity,BANKNIFTY,58200.0,2026-09-29,2026-08-28 11:48 IST,2026-08-28 11:48 IST,1,15,867183.0,542.75,963.7,57812.2,542.75,963.7,0.00061,530.29,0.0,0.0,333.41,333.41,0.0,-333.41,-0.333,banked (gap < cost),sideways/calm
parity,BANKNIFTY,58300.0,2026-09-29,2026-08-28 11:48 IST,2026-08-28 11:48 IST,1,15,867183.0,501.55,1019.95,57812.2,501.55,1019.95,0.00058,500.57,0.0,0.0,334.18,334.18,0.0,-334.18,-0.334,banked (gap < cost),sideways/calm
parity,BANKNIFTY,58400.0,2026-09-29,2026-08-28 11:48 IST,2026-08-28 11:48 IST,1,15,867183.0,461.55,1076.7,57812.2,461.55,1076.7,0.00053,460.34,0.0,0.0,334.99,334.99,0.0,-334.99,-0.335,banked (gap < cost),sideways/calm
parity,BANKNIFTY,58500.0,2026-09-29,2026-08-28 11:48 IST,2026-08-28 11:48 IST,1,15,867183.0,423.3,1140.0,57812.2,423.3,1140.0,0.00057,492.11,0.0,0.0,335.89,335.89,0.0,-335.89,-0.336,banked (gap < cost),sideways/calm
parity,BANKNIFTY,57200.0,2026-09-29,2026-08-28 11:49 IST,2026-08-28 11:49 IST,1,15,866985.0,1086.1,505.0,57799.0,1086.1,505.0,0.00025,217.44,0.0,0.0,336.31,336.31,0.0,-336.31,-0.336,banked (gap < cost),sideways/calm
parity,BANKNIFTY,58100.0,2026-09-29,2026-08-28 11:51 IST,2026-08-28 11:51 IST,1,15,866850.0,583.05,913.45,57790.0,583.05,913.45,0.00038,332.42,0.00013,111.23,332.72,443.95,0.0,-443.95,-0.444,banked (gap < cost),sideways/calm
parity,BANKNIFTY,58200.0,2026-09-29,2026-08-28 11:51 IST,2026-08-28 11:51 IST,1,15,866850.0,539.55,965.55,57790.0,539.55,965.55,0.00032,274.95,0.00013,111.27,333.36,444.63,0.0,-444.63,-0.445,banked (gap < cost),sideways/calm
parity,BANKNIFTY,58300.0,2026-09-29,2026-08-28 11:51 IST,2026-08-28 11:51 IST,1,15,866850.0,498.15,1025.0,57790.0,498.15,1025.0,0.00034,296.22,0.00013,111.3,334.13,445.43,0.0,-445.43,-0.445,banked (gap < cost),sideways/calm
parity,NIFTY,24000.0,2026-09-29,2026-08-28 11:51 IST,2026-08-28 11:51 IST,1,75,1821157.0,451.3,164.5,24282.1,451.3,164.5,0.00026,472.75,4e-05,78.53,644.79,723.32,0.0,-723.32,-0.723,banked (gap < cost),sideways/calm
parity,NIFTY,24100.0,2026-09-29,2026-08-28 11:51 IST,2026-08-28 11:51 IST,1,75,1821157.0,383.75,197.55,24282.1,383.75,197.55,0.00021,385.14,4e-05,78.42,638.45,716.87,0.0,-716.87,-0.717,banked (gap < cost),sideways/calm
parity,NIFTY,24200.0,2026-09-29,2026-08-28 11:51 IST,2026-08-28 11:51 IST,1,75,1821157.0,322.95,236.2,24282.1,322.95,236.2,0.00021,383.77,4e-05,78.34,633.72,712.06,0.0,-712.06,-0.712,banked (gap < cost),sideways/calm
parity,NIFTY,24500.0,2026-09-29,2026-08-28 11:51 IST,2026-08-28 11:51 IST,1,75,1821157.0,175.1,386.9,24282.1,175.1,386.9,0.0002,364.67,4e-05,78.36,634.49,712.85,0.0,-712.85,-0.713,banked (gap < cost),sideways/calm
parity,NIFTY,24700.0,2026-09-29,2026-08-28 11:51 IST,2026-08-28 11:51 IST,1,75,1821157.0,108.0,519.45,24282.1,108.0,519.45,0.00017,305.68,0.0,0.0,646.49,646.49,0.0,-646.49,-0.646,banked (gap < cost),sideways/calm
parity,BANKNIFTY,56900.0,2026-09-29,2026-08-28 11:52 IST,2026-08-28 11:52 IST,1,15,866850.0,1276.4,410.15,57790.0,1276.4,410.15,0.00032,280.39,0.0,0.0,340.76,340.76,0.0,-340.76,-0.341,banked (gap < cost),sideways/calm
parity,BANKNIFTY,59000.0,2026-09-29,2026-08-28 11:53 IST,2026-08-28 11:53 IST,1,15,866814.0,266.45,1495.0,57787.6,266.45,1495.0,0.0004,345.61,0.0001,85.18,342.87,428.05,0.0,-428.05,-0.428,banked (gap < cost),sideways/calm
parity,NIFTY,24600.0,2026-09-29,2026-08-28 11:53 IST,2026-08-28 11:53 IST,1,75,1820985.0,137.3,449.4,24279.8,137.3,449.4,0.00026,470.98,4e-05,78.43,638.9,717.33,0.0,-717.33,-0.717,banked (gap < cost),sideways/calm
parity,BANKNIFTY,56800.0,2026-09-29,2026-08-28 11:54 IST,2026-08-28 11:54 IST,1,15,866880.0,1347.85,387.6,57792.0,1347.85,387.6,0.00045,391.7,0.0,0.0,341.95,341.95,0.0,-341.95,-0.342,banked (gap < cost),sideways/calm
parity,BANKNIFTY,57000.0,2026-09-29,2026-08-28 11:54 IST,2026-08-28 11:54 IST,1,15,866880.0,1207.3,449.0,57792.0,1207.3,449.0,0.00051,437.99,2e-05,20.29,338.83,359.12,0.0,-359.12,-0.359,banked (gap < cost),sideways/calm
parity,BANKNIFTY,57200.0,2026-09-29,2026-08-28 11:54 IST,2026-08-28 11:54 IST,1,15,866880.0,1072.1,516.45,57792.0,1072.1,516.45,0.00057,494.79,2e-05,20.27,336.34,356.61,0.0,-356.61,-0.357,banked (gap < cost),sideways/calm
parity,BANKNIFTY,57300.0,2026-09-29,2026-08-28 11:54 IST,2026-08-28 11:54 IST,1,15,866880.0,1011.55,551.7,57792.0,1011.55,551.7,0.00051,440.31,2e-05,20.26,335.45,355.71,0.0,-355.71,-0.356,banked (gap < cost),sideways/calm
parity,BANKNIFTY,57400.0,2026-09-29,2026-08-28 11:54 IST,2026-08-28 11:54 IST,1,15,866880.0,949.05,592.25,57792.0,949.05,592.25,0.00057,494.59,2e-05,20.26,334.66,354.92,0.0,-354.92,-0.355,banked (gap < cost),sideways/calm
parity,BANKNIFTY,57500.0,2026-09-29,2026-08-28 11:54 IST,2026-08-28 11:54 IST,1,15,866880.0,887.6,632.15,57792.0,887.6,632.15,0.0006,523.36,2e-05,20.25,333.95,354.2,0.0,-354.2,-0.354,banked (gap < cost),sideways/calm
parity,BANKNIFTY,57600.0,2026-09-29,2026-08-28 11:54 IST,2026-08-28 11:54 IST,1,15,866880.0,832.2,672.95,57792.0,832.2,672.95,0.00055,474.88,2e-05,20.24,333.29,353.53,0.0,-353.53,-0.354,banked (gap < cost),sideways/calm
parity,BANKNIFTY,57700.0,2026-09-29,2026-08-28 11:54 IST,2026-08-28 11:54 IST,1,15,866880.0,777.7,719.0,57792.0,777.7,719.0,0.00057,491.66,2e-05,20.24,332.98,353.22,0.0,-353.22,-0.353,banked (gap < cost),sideways/calm
parity,BANKNIFTY,57800.0,2026-09-29,2026-08-28 11:54 IST,2026-08-28 11:54 IST,1,15,866880.0,725.2,765.65,57792.0,725.2,765.65,0.00056,487.43,2e-05,20.24,332.86,353.1,0.0,-353.1,-0.353,banked (gap < cost),sideways/calm
parity,BANKNIFTY,57900.0,2026-09-29,2026-08-28 11:54 IST,2026-08-28 11:54 IST,1,15,866880.0,675.3,815.15,57792.0,675.3,815.15,0.00056,486.96,2e-05,20.24,332.79,353.03,0.0,-353.03,-0.353,banked (gap < cost),sideways/calm
parity,BANKNIFTY,58200.0,2026-09-29,2026-08-28 11:54 IST,2026-08-28 11:54 IST,1,15,866880.0,537.2,968.0,57792.0,537.2,968.0,0.00043,376.78,2e-05,20.25,333.58,353.83,0.0,-353.83,-0.354,banked (gap < cost),sideways/calm
parity,BANKNIFTY,58300.0,2026-09-29,2026-08-28 11:54 IST,2026-08-28 11:54 IST,1,15,866880.0,496.3,1030.1,57792.0,496.3,1030.1,0.0005,430.3,2e-05,20.25,334.24,354.49,0.0,-354.49,-0.354,banked (gap < cost),sideways/calm
parity,BANKNIFTY,58500.0,2026-09-29,2026-08-28 11:54 IST,2026-08-28 11:54 IST,1,15,866880.0,421.45,1151.35,57792.0,421.45,1151.35,0.00045,388.85,0.0,0.0,336.0,336.0,0.0,-336.0,-0.336,banked (gap < cost),sideways/calm
parity,NIFTY,24000.0,2026-09-29,2026-08-28 11:55 IST,2026-08-28 11:55 IST,1,75,1820100.0,447.2,168.2,24268.0,447.2,168.2,0.00052,939.22,1e-05,27.86,644.27,672.13,0.0,-672.13,-0.672,banked (gap < cost),sideways/calm
parity,NIFTY,24400.0,2026-09-29,2026-08-28 11:55 IST,2026-08-28 11:55 IST,1,75,1820100.0,214.5,335.95,24268.0,214.5,335.95,0.0004,734.99,1e-05,27.79,632.18,659.97,0.0,-659.97,-0.66,banked (gap < cost),sideways/calm
parity,NIFTY,24500.0,2026-09-29,2026-08-28 11:55 IST,2026-08-28 11:55 IST,1,75,1820100.0,173.2,392.25,24268.0,173.2,392.25,0.00048,872.38,1e-05,27.81,635.02,662.83,0.0,-662.83,-0.663,banked (gap < cost),sideways/calm
parity,NIFTY,24800.0,2026-09-29,2026-08-28 11:55 IST,2026-08-28 11:55 IST,1,75,1820100.0,81.7,598.45,24268.0,81.7,598.45,0.0005,917.02,1e-05,27.94,657.29,685.23,0.0,-685.23,-0.685,banked (gap < cost),sideways/calm
parity,NIFTY,25000.0,2026-09-29,2026-08-28 11:55 IST,2026-08-28 11:55 IST,1,75,1820100.0,48.0,763.95,24268.0,48.0,763.95,0.00049,891.78,1e-05,28.09,682.39,710.48,0.0,-710.48,-0.71,banked (gap < cost),sideways/calm
parity,BANKNIFTY,56500.0,2026-09-29,2026-08-28 11:56 IST,2026-08-28 11:56 IST,1,15,866175.0,1534.2,327.1,57745.0,1534.2,327.1,0.00053,462.38,0.0,0.0,347.9,347.9,0.0,-347.9,-0.348,banked (gap < cost),sideways/calm
parity,BANKNIFTY,59500.0,2026-09-29,2026-08-28 11:56 IST,2026-08-28 11:56 IST,1,15,866175.0,153.8,1918.2,57745.0,153.8,1918.2,0.00034,290.59,0.0,0.0,353.63,353.63,0.0,-353.63,-0.354,banked (gap < cost),sideways/calm
parity,NIFTY,25200.0,2026-09-29,2026-08-28 11:56 IST,2026-08-28 11:56 IST,1,75,1819162.0,26.55,949.35,24255.5,26.55,949.35,0.00067,1224.97,3e-05,60.37,709.88,770.25,0.0,-770.25,-0.77,banked (gap < cost),sideways/calm
parity,BANKNIFTY,56000.0,2026-09-29,2026-08-28 11:57 IST,2026-08-28 11:57 IST,1,15,865950.0,1920.0,225.0,57730.0,1920.0,225.0,0.00044,377.54,8e-05,68.99,357.94,426.93,0.0,-426.93,-0.427,banked (gap < cost),sideways/calm
parity,BANKNIFTY,56800.0,2026-09-29,2026-08-28 11:57 IST,2026-08-28 11:57 IST,1,15,865950.0,1312.0,410.45,57730.0,1312.0,410.45,0.0004,347.48,0.00019,169.12,341.29,510.41,0.0,-510.41,-0.51,banked (gap < cost),sideways/calm
parity,BANKNIFTY,57000.0,2026-09-29,2026-08-28 11:57 IST,2026-08-28 11:57 IST,1,15,865950.0,1168.2,470.5,57730.0,1168.2,470.5,0.00049,422.28,8e-05,68.41,338.34,406.75,0.0,-406.75,-0.407,banked (gap < cost),sideways/calm
parity,BANKNIFTY,57100.0,2026-09-29,2026-08-28 11:57 IST,2026-08-28 11:57 IST,1,15,865950.0,1098.3,504.55,57730.0,1098.3,504.55,0.00057,490.05,8e-05,68.37,337.21,405.58,0.0,-405.58,-0.406,banked (gap < cost),sideways/calm
parity,BANKNIFTY,57200.0,2026-09-29,2026-08-28 11:57 IST,2026-08-28 11:57 IST,1,15,865950.0,1037.85,541.8,57730.0,1037.85,541.8,0.00054,464.07,8e-05,68.34,336.02,404.36,0.0,-404.36,-0.404,banked (gap < cost),sideways/calm
parity,BANKNIFTY,57300.0,2026-09-29,2026-08-28 11:57 IST,2026-08-28 11:57 IST,1,15,865950.0,975.95,576.5,57730.0,975.95,576.5,0.00049,421.6,8e-05,68.31,335.02,403.33,0.0,-403.33,-0.403,banked (gap < cost),sideways/calm
parity,BANKNIFTY,57400.0,2026-09-29,2026-08-28 11:57 IST,2026-08-28 11:57 IST,1,15,865950.0,918.95,616.3,57730.0,918.95,616.3,0.00044,382.12,8e-05,68.28,334.23,402.51,0.0,-402.51,-0.403,banked (gap < cost),sideways/calm
parity,BANKNIFTY,57500.0,2026-09-29,2026-08-28 11:57 IST,2026-08-28 11:57 IST,1,15,865950.0,858.45,657.9,57730.0,858.45,657.9,0.00049,422.15,8e-05,68.26,333.47,401.73,0.0,-401.73,-0.402,banked (gap < cost),sideways/calm
parity,BANKNIFTY,57600.0,2026-09-29,2026-08-28 11:57 IST,2026-08-28 11:57 IST,1,15,865950.0,802.8,701.3,57730.0,802.8,701.3,0.00048,416.42,8e-05,68.25,333.02,401.27,0.0,-401.27,-0.401,banked (gap < cost),sideways/calm
parity,BANKNIFTY,57700.0,2026-09-29,2026-08-28 11:57 IST,2026-08-28 11:57 IST,1,15,865950.0,750.55,747.75,57730.0,750.55,747.75,0.00047,405.44,8e-05,68.24,332.88,401.12,0.0,-401.12,-0.401,banked (gap < cost),sideways/calm
parity,BANKNIFTY,57800.0,2026-09-29,2026-08-28 11:57 IST,2026-08-28 11:57 IST,1,15,865950.0,698.15,797.4,57730.0,698.15,797.4,0.00051,444.72,8e-05,68.24,332.68,400.92,0.0,-400.92,-0.401,banked (gap < cost),sideways/calm
parity,BANKNIFTY,57900.0,2026-09-29,2026-08-28 11:57 IST,2026-08-28 11:57 IST,1,15,865950.0,647.95,847.4,57730.0,647.95,847.4,0.00053,456.24,8e-05,68.24,332.73,400.97,0.0,-400.97,-0.401,banked (gap < cost),sideways/calm
parity,BANKNIFTY,58000.0,2026-09-29,2026-08-28 11:57 IST,2026-08-28 11:57 IST,1,15,865950.0,603.6,899.1,57730.0,603.6,899.1,0.00047,405.51,8e-05,68.25,332.97,401.22,0.0,-401.22,-0.401,banked (gap < cost),sideways/calm
parity,BANKNIFTY,58500.0,2026-09-29,2026-08-28 11:57 IST,2026-08-28 11:57 IST,1,15,865950.0,402.1,1194.95,57730.0,402.1,1194.95,0.00047,408.38,8e-05,68.35,336.45,404.8,0.0,-404.8,-0.405,banked (gap < cost),sideways/calm
parity,BANKNIFTY,58700.0,2026-09-29,2026-08-28 11:57 IST,2026-08-28 11:57 IST,1,15,865950.0,337.35,1330.0,57730.0,337.35,1330.0,0.00049,422.43,0.0,0.0,339.05,339.05,0.0,-339.05,-0.339,banked (gap < cost),sideways/calm
parity,BANKNIFTY,59000.0,2026-09-29,2026-08-28 11:57 IST,2026-08-28 11:57 IST,1,15,865950.0,254.85,1540.0,57730.0,254.85,1540.0,0.00039,335.5,8e-05,68.58,344.05,412.63,0.0,-412.63,-0.413,banked (gap < cost),sideways/calm
parity,NIFTY,24800.0,2026-09-29,2026-08-28 11:57 IST,2026-08-28 11:57 IST,1,75,1818750.0,77.45,624.0,24250.0,77.45,624.0,1e-05,24.35,0.0,0.0,658.57,658.57,0.0,-658.57,-0.659,banked (gap < cost),sideways/calm
parity,NIFTY,25500.0,2026-09-29,2026-08-28 11:57 IST,2026-08-28 11:57 IST,1,75,1818750.0,12.8,1252.4,24250.0,12.8,1252.4,0.00014,247.27,0.0,0.0,747.17,747.17,0.0,-747.17,-0.747,banked (gap < cost),sideways/calm
parity,BANKNIFTY,58300.0,2026-09-29,2026-08-28 11:58 IST,2026-08-28 11:58 IST,1,15,865920.0,482.05,1059.4,57728.0,482.05,1059.4,0.00015,129.01,0.0,0.0,334.63,334.63,0.0,-334.63,-0.335,banked (gap < cost),sideways/calm
parity,BANKNIFTY,58900.0,2026-09-29,2026-08-28 11:58 IST,2026-08-28 11:58 IST,1,15,865920.0,284.25,1460.65,57728.0,284.25,1460.65,0.00019,165.9,0.0,0.0,342.2,342.2,0.0,-342.2,-0.342,banked (gap < cost),sideways/calm
parity,NIFTY,24900.0,2026-09-29,2026-08-28 11:58 IST,2026-08-28 11:58 IST,1,75,1818930.0,61.0,700.0,24252.4,61.0,700.0,0.0002,368.98,0.0,0.0,669.44,669.44,0.0,-669.44,-0.669,banked (gap < cost),sideways/calm
parity,BANKNIFTY,56600.0,2026-09-29,2026-08-28 12:02 IST,2026-08-28 12:02 IST,1,15,866130.0,1450.65,350.0,57742.0,1450.65,350.0,0.0006,522.91,0.0,0.0,344.9,344.9,0.0,-344.9,-0.345,banked (gap < cost),sideways/calm
parity,BANKNIFTY,56800.0,2026-09-29,2026-08-28 12:05 IST,2026-08-28 12:05 IST,1,15,866175.0,1328.0,400.65,57745.0,1328.0,400.65,0.00021,184.2,0.0,0.0,341.29,341.29,0.0,-341.29,-0.341,banked (gap < cost),sideways/calm
parity,BANKNIFTY,56900.0,2026-09-29,2026-08-28 12:05 IST,2026-08-28 12:05 IST,1,15,866175.0,1263.7,427.55,57745.0,1263.7,427.55,7e-05,60.73,0.0,0.0,339.5,339.5,0.0,-339.5,-0.34,banked (gap < cost),sideways/calm
parity,BANKNIFTY,56700.0,2026-09-29,2026-08-28 12:07 IST,2026-08-28 12:07 IST,1,15,866457.0,1389.3,369.0,57763.8,1389.3,369.0,0.00065,561.84,0.0,0.0,342.78,342.78,0.0,-342.78,-0.343,banked (gap < cost),sideways/calm
parity,BANKNIFTY,56400.0,2026-09-29,2026-08-28 12:11 IST,2026-08-28 12:11 IST,1,15,865548.0,1601.0,310.6,57703.2,1601.0,310.6,9e-05,80.91,0.0,0.0,350.19,350.19,0.0,-350.19,-0.35,banked (gap < cost),sideways/calm
parity,BANKNIFTY,56900.0,2026-09-29,2026-08-28 12:14 IST,2026-08-28 12:14 IST,1,15,865950.0,1251.9,436.5,57730.0,1251.9,436.5,0.00017,148.25,0.0,0.0,339.74,339.74,0.0,-339.74,-0.34,banked (gap < cost),sideways/calm
parity,BANKNIFTY,56600.0,2026-09-29,2026-08-28 12:15 IST,2026-08-28 12:15 IST,1,15,866250.0,1462.0,348.25,57750.0,1462.0,348.25,0.00051,445.73,0.0,0.0,344.2,344.2,0.0,-344.2,-0.344,banked (gap < cost),sideways/calm
parity,BANKNIFTY,56500.0,2026-09-29,2026-08-28 12:16 IST,2026-08-28 12:16 IST,1,15,865875.0,1533.1,327.25,57725.0,1533.1,327.25,0.00021,182.84,0.0,0.0,346.02,346.02,0.0,-346.02,-0.346,banked (gap < cost),sideways/calm
parity,BANKNIFTY,59500.0,2026-09-29,2026-08-28 12:16 IST,2026-08-28 12:16 IST,1,15,865875.0,157.0,1943.05,57725.0,157.0,1943.05,0.00037,317.05,0.0,0.0,356.45,356.45,0.0,-356.45,-0.356,banked (gap < cost),sideways/calm
parity,BANKNIFTY,57200.0,2026-09-29,2026-08-28 12:19 IST,2026-08-28 12:19 IST,1,15,865878.0,1054.6,531.7,57725.2,1054.6,531.7,1e-05,10.28,0.00021,191.09,336.04,527.13,0.0,-527.13,-0.527,banked (gap < cost),sideways/calm
parity,BANKNIFTY,57400.0,2026-09-29,2026-08-28 12:19 IST,2026-08-28 12:19 IST,1,15,865878.0,930.4,606.6,57725.2,930.4,606.6,1e-05,6.73,0.00021,190.95,334.41,525.36,0.0,-525.36,-0.525,banked (gap < cost),sideways/calm
parity,BANKNIFTY,57600.0,2026-09-29,2026-08-28 12:19 IST,2026-08-28 12:19 IST,1,15,865878.0,816.0,693.6,57725.2,816.0,693.6,4e-05,31.32,0.00021,190.86,333.28,524.14,0.0,-524.14,-0.524,banked (gap < cost),sideways/calm
parity,BANKNIFTY,57900.0,2026-09-29,2026-08-28 12:19 IST,2026-08-28 12:19 IST,1,15,865878.0,662.35,840.9,57725.2,662.35,840.9,8e-05,71.14,0.00021,190.83,332.94,523.77,0.0,-523.77,-0.524,banked (gap < cost),sideways/calm
parity,BANKNIFTY,57200.0,2026-09-29,2026-08-28 12:22 IST,2026-08-28 12:22 IST,1,15,865956.0,1035.0,543.0,57730.4,1035.0,543.0,0.00061,530.77,9e-05,79.63,335.93,415.56,0.0,-415.56,-0.416,banked (gap < cost),sideways/calm
parity,BANKNIFTY,57300.0,2026-09-29,2026-08-28 12:22 IST,2026-08-28 12:22 IST,1,15,865956.0,972.05,581.85,57730.4,972.05,581.85,0.00065,566.29,9e-05,79.6,335.03,414.63,0.0,-414.63,-0.415,banked (gap < cost),sideways/calm
parity,BANKNIFTY,57400.0,2026-09-29,2026-08-28 12:22 IST,2026-08-28 12:22 IST,1,15,865956.0,912.75,620.15,57730.4,912.75,620.15,0.00062,538.81,9e-05,79.58,334.36,413.94,0.0,-413.94,-0.414,banked (gap < cost),sideways/calm
parity,BANKNIFTY,57500.0,2026-09-29,2026-08-28 12:22 IST,2026-08-28 12:22 IST,1,15,865956.0,856.15,664.0,57730.4,856.15,664.0,0.00064,554.09,9e-05,79.55,333.71,413.26,0.0,-413.26,-0.413,banked (gap < cost),sideways/calm
parity,BANKNIFTY,57600.0,2026-09-29,2026-08-28 12:22 IST,2026-08-28 12:22 IST,1,15,865956.0,800.1,706.4,57730.4,800.1,706.4,0.00062,539.36,9e-05,79.54,333.25,412.79,0.0,-412.79,-0.413,banked (gap < cost),sideways/calm
parity,BANKNIFTY,57700.0,2026-09-29,2026-08-28 12:22 IST,2026-08-28 12:22 IST,1,15,865956.0,748.15,755.65,57730.4,748.15,755.65,0.00065,565.89,9e-05,79.53,332.96,412.49,0.0,-412.49,-0.412,banked (gap < cost),sideways/calm
parity,BANKNIFTY,57800.0,2026-09-29,2026-08-28 12:22 IST,2026-08-28 12:22 IST,1,15,865956.0,697.25,802.35,57730.4,697.25,802.35,0.00062,538.41,9e-05,79.52,332.78,412.3,0.0,-412.3,-0.412,banked (gap < cost),sideways/calm
parity,BANKNIFTY,57900.0,2026-09-29,2026-08-28 12:22 IST,2026-08-28 12:22 IST,1,15,865956.0,649.35,853.2,57730.4,649.35,853.2,0.00061,528.18,9e-05,79.52,332.72,412.24,0.0,-412.24,-0.412,banked (gap < cost),sideways/calm
parity,BANKNIFTY,58100.0,2026-09-29,2026-08-28 12:24 IST,2026-08-28 12:24 IST,1,15,865950.0,563.75,958.0,57730.0,563.75,958.0,0.00046,395.29,0.0,0.0,333.49,333.49,0.0,-333.49,-0.333,banked (gap < cost),sideways/calm
parity,BANKNIFTY,57300.0,2026-09-29,2026-08-28 12:28 IST,2026-08-28 12:28 IST,1,15,866070.0,981.2,574.45,57738.0,981.2,574.45,0.0005,431.42,0.0,0.0,335.12,335.12,0.0,-335.12,-0.335,banked (gap < cost),sideways/calm
parity,BANKNIFTY,57400.0,2026-09-29,2026-08-28 12:28 IST,2026-08-28 12:28 IST,1,15,866070.0,920.9,616.55,57738.0,920.9,616.55,0.00055,475.94,0.0,0.0,334.28,334.28,0.0,-334.28,-0.334,banked (gap < cost),sideways/calm
parity,BANKNIFTY,57500.0,2026-09-29,2026-08-28 12:28 IST,2026-08-28 12:28 IST,1,15,866070.0,860.45,657.35,57738.0,860.45,657.35,0.00058,503.21,0.0,0.0,333.48,333.48,0.0,-333.48,-0.333,banked (gap < cost),sideways/calm
parity,BANKNIFTY,57600.0,2026-09-29,2026-08-28 12:28 IST,2026-08-28 12:28 IST,1,15,866070.0,807.3,699.95,57738.0,807.3,699.95,0.00052,447.99,0.0,0.0,333.11,333.11,0.0,-333.11,-0.333,banked (gap < cost),sideways/calm
parity,BANKNIFTY,57900.0,2026-09-29,2026-08-28 12:28 IST,2026-08-28 12:28 IST,1,15,866070.0,654.2,844.3,57738.0,654.2,844.3,0.0005,435.31,0.0,0.0,332.82,332.82,0.0,-332.82,-0.333,banked (gap < cost),sideways/calm
parity,BANKNIFTY,56500.0,2026-09-29,2026-08-28 12:29 IST,2026-08-28 12:29 IST,1,15,866370.0,1530.0,319.6,57758.0,1530.0,319.6,0.0007,606.77,0.0,0.0,346.25,346.25,0.0,-346.25,-0.346,banked (gap < cost),sideways/calm
parity,BANKNIFTY,58300.0,2026-09-29,2026-08-28 12:29 IST,2026-08-28 12:29 IST,1,15,866370.0,486.15,1063.15,57758.0,486.15,1063.15,0.00066,571.2,0.0,0.0,334.6,334.6,0.0,-334.6,-0.335,banked (gap < cost),sideways/calm
parity,BANKNIFTY,57100.0,2026-09-29,2026-08-28 12:30 IST,2026-08-28 12:30 IST,1,15,866388.0,1117.45,496.35,57759.2,1117.45,496.35,0.00059,515.3,0.0,0.0,337.19,337.19,0.0,-337.19,-0.337,banked (gap < cost),sideways/calm
parity,BANKNIFTY,57200.0,2026-09-29,2026-08-28 12:31 IST,2026-08-28 12:31 IST,1,15,866436.0,1053.6,530.3,57762.4,1053.6,530.3,0.00062,538.54,0.0,0.0,336.43,336.43,0.0,-336.43,-0.336,banked (gap < cost),sideways/calm
parity,BANKNIFTY,58200.0,2026-09-29,2026-08-28 12:31 IST,2026-08-28 12:31 IST,1,15,866436.0,529.15,1001.05,57762.4,529.15,1001.05,0.00064,551.78,0.0,0.0,333.97,333.97,0.0,-333.97,-0.334,banked (gap < cost),sideways/calm
parity,BANKNIFTY,58300.0,2026-09-29,2026-08-28 12:31 IST,2026-08-28 12:31 IST,1,15,866436.0,486.7,1057.4,57762.4,486.7,1057.4,0.00063,542.3,0.0,0.0,334.55,334.55,0.0,-334.55,-0.335,banked (gap < cost),sideways/calm
parity,BANKNIFTY,59000.0,2026-09-29,2026-08-28 12:31 IST,2026-08-28 12:31 IST,1,15,866436.0,261.85,1524.1,57762.4,261.85,1524.1,0.00055,475.21,3e-05,30.18,343.76,373.94,0.0,-373.94,-0.374,banked (gap < cost),sideways/calm
parity,NIFTY,23000.0,2026-09-29,2026-08-28 12:35 IST,2026-08-28 12:35 IST,1,75,1819957.0,1285.0,26.85,24266.1,1285.0,26.85,3e-05,56.63,0.0,0.0,757.68,757.68,0.0,-757.68,-0.758,banked (gap < cost),sideways/calm
parity,BANKNIFTY,57200.0,2026-09-29,2026-08-28 12:37 IST,2026-08-28 12:37 IST,1,15,866418.0,1050.0,532.95,57761.2,1050.0,532.95,0.00071,614.4,0.00013,114.91,336.13,451.04,0.0,-451.04,-0.451,banked (gap < cost),sideways/calm
parity,BANKNIFTY,57600.0,2026-09-29,2026-08-28 12:37 IST,2026-08-28 12:37 IST,1,15,866418.0,814.95,687.95,57761.2,814.95,687.95,0.00058,499.25,0.00013,114.77,333.23,448.0,0.0,-448.0,-0.448,banked (gap < cost),sideways/calm
parity,BANKNIFTY,56700.0,2026-09-29,2026-08-28 12:50 IST,2026-08-28 12:50 IST,1,15,866403.0,1411.9,363.55,57760.2,1411.9,363.55,0.0001,87.37,0.0,0.0,343.84,343.84,0.0,-343.84,-0.344,banked (gap < cost),sideways/calm
parity,BANKNIFTY,57200.0,2026-09-29,2026-08-28 12:50 IST,2026-08-28 12:50 IST,1,15,866403.0,1057.6,525.75,57760.2,1057.6,525.75,0.00044,377.49,4e-05,33.16,336.44,369.6,0.0,-369.6,-0.37,banked (gap < cost),sideways/calm
parity,NIFTY,23200.0,2026-09-29,2026-08-28 12:51 IST,2026-08-28 12:51 IST,1,75,1820775.0,1098.75,35.7,24277.0,1098.75,35.7,0.00032,587.25,0.0,0.0,733.92,733.92,0.0,-733.92,-0.734,banked (gap < cost),sideways/calm
parity,BANKNIFTY,58400.0,2026-09-29,2026-08-28 12:52 IST,2026-08-28 12:52 IST,1,15,866691.0,450.6,1104.15,57779.4,450.6,1104.15,0.00063,547.12,2e-05,21.92,335.11,357.03,0.0,-357.03,-0.357,banked (gap < cost),sideways/calm
parity,BANKNIFTY,57900.0,2026-09-29,2026-08-28 12:54 IST,2026-08-28 12:54 IST,1,15,866352.0,660.0,830.65,57756.8,660.0,830.65,0.00049,423.97,0.00021,183.0,332.52,515.52,0.0,-515.52,-0.516,banked (gap < cost),sideways/calm
parity,BANKNIFTY,57000.0,2026-09-29,2026-08-28 12:55 IST,2026-08-28 12:55 IST,1,15,866115.0,1179.95,462.75,57741.0,1179.95,462.75,0.00034,293.84,0.0,0.0,338.41,338.41,0.0,-338.41,-0.338,banked (gap < cost),sideways/calm
parity,BANKNIFTY,57300.0,2026-09-29,2026-08-28 12:55 IST,2026-08-28 12:55 IST,1,15,866115.0,988.15,570.0,57741.0,988.15,570.0,0.00035,305.16,0.0,0.0,335.14,335.14,0.0,-335.14,-0.335,banked (gap < cost),sideways/calm
parity,BANKNIFTY,57400.0,2026-09-29,2026-08-28 12:55 IST,2026-08-28 12:55 IST,1,15,866115.0,929.05,609.6,57741.0,929.05,609.6,0.00034,294.18,0.0,0.0,334.44,334.44,0.0,-334.44,-0.334,banked (gap < cost),sideways/calm
parity,BANKNIFTY,57500.0,2026-09-29,2026-08-28 12:55 IST,2026-08-28 12:55 IST,1,15,866115.0,869.0,651.55,57741.0,869.0,651.55,0.00038,332.71,0.0,0.0,333.57,333.57,0.0,-333.57,-0.334,banked (gap < cost),sideways/calm
parity,BANKNIFTY,57700.0,2026-09-29,2026-08-28 12:55 IST,2026-08-28 12:55 IST,1,15,866115.0,761.95,738.85,57741.0,761.95,738.85,0.00031,265.0,0.0,0.0,332.86,332.86,0.0,-332.86,-0.333,banked (gap < cost),sideways/calm
parity,BANKNIFTY,57800.0,2026-09-29,2026-08-28 12:55 IST,2026-08-28 12:55 IST,1,15,866115.0,705.0,789.75,57741.0,705.0,789.75,0.00045,391.28,0.0,0.0,332.66,332.66,0.0,-332.66,-0.333,banked (gap < cost),sideways/calm
parity,BANKNIFTY,58000.0,2026-09-29,2026-08-28 12:55 IST,2026-08-28 12:55 IST,1,15,866115.0,613.2,891.0,57741.0,613.2,891.0,0.00035,304.08,0.0,0.0,332.89,332.89,0.0,-332.89,-0.333,banked (gap < cost),sideways/calm
parity,BANKNIFTY,57600.0,2026-09-29,2026-08-28 12:56 IST,2026-08-28 12:56 IST,1,15,866370.0,816.2,694.45,57758.0,816.2,694.45,0.00061,530.28,0.0,0.0,333.13,333.13,0.0,-333.13,-0.333,banked (gap < cost),sideways/calm
parity,BANKNIFTY,58500.0,2026-09-29,2026-08-28 12:56 IST,2026-08-28 12:56 IST,1,15,866370.0,411.45,1184.4,57758.0,411.45,1184.4,0.00061,527.5,0.0,0.0,336.43,336.43,0.0,-336.43,-0.336,banked (gap < cost),sideways/calm
parity,BANKNIFTY,56500.0,2026-09-29,2026-08-28 12:58 IST,2026-08-28 12:58 IST,1,15,866106.0,1525.0,328.0,57740.4,1525.0,328.0,0.00063,545.25,0.0,0.0,346.95,346.95,0.0,-346.95,-0.347,banked (gap < cost),sideways/calm
parity,BANKNIFTY,56800.0,2026-09-29,2026-08-28 12:58 IST,2026-08-28 12:58 IST,1,15,866106.0,1319.0,409.05,57740.4,1319.0,409.05,0.00043,376.57,0.0,0.0,341.75,341.75,0.0,-341.75,-0.342,banked (gap < cost),sideways/calm
parity,BANKNIFTY,57900.0,2026-09-29,2026-08-28 12:58 IST,2026-08-28 12:58 IST,1,15,866106.0,654.0,843.3,57740.4,654.0,843.3,0.00053,459.08,7e-05,62.37,332.66,395.03,0.0,-395.03,-0.395,banked (gap < cost),sideways/calm
parity,BANKNIFTY,58400.0,2026-09-29,2026-08-28 12:58 IST,2026-08-28 12:58 IST,1,15,866106.0,438.55,1127.7,57740.4,438.55,1127.7,0.00058,499.45,1e-05,7.46,335.15,342.61,0.0,-342.61,-0.343,banked (gap < cost),sideways/calm
parity,BANKNIFTY,58500.0,2026-09-29,2026-08-28 12:58 IST,2026-08-28 12:58 IST,1,15,866106.0,405.0,1191.85,57740.4,405.0,1191.85,0.00055,473.47,7e-05,62.48,336.61,399.09,0.0,-399.09,-0.399,banked (gap < cost),sideways/calm
parity,BANKNIFTY,57000.0,2026-09-29,2026-08-28 12:59 IST,2026-08-28 12:59 IST,1,15,865863.0,1169.0,470.7,57724.2,1169.0,470.7,0.00038,326.76,0.00015,136.0,338.29,474.29,0.0,-474.29,-0.474,banked (gap < cost),sideways/calm
parity,BANKNIFTY,57100.0,2026-09-29,2026-08-28 12:59 IST,2026-08-28 12:59 IST,1,15,865863.0,1100.35,506.2,57724.2,1100.35,506.2,0.00046,397.53,0.00022,199.56,337.18,536.74,0.0,-536.74,-0.537,banked (gap < cost),sideways/calm
parity,BANKNIFTY,57200.0,2026-09-29,2026-08-28 12:59 IST,2026-08-28 12:59 IST,1,15,865863.0,1038.75,541.55,57724.2,1038.75,541.55,0.00042,360.31,0.00015,135.87,336.0,471.87,0.0,-471.87,-0.472,banked (gap < cost),sideways/calm
parity,BANKNIFTY,57300.0,2026-09-29,2026-08-28 12:59 IST,2026-08-28 12:59 IST,1,15,865863.0,978.55,581.6,57724.2,978.55,581.6,0.00043,372.58,0.00015,135.81,335.06,470.87,0.0,-470.87,-0.471,banked (gap < cost),sideways/calm
parity,BANKNIFTY,57400.0,2026-09-29,2026-08-28 12:59 IST,2026-08-28 12:59 IST,1,15,865863.0,915.95,621.0,57724.2,915.95,621.0,0.00047,411.1,0.00015,135.78,334.46,470.24,0.0,-470.24,-0.47,banked (gap < cost),sideways/calm
parity,BANKNIFTY,57500.0,2026-09-29,2026-08-28 12:59 IST,2026-08-28 12:59 IST,1,15,865863.0,857.55,661.65,57724.2,857.55,661.65,0.00047,405.38,0.00015,135.73,333.73,469.46,0.0,-469.46,-0.469,banked (gap < cost),sideways/calm
parity,BANKNIFTY,57700.0,2026-09-29,2026-08-28 12:59 IST,2026-08-28 12:59 IST,1,15,865863.0,752.6,749.2,57724.2,752.6,749.2,0.00036,309.93,0.00015,135.69,333.04,468.73,0.0,-468.73,-0.469,banked (gap < cost),sideways/calm
parity,BANKNIFTY,57800.0,2026-09-29,2026-08-28 12:59 IST,2026-08-28 12:59 IST,1,15,865863.0,700.0,797.85,57724.2,700.0,797.85,0.00039,337.2,0.00015,135.67,332.69,468.36,0.0,-468.36,-0.468,banked (gap < cost),sideways/calm
parity,BANKNIFTY,58000.0,2026-09-29,2026-08-28 12:59 IST,2026-08-28 12:59 IST,1,15,865863.0,606.95,903.1,57724.2,606.95,903.1,0.00038,328.75,0.00015,135.7,333.14,468.84,0.0,-468.84,-0.469,banked (gap < cost),sideways/calm
parity,BANKNIFTY,58300.0,2026-09-29,2026-08-28 12:59 IST,2026-08-28 12:59 IST,1,15,865863.0,477.2,1072.4,57724.2,477.2,1072.4,0.00039,340.07,0.00015,135.8,334.82,470.62,0.0,-470.62,-0.471,banked (gap < cost),sideways/calm
parity,BANKNIFTY,56800.0,2026-09-29,2026-08-28 13:00 IST,2026-08-28 13:00 IST,1,15,865830.0,1300.0,413.4,57722.0,1300.0,413.4,0.00052,452.41,0.0,0.0,340.91,340.91,0.0,-340.91,-0.341,banked (gap < cost),sideways/calm
parity,BANKNIFTY,57600.0,2026-09-29,2026-08-28 13:00 IST,2026-08-28 13:00 IST,1,15,865830.0,801.25,708.9,57722.0,801.25,708.9,0.0005,434.35,0.0,0.0,333.26,333.26,0.0,-333.26,-0.333,banked (gap < cost),sideways/calm
parity,BANKNIFTY,59000.0,2026-09-29,2026-08-28 13:01 IST,2026-08-28 13:01 IST,1,15,865800.0,256.45,1539.65,57720.0,256.45,1539.65,0.00018,157.1,0.0,0.0,344.63,344.63,0.0,-344.63,-0.345,banked (gap < cost),sideways/calm
parity,BANKNIFTY,58200.0,2026-09-29,2026-08-28 13:02 IST,2026-08-28 13:02 IST,1,15,865875.0,518.4,1012.85,57725.0,518.4,1012.85,0.00038,332.24,0.0,0.0,333.96,333.96,0.0,-333.96,-0.334,banked (gap < cost),sideways/calm
parity,BANKNIFTY,56500.0,2026-09-29,2026-08-28 13:03 IST,2026-08-28 13:03 IST,1,15,865815.0,1515.9,329.4,57721.0,1515.9,329.4,0.00048,413.43,0.0,0.0,346.17,346.17,0.0,-346.17,-0.346,banked (gap < cost),sideways/calm
parity,BANKNIFTY,56600.0,2026-09-29,2026-08-28 13:08 IST,2026-08-28 13:08 IST,1,15,865725.0,1467.25,354.1,57715.0,1467.25,354.1,8e-05,67.29,0.0,0.0,344.83,344.83,0.0,-344.83,-0.345,banked (gap < cost),sideways/calm
parity,BANKNIFTY,56500.0,2026-09-29,2026-08-28 13:20 IST,2026-08-28 13:20 IST,1,15,865830.0,1510.3,330.2,57722.0,1510.3,330.2,0.00061,524.34,0.0,3.14,346.04,349.18,0.0,-349.18,-0.349,banked (gap < cost),sideways/calm
parity,BANKNIFTY,57000.0,2026-09-29,2026-08-28 13:20 IST,2026-08-28 13:20 IST,1,15,865830.0,1167.5,471.75,57722.0,1167.5,471.75,0.00038,332.21,0.0,0.0,338.22,338.22,0.0,-338.22,-0.338,banked (gap < cost),sideways/calm
parity,BANKNIFTY,57300.0,2026-09-29,2026-08-28 13:20 IST,2026-08-28 13:20 IST,1,15,865830.0,978.15,581.35,57722.0,978.15,581.35,0.0004,342.03,0.0,0.0,335.15,335.15,0.0,-335.15,-0.335,banked (gap < cost),sideways/calm
parity,BANKNIFTY,57400.0,2026-09-29,2026-08-28 13:20 IST,2026-08-28 13:20 IST,1,15,865830.0,919.0,621.65,57722.0,919.0,621.65,0.0004,342.3,0.0,0.0,334.33,334.33,0.0,-334.33,-0.334,banked (gap < cost),sideways/calm
parity,BANKNIFTY,57500.0,2026-09-29,2026-08-28 13:20 IST,2026-08-28 13:20 IST,1,15,865830.0,859.15,661.0,57722.0,859.15,661.0,0.00039,338.83,0.0,0.0,333.66,333.66,0.0,-333.66,-0.334,banked (gap < cost),sideways/calm
parity,BANKNIFTY,57600.0,2026-09-29,2026-08-28 13:20 IST,2026-08-28 13:20 IST,1,15,865830.0,808.5,706.0,57722.0,808.5,706.0,0.00033,282.1,0.0,0.0,333.25,333.25,0.0,-333.25,-0.333,banked (gap < cost),sideways/calm
parity,BANKNIFTY,57700.0,2026-09-29,2026-08-28 13:20 IST,2026-08-28 13:20 IST,1,15,865830.0,751.0,753.2,57722.0,751.0,753.2,0.00042,361.12,0.0,0.0,333.08,333.08,0.0,-333.08,-0.333,banked (gap < cost),sideways/calm
parity,BANKNIFTY,57800.0,2026-09-29,2026-08-28 13:20 IST,2026-08-28 13:20 IST,1,15,865830.0,703.0,801.55,57722.0,703.0,801.55,0.00036,314.9,0.0,0.0,332.82,332.82,0.0,-332.82,-0.333,banked (gap < cost),sideways/calm
parity,BANKNIFTY,58300.0,2026-09-29,2026-08-28 13:20 IST,2026-08-28 13:20 IST,1,15,865830.0,478.3,1075.75,57722.0,478.3,1075.75,0.00039,341.02,0.0,0.0,334.98,334.98,0.0,-334.98,-0.335,banked (gap < cost),sideways/calm
parity,BANKNIFTY,58200.0,2026-09-29,2026-08-28 13:21 IST,2026-08-28 13:21 IST,1,15,865656.0,519.75,1015.75,57710.4,519.75,1015.75,0.00016,137.71,0.0,0.0,334.19,334.19,0.0,-334.19,-0.334,banked (gap < cost),sideways/calm
parity,BANKNIFTY,56800.0,2026-09-29,2026-08-28 13:24 IST,2026-08-28 13:24 IST,1,15,865950.0,1318.05,404.8,57730.0,1318.05,404.8,0.0002,171.98,2e-05,19.14,340.93,360.07,0.0,-360.07,-0.36,banked (gap < cost),sideways/calm
parity,NIFTY,23000.0,2026-09-29,2026-08-28 13:24 IST,2026-08-28 13:24 IST,1,75,1821375.0,1295.0,26.1,24285.0,1295.0,26.1,0.00036,659.86,0.0,0.0,758.75,758.75,0.0,-758.75,-0.759,banked (gap < cost),sideways/calm
parity,BANKNIFTY,56900.0,2026-09-29,2026-08-28 13:26 IST,2026-08-28 13:26 IST,1,15,865950.0,1261.95,429.0,57730.0,1261.95,429.0,0.00013,115.0,0.0,0.0,339.15,339.15,0.0,-339.15,-0.339,banked (gap < cost),sideways/calm
parity,BANKNIFTY,57100.0,2026-09-29,2026-08-28 13:30 IST,2026-08-28 13:30 IST,1,15,865671.0,1100.05,506.0,57711.4,1100.05,506.0,0.00024,208.11,0.0,0.0,336.73,336.73,0.0,-336.73,-0.337,banked (gap < cost),sideways/calm
parity,NIFTY,25200.0,2026-09-29,2026-08-28 13:30 IST,2026-08-28 13:30 IST,1,75,1820918.0,28.05,940.0,24278.9,28.05,940.0,0.00016,293.66,9e-05,175.62,708.89,884.51,0.0,-884.51,-0.885,banked (gap < cost),sideways/calm
parity,BANKNIFTY,56500.0,2026-09-29,2026-08-28 13:33 IST,2026-08-28 13:33 IST,1,15,866265.0,1547.2,313.0,57751.0,1547.2,313.0,0.00017,145.37,0.0,0.0,346.67,346.67,0.0,-346.67,-0.347,banked (gap < cost),sideways/calm
parity,BANKNIFTY,57000.0,2026-09-29,2026-08-28 13:43 IST,2026-08-28 13:43 IST,1,15,866400.0,1203.55,445.4,57760.0,1203.55,445.4,4e-05,37.03,0.0,0.0,338.51,338.51,0.0,-338.51,-0.339,banked (gap < cost),sideways/calm
parity,BANKNIFTY,58400.0,2026-09-29,2026-08-28 13:46 IST,2026-08-28 13:46 IST,1,15,866685.0,452.65,1095.2,57779.0,452.65,1095.2,0.00043,376.18,0.0,0.0,334.98,334.98,0.0,-334.98,-0.335,banked (gap < cost),sideways/calm
parity,BANKNIFTY,56900.0,2026-09-29,2026-08-28 13:48 IST,2026-08-28 13:48 IST,1,15,866055.0,1259.65,424.8,57737.0,1259.65,424.8,5e-05,39.09,8e-05,68.55,340.06,408.61,0.0,-408.61,-0.409,banked (gap < cost),sideways/calm
parity,BANKNIFTY,57000.0,2026-09-29,2026-08-28 14:02 IST,2026-08-28 14:02 IST,1,15,866844.0,1215.3,433.05,57789.6,1215.3,433.05,5e-05,42.97,0.0,0.0,338.59,338.59,0.0,-338.59,-0.339,banked (gap < cost),sideways/calm
parity,BANKNIFTY,57200.0,2026-09-29,2026-08-28 14:02 IST,2026-08-28 14:02 IST,1,15,866844.0,1080.35,500.4,57789.6,1080.35,500.4,0.00011,94.52,0.0,0.0,336.33,336.33,0.0,-336.33,-0.336,banked (gap < cost),sideways/calm
parity,BANKNIFTY,57300.0,2026-09-29,2026-08-28 14:02 IST,2026-08-28 14:02 IST,1,15,866844.0,1018.5,533.0,57789.6,1018.5,533.0,2e-05,19.79,0.0,0.0,335.11,335.11,0.0,-335.11,-0.335,banked (gap < cost),sideways/calm
parity,BANKNIFTY,57400.0,2026-09-29,2026-08-28 14:02 IST,2026-08-28 14:02 IST,1,15,866844.0,959.0,571.0,57789.6,959.0,571.0,1e-05,9.18,0.0,0.0,334.25,334.25,0.0,-334.25,-0.334,banked (gap < cost),sideways/calm
parity,BANKNIFTY,57500.0,2026-09-29,2026-08-28 14:02 IST,2026-08-28 14:02 IST,1,15,866844.0,898.0,607.5,57789.6,898.0,607.5,4e-05,38.16,0.0,0.0,333.41,333.41,0.0,-333.41,-0.333,banked (gap < cost),sideways/calm
parity,BANKNIFTY,57600.0,2026-09-29,2026-08-28 14:02 IST,2026-08-28 14:02 IST,1,15,866844.0,842.8,649.45,57789.6,842.8,649.45,8e-05,72.39,0.0,0.0,332.83,332.83,0.0,-332.83,-0.333,banked (gap < cost),sideways/calm
parity,BANKNIFTY,57800.0,2026-09-29,2026-08-28 14:02 IST,2026-08-28 14:02 IST,1,15,866844.0,736.0,744.65,57789.6,736.0,744.65,3e-05,25.34,0.0,0.0,332.48,332.48,0.0,-332.48,-0.332,banked (gap < cost),sideways/calm
parity,BANKNIFTY,58000.0,2026-09-29,2026-08-28 14:02 IST,2026-08-28 14:02 IST,1,15,866844.0,634.95,843.35,57789.6,634.95,843.35,1e-05,12.04,0.0,0.0,332.42,332.42,0.0,-332.42,-0.332,banked (gap < cost),sideways/calm
parity,BANKNIFTY,58500.0,2026-09-29,2026-08-28 14:02 IST,2026-08-28 14:02 IST,1,15,866844.0,426.9,1133.15,57789.6,426.9,1133.15,0.0,1.67,0.0,0.0,335.81,335.81,0.0,-335.81,-0.336,banked (gap < cost),sideways/calm
parity,NIFTY,23300.0,2026-09-29,2026-08-28 14:02 IST,2026-08-28 14:02 IST,1,75,1821915.0,1033.95,41.5,24292.2,1033.95,41.5,0.00024,441.66,0.0,0.0,723.03,723.03,0.0,-723.03,-0.723,banked (gap < cost),sideways/calm
parity,BANKNIFTY,57100.0,2026-09-29,2026-08-28 14:03 IST,2026-08-28 14:03 IST,1,15,866673.0,1143.0,470.0,57778.2,1143.0,470.0,2e-05,20.18,0.0,0.0,337.43,337.43,0.0,-337.43,-0.337,banked (gap < cost),sideways/calm
parity,NIFTY,23000.0,2026-09-29,2026-08-28 14:16 IST,2026-08-28 14:16 IST,1,75,1821788.0,1296.4,25.95,24290.5,1296.4,25.95,0.00052,953.76,0.0,0.0,759.74,759.74,0.0,-759.74,-0.76,banked (gap < cost),sideways/calm
parity,BANKNIFTY,57200.0,2026-09-29,2026-08-28 14:41 IST,2026-08-28 14:41 IST,1,15,866970.0,1085.0,502.8,57798.0,1085.0,502.8,0.00021,186.03,0.0,0.0,336.22,336.22,0.0,-336.22,-0.336,banked (gap < cost),sideways/calm
parity,BANKNIFTY,57700.0,2026-09-29,2026-08-28 14:41 IST,2026-08-28 14:41 IST,1,15,866970.0,786.15,704.75,57798.0,786.15,704.75,0.00028,240.65,0.0,0.0,332.61,332.61,0.0,-332.61,-0.333,banked (gap < cost),sideways/calm
parity,BANKNIFTY,56500.0,2026-09-29,2026-08-28 14:46 IST,2026-08-28 14:46 IST,1,15,866700.0,1569.6,308.0,57780.0,1569.6,308.0,0.00019,166.9,0.0,0.0,347.72,347.72,0.0,-347.72,-0.348,banked (gap < cost),sideways/calm
parity,BANKNIFTY,58100.0,2026-09-29,2026-08-28 14:49 IST,2026-08-28 14:49 IST,1,15,867315.0,599.85,885.0,57821.0,599.85,885.0,0.00013,116.03,1e-05,10.41,332.79,343.2,0.0,-343.2,-0.343,banked (gap < cost),sideways/calm
parity,NIFTY,24600.0,2026-09-29,2026-08-28 14:51 IST,2026-08-28 14:51 IST,1,75,1823325.0,145.15,422.0,24311.0,145.15,422.0,0.00043,788.08,0.0,0.0,636.96,636.96,0.0,-636.96,-0.637,banked (gap < cost),sideways/calm
parity,NIFTY,25200.0,2026-09-29,2026-08-28 14:52 IST,2026-08-28 14:52 IST,1,75,1823993.0,29.0,905.15,24319.9,29.0,905.15,4e-05,78.86,0.0,0.0,705.52,705.52,0.0,-705.52,-0.706,banked (gap < cost),sideways/calm
parity,NIFTY,24000.0,2026-09-29,2026-08-28 15:12 IST,2026-08-28 15:12 IST,1,75,1825545.0,484.0,142.0,24340.6,484.0,142.0,0.00014,250.19,0.0,0.0,648.96,648.96,0.0,-648.96,-0.649,banked (gap < cost),sideways/calm
parity,NIFTY,24100.0,2026-09-29,2026-08-28 15:12 IST,2026-08-28 15:12 IST,1,75,1825545.0,416.25,171.25,24340.6,416.25,171.25,0.00024,432.57,0.0,0.0,641.09,641.09,0.0,-641.09,-0.641,banked (gap < cost),sideways/calm
parity,NIFTY,24200.0,2026-09-29,2026-08-28 15:12 IST,2026-08-28 15:12 IST,1,75,1825545.0,350.25,206.3,24340.6,350.25,206.3,0.00017,311.2,0.0,0.0,635.2,635.2,0.0,-635.2,-0.635,banked (gap < cost),sideways/calm
parity,NIFTY,24500.0,2026-09-29,2026-08-28 15:12 IST,2026-08-28 15:12 IST,1,75,1825545.0,192.5,348.75,24340.6,192.5,348.75,9e-05,168.35,0.0,0.0,631.46,631.46,0.0,-631.46,-0.631,banked (gap < cost),sideways/calm
parity,NIFTY,24600.0,2026-09-29,2026-08-28 15:12 IST,2026-08-28 15:12 IST,1,75,1825545.0,152.7,404.35,24340.6,152.7,404.35,0.00026,470.73,0.0,0.0,634.96,634.96,0.0,-634.96,-0.635,banked (gap < cost),sideways/calm
parity,NIFTY,24700.0,2026-09-29,2026-08-28 15:12 IST,2026-08-28 15:12 IST,1,75,1825545.0,119.05,472.5,24340.6,119.05,472.5,0.00016,293.11,0.0,8.95,641.31,650.26,0.0,-650.26,-0.65,banked (gap < cost),sideways/calm
parity,NIFTY,24800.0,2026-09-29,2026-08-28 15:12 IST,2026-08-28 15:12 IST,1,75,1825545.0,91.65,544.05,24340.6,91.65,544.05,0.00018,329.24,0.0,0.0,649.38,649.38,0.0,-649.38,-0.649,banked (gap < cost),sideways/calm
parity,NIFTY,25000.0,2026-09-29,2026-08-28 15:12 IST,2026-08-28 15:12 IST,1,75,1825545.0,53.6,701.0,24340.6,53.6,701.0,0.00034,619.0,0.0,0.0,672.83,672.83,0.0,-672.83,-0.673,banked (gap < cost),sideways/calm
parity,NIFTY,23400.0,2026-09-29,2026-08-28 15:19 IST,2026-08-28 15:19 IST,1,75,1824638.0,976.75,44.55,24328.5,976.75,44.55,0.00037,673.21,0.0,0.0,719.28,719.28,0.0,-719.28,-0.719,banked (gap < cost),sideways/calm
parity,NIFTY,24000.0,2026-09-29,2026-08-28 15:19 IST,2026-08-28 15:19 IST,1,75,1824638.0,480.7,145.0,24328.5,480.7,145.0,0.00037,680.0,0.0,0.0,647.83,647.83,0.0,-647.83,-0.648,banked (gap < cost),sideways/calm
parity,NIFTY,24400.0,2026-09-29,2026-08-28 15:19 IST,2026-08-28 15:19 IST,1,75,1824638.0,235.1,298.15,24328.5,235.1,298.15,0.00033,603.28,0.0,0.0,629.8,629.8,0.0,-629.8,-0.63,banked (gap < cost),sideways/calm
parity,NIFTY,24500.0,2026-09-29,2026-08-28 15:19 IST,2026-08-28 15:19 IST,1,75,1824638.0,189.55,353.0,24328.5,189.55,353.0,0.00029,530.66,0.0,0.0,631.85,631.85,0.0,-631.85,-0.632,banked (gap < cost),sideways/calm
parity,NIFTY,24400.0,2026-09-29,2026-08-28 15:21 IST,2026-08-28 15:21 IST,1,75,1825657.0,241.5,288.25,24342.1,241.5,288.25,0.00044,811.6,0.0,0.0,630.12,630.12,0.0,-630.12,-0.63,banked (gap < cost),sideways/calm
parity,NIFTY,25000.0,2026-09-29,2026-08-28 15:21 IST,2026-08-28 15:21 IST,1,75,1825657.0,54.4,691.05,24342.1,54.4,691.05,0.00072,1313.4,0.0,0.0,672.71,672.71,0.0,-672.71,-0.673,banked (gap < cost),sideways/calm
parity,NIFTY,23800.0,2026-09-29,2026-08-28 15:22 IST,2026-08-28 15:22 IST,1,75,1825612.0,640.6,93.25,24341.5,640.6,93.25,0.00037,669.53,0.0,0.0,669.29,669.29,0.0,-669.29,-0.669,banked (gap < cost),sideways/calm
parity,NIFTY,23900.0,2026-09-29,2026-08-28 15:22 IST,2026-08-28 15:22 IST,1,75,1825612.0,558.0,113.75,24341.5,558.0,113.75,0.00022,394.41,0.0,0.0,658.11,658.11,0.0,-658.11,-0.658,banked (gap < cost),sideways/calm
parity,NIFTY,24000.0,2026-09-29,2026-08-28 15:22 IST,2026-08-28 15:22 IST,1,75,1825612.0,489.6,138.6,24341.5,489.6,138.6,0.00047,858.04,0.0,0.0,648.67,648.67,0.0,-648.67,-0.649,banked (gap < cost),sideways/calm
parity,NIFTY,24100.0,2026-09-29,2026-08-28 15:22 IST,2026-08-28 15:22 IST,1,75,1825612.0,419.85,167.45,24341.5,419.85,167.45,0.0005,920.42,0.0,0.0,640.61,640.61,0.0,-640.61,-0.641,banked (gap < cost),sideways/calm
parity,NIFTY,24200.0,2026-09-29,2026-08-28 15:22 IST,2026-08-28 15:22 IST,1,75,1825612.0,354.45,201.6,24341.5,354.45,201.6,0.0005,911.56,0.0,0.0,634.93,634.93,0.0,-634.93,-0.635,banked (gap < cost),sideways/calm
parity,NIFTY,24500.0,2026-09-29,2026-08-28 15:22 IST,2026-08-28 15:22 IST,1,75,1825612.0,196.0,341.0,24341.5,196.0,341.0,0.00052,944.95,0.0,0.0,630.94,630.94,0.0,-630.94,-0.631,banked (gap < cost),sideways/calm
parity,NIFTY,24600.0,2026-09-29,2026-08-28 15:22 IST,2026-08-28 15:22 IST,1,75,1825612.0,154.4,400.8,24341.5,154.4,400.8,0.00044,797.33,0.0,0.0,633.75,633.75,0.0,-633.75,-0.634,banked (gap < cost),sideways/calm
parity,NIFTY,24700.0,2026-09-29,2026-08-28 15:22 IST,2026-08-28 15:22 IST,1,75,1825612.0,119.85,467.2,24341.5,119.85,467.2,0.00037,683.46,0.0,0.0,640.55,640.55,0.0,-640.55,-0.641,banked (gap < cost),sideways/calm
parity,NIFTY,24400.0,2026-09-29,2026-08-28 15:23 IST,2026-08-28 15:23 IST,1,75,1825605.0,241.9,289.25,24341.4,241.9,289.25,0.00045,818.75,6e-05,104.59,629.56,734.15,0.0,-734.15,-0.734,banked (gap < cost),sideways/calm
parity,NIFTY,24800.0,2026-09-29,2026-08-28 15:24 IST,2026-08-28 15:24 IST,1,75,1825875.0,92.95,534.2,24345.0,92.95,534.2,0.00046,837.34,0.0,0.0,647.73,647.73,0.0,-647.73,-0.648,banked (gap < cost),sideways/calm
parity,NIFTY,25000.0,2026-09-29,2026-08-28 15:27 IST,2026-08-28 15:27 IST,1,75,1825807.0,53.45,689.95,24344.1,53.45,689.95,0.00064,1175.5,0.0,0.0,671.4,671.4,0.0,-671.4,-0.671,banked (gap < cost),sideways/calm
parity,NIFTY,23000.0,2026-09-29,2026-08-28 15:28 IST,2026-08-28 15:28 IST,1,75,1826205.0,1367.1,22.7,24349.4,1367.1,22.7,0.00011,200.06,0.0,0.0,770.76,770.76,0.0,-770.76,-0.771,banked (gap < cost),sideways/calm
parity,NIFTY,23800.0,2026-09-29,2026-08-28 15:29 IST,2026-08-28 15:29 IST,1,75,1826243.0,643.35,90.6,24349.9,643.35,90.6,0.00025,448.08,0.0,0.0,670.3,670.3,0.0,-670.3,-0.67,banked (gap < cost),sideways/calm
parity,NIFTY,24000.0,2026-09-29,2026-08-28 15:29 IST,2026-08-28 15:29 IST,1,75,1826243.0,493.0,136.25,24349.9,493.0,136.25,0.00036,662.84,0.0,0.0,648.87,648.87,0.0,-648.87,-0.649,banked (gap < cost),sideways/calm
parity,NIFTY,24100.0,2026-09-29,2026-08-28 15:29 IST,2026-08-28 15:29 IST,1,75,1826243.0,423.1,163.0,24349.9,423.1,163.0,0.00048,871.47,0.0,0.0,640.57,640.57,0.0,-640.57,-0.641,banked (gap < cost),sideways/calm
parity,NIFTY,24200.0,2026-09-29,2026-08-28 15:29 IST,2026-08-28 15:29 IST,1,75,1826243.0,356.95,197.25,24349.9,356.95,197.25,0.00044,798.86,0.0,0.0,634.69,634.69,0.0,-634.69,-0.635,banked (gap < cost),sideways/calm
parity,NIFTY,24400.0,2026-09-29,2026-08-28 15:29 IST,2026-08-28 15:29 IST,1,75,1826243.0,242.1,283.2,24349.9,242.1,283.2,0.00036,653.62,0.0,0.0,629.14,629.14,0.0,-629.14,-0.629,banked (gap < cost),sideways/calm
parity,NIFTY,24500.0,2026-09-29,2026-08-28 15:29 IST,2026-08-28 15:29 IST,1,75,1826243.0,196.1,336.2,24349.9,196.1,336.2,0.00038,686.0,0.0,0.0,630.31,630.31,0.0,-630.31,-0.63,banked (gap < cost),sideways/calm
parity,NIFTY,24600.0,2026-09-29,2026-08-28 15:29 IST,2026-08-28 15:29 IST,1,75,1826243.0,155.35,398.25,24349.9,155.35,398.25,0.00024,433.38,0.0,0.0,633.69,633.69,0.0,-633.69,-0.634,banked (gap < cost),sideways/calm
parity,NIFTY,25000.0,2026-09-29,2026-08-28 15:29 IST,2026-08-28 15:29 IST,1,75,1826243.0,53.65,689.1,24349.9,53.65,689.1,0.00045,821.66,0.0,0.0,670.33,670.33,0.0,-670.33,-0.67,banked (gap < cost),sideways/calm
parity,NIFTY,25500.0,2026-09-29,2026-08-28 15:36 IST,2026-08-28 15:36 IST,1,75,1826602.0,14.05,1147.5,24354.7,14.05,1147.5,0.00022,400.7,0.0,0.0,737.17,737.17,0.0,-737.17,-0.737,banked (gap < cost),sideways/calm
