entry_time,exit_time,underlying,strike,expiry,entry_gap_frac,forward_price,call_px,put_px,cost_rupees,gross_rupees,result_rupees,result_R,exit_reason,regime
2026-07-20 10:24:00,2026-07-20 10:28:00,BANKNIFTY,56000.0,2026-09-29,0.01241,3084.75,3084.75,555.0,400.0,71.51,-328.49,-0.328,stopped (gap widened beyond the pair's own wobble band),bullish/calm
2026-07-22 09:53:00,2026-07-22 09:55:00,BANKNIFTY,56000.0,2026-09-29,0.01182,2685.15,2685.15,617.4,400.0,-15.22,-415.22,-0.415,stopped (gap widened beyond the pair's own wobble band),sideways/normal
2026-07-22 09:59:00,2026-07-22 10:27:00,BANKNIFTY,56000.0,2026-09-29,0.01132,2650.0,2650.0,617.95,400.0,-150.15,-550.15,-0.55,stopped (gap widened beyond the pair's own wobble band),sideways/normal
2026-07-22 10:53:00,2026-07-22 10:56:00,BANKNIFTY,56000.0,2026-09-29,0.01206,2626.2,2626.2,638.0,400.0,-8.11,-408.11,-0.408,stopped (gap widened beyond the pair's own wobble band),sideways/normal
2026-07-22 11:10:00,2026-07-22 11:12:00,BANKNIFTY,56000.0,2026-09-29,0.01189,2605.15,2605.15,629.85,400.0,-18.42,-418.42,-0.418,stopped (gap widened beyond the pair's own wobble band),sideways/normal
2026-07-22 12:35:00,2026-07-22 13:35:00,BANKNIFTY,56000.0,2026-09-29,0.01269,2495.1,2495.1,703.0,400.0,94.34,-305.66,-0.306,stopped (gap widened beyond the pair's own wobble band),sideways/normal
2026-07-22 13:52:00,2026-07-22 14:30:00,BANKNIFTY,56000.0,2026-09-29,0.01204,2490.0,2490.0,703.0,400.0,-46.05,-446.05,-0.446,stopped (gap widened beyond the pair's own wobble band),sideways/normal
2026-07-23 09:18:00,2026-07-23 09:21:00,BANKNIFTY,56000.0,2026-09-29,0.01273,2321.0,2321.0,745.0,400.0,61.66,-338.34,-0.338,stopped (gap widened beyond the pair's own wobble band),bearish/normal
2026-07-23 09:23:00,2026-07-23 09:25:00,BANKNIFTY,56000.0,2026-09-29,0.01164,2385.0,2385.0,703.7,400.0,57.57,-342.43,-0.342,stopped (gap widened beyond the pair's own wobble band),bearish/normal
2026-07-23 09:30:00,2026-07-23 09:33:00,BANKNIFTY,56000.0,2026-09-29,0.01182,2329.9,2329.9,742.95,400.0,-50.97,-450.97,-0.451,stopped (gap widened beyond the pair's own wobble band),bearish/normal
2026-07-23 09:37:00,2026-07-23 09:40:00,BANKNIFTY,56000.0,2026-09-29,0.01179,2250.0,2250.0,790.0,400.0,-0.36,-400.36,-0.4,stopped (gap widened beyond the pair's own wobble band),bearish/normal
2026-07-23 11:15:00,2026-07-23 11:23:00,BANKNIFTY,56000.0,2026-09-29,0.01205,2277.0,2277.0,748.0,400.0,14.96,-385.04,-0.385,stopped (gap widened beyond the pair's own wobble band),bearish/normal
2026-07-23 11:24:00,2026-07-23 11:28:00,BANKNIFTY,56000.0,2026-09-29,0.01123,2200.25,2200.25,765.85,400.0,-87.32,-487.32,-0.487,stopped (gap widened beyond the pair's own wobble band),bearish/normal
2026-07-23 12:22:00,2026-07-23 12:24:00,BANKNIFTY,56000.0,2026-09-29,0.01188,2160.0,2160.0,815.1,400.0,41.66,-358.34,-0.358,stopped (gap widened beyond the pair's own wobble band),bearish/normal
2026-07-23 12:27:00,2026-07-23 12:28:00,BANKNIFTY,56000.0,2026-09-29,0.01118,2121.7,2121.7,826.6,400.0,-4.76,-404.76,-0.405,stopped (gap widened beyond the pair's own wobble band),bearish/normal
2026-07-23 12:31:00,2026-07-23 12:40:00,BANKNIFTY,56000.0,2026-09-29,0.01167,2057.15,2057.15,834.05,400.0,37.03,-362.97,-0.363,stopped (gap widened beyond the pair's own wobble band),bearish/normal
2026-07-23 12:46:00,2026-07-23 12:47:00,BANKNIFTY,56000.0,2026-09-29,0.01205,2049.0,2049.0,888.0,400.0,25.93,-374.07,-0.374,stopped (gap widened beyond the pair's own wobble band),bearish/normal
2026-07-23 13:01:00,2026-07-23 13:09:00,BANKNIFTY,56000.0,2026-09-29,0.0118,2050.0,2050.0,904.1,400.0,22.12,-377.88,-0.378,stopped (gap widened beyond the pair's own wobble band),bearish/normal
2026-07-23 13:30:00,2026-07-23 13:47:00,BANKNIFTY,56000.0,2026-09-29,0.01174,2059.7,2059.7,892.6,400.0,-1.63,-401.63,-0.402,stopped (gap widened beyond the pair's own wobble band),bearish/normal
2026-07-23 14:11:00,2026-07-23 14:21:00,BANKNIFTY,56000.0,2026-09-29,0.01178,2102.0,2102.0,866.0,400.0,62.45,-337.55,-0.338,stopped (gap widened beyond the pair's own wobble band),bearish/normal
2026-07-23 14:33:00,2026-07-23 14:42:00,BANKNIFTY,56000.0,2026-09-29,0.0115,2161.9,2161.9,824.0,400.0,28.27,-371.73,-0.372,stopped (gap widened beyond the pair's own wobble band),bearish/normal
2026-07-24 09:17:00,2026-07-24 09:18:00,BANKNIFTY,56000.0,2026-09-29,0.01166,1949.95,1949.95,938.0,400.0,26.58,-373.42,-0.373,stopped (gap widened beyond the pair's own wobble band),bearish/normal
2026-07-24 09:19:00,2026-07-24 09:22:00,BANKNIFTY,56000.0,2026-09-29,0.01126,1979.55,1979.55,941.25,400.0,-39.16,-439.16,-0.439,stopped (gap widened beyond the pair's own wobble band),bearish/normal
2026-07-24 09:24:00,2026-07-24 09:25:00,BANKNIFTY,56000.0,2026-09-29,0.01153,1960.0,1960.0,971.3,400.0,3.92,-396.08,-0.396,stopped (gap widened beyond the pair's own wobble band),bearish/normal
2026-07-24 09:36:00,2026-07-24 09:37:00,BANKNIFTY,56000.0,2026-09-29,0.01123,1879.85,1879.85,999.9,400.0,-4.12,-404.12,-0.404,stopped (gap widened beyond the pair's own wobble band),bearish/normal
2026-07-24 09:44:00,2026-07-24 09:49:00,BANKNIFTY,56000.0,2026-09-29,0.01193,1877.0,1877.0,1008.85,400.0,39.61,-360.39,-0.36,stopped (gap widened beyond the pair's own wobble band),bearish/normal
2026-07-24 09:50:00,2026-07-24 09:51:00,BANKNIFTY,56000.0,2026-09-29,0.01174,1861.0,1861.0,1030.0,400.0,72.77,-327.23,-0.327,stopped (gap widened beyond the pair's own wobble band),bearish/normal
2026-07-24 09:53:00,2026-07-24 09:55:00,BANKNIFTY,56000.0,2026-09-29,0.01137,1858.0,1858.0,1021.85,400.0,25.42,-374.58,-0.375,stopped (gap widened beyond the pair's own wobble band),bearish/normal
2026-07-24 09:59:00,2026-07-24 10:00:00,BANKNIFTY,56000.0,2026-09-29,0.01148,1863.05,1863.05,1020.0,400.0,31.75,-368.25,-0.368,stopped (gap widened beyond the pair's own wobble band),bearish/normal
2026-07-24 10:02:00,2026-07-24 10:03:00,BANKNIFTY,56000.0,2026-09-29,0.01118,1859.55,1859.55,1040.0,400.0,-15.31,-415.31,-0.415,stopped (gap widened beyond the pair's own wobble band),bearish/normal
2026-07-24 10:13:00,2026-07-24 10:14:00,BANKNIFTY,56000.0,2026-09-29,0.01177,1879.5,1879.5,1040.0,400.0,14.77,-385.23,-0.385,stopped (gap widened beyond the pair's own wobble band),bearish/normal
2026-07-24 10:33:00,2026-07-24 10:38:00,BANKNIFTY,56000.0,2026-09-29,0.01079,1904.0,1904.0,1035.05,400.0,-93.4,-493.4,-0.493,stopped (gap widened beyond the pair's own wobble band),bearish/normal
2026-07-24 11:01:00,2026-07-24 11:25:00,BANKNIFTY,56000.0,2026-09-29,0.01142,1887.6,1887.6,1040.0,400.0,12.18,-387.82,-0.388,stopped (gap widened beyond the pair's own wobble band),bearish/normal
2026-07-24 11:45:00,2026-07-24 11:47:00,BANKNIFTY,56000.0,2026-09-29,0.01222,1966.8,1966.8,972.4,400.0,56.64,-343.36,-0.343,stopped (gap widened beyond the pair's own wobble band),bearish/normal
2026-07-24 11:57:00,2026-07-24 12:04:00,BANKNIFTY,56000.0,2026-09-29,0.0111,1960.0,1960.0,970.0,400.0,-6.53,-406.53,-0.407,stopped (gap widened beyond the pair's own wobble band),bearish/normal
2026-07-24 12:25:00,2026-07-24 12:26:00,BANKNIFTY,56000.0,2026-09-29,0.01146,2100.0,2100.0,889.65,400.0,41.58,-358.42,-0.358,stopped (gap widened beyond the pair's own wobble band),bearish/normal
2026-07-24 12:30:00,2026-07-24 12:32:00,BANKNIFTY,56000.0,2026-09-29,0.01117,2220.45,2220.45,805.4,400.0,-17.35,-417.35,-0.417,stopped (gap widened beyond the pair's own wobble band),bearish/normal
2026-07-24 14:05:00,2026-07-24 14:50:00,BANKNIFTY,56000.0,2026-09-29,0.01022,2273.6,2273.6,795.0,400.0,-133.5,-533.5,-0.534,stopped (gap widened beyond the pair's own wobble band),bearish/normal
2026-07-24 15:26:00,2026-07-27 09:17:00,BANKNIFTY,56000.0,2026-09-29,0.01075,2267.85,2267.85,800.0,400.0,-32.3,-432.3,-0.432,stopped (gap widened beyond the pair's own wobble band),bearish/normal
2026-07-27 09:18:00,2026-07-27 09:21:00,BANKNIFTY,56000.0,2026-09-29,0.01009,2513.0,2513.0,630.0,400.0,-123.52,-523.52,-0.524,stopped (gap widened beyond the pair's own wobble band),sideways/calm
2026-07-27 09:22:00,2026-07-27 13:59:00,BANKNIFTY,56000.0,2026-09-29,0.0107,2553.35,2553.35,600.0,400.0,-45.33,-445.33,-0.445,stopped (gap widened beyond the pair's own wobble band),sideways/calm
2026-07-27 14:54:00,2026-07-28 09:23:00,BANKNIFTY,56000.0,2026-09-29,0.01066,2406.95,2406.95,637.0,400.0,-49.4,-449.4,-0.449,stopped (gap widened beyond the pair's own wobble band),sideways/calm
2026-07-28 09:51:00,2026-07-28 10:08:00,BANKNIFTY,56000.0,2026-09-29,0.01097,2200.0,2200.0,726.35,400.0,-21.28,-421.28,-0.421,stopped (gap widened beyond the pair's own wobble band),sideways/calm
2026-07-28 12:58:00,2026-07-28 14:50:00,BANKNIFTY,56000.0,2026-09-29,0.01018,2164.0,2164.0,715.0,400.0,-112.01,-512.01,-0.512,stopped (gap widened beyond the pair's own wobble band),sideways/calm
2026-07-28 15:04:00,2026-07-28 15:14:00,BANKNIFTY,56000.0,2026-09-29,0.01149,2096.0,2096.0,749.85,400.0,-25.13,-425.13,-0.425,stopped (gap widened beyond the pair's own wobble band),sideways/calm
2026-07-29 09:15:00,2026-08-18 10:20:00,BANKNIFTY,56000.0,2026-09-29,0.0064,2243.2,2243.2,661.6,400.0,48.31,-351.69,-0.352,ran out of bars,bullish/calm
2026-08-18 10:24:00,2026-08-24 12:49:00,BANKNIFTY,56000.0,2026-09-29,0.00576,2055.0,2055.0,303.0,400.0,37.9,-362.1,-0.362,ran out of bars,sideways/calm
2026-08-24 12:50:00,2026-08-25 14:43:00,BANKNIFTY,56000.0,2026-09-29,0.00548,1996.15,1996.15,271.45,400.0,172.05,-227.95,-0.228,banked (remaining gap < exit cost),sideways/normal
2026-08-25 14:46:00,2026-08-25 14:52:00,BANKNIFTY,56000.0,2026-09-29,0.00431,1961.5,1961.5,244.8,400.0,57.13,-342.87,-0.343,banked (remaining gap < exit cost),sideways/calm
2026-08-25 14:54:00,2026-08-26 09:15:00,BANKNIFTY,56000.0,2026-09-29,0.00407,1986.6,1986.6,245.5,400.0,369.24,-30.76,-0.031,banked (remaining gap < exit cost),sideways/calm
2026-08-13 13:32:00,2026-08-24 11:14:00,BANKNIFTY,56200.0,2026-09-29,0.0056,2266.0,2266.0,312.4,400.0,-5.37,-405.37,-0.405,time exit (past the pair's own median time-to-close),bullish/calm
2026-08-24 13:42:00,2026-08-26 09:15:00,BANKNIFTY,56200.0,2026-09-29,0.00563,1846.9,1846.9,310.15,400.0,469.65,69.65,0.07,banked (remaining gap < exit cost),sideways/normal
2026-08-24 15:11:00,2026-08-25 15:21:00,BANKNIFTY,56400.0,2026-09-29,0.00485,1667.8,1667.8,351.95,400.0,50.88,-349.12,-0.349,time exit (past the pair's own median time-to-close),sideways/normal
2026-08-26 11:21:00,2026-08-26 11:33:00,BANKNIFTY,56400.0,2026-09-29,0.00053,2050.0,2050.0,195.5,400.0,-13.06,-413.06,-0.413,banked (remaining gap < exit cost),sideways/calm
2026-07-22 15:23:00,2026-07-23 13:11:00,BANKNIFTY,56500.0,2026-09-29,0.01192,2208.25,2208.25,815.0,400.0,76.95,-323.05,-0.323,stopped (gap widened beyond the pair's own wobble band),sideways/normal
2026-07-23 13:18:00,2026-07-23 13:34:00,BANKNIFTY,56500.0,2026-09-29,0.01214,1770.45,1770.45,1089.75,400.0,17.26,-382.74,-0.383,stopped (gap widened beyond the pair's own wobble band),bearish/normal
2026-07-23 13:43:00,2026-07-23 13:51:00,BANKNIFTY,56500.0,2026-09-29,0.01209,1794.05,1794.05,1070.0,400.0,53.37,-346.63,-0.347,stopped (gap widened beyond the pair's own wobble band),bearish/normal
2026-07-23 14:22:00,2026-07-23 14:49:00,BANKNIFTY,56500.0,2026-09-29,0.01173,1825.6,1825.6,1015.0,400.0,-0.64,-400.64,-0.401,stopped (gap widened beyond the pair's own wobble band),bearish/normal
2026-07-24 09:24:00,2026-07-24 09:26:00,BANKNIFTY,56500.0,2026-09-29,0.01134,1650.0,1650.0,1166.3,400.0,2.06,-397.94,-0.398,stopped (gap widened beyond the pair's own wobble band),bearish/normal
2026-07-24 09:48:00,2026-07-24 09:49:00,BANKNIFTY,56500.0,2026-09-29,0.01138,1564.95,1564.95,1250.0,400.0,-72.11,-472.11,-0.472,stopped (gap widened beyond the pair's own wobble band),bearish/normal
2026-07-24 12:11:00,2026-07-24 12:12:00,BANKNIFTY,56500.0,2026-09-29,0.01073,1684.85,1684.85,1148.45,400.0,-36.83,-436.83,-0.437,stopped (gap widened beyond the pair's own wobble band),bearish/normal
2026-07-24 12:13:00,2026-07-24 12:14:00,BANKNIFTY,56500.0,2026-09-29,0.01086,1668.15,1668.15,1162.6,400.0,5.75,-394.25,-0.394,stopped (gap widened beyond the pair's own wobble band),bearish/normal
2026-07-24 12:15:00,2026-07-24 12:16:00,BANKNIFTY,56500.0,2026-09-29,0.01093,1689.65,1689.65,1145.8,400.0,-27.65,-427.65,-0.428,stopped (gap widened beyond the pair's own wobble band),bearish/normal
2026-07-24 12:22:00,2026-07-24 12:23:00,BANKNIFTY,56500.0,2026-09-29,0.01112,1704.9,1704.9,1131.75,400.0,-116.63,-516.63,-0.517,stopped (gap widened beyond the pair's own wobble band),bearish/normal
2026-07-24 12:28:00,2026-07-24 12:34:00,BANKNIFTY,56500.0,2026-09-29,0.00977,1900.0,1900.0,999.0,400.0,-81.07,-481.07,-0.481,stopped (gap widened beyond the pair's own wobble band),bearish/normal
2026-07-24 12:35:00,2026-07-24 12:37:00,BANKNIFTY,56500.0,2026-09-29,0.01045,1834.7,1834.7,1012.75,400.0,-7.8,-407.8,-0.408,stopped (gap widened beyond the pair's own wobble band),bearish/normal
2026-07-24 12:38:00,2026-07-24 12:51:00,BANKNIFTY,56500.0,2026-09-29,0.01098,1807.5,1807.5,1029.85,400.0,62.19,-337.81,-0.338,stopped (gap widened beyond the pair's own wobble band),bearish/normal
2026-07-24 12:53:00,2026-07-24 12:54:00,BANKNIFTY,56500.0,2026-09-29,0.01058,1897.55,1897.55,980.15,400.0,-62.04,-462.04,-0.462,stopped (gap widened beyond the pair's own wobble band),bearish/normal
2026-07-24 12:56:00,2026-07-24 12:59:00,BANKNIFTY,56500.0,2026-09-29,0.01041,1937.8,1937.8,978.2,400.0,6.84,-393.16,-0.393,stopped (gap widened beyond the pair's own wobble band),bearish/normal
2026-07-24 13:00:00,2026-07-24 13:03:00,BANKNIFTY,56500.0,2026-09-29,0.01038,1904.25,1904.25,976.1,400.0,-54.23,-454.23,-0.454,stopped (gap widened beyond the pair's own wobble band),bearish/normal
2026-07-24 13:27:00,2026-07-24 13:41:00,BANKNIFTY,56500.0,2026-09-29,0.00928,1861.6,1861.6,972.4,400.0,-155.15,-555.15,-0.555,stopped (gap widened beyond the pair's own wobble band),bearish/normal
2026-07-24 13:42:00,2026-07-24 14:01:00,BANKNIFTY,56500.0,2026-09-29,0.01105,1818.25,1818.25,1016.5,400.0,-21.9,-421.9,-0.422,stopped (gap widened beyond the pair's own wobble band),bearish/normal
2026-07-24 14:08:00,2026-07-24 14:11:00,BANKNIFTY,56500.0,2026-09-29,0.01057,1931.4,1931.4,964.9,400.0,-31.65,-431.65,-0.432,stopped (gap widened beyond the pair's own wobble band),bearish/normal
2026-07-24 14:12:00,2026-07-24 14:48:00,BANKNIFTY,56500.0,2026-09-29,0.01058,1940.0,1940.0,966.45,400.0,-6.86,-406.86,-0.407,stopped (gap widened beyond the pair's own wobble band),bearish/normal
2026-07-24 14:57:00,2026-07-24 14:58:00,BANKNIFTY,56500.0,2026-09-29,0.01027,1919.95,1919.95,963.45,400.0,-47.08,-447.08,-0.447,stopped (gap widened beyond the pair's own wobble band),bearish/normal
2026-07-24 15:01:00,2026-07-24 15:08:00,BANKNIFTY,56500.0,2026-09-29,0.01066,1893.65,1893.65,988.9,400.0,-13.13,-413.13,-0.413,stopped (gap widened beyond the pair's own wobble band),bearish/normal
2026-07-24 15:16:00,2026-07-24 15:21:00,BANKNIFTY,56500.0,2026-09-29,0.01081,1923.7,1923.7,974.85,400.0,35.63,-364.37,-0.364,stopped (gap widened beyond the pair's own wobble band),bearish/normal
2026-07-27 09:17:00,2026-07-27 09:28:00,BANKNIFTY,56500.0,2026-09-29,0.00933,2173.45,2173.45,800.0,400.0,-155.67,-555.67,-0.556,stopped (gap widened beyond the pair's own wobble band),sideways/calm
2026-07-27 09:58:00,2026-07-27 10:25:00,BANKNIFTY,56500.0,2026-09-29,0.01039,2043.65,2043.65,797.0,400.0,-2.5,-402.5,-0.403,stopped (gap widened beyond the pair's own wobble band),sideways/calm
2026-07-27 11:59:00,2026-07-27 12:01:00,BANKNIFTY,56500.0,2026-09-29,0.01032,1987.85,1987.85,838.5,400.0,9.82,-390.18,-0.39,stopped (gap widened beyond the pair's own wobble band),sideways/calm
2026-07-27 13:00:00,2026-07-27 13:32:00,BANKNIFTY,56500.0,2026-09-29,0.01112,2034.95,2034.95,811.7,400.0,-101.37,-501.37,-0.501,stopped (gap widened beyond the pair's own wobble band),sideways/calm
2026-07-27 15:29:00,2026-07-28 09:54:00,BANKNIFTY,56500.0,2026-09-29,0.01072,2057.25,2057.25,783.0,400.0,-34.99,-434.99,-0.435,stopped (gap widened beyond the pair's own wobble band),sideways/calm
2026-07-28 09:59:00,2026-07-28 10:04:00,BANKNIFTY,56500.0,2026-09-29,0.01106,1868.15,1868.15,884.2,400.0,-9.68,-409.68,-0.41,stopped (gap widened beyond the pair's own wobble band),sideways/calm
2026-07-28 11:52:00,2026-07-28 11:53:00,BANKNIFTY,56500.0,2026-09-29,0.01032,1899.65,1899.65,852.0,400.0,1.67,-398.33,-0.398,stopped (gap widened beyond the pair's own wobble band),sideways/calm
2026-07-28 11:54:00,2026-07-28 11:55:00,BANKNIFTY,56500.0,2026-09-29,0.01024,1910.2,1910.2,855.0,400.0,-3.13,-403.13,-0.403,stopped (gap widened beyond the pair's own wobble band),sideways/calm
2026-07-28 11:56:00,2026-07-28 12:00:00,BANKNIFTY,56500.0,2026-09-29,0.0102,1900.8,1900.8,863.0,400.0,-5.45,-405.45,-0.405,stopped (gap widened beyond the pair's own wobble band),sideways/calm
2026-07-28 13:05:00,2026-07-28 13:15:00,BANKNIFTY,56500.0,2026-09-29,0.01005,1848.1,1848.1,885.7,400.0,-23.98,-423.98,-0.424,stopped (gap widened beyond the pair's own wobble band),sideways/calm
2026-07-28 13:48:00,2026-07-28 14:31:00,BANKNIFTY,56500.0,2026-09-29,0.01013,1795.25,1795.25,910.0,400.0,-27.33,-427.33,-0.427,stopped (gap widened beyond the pair's own wobble band),sideways/calm
2026-07-28 15:18:00,2026-07-28 15:19:00,BANKNIFTY,56500.0,2026-09-29,0.01075,1794.3,1794.3,897.05,400.0,12.32,-387.68,-0.388,stopped (gap widened beyond the pair's own wobble band),sideways/calm
2026-07-28 15:21:00,2026-07-28 15:28:00,BANKNIFTY,56500.0,2026-09-29,0.01113,1815.0,1815.0,900.0,400.0,-18.67,-418.67,-0.419,stopped (gap widened beyond the pair's own wobble band),sideways/calm
2026-07-29 09:27:00,2026-08-20 10:30:00,BANKNIFTY,56500.0,2026-09-29,0.00643,1908.6,1908.6,818.75,400.0,141.92,-258.08,-0.258,ran out of bars,bullish/calm
2026-08-20 10:33:00,2026-08-25 11:58:00,BANKNIFTY,56500.0,2026-09-29,0.00497,1882.0,1882.0,318.0,400.0,7.96,-392.04,-0.392,ran out of bars,sideways/calm
2026-08-25 11:59:00,2026-08-25 15:02:00,BANKNIFTY,56500.0,2026-09-29,0.00517,1640.0,1640.0,335.05,400.0,119.45,-280.55,-0.281,banked (remaining gap < exit cost),sideways/calm
2026-08-25 15:07:00,2026-08-26 09:15:00,BANKNIFTY,56500.0,2026-09-29,0.00487,1587.95,1587.95,357.95,400.0,476.03,76.03,0.076,banked (remaining gap < exit cost),sideways/calm
2026-08-24 13:29:00,2026-08-25 13:20:00,BANKNIFTY,56600.0,2026-09-29,0.00576,1527.0,1527.0,412.45,400.0,82.45,-317.55,-0.318,time exit (past the pair's own median time-to-close),sideways/normal
2026-08-25 13:35:00,2026-08-25 14:52:00,BANKNIFTY,56600.0,2026-09-29,0.00484,1428.9,1428.9,426.2,400.0,93.58,-306.42,-0.306,banked (remaining gap < exit cost),sideways/calm
2026-08-25 15:13:00,2026-08-26 09:32:00,BANKNIFTY,56600.0,2026-09-29,0.00475,1535.0,1535.0,364.15,400.0,268.03,-131.97,-0.132,banked (remaining gap < exit cost),sideways/calm
2026-08-18 14:11:00,2026-08-25 12:25:00,BANKNIFTY,56700.0,2026-09-29,0.00641,1560.95,1560.95,463.8,400.0,135.99,-264.01,-0.264,time exit (past the pair's own median time-to-close),sideways/calm
2026-08-25 12:26:00,2026-08-26 09:15:00,BANKNIFTY,56700.0,2026-09-29,0.00521,1450.9,1450.9,403.45,400.0,469.84,69.84,0.07,banked (remaining gap < exit cost),sideways/calm
2026-07-30 09:40:00,2026-07-30 10:32:00,BANKNIFTY,56800.0,2026-09-29,0.00672,1556.2,1556.2,1008.55,400.0,-191.12,-591.12,-0.591,stopped (gap widened beyond the pair's own wobble band),bullish/calm
2026-07-30 12:34:00,2026-08-24 15:14:00,BANKNIFTY,56800.0,2026-09-29,0.00646,1722.75,1722.75,885.0,400.0,100.83,-299.17,-0.299,time exit (past the pair's own median time-to-close),bullish/calm
2026-08-24 15:34:00,2026-08-25 14:37:00,BANKNIFTY,56800.0,2026-09-29,0.00573,1390.5,1390.5,455.45,400.0,89.93,-310.07,-0.31,time exit (past the pair's own median time-to-close),sideways/normal
2026-08-25 14:41:00,2026-08-25 14:52:00,BANKNIFTY,56800.0,2026-09-29,0.00468,1355.0,1355.0,438.35,400.0,76.12,-323.88,-0.324,banked (remaining gap < exit cost),sideways/calm
2026-08-25 15:01:00,2026-08-26 09:15:00,BANKNIFTY,56800.0,2026-09-29,0.00428,1381.65,1381.65,430.2,400.0,391.27,-8.73,-0.009,banked (remaining gap < exit cost),sideways/calm
2026-07-29 09:50:00,2026-08-25 09:42:00,BANKNIFTY,56900.0,2026-09-29,0.00668,1669.15,1669.15,958.45,400.0,132.48,-267.52,-0.268,time exit (past the pair's own median time-to-close),bullish/calm
2026-08-25 09:44:00,2026-08-26 09:16:00,BANKNIFTY,56900.0,2026-09-29,0.00481,1373.95,1373.95,436.1,400.0,472.82,72.82,0.073,banked (remaining gap < exit cost),sideways/calm
2026-06-29 10:01:00,2026-06-29 10:02:00,BANKNIFTY,57000.0,2026-09-29,0.01828,3020.1,3020.1,911.25,400.0,52.2,-347.8,-0.348,stopped (gap widened beyond the pair's own wobble band),bullish/normal
2026-06-29 10:03:00,2026-06-29 10:04:00,BANKNIFTY,57000.0,2026-09-29,0.01815,3002.4,3002.4,922.7,400.0,33.71,-366.29,-0.366,stopped (gap widened beyond the pair's own wobble band),bullish/normal
2026-06-29 11:32:00,2026-06-29 12:21:00,BANKNIFTY,57000.0,2026-09-29,0.01847,3011.0,3011.0,925.0,400.0,59.77,-340.23,-0.34,stopped (gap widened beyond the pair's own wobble band),bullish/normal
2026-06-29 13:04:00,2026-06-29 14:00:00,BANKNIFTY,57000.0,2026-09-29,0.01854,2849.3,2849.3,1010.6,400.0,126.81,-273.19,-0.273,stopped (gap widened beyond the pair's own wobble band),bullish/normal
2026-06-29 14:25:00,2026-06-29 14:57:00,BANKNIFTY,57000.0,2026-09-29,0.01796,2887.0,2887.0,969.55,400.0,-36.99,-436.99,-0.437,stopped (gap widened beyond the pair's own wobble band),bullish/normal
2026-06-30 10:36:00,2026-06-30 10:40:00,BANKNIFTY,57000.0,2026-09-29,0.018,2854.8,2854.8,978.9,400.0,-53.57,-453.57,-0.454,stopped (gap widened beyond the pair's own wobble band),bullish/normal
2026-06-30 14:25:00,2026-06-30 14:26:00,BANKNIFTY,57000.0,2026-09-29,0.01802,2750.0,2750.0,999.6,400.0,-14.61,-414.61,-0.415,stopped (gap widened beyond the pair's own wobble band),bullish/normal
2026-06-30 14:27:00,2026-06-30 14:28:00,BANKNIFTY,57000.0,2026-09-29,0.01849,2761.6,2761.6,977.15,400.0,-46.16,-446.16,-0.446,stopped (gap widened beyond the pair's own wobble band),bullish/normal
2026-06-30 14:29:00,2026-06-30 14:30:00,BANKNIFTY,57000.0,2026-09-29,0.01865,2760.35,2760.35,979.3,400.0,-3.23,-403.23,-0.403,stopped (gap widened beyond the pair's own wobble band),bullish/normal
2026-06-30 14:31:00,2026-06-30 14:32:00,BANKNIFTY,57000.0,2026-09-29,0.01869,2759.4,2759.4,981.95,400.0,34.63,-365.37,-0.365,stopped (gap widened beyond the pair's own wobble band),bullish/normal
2026-06-30 14:42:00,2026-06-30 14:47:00,BANKNIFTY,57000.0,2026-09-29,0.01804,2750.0,2750.0,990.0,400.0,-42.1,-442.1,-0.442,stopped (gap widened beyond the pair's own wobble band),bullish/normal
2026-06-30 14:50:00,2026-06-30 14:52:00,BANKNIFTY,57000.0,2026-09-29,0.01937,2747.05,2747.05,985.6,400.0,46.94,-353.06,-0.353,stopped (gap widened beyond the pair's own wobble band),bullish/normal
2026-06-30 14:53:00,2026-06-30 14:55:00,BANKNIFTY,57000.0,2026-09-29,0.01931,2766.25,2766.25,978.05,400.0,13.9,-386.1,-0.386,stopped (gap widened beyond the pair's own wobble band),bullish/normal
2026-06-30 14:58:00,2026-06-30 15:04:00,BANKNIFTY,57000.0,2026-09-29,0.01995,2738.2,2738.2,983.6,400.0,2.62,-397.38,-0.397,stopped (gap widened beyond the pair's own wobble band),bullish/normal
2026-06-30 15:28:00,2026-06-30 15:29:00,BANKNIFTY,57000.0,2026-09-29,0.02061,2722.5,2722.5,1000.2,400.0,-38.12,-438.12,-0.438,stopped (gap widened beyond the pair's own wobble band),bullish/normal
2026-07-01 09:30:00,2026-07-03 15:05:00,BANKNIFTY,57000.0,2026-09-29,0.01134,2609.3,2609.3,1033.25,400.0,-166.27,-566.27,-0.566,stopped (gap widened beyond the pair's own wobble band),bullish/calm
2026-07-03 15:06:00,2026-07-03 15:09:00,BANKNIFTY,57000.0,2026-09-29,0.01269,2812.85,2812.85,881.35,400.0,-31.07,-431.07,-0.431,stopped (gap widened beyond the pair's own wobble band),bullish/calm
2026-07-03 15:10:00,2026-07-08 13:46:00,BANKNIFTY,57000.0,2026-09-29,0.01269,2817.95,2817.95,893.0,400.0,-68.05,-468.05,-0.468,stopped (gap widened beyond the pair's own wobble band),bullish/calm
2026-07-08 13:47:00,2026-07-08 13:58:00,BANKNIFTY,57000.0,2026-09-29,0.01432,2500.0,2500.0,927.0,400.0,88.0,-312.0,-0.312,stopped (gap widened beyond the pair's own wobble band),bearish/wild
2026-07-08 13:59:00,2026-07-08 14:00:00,BANKNIFTY,57000.0,2026-09-29,0.01313,2252.15,2252.15,1150.2,400.0,13.51,-386.49,-0.386,stopped (gap widened beyond the pair's own wobble band),bearish/wild
2026-07-08 14:01:00,2026-07-08 14:05:00,BANKNIFTY,57000.0,2026-09-29,0.01255,2225.0,2225.0,1174.0,400.0,-78.27,-478.27,-0.478,stopped (gap widened beyond the pair's own wobble band),bearish/wild
2026-07-08 14:06:00,2026-07-08 14:10:00,BANKNIFTY,57000.0,2026-09-29,0.01336,2180.0,2180.0,1260.3,400.0,26.97,-373.03,-0.373,stopped (gap widened beyond the pair's own wobble band),bearish/wild
2026-07-08 14:13:00,2026-07-08 14:14:00,BANKNIFTY,57000.0,2026-09-29,0.01368,2142.5,2142.5,1320.0,400.0,34.39,-365.61,-0.366,stopped (gap widened beyond the pair's own wobble band),bearish/wild
2026-07-08 14:15:00,2026-07-08 14:21:00,BANKNIFTY,57000.0,2026-09-29,0.01361,2143.0,2143.0,1355.05,400.0,61.45,-338.55,-0.339,stopped (gap widened beyond the pair's own wobble band),bearish/wild
2026-07-08 14:22:00,2026-07-08 14:39:00,BANKNIFTY,57000.0,2026-09-29,0.0137,2115.0,2115.0,1333.85,400.0,72.77,-327.23,-0.327,stopped (gap widened beyond the pair's own wobble band),bearish/wild
2026-07-08 14:47:00,2026-07-08 14:50:00,BANKNIFTY,57000.0,2026-09-29,0.01371,2020.0,2020.0,1430.0,400.0,25.09,-374.91,-0.375,stopped (gap widened beyond the pair's own wobble band),bearish/wild
2026-07-08 14:52:00,2026-07-08 14:54:00,BANKNIFTY,57000.0,2026-09-29,0.01364,1950.1,1950.1,1465.95,400.0,-6.43,-406.43,-0.406,stopped (gap widened beyond the pair's own wobble band),bearish/wild
2026-07-08 14:56:00,2026-07-08 14:59:00,BANKNIFTY,57000.0,2026-09-29,0.01365,1989.4,1989.4,1437.05,400.0,5.81,-394.19,-0.394,stopped (gap widened beyond the pair's own wobble band),bearish/wild
2026-07-08 15:05:00,2026-07-08 15:07:00,BANKNIFTY,57000.0,2026-09-29,0.0131,2030.0,2030.0,1393.2,400.0,-88.83,-488.83,-0.489,stopped (gap widened beyond the pair's own wobble band),bearish/wild
2026-07-08 15:10:00,2026-07-08 15:11:00,BANKNIFTY,57000.0,2026-09-29,0.01339,2043.0,2043.0,1354.4,400.0,32.62,-367.38,-0.367,stopped (gap widened beyond the pair's own wobble band),bearish/wild
2026-07-08 15:16:00,2026-07-08 15:19:00,BANKNIFTY,57000.0,2026-09-29,0.01299,2044.2,2044.2,1334.0,400.0,-47.11,-447.11,-0.447,stopped (gap widened beyond the pair's own wobble band),bearish/wild
2026-07-08 15:20:00,2026-07-08 15:23:00,BANKNIFTY,57000.0,2026-09-29,0.01294,2069.75,2069.75,1293.4,400.0,-34.58,-434.58,-0.435,stopped (gap widened beyond the pair's own wobble band),bearish/wild
2026-07-09 09:18:00,2026-07-09 09:19:00,BANKNIFTY,57000.0,2026-09-29,0.01342,2250.0,2250.0,1110.7,400.0,22.39,-377.61,-0.378,stopped (gap widened beyond the pair's own wobble band),sideways/normal
2026-07-09 09:20:00,2026-07-09 09:21:00,BANKNIFTY,57000.0,2026-09-29,0.01327,2269.0,2269.0,1103.2,400.0,-47.3,-447.3,-0.447,stopped (gap widened beyond the pair's own wobble band),sideways/normal
2026-07-09 09:23:00,2026-07-09 09:25:00,BANKNIFTY,57000.0,2026-09-29,0.01332,2245.0,2245.0,1106.05,400.0,8.78,-391.22,-0.391,stopped (gap widened beyond the pair's own wobble band),sideways/normal
2026-07-09 09:27:00,2026-07-09 09:28:00,BANKNIFTY,57000.0,2026-09-29,0.01366,2248.8,2248.8,1102.35,400.0,40.84,-359.16,-0.359,stopped (gap widened beyond the pair's own wobble band),sideways/normal
2026-07-09 09:29:00,2026-07-09 09:32:00,BANKNIFTY,57000.0,2026-09-29,0.01364,2271.9,2271.9,1110.0,400.0,64.62,-335.38,-0.335,stopped (gap widened beyond the pair's own wobble band),sideways/normal
2026-07-09 09:33:00,2026-07-09 09:35:00,BANKNIFTY,57000.0,2026-09-29,0.01379,2271.05,2271.05,1135.0,400.0,-17.44,-417.44,-0.417,stopped (gap widened beyond the pair's own wobble band),sideways/normal
2026-07-09 09:36:00,2026-07-09 09:38:00,BANKNIFTY,57000.0,2026-09-29,0.01273,2219.5,2219.5,1134.4,400.0,-68.23,-468.23,-0.468,stopped (gap widened beyond the pair's own wobble band),sideways/normal
2026-07-09 10:00:00,2026-07-09 10:04:00,BANKNIFTY,57000.0,2026-09-29,0.01351,2300.0,2300.0,1050.25,400.0,27.53,-372.47,-0.372,stopped (gap widened beyond the pair's own wobble band),sideways/normal
2026-07-09 10:18:00,2026-07-09 10:36:00,BANKNIFTY,57000.0,2026-09-29,0.01316,2285.0,2285.0,1081.5,400.0,8.2,-391.8,-0.392,stopped (gap widened beyond the pair's own wobble band),sideways/normal
2026-07-09 10:41:00,2026-07-09 10:52:00,BANKNIFTY,57000.0,2026-09-29,0.01053,2250.9,2250.9,1022.0,400.0,-291.28,-691.28,-0.691,stopped (gap widened beyond the pair's own wobble band),sideways/normal
2026-07-09 13:22:00,2026-07-13 09:34:00,BANKNIFTY,57000.0,2026-09-29,0.01239,2300.0,2300.0,1065.0,400.0,-73.25,-473.25,-0.473,stopped (gap widened beyond the pair's own wobble band),sideways/normal
2026-07-13 13:08:00,2026-07-13 13:09:00,BANKNIFTY,57000.0,2026-09-29,0.01336,2670.25,2670.25,813.6,400.0,34.06,-365.94,-0.366,stopped (gap widened beyond the pair's own wobble band),bullish/wild
2026-07-13 15:13:00,2026-07-14 09:20:00,BANKNIFTY,57000.0,2026-09-29,0.01247,2745.3,2745.3,757.1,400.0,-64.06,-464.06,-0.464,stopped (gap widened beyond the pair's own wobble band),bullish/wild
2026-07-14 09:22:00,2026-07-14 09:28:00,BANKNIFTY,57000.0,2026-09-29,0.01212,2465.0,2465.0,890.0,400.0,-88.65,-488.65,-0.489,stopped (gap widened beyond the pair's own wobble band),sideways/calm
2026-07-14 09:48:00,2026-07-14 10:19:00,BANKNIFTY,57000.0,2026-09-29,0.01313,2287.05,2287.05,1013.95,400.0,-21.53,-421.53,-0.422,stopped (gap widened beyond the pair's own wobble band),sideways/calm
2026-07-14 10:37:00,2026-07-14 10:40:00,BANKNIFTY,57000.0,2026-09-29,0.01317,2280.0,2280.0,1003.55,400.0,-18.78,-418.78,-0.419,stopped (gap widened beyond the pair's own wobble band),sideways/calm
2026-07-14 11:31:00,2026-07-14 11:32:00,BANKNIFTY,57000.0,2026-09-29,0.01305,2383.9,2383.9,940.0,400.0,-0.35,-400.35,-0.4,stopped (gap widened beyond the pair's own wobble band),sideways/calm
2026-07-14 12:07:00,2026-07-14 12:29:00,BANKNIFTY,57000.0,2026-09-29,0.01331,2300.0,2300.0,988.0,400.0,30.72,-369.28,-0.369,stopped (gap widened beyond the pair's own wobble band),sideways/calm
2026-07-14 13:39:00,2026-07-14 13:41:00,BANKNIFTY,57000.0,2026-09-29,0.01295,2222.0,2222.0,1049.95,400.0,-120.14,-520.14,-0.52,stopped (gap widened beyond the pair's own wobble band),sideways/calm
2026-07-15 09:16:00,2026-07-15 11:44:00,BANKNIFTY,57000.0,2026-09-29,0.01339,2490.5,2490.5,882.05,400.0,26.22,-373.78,-0.374,stopped (gap widened beyond the pair's own wobble band),sideways/normal
2026-07-15 12:16:00,2026-07-15 12:56:00,BANKNIFTY,57000.0,2026-09-29,0.00969,2470.0,2470.0,772.0,400.0,-336.36,-736.36,-0.736,stopped (gap widened beyond the pair's own wobble band),sideways/normal
2026-07-15 12:57:00,2026-07-15 13:09:00,BANKNIFTY,57000.0,2026-09-29,0.01338,2375.0,2375.0,928.0,400.0,-15.7,-415.7,-0.416,stopped (gap widened beyond the pair's own wobble band),sideways/normal
2026-07-15 13:10:00,2026-07-16 13:47:00,BANKNIFTY,57000.0,2026-09-29,0.01237,2282.0,2282.0,962.45,400.0,-127.81,-527.81,-0.528,stopped (gap widened beyond the pair's own wobble band),sideways/normal
2026-07-16 14:08:00,2026-07-17 14:13:00,BANKNIFTY,57000.0,2026-09-29,0.01133,2276.4,2276.4,907.25,400.0,-207.76,-607.76,-0.608,stopped (gap widened beyond the pair's own wobble band),sideways/calm
2026-07-17 14:19:00,2026-07-20 10:03:00,BANKNIFTY,57000.0,2026-09-29,0.01207,2735.0,2735.0,698.0,400.0,-110.97,-510.97,-0.511,stopped (gap widened beyond the pair's own wobble band),bullish/wild
2026-07-20 10:10:00,2026-07-22 09:41:00,BANKNIFTY,57000.0,2026-09-29,0.01287,2337.65,2337.65,828.25,400.0,-17.51,-417.51,-0.418,stopped (gap widened beyond the pair's own wobble band),bullish/calm
2026-07-22 09:44:00,2026-07-23 14:55:00,BANKNIFTY,57000.0,2026-09-29,0.01166,2000.0,2000.0,920.4,400.0,-133.33,-533.33,-0.533,stopped (gap widened beyond the pair's own wobble band),sideways/normal
2026-07-23 15:07:00,2026-07-30 10:32:00,BANKNIFTY,57000.0,2026-09-29,0.01108,1530.8,1530.8,1208.7,400.0,458.34,58.34,0.058,ran out of bars,bearish/normal
2026-07-30 10:35:00,2026-08-05 15:36:00,BANKNIFTY,57000.0,2026-09-29,0.00582,1406.9,1406.9,1100.0,400.0,-50.61,-450.61,-0.451,ran out of bars,bullish/calm
2026-08-06 09:16:00,2026-08-12 12:51:00,BANKNIFTY,57000.0,2026-09-29,0.00648,1900.0,1900.0,605.35,400.0,64.49,-335.51,-0.336,ran out of bars,bullish/calm
2026-08-12 13:20:00,2026-08-17 12:11:00,BANKNIFTY,57000.0,2026-09-29,0.00536,1655.95,1655.95,566.0,400.0,-56.89,-456.89,-0.457,ran out of bars,bullish/normal
2026-08-17 12:13:00,2026-08-19 10:17:00,BANKNIFTY,57000.0,2026-09-29,0.006,1309.9,1309.9,568.8,400.0,60.09,-339.91,-0.34,ran out of bars,sideways/calm
2026-08-19 10:18:00,2026-08-20 14:05:00,BANKNIFTY,57000.0,2026-09-29,0.00558,1247.5,1247.5,630.15,400.0,21.42,-378.58,-0.379,ran out of bars,sideways/calm
2026-08-20 14:06:00,2026-08-24 11:56:00,BANKNIFTY,57000.0,2026-09-29,0.00524,1464.0,1464.0,440.75,400.0,-35.27,-435.27,-0.435,ran out of bars,sideways/calm
2026-08-24 11:57:00,2026-08-25 14:07:00,BANKNIFTY,57000.0,2026-09-29,0.00558,1268.0,1268.0,508.25,400.0,116.42,-283.58,-0.284,ran out of bars,sideways/normal
2026-08-25 14:08:00,2026-08-25 15:01:00,BANKNIFTY,57000.0,2026-09-29,0.00449,1165.05,1165.05,534.7,400.0,52.37,-347.63,-0.348,banked (remaining gap < exit cost),sideways/calm
2026-08-25 15:04:00,2026-08-26 09:15:00,BANKNIFTY,57000.0,2026-09-29,0.00438,1231.2,1231.2,495.6,400.0,412.3,12.3,0.012,banked (remaining gap < exit cost),sideways/calm
2026-07-29 09:59:00,2026-08-20 15:00:00,BANKNIFTY,57100.0,2026-09-29,0.00739,1557.0,1557.0,1010.8,400.0,212.76,-187.24,-0.187,time exit (past the pair's own median time-to-close),bullish/calm
2026-08-20 15:01:00,2026-08-26 09:15:00,BANKNIFTY,57100.0,2026-09-29,0.00537,1386.05,1386.05,475.75,400.0,513.85,113.85,0.114,banked (remaining gap < exit cost),sideways/calm
2026-07-29 09:36:00,2026-08-20 12:48:00,BANKNIFTY,57200.0,2026-09-29,0.0077,1492.6,1492.6,1079.1,400.0,256.53,-143.47,-0.143,time exit (past the pair's own median time-to-close),bullish/calm
2026-08-20 12:50:00,2026-08-25 14:03:00,BANKNIFTY,57200.0,2026-09-29,0.00524,1382.4,1382.4,480.55,400.0,78.33,-321.67,-0.322,time exit (past the pair's own median time-to-close),sideways/calm
2026-08-25 14:04:00,2026-08-25 14:52:00,BANKNIFTY,57200.0,2026-09-29,0.00436,1037.0,1037.0,607.85,400.0,42.21,-357.79,-0.358,banked (remaining gap < exit cost),sideways/calm
2026-08-25 14:54:00,2026-08-25 15:01:00,BANKNIFTY,57200.0,2026-09-29,0.00419,1113.0,1113.0,557.65,400.0,25.93,-374.07,-0.374,banked (remaining gap < exit cost),sideways/calm
2026-08-25 15:04:00,2026-08-26 09:15:00,BANKNIFTY,57200.0,2026-09-29,0.00434,1101.7,1101.7,567.2,400.0,429.9,29.9,0.03,banked (remaining gap < exit cost),sideways/calm
2026-07-29 12:22:00,2026-08-03 12:47:00,BANKNIFTY,57300.0,2026-09-29,0.00634,1493.05,1493.05,1039.05,400.0,-278.6,-678.6,-0.679,stopped (gap widened beyond the pair's own wobble band),bullish/calm
2026-08-11 09:31:00,2026-08-21 09:29:00,BANKNIFTY,57300.0,2026-09-29,0.00665,1385.0,1385.0,849.05,400.0,154.62,-245.38,-0.245,ran out of bars,bullish/calm
2026-08-21 09:36:00,2026-08-25 11:55:00,BANKNIFTY,57300.0,2026-09-29,0.00514,1221.0,1221.0,555.15,400.0,39.12,-360.88,-0.361,ran out of bars,sideways/calm
2026-08-25 11:57:00,2026-08-25 15:01:00,BANKNIFTY,57300.0,2026-09-29,0.00501,1065.0,1065.0,578.4,400.0,103.96,-296.04,-0.296,banked (remaining gap < exit cost),sideways/calm
2026-08-25 15:05:00,2026-08-26 09:15:00,BANKNIFTY,57300.0,2026-09-29,0.00423,1039.9,1039.9,600.6,400.0,419.98,19.98,0.02,banked (remaining gap < exit cost),sideways/calm
2026-07-29 10:04:00,2026-08-05 09:29:00,BANKNIFTY,57400.0,2026-09-29,0.00675,1412.85,1412.85,1135.1,400.0,477.66,77.66,0.078,banked (remaining gap < exit cost),bullish/calm
2026-08-12 09:29:00,2026-08-24 09:28:00,BANKNIFTY,57400.0,2026-09-29,0.00603,1500.0,1500.0,685.0,400.0,100.5,-299.5,-0.3,ran out of bars,bullish/normal
2026-08-24 09:30:00,2026-08-25 12:39:00,BANKNIFTY,57400.0,2026-09-29,0.00469,1232.3,1232.3,494.0,400.0,-41.08,-441.08,-0.441,ran out of bars,sideways/normal
2026-08-25 12:40:00,2026-08-25 15:01:00,BANKNIFTY,57400.0,2026-09-29,0.00486,986.5,986.5,634.6,400.0,101.03,-298.97,-0.299,banked (remaining gap < exit cost),sideways/calm
2026-08-25 15:04:00,2026-08-26 09:15:00,BANKNIFTY,57400.0,2026-09-29,0.00431,975.0,975.0,641.3,400.0,412.39,12.39,0.012,banked (remaining gap < exit cost),sideways/calm
2026-07-21 11:03:00,2026-07-21 11:04:00,BANKNIFTY,57500.0,2026-09-29,0.01227,2093.1,2093.1,864.15,400.0,38.75,-361.25,-0.361,stopped (gap widened beyond the pair's own wobble band),bullish/calm
2026-07-22 09:38:00,2026-07-22 09:41:00,BANKNIFTY,57500.0,2026-09-29,0.01244,1701.95,1701.95,1101.8,400.0,-19.97,-419.97,-0.42,stopped (gap widened beyond the pair's own wobble band),sideways/normal
2026-07-22 09:48:00,2026-07-22 09:49:00,BANKNIFTY,57500.0,2026-09-29,0.01224,1687.25,1687.25,1123.35,400.0,-14.29,-414.29,-0.414,stopped (gap widened beyond the pair's own wobble band),sideways/normal
2026-07-22 09:51:00,2026-07-22 09:52:00,BANKNIFTY,57500.0,2026-09-29,0.0123,1695.85,1695.85,1100.0,400.0,-11.94,-411.94,-0.412,stopped (gap widened beyond the pair's own wobble band),sideways/normal
2026-07-22 10:56:00,2026-07-22 10:58:00,BANKNIFTY,57500.0,2026-09-29,0.01191,1640.5,1640.5,1135.15,400.0,2.44,-397.56,-0.398,stopped (gap widened beyond the pair's own wobble band),sideways/normal
2026-07-23 10:38:00,2026-07-23 10:40:00,BANKNIFTY,57500.0,2026-09-29,0.01236,1418.15,1418.15,1271.05,400.0,74.9,-325.1,-0.325,stopped (gap widened beyond the pair's own wobble band),bearish/normal
2026-07-23 10:41:00,2026-07-23 10:42:00,BANKNIFTY,57500.0,2026-09-29,0.01241,1415.45,1415.45,1272.9,400.0,75.52,-324.48,-0.324,stopped (gap widened beyond the pair's own wobble band),bearish/normal
2026-07-23 10:48:00,2026-07-23 10:49:00,BANKNIFTY,57500.0,2026-09-29,0.0113,1395.95,1395.95,1300.25,400.0,-45.56,-445.56,-0.446,stopped (gap widened beyond the pair's own wobble band),bearish/normal
2026-07-23 10:50:00,2026-07-23 10:54:00,BANKNIFTY,57500.0,2026-09-29,0.01187,1395.8,1395.8,1278.0,400.0,69.91,-330.09,-0.33,stopped (gap widened beyond the pair's own wobble band),bearish/normal
2026-07-23 14:40:00,2026-07-23 15:02:00,BANKNIFTY,57500.0,2026-09-29,0.01173,1240.2,1240.2,1485.35,400.0,34.42,-365.58,-0.366,stopped (gap widened beyond the pair's own wobble band),bearish/normal
2026-07-24 12:29:00,2026-07-24 12:32:00,BANKNIFTY,57500.0,2026-09-29,0.01187,1373.2,1373.2,1398.6,400.0,84.07,-315.93,-0.316,stopped (gap widened beyond the pair's own wobble band),bearish/normal
2026-07-24 13:41:00,2026-07-24 13:42:00,BANKNIFTY,57500.0,2026-09-29,0.01074,1281.55,1281.55,1467.9,400.0,-195.37,-595.37,-0.595,stopped (gap widened beyond the pair's own wobble band),bearish/normal
2026-07-27 10:23:00,2026-07-27 10:53:00,BANKNIFTY,57500.0,2026-09-29,0.01064,1434.0,1434.0,1190.0,400.0,-49.89,-449.89,-0.45,stopped (gap widened beyond the pair's own wobble band),sideways/calm
2026-07-27 10:54:00,2026-07-27 11:59:00,BANKNIFTY,57500.0,2026-09-29,0.01172,1460.2,1460.2,1151.25,400.0,56.3,-343.7,-0.344,stopped (gap widened beyond the pair's own wobble band),sideways/calm
2026-07-27 14:26:00,2026-07-27 14:38:00,BANKNIFTY,57500.0,2026-09-29,0.01092,1464.0,1464.0,1135.9,400.0,-34.79,-434.79,-0.435,stopped (gap widened beyond the pair's own wobble band),sideways/calm
2026-07-27 15:23:00,2026-07-28 09:25:00,BANKNIFTY,57500.0,2026-09-29,0.01067,1454.1,1454.1,1150.05,400.0,-40.89,-440.89,-0.441,stopped (gap widened beyond the pair's own wobble band),sideways/calm
2026-07-28 10:03:00,2026-07-28 10:05:00,BANKNIFTY,57500.0,2026-09-29,0.01111,1293.15,1293.15,1294.7,400.0,-32.99,-432.99,-0.433,stopped (gap widened beyond the pair's own wobble band),sideways/calm
2026-07-28 14:45:00,2026-07-28 14:55:00,BANKNIFTY,57500.0,2026-09-29,0.01109,1249.85,1249.85,1312.0,400.0,32.99,-367.01,-0.367,stopped (gap widened beyond the pair's own wobble band),sideways/calm
2026-07-28 15:17:00,2026-07-28 15:18:00,BANKNIFTY,57500.0,2026-09-29,0.01162,1211.6,1211.6,1343.7,400.0,128.79,-271.21,-0.271,stopped (gap widened beyond the pair's own wobble band),sideways/calm
2026-07-28 15:24:00,2026-07-28 15:25:00,BANKNIFTY,57500.0,2026-09-29,0.01121,1235.1,1235.1,1320.5,400.0,-29.51,-429.51,-0.43,stopped (gap widened beyond the pair's own wobble band),sideways/calm
2026-07-28 15:29:00,2026-08-10 09:36:00,BANKNIFTY,57500.0,2026-09-29,0.01175,1238.1,1238.1,1311.55,400.0,510.63,110.63,0.111,ran out of bars,sideways/calm
2026-08-10 09:39:00,2026-08-13 10:07:00,BANKNIFTY,57500.0,2026-09-29,0.00612,1485.0,1485.0,802.95,400.0,76.89,-323.11,-0.323,ran out of bars,bullish/calm
2026-08-13 10:09:00,2026-08-14 14:26:00,BANKNIFTY,57500.0,2026-09-29,0.00541,1350.0,1350.0,662.5,400.0,-38.06,-438.06,-0.438,ran out of bars,bullish/calm
2026-08-14 14:28:00,2026-08-18 10:47:00,BANKNIFTY,57500.0,2026-09-29,0.00579,1227.05,1227.05,648.95,400.0,-20.94,-420.94,-0.421,ran out of bars,bullish/calm
2026-08-18 10:48:00,2026-08-19 14:13:00,BANKNIFTY,57500.0,2026-09-29,0.00615,1023.9,1023.9,767.7,400.0,32.88,-367.12,-0.367,ran out of bars,sideways/calm
2026-08-19 14:14:00,2026-08-21 10:21:00,BANKNIFTY,57500.0,2026-09-29,0.00608,958.0,958.0,795.9,400.0,122.23,-277.77,-0.278,ran out of bars,sideways/calm
2026-08-21 10:23:00,2026-08-24 12:52:00,BANKNIFTY,57500.0,2026-09-29,0.00488,1161.65,1161.65,581.4,400.0,-36.96,-436.96,-0.437,ran out of bars,sideways/calm
2026-08-24 12:53:00,2026-08-25 14:47:00,BANKNIFTY,57500.0,2026-09-29,0.00547,936.2,936.2,719.35,400.0,109.21,-290.79,-0.291,ran out of bars,sideways/normal
2026-08-25 14:48:00,2026-08-25 15:02:00,BANKNIFTY,57500.0,2026-09-29,0.00443,909.15,909.15,673.65,400.0,46.93,-353.07,-0.353,banked (remaining gap < exit cost),sideways/calm
2026-08-25 15:05:00,2026-08-26 09:15:00,BANKNIFTY,57500.0,2026-09-29,0.00414,915.05,915.05,679.5,400.0,388.38,-11.62,-0.012,banked (remaining gap < exit cost),sideways/calm
2026-07-31 13:40:00,2026-08-20 11:16:00,BANKNIFTY,57600.0,2026-09-29,0.00631,1326.4,1326.4,1052.4,400.0,126.84,-273.16,-0.273,ran out of bars,bullish/calm
2026-08-20 11:24:00,2026-08-24 13:35:00,BANKNIFTY,57600.0,2026-09-29,0.00519,1095.75,1095.75,637.1,400.0,-37.17,-437.17,-0.437,ran out of bars,sideways/calm
2026-08-24 13:36:00,2026-08-26 09:15:00,BANKNIFTY,57600.0,2026-09-29,0.00567,870.6,870.6,773.95,400.0,546.87,146.87,0.147,banked (remaining gap < exit cost),sideways/normal
2026-07-29 09:40:00,2026-08-20 14:38:00,BANKNIFTY,57700.0,2026-09-29,0.00633,1227.4,1227.4,1310.2,400.0,122.51,-277.49,-0.277,ran out of bars,bullish/calm
2026-08-20 15:05:00,2026-08-24 14:04:00,BANKNIFTY,57700.0,2026-09-29,0.00552,972.0,972.0,702.4,400.0,13.19,-386.81,-0.387,ran out of bars,sideways/calm
2026-08-24 14:05:00,2026-08-25 15:02:00,BANKNIFTY,57700.0,2026-09-29,0.00556,826.95,826.95,801.65,400.0,158.96,-241.04,-0.241,banked (remaining gap < exit cost),sideways/normal
2026-08-25 15:04:00,2026-08-26 09:15:00,BANKNIFTY,57700.0,2026-09-29,0.00443,807.95,807.95,765.4,400.0,440.26,40.26,0.04,banked (remaining gap < exit cost),sideways/calm
2026-07-29 13:10:00,2026-08-20 12:50:00,BANKNIFTY,57800.0,2026-09-29,0.00645,1225.0,1225.0,1270.5,400.0,103.87,-296.13,-0.296,ran out of bars,bullish/calm
2026-08-20 12:52:00,2026-08-24 15:10:00,BANKNIFTY,57800.0,2026-09-29,0.00507,1009.0,1009.0,675.95,400.0,2.59,-397.41,-0.397,ran out of bars,sideways/calm
2026-08-24 15:11:00,2026-08-25 15:01:00,BANKNIFTY,57800.0,2026-09-29,0.0053,780.5,780.5,830.0,400.0,131.33,-268.67,-0.269,banked (remaining gap < exit cost),sideways/normal
2026-08-25 15:05:00,2026-08-26 09:15:00,BANKNIFTY,57800.0,2026-09-29,0.00414,753.15,753.15,815.65,400.0,414.31,14.31,0.014,banked (remaining gap < exit cost),sideways/calm
2026-07-29 09:42:00,2026-08-21 15:05:00,BANKNIFTY,57900.0,2026-09-29,0.00777,1157.0,1157.0,1408.5,400.0,246.65,-153.35,-0.153,time exit (past the pair's own median time-to-close),bullish/calm
2026-08-21 15:17:00,2026-08-25 14:03:00,BANKNIFTY,57900.0,2026-09-29,0.00545,887.15,887.15,744.4,400.0,53.29,-346.71,-0.347,time exit (past the pair's own median time-to-close),sideways/calm
2026-08-25 14:11:00,2026-08-25 15:02:00,BANKNIFTY,57900.0,2026-09-29,0.00486,670.0,670.0,902.45,400.0,90.46,-309.54,-0.31,banked (remaining gap < exit cost),sideways/calm
2026-08-25 15:04:00,2026-08-26 09:15:00,BANKNIFTY,57900.0,2026-09-29,0.00438,704.05,704.05,863.15,400.0,431.71,31.71,0.032,banked (remaining gap < exit cost),sideways/calm
2026-07-07 10:41:00,2026-07-07 15:14:00,BANKNIFTY,58000.0,2026-09-29,0.01232,2260.0,2260.0,999.9,400.0,-12.17,-412.17,-0.412,stopped (gap widened beyond the pair's own wobble band),bullish/normal
2026-07-07 15:16:00,2026-07-08 09:15:00,BANKNIFTY,58000.0,2026-09-29,0.01216,2129.1,2129.1,1025.0,400.0,-195.01,-595.01,-0.595,stopped (gap widened beyond the pair's own wobble band),bullish/normal
2026-07-08 09:19:00,2026-07-08 09:30:00,BANKNIFTY,58000.0,2026-09-29,0.01178,1917.9,1917.9,1158.8,400.0,-70.2,-470.2,-0.47,stopped (gap widened beyond the pair's own wobble band),bearish/wild
2026-07-08 09:35:00,2026-07-08 09:39:00,BANKNIFTY,58000.0,2026-09-29,0.01245,1862.05,1862.05,1240.0,400.0,-113.39,-513.39,-0.513,stopped (gap widened beyond the pair's own wobble band),bearish/wild
2026-07-08 10:58:00,2026-07-08 13:48:00,BANKNIFTY,58000.0,2026-09-29,0.01293,2022.15,2022.15,1131.6,400.0,32.23,-367.77,-0.368,stopped (gap widened beyond the pair's own wobble band),bearish/wild
2026-07-08 13:51:00,2026-07-08 14:02:00,BANKNIFTY,58000.0,2026-09-29,0.01353,1805.3,1805.3,1340.0,400.0,32.34,-367.66,-0.368,stopped (gap widened beyond the pair's own wobble band),bearish/wild
2026-07-08 14:04:00,2026-07-08 14:05:00,BANKNIFTY,58000.0,2026-09-29,0.01329,1630.0,1630.0,1600.0,400.0,-50.17,-450.17,-0.45,stopped (gap widened beyond the pair's own wobble band),bearish/wild
2026-07-08 14:45:00,2026-07-08 14:46:00,BANKNIFTY,58000.0,2026-09-29,0.0143,1490.0,1490.0,1838.0,400.0,122.06,-277.94,-0.278,stopped (gap widened beyond the pair's own wobble band),bearish/wild
2026-07-08 14:50:00,2026-07-08 14:53:00,BANKNIFTY,58000.0,2026-09-29,0.01343,1443.15,1443.15,1900.0,400.0,48.62,-351.38,-0.351,stopped (gap widened beyond the pair's own wobble band),bearish/wild
2026-07-08 15:13:00,2026-07-08 15:21:00,BANKNIFTY,58000.0,2026-09-29,0.01346,1486.75,1486.75,1778.8,400.0,34.38,-365.62,-0.366,stopped (gap widened beyond the pair's own wobble band),bearish/wild
2026-07-09 09:19:00,2026-07-09 09:21:00,BANKNIFTY,58000.0,2026-09-29,0.01328,1666.6,1666.6,1481.7,400.0,-15.73,-415.73,-0.416,stopped (gap widened beyond the pair's own wobble band),sideways/normal
2026-07-09 09:23:00,2026-07-09 09:24:00,BANKNIFTY,58000.0,2026-09-29,0.01371,1646.7,1646.7,1471.25,400.0,31.03,-368.97,-0.369,stopped (gap widened beyond the pair's own wobble band),sideways/normal
2026-07-09 09:25:00,2026-07-09 09:26:00,BANKNIFTY,58000.0,2026-09-29,0.01347,1662.9,1662.9,1450.8,400.0,14.03,-385.97,-0.386,stopped (gap widened beyond the pair's own wobble band),sideways/normal
2026-07-09 09:28:00,2026-07-09 09:30:00,BANKNIFTY,58000.0,2026-09-29,0.01259,1652.65,1652.65,1496.6,400.0,-5.74,-405.74,-0.406,stopped (gap widened beyond the pair's own wobble band),sideways/normal
2026-07-09 09:31:00,2026-07-09 09:47:00,BANKNIFTY,58000.0,2026-09-29,0.01283,1640.0,1640.0,1537.7,400.0,-59.6,-459.6,-0.46,stopped (gap widened beyond the pair's own wobble band),sideways/normal
2026-07-09 10:01:00,2026-07-09 10:40:00,BANKNIFTY,58000.0,2026-09-29,0.01297,1681.6,1681.6,1414.35,400.0,-310.06,-710.06,-0.71,stopped (gap widened beyond the pair's own wobble band),sideways/normal
2026-07-09 10:42:00,2026-07-09 10:43:00,BANKNIFTY,58000.0,2026-09-29,0.01347,1769.0,1769.0,1350.75,400.0,42.19,-357.81,-0.358,stopped (gap widened beyond the pair's own wobble band),sideways/normal
2026-07-09 10:51:00,2026-07-09 10:57:00,BANKNIFTY,58000.0,2026-09-29,0.01322,1627.9,1627.9,1550.0,400.0,45.42,-354.58,-0.355,stopped (gap widened beyond the pair's own wobble band),sideways/normal
2026-07-09 12:04:00,2026-07-09 12:06:00,BANKNIFTY,58000.0,2026-09-29,0.01227,1701.0,1701.0,1429.2,400.0,-43.38,-443.38,-0.443,stopped (gap widened beyond the pair's own wobble band),sideways/normal
2026-07-09 12:09:00,2026-07-09 12:12:00,BANKNIFTY,58000.0,2026-09-29,0.01217,1660.1,1660.1,1451.8,400.0,-108.23,-508.23,-0.508,stopped (gap widened beyond the pair's own wobble band),sideways/normal
2026-07-09 13:37:00,2026-07-09 13:38:00,BANKNIFTY,58000.0,2026-09-29,0.01308,1750.0,1750.0,1395.65,400.0,54.67,-345.33,-0.345,stopped (gap widened beyond the pair's own wobble band),sideways/normal
2026-07-09 15:03:00,2026-07-09 15:06:00,BANKNIFTY,58000.0,2026-09-29,0.01167,1634.0,1634.0,1491.65,400.0,-189.28,-589.28,-0.589,stopped (gap widened beyond the pair's own wobble band),sideways/normal
2026-07-10 09:23:00,2026-07-10 11:10:00,BANKNIFTY,58000.0,2026-09-29,0.01266,1890.0,1890.0,1175.55,400.0,12.59,-387.41,-0.387,stopped (gap widened beyond the pair's own wobble band),bullish/calm
2026-07-13 09:17:00,2026-07-13 09:19:00,BANKNIFTY,58000.0,2026-09-29,0.01175,1720.05,1720.05,1280.0,400.0,-89.78,-489.78,-0.49,stopped (gap widened beyond the pair's own wobble band),bullish/wild
2026-07-13 09:21:00,2026-07-13 09:33:00,BANKNIFTY,58000.0,2026-09-29,0.01302,1720.0,1720.0,1313.0,400.0,-39.07,-439.07,-0.439,stopped (gap widened beyond the pair's own wobble band),bullish/wild
2026-07-13 09:37:00,2026-07-13 09:38:00,BANKNIFTY,58000.0,2026-09-29,0.01235,1780.05,1780.05,1231.5,400.0,-30.22,-430.22,-0.43,stopped (gap widened beyond the pair's own wobble band),bullish/wild
2026-07-13 09:51:00,2026-07-13 09:53:00,BANKNIFTY,58000.0,2026-09-29,0.01281,1875.0,1875.0,1169.95,400.0,36.43,-363.57,-0.364,stopped (gap widened beyond the pair's own wobble band),bullish/wild
2026-07-13 09:55:00,2026-07-13 10:10:00,BANKNIFTY,58000.0,2026-09-29,0.0123,1890.55,1890.55,1162.45,400.0,-69.1,-469.1,-0.469,stopped (gap widened beyond the pair's own wobble band),bullish/wild
2026-07-13 15:26:00,2026-07-13 15:28:00,BANKNIFTY,58000.0,2026-09-29,0.01265,2067.8,2067.8,1050.25,400.0,9.6,-390.4,-0.39,stopped (gap widened beyond the pair's own wobble band),bullish/wild
2026-07-14 09:17:00,2026-07-14 09:18:00,BANKNIFTY,58000.0,2026-09-29,0.01253,1829.3,1829.3,1214.4,400.0,-94.05,-494.05,-0.494,stopped (gap widened beyond the pair's own wobble band),sideways/calm
2026-07-14 09:23:00,2026-07-14 09:24:00,BANKNIFTY,58000.0,2026-09-29,0.01298,1837.95,1837.95,1222.55,400.0,17.16,-382.84,-0.383,stopped (gap widened beyond the pair's own wobble band),sideways/calm
2026-07-14 09:25:00,2026-07-14 09:26:00,BANKNIFTY,58000.0,2026-09-29,0.01338,1850.0,1850.0,1199.0,400.0,30.91,-369.09,-0.369,stopped (gap widened beyond the pair's own wobble band),sideways/calm
2026-07-14 09:34:00,2026-07-14 09:35:00,BANKNIFTY,58000.0,2026-09-29,0.013,1785.0,1785.0,1280.0,400.0,20.27,-379.73,-0.38,stopped (gap widened beyond the pair's own wobble band),sideways/calm
2026-07-14 09:40:00,2026-07-14 09:43:00,BANKNIFTY,58000.0,2026-09-29,0.01312,1692.4,1692.4,1351.45,400.0,14.33,-385.67,-0.386,stopped (gap widened beyond the pair's own wobble band),sideways/calm
2026-07-14 10:19:00,2026-07-14 10:45:00,BANKNIFTY,58000.0,2026-09-29,0.01342,1663.8,1663.8,1404.9,400.0,-29.64,-429.64,-0.43,stopped (gap widened beyond the pair's own wobble band),sideways/calm
2026-07-14 10:59:00,2026-07-14 11:10:00,BANKNIFTY,58000.0,2026-09-29,0.01303,1729.0,1729.0,1341.25,400.0,-18.85,-418.85,-0.419,stopped (gap widened beyond the pair's own wobble band),sideways/calm
2026-07-14 12:16:00,2026-07-14 12:24:00,BANKNIFTY,58000.0,2026-09-29,0.01343,1680.05,1680.05,1367.75,400.0,-3.74,-403.74,-0.404,stopped (gap widened beyond the pair's own wobble band),sideways/calm
2026-07-14 12:39:00,2026-07-14 12:41:00,BANKNIFTY,58000.0,2026-09-29,0.01311,1673.7,1673.7,1373.15,400.0,-4.19,-404.19,-0.404,stopped (gap widened beyond the pair's own wobble band),sideways/calm
2026-07-14 13:40:00,2026-07-14 13:42:00,BANKNIFTY,58000.0,2026-09-29,0.013,1631.9,1631.9,1441.5,400.0,-78.18,-478.18,-0.478,stopped (gap widened beyond the pair's own wobble band),sideways/calm
2026-07-14 13:45:00,2026-07-14 13:47:00,BANKNIFTY,58000.0,2026-09-29,0.01306,1657.8,1657.8,1410.0,400.0,-45.74,-445.74,-0.446,stopped (gap widened beyond the pair's own wobble band),sideways/calm
2026-07-14 13:50:00,2026-07-14 13:58:00,BANKNIFTY,58000.0,2026-09-29,0.01245,1655.1,1655.1,1432.4,400.0,-29.37,-429.37,-0.429,stopped (gap widened beyond the pair's own wobble band),sideways/calm
2026-07-14 14:52:00,2026-07-14 14:53:00,BANKNIFTY,58000.0,2026-09-29,0.01302,1638.85,1638.85,1433.6,400.0,-74.68,-474.68,-0.475,stopped (gap widened beyond the pair's own wobble band),sideways/calm
2026-07-14 15:05:00,2026-07-14 15:06:00,BANKNIFTY,58000.0,2026-09-29,0.01319,1701.85,1701.85,1346.4,400.0,-35.94,-435.94,-0.436,stopped (gap widened beyond the pair's own wobble band),sideways/calm
2026-07-14 15:07:00,2026-07-14 15:08:00,BANKNIFTY,58000.0,2026-09-29,0.01358,1721.35,1721.35,1316.65,400.0,24.9,-375.1,-0.375,stopped (gap widened beyond the pair's own wobble band),sideways/calm
2026-07-14 15:09:00,2026-07-14 15:10:00,BANKNIFTY,58000.0,2026-09-29,0.01374,1715.2,1715.2,1327.0,400.0,21.88,-378.12,-0.378,stopped (gap widened beyond the pair's own wobble band),sideways/calm
2026-07-14 15:11:00,2026-07-14 15:12:00,BANKNIFTY,58000.0,2026-09-29,0.01366,1710.6,1710.6,1319.6,400.0,47.25,-352.75,-0.353,stopped (gap widened beyond the pair's own wobble band),sideways/calm
2026-07-14 15:14:00,2026-07-14 15:15:00,BANKNIFTY,58000.0,2026-09-29,0.01341,1684.3,1684.3,1354.35,400.0,14.61,-385.39,-0.385,stopped (gap widened beyond the pair's own wobble band),sideways/calm
2026-07-14 15:16:00,2026-07-14 15:17:00,BANKNIFTY,58000.0,2026-09-29,0.0136,1677.0,1677.0,1366.05,400.0,11.56,-388.44,-0.388,stopped (gap widened beyond the pair's own wobble band),sideways/calm
2026-07-14 15:18:00,2026-07-14 15:21:00,BANKNIFTY,58000.0,2026-09-29,0.01299,1656.0,1656.0,1400.0,400.0,-67.83,-467.83,-0.468,stopped (gap widened beyond the pair's own wobble band),sideways/calm
2026-07-15 09:15:00,2026-07-15 09:18:00,BANKNIFTY,58000.0,2026-09-29,0.01336,1750.0,1750.0,1250.0,400.0,49.52,-350.48,-0.35,stopped (gap widened beyond the pair's own wobble band),sideways/normal
2026-07-15 09:21:00,2026-07-15 09:23:00,BANKNIFTY,58000.0,2026-09-29,0.01255,1918.0,1918.0,1130.4,400.0,-43.56,-443.56,-0.444,stopped (gap widened beyond the pair's own wobble band),sideways/normal
2026-07-15 09:25:00,2026-07-15 09:26:00,BANKNIFTY,58000.0,2026-09-29,0.01305,1927.9,1927.9,1101.25,400.0,6.46,-393.54,-0.394,stopped (gap widened beyond the pair's own wobble band),sideways/normal
2026-07-15 11:52:00,2026-07-15 12:15:00,BANKNIFTY,58000.0,2026-09-29,0.01278,1860.0,1860.0,1120.0,400.0,31.3,-368.7,-0.369,stopped (gap widened beyond the pair's own wobble band),sideways/normal
2026-07-15 13:09:00,2026-07-15 13:10:00,BANKNIFTY,58000.0,2026-09-29,0.01373,1700.0,1700.0,1300.0,400.0,64.57,-335.43,-0.335,stopped (gap widened beyond the pair's own wobble band),sideways/normal
2026-07-15 13:16:00,2026-07-15 13:21:00,BANKNIFTY,58000.0,2026-09-29,0.01306,1750.0,1750.0,1252.25,400.0,32.36,-367.64,-0.368,stopped (gap widened beyond the pair's own wobble band),sideways/normal
2026-07-15 15:24:00,2026-07-16 09:23:00,BANKNIFTY,58000.0,2026-09-29,0.01258,1795.0,1795.0,1200.05,400.0,-36.43,-436.43,-0.436,stopped (gap widened beyond the pair's own wobble band),sideways/normal
2026-07-16 09:24:00,2026-07-16 09:26:00,BANKNIFTY,58000.0,2026-09-29,0.01284,1805.0,1805.0,1173.55,400.0,-34.46,-434.46,-0.434,stopped (gap widened beyond the pair's own wobble band),sideways/calm
2026-07-16 10:28:00,2026-07-16 11:49:00,BANKNIFTY,58000.0,2026-09-29,0.01346,1760.9,1760.9,1180.5,400.0,98.47,-301.53,-0.302,stopped (gap widened beyond the pair's own wobble band),sideways/calm
2026-07-16 11:52:00,2026-07-16 12:06:00,BANKNIFTY,58000.0,2026-09-29,0.01249,1751.3,1751.3,1207.5,400.0,-24.63,-424.63,-0.425,stopped (gap widened beyond the pair's own wobble band),sideways/calm
2026-07-16 12:10:00,2026-07-16 12:11:00,BANKNIFTY,58000.0,2026-09-29,0.01259,1757.9,1757.9,1207.95,400.0,7.35,-392.65,-0.393,stopped (gap widened beyond the pair's own wobble band),sideways/calm
2026-07-16 12:27:00,2026-07-16 12:44:00,BANKNIFTY,58000.0,2026-09-29,0.01225,1770.9,1770.9,1195.2,400.0,-46.84,-446.84,-0.447,stopped (gap widened beyond the pair's own wobble band),sideways/calm
2026-07-16 12:48:00,2026-07-16 13:01:00,BANKNIFTY,58000.0,2026-09-29,0.01224,1732.0,1732.0,1217.35,400.0,-20.81,-420.81,-0.421,stopped (gap widened beyond the pair's own wobble band),sideways/calm
2026-07-16 13:05:00,2026-07-16 13:24:00,BANKNIFTY,58000.0,2026-09-29,0.01242,1725.05,1725.05,1224.75,400.0,-1.9,-401.9,-0.402,stopped (gap widened beyond the pair's own wobble band),sideways/calm
2026-07-16 13:30:00,2026-07-16 13:40:00,BANKNIFTY,58000.0,2026-09-29,0.01177,1682.6,1682.6,1270.15,400.0,-86.94,-486.94,-0.487,stopped (gap widened beyond the pair's own wobble band),sideways/calm
2026-07-16 13:41:00,2026-07-16 13:42:00,BANKNIFTY,58000.0,2026-09-29,0.0129,1675.2,1675.2,1311.0,400.0,-4.0,-404.0,-0.404,stopped (gap widened beyond the pair's own wobble band),sideways/calm
2026-07-16 13:44:00,2026-07-16 14:27:00,BANKNIFTY,58000.0,2026-09-29,0.01246,1645.4,1645.4,1310.15,400.0,-93.27,-493.27,-0.493,stopped (gap widened beyond the pair's own wobble band),sideways/calm
2026-07-16 14:42:00,2026-07-17 13:51:00,BANKNIFTY,58000.0,2026-09-29,0.01194,1671.2,1671.2,1218.75,400.0,-55.82,-455.82,-0.456,stopped (gap widened beyond the pair's own wobble band),sideways/calm
2026-07-17 14:14:00,2026-07-20 09:16:00,BANKNIFTY,58000.0,2026-09-29,0.01329,2020.0,2020.0,1000.0,400.0,22.74,-377.26,-0.377,stopped (gap widened beyond the pair's own wobble band),bullish/wild
2026-07-20 09:17:00,2026-07-20 09:18:00,BANKNIFTY,58000.0,2026-09-29,0.01237,1746.05,1746.05,1130.0,400.0,-6.49,-406.49,-0.406,stopped (gap widened beyond the pair's own wobble band),bullish/calm
2026-07-20 09:21:00,2026-07-20 09:22:00,BANKNIFTY,58000.0,2026-09-29,0.01245,1740.0,1740.0,1140.1,400.0,-16.59,-416.59,-0.417,stopped (gap widened beyond the pair's own wobble band),bullish/calm
2026-07-20 09:25:00,2026-07-20 09:27:00,BANKNIFTY,58000.0,2026-09-29,0.01254,1722.8,1722.8,1142.05,400.0,-32.25,-432.25,-0.432,stopped (gap widened beyond the pair's own wobble band),bullish/calm
2026-07-20 09:33:00,2026-07-20 09:40:00,BANKNIFTY,58000.0,2026-09-29,0.0126,1671.25,1671.25,1207.85,400.0,-17.67,-417.67,-0.418,stopped (gap widened beyond the pair's own wobble band),bullish/calm
2026-07-20 09:46:00,2026-07-20 09:47:00,BANKNIFTY,58000.0,2026-09-29,0.01199,1621.4,1621.4,1224.95,400.0,-50.69,-450.69,-0.451,stopped (gap widened beyond the pair's own wobble band),bullish/calm
2026-07-20 09:48:00,2026-07-20 09:55:00,BANKNIFTY,58000.0,2026-09-29,0.0122,1622.6,1622.6,1229.8,400.0,-42.12,-442.12,-0.442,stopped (gap widened beyond the pair's own wobble band),bullish/calm
2026-07-20 10:04:00,2026-07-20 10:58:00,BANKNIFTY,58000.0,2026-09-29,0.01267,1670.05,1670.05,1173.45,400.0,13.5,-386.5,-0.386,stopped (gap widened beyond the pair's own wobble band),bullish/calm
2026-07-20 11:20:00,2026-07-20 11:47:00,BANKNIFTY,58000.0,2026-09-29,0.01189,1649.55,1649.55,1181.05,400.0,-112.79,-512.79,-0.513,stopped (gap widened beyond the pair's own wobble band),bullish/calm
2026-07-20 11:52:00,2026-07-20 12:38:00,BANKNIFTY,58000.0,2026-09-29,0.0129,1672.05,1672.05,1183.85,400.0,30.22,-369.78,-0.37,stopped (gap widened beyond the pair's own wobble band),bullish/calm
2026-07-20 12:42:00,2026-07-20 12:48:00,BANKNIFTY,58000.0,2026-09-29,0.01208,1632.25,1632.25,1206.15,400.0,-64.64,-464.64,-0.465,stopped (gap widened beyond the pair's own wobble band),bullish/calm
2026-07-20 12:49:00,2026-07-20 12:50:00,BANKNIFTY,58000.0,2026-09-29,0.01228,1614.05,1614.05,1206.65,400.0,-85.77,-485.77,-0.486,stopped (gap widened beyond the pair's own wobble band),bullish/calm
2026-07-20 13:14:00,2026-07-21 09:25:00,BANKNIFTY,58000.0,2026-09-29,0.01116,1715.0,1715.0,1129.15,400.0,-129.27,-529.27,-0.529,stopped (gap widened beyond the pair's own wobble band),bullish/calm
2026-07-21 09:28:00,2026-07-21 09:44:00,BANKNIFTY,58000.0,2026-09-29,0.01201,1839.5,1839.5,976.0,400.0,-44.7,-444.7,-0.445,stopped (gap widened beyond the pair's own wobble band),bullish/calm
2026-07-21 09:46:00,2026-07-21 10:02:00,BANKNIFTY,58000.0,2026-09-29,0.01185,1818.15,1818.15,1009.3,400.0,-94.59,-494.59,-0.495,stopped (gap widened beyond the pair's own wobble band),bullish/calm
2026-07-21 10:24:00,2026-07-21 11:02:00,BANKNIFTY,58000.0,2026-09-29,0.01177,1780.8,1780.8,1022.6,400.0,-90.18,-490.18,-0.49,stopped (gap widened beyond the pair's own wobble band),bullish/calm
2026-07-21 11:03:00,2026-07-21 11:15:00,BANKNIFTY,58000.0,2026-09-29,0.01245,1790.1,1790.1,1044.35,400.0,-28.45,-428.45,-0.428,stopped (gap widened beyond the pair's own wobble band),bullish/calm
2026-07-21 11:16:00,2026-07-22 09:21:00,BANKNIFTY,58000.0,2026-09-29,0.01235,1777.65,1777.65,1057.95,400.0,-20.26,-420.26,-0.42,stopped (gap widened beyond the pair's own wobble band),bullish/calm
2026-07-22 09:23:00,2026-07-22 09:26:00,BANKNIFTY,58000.0,2026-09-29,0.01259,1480.0,1480.0,1248.0,400.0,-18.91,-418.91,-0.419,stopped (gap widened beyond the pair's own wobble band),sideways/normal
2026-07-22 09:28:00,2026-07-22 09:30:00,BANKNIFTY,58000.0,2026-09-29,0.01232,1455.7,1455.7,1290.0,400.0,-24.57,-424.57,-0.425,stopped (gap widened beyond the pair's own wobble band),sideways/normal
2026-07-22 09:31:00,2026-07-22 09:32:00,BANKNIFTY,58000.0,2026-09-29,0.01279,1427.65,1427.65,1311.05,400.0,27.9,-372.1,-0.372,stopped (gap widened beyond the pair's own wobble band),sideways/normal
2026-07-22 09:36:00,2026-07-22 09:41:00,BANKNIFTY,58000.0,2026-09-29,0.01251,1417.5,1417.5,1339.3,400.0,-55.77,-455.77,-0.456,stopped (gap widened beyond the pair's own wobble band),sideways/normal
2026-07-22 09:43:00,2026-07-22 09:48:00,BANKNIFTY,58000.0,2026-09-29,0.01224,1435.15,1435.15,1304.2,400.0,-19.18,-419.18,-0.419,stopped (gap widened beyond the pair's own wobble band),sideways/normal
2026-07-22 09:49:00,2026-07-22 09:50:00,BANKNIFTY,58000.0,2026-09-29,0.01276,1421.05,1421.05,1296.2,400.0,22.22,-377.78,-0.378,stopped (gap widened beyond the pair's own wobble band),sideways/normal
2026-07-22 09:52:00,2026-07-22 09:53:00,BANKNIFTY,58000.0,2026-09-29,0.01248,1419.6,1419.6,1304.05,400.0,-10.54,-410.54,-0.411,stopped (gap widened beyond the pair's own wobble band),sideways/normal
2026-07-22 09:55:00,2026-07-22 09:58:00,BANKNIFTY,58000.0,2026-09-29,0.01271,1414.65,1414.65,1319.55,400.0,29.38,-370.62,-0.371,stopped (gap widened beyond the pair's own wobble band),sideways/normal
2026-07-22 09:59:00,2026-07-22 10:16:00,BANKNIFTY,58000.0,2026-09-29,0.01171,1395.0,1395.0,1316.1,400.0,-99.52,-499.52,-0.5,stopped (gap widened beyond the pair's own wobble band),sideways/normal
2026-07-22 10:27:00,2026-07-22 10:42:00,BANKNIFTY,58000.0,2026-09-29,0.01312,1360.0,1360.0,1335.45,400.0,36.59,-363.41,-0.363,stopped (gap widened beyond the pair's own wobble band),sideways/normal
2026-07-22 10:56:00,2026-07-22 11:00:00,BANKNIFTY,58000.0,2026-09-29,0.0123,1372.65,1372.65,1338.95,400.0,-25.21,-425.21,-0.425,stopped (gap widened beyond the pair's own wobble band),sideways/normal
2026-07-22 11:03:00,2026-07-22 11:08:00,BANKNIFTY,58000.0,2026-09-29,0.01264,1370.0,1370.0,1323.75,400.0,0.27,-399.73,-0.4,stopped (gap widened beyond the pair's own wobble band),sideways/normal
2026-07-22 11:09:00,2026-07-22 11:11:00,BANKNIFTY,58000.0,2026-09-29,0.01215,1370.0,1370.0,1335.25,400.0,-33.67,-433.67,-0.434,stopped (gap widened beyond the pair's own wobble band),sideways/normal
2026-07-22 11:12:00,2026-07-22 11:14:00,BANKNIFTY,58000.0,2026-09-29,0.01212,1370.0,1370.0,1338.75,400.0,-39.43,-439.43,-0.439,stopped (gap widened beyond the pair's own wobble band),sideways/normal
2026-07-22 11:22:00,2026-07-22 11:43:00,BANKNIFTY,58000.0,2026-09-29,0.01251,1399.5,1399.5,1304.1,400.0,-18.42,-418.42,-0.418,stopped (gap widened beyond the pair's own wobble band),sideways/normal
2026-07-22 12:01:00,2026-07-22 12:02:00,BANKNIFTY,58000.0,2026-09-29,0.01212,1311.05,1311.05,1398.15,400.0,-34.36,-434.36,-0.434,stopped (gap widened beyond the pair's own wobble band),sideways/normal
2026-07-22 12:03:00,2026-07-22 12:15:00,BANKNIFTY,58000.0,2026-09-29,0.01305,1326.05,1326.05,1390.0,400.0,58.58,-341.42,-0.341,stopped (gap widened beyond the pair's own wobble band),sideways/normal
2026-07-22 12:16:00,2026-07-22 12:19:00,BANKNIFTY,58000.0,2026-09-29,0.01259,1295.1,1295.1,1410.0,400.0,1.29,-398.71,-0.399,stopped (gap widened beyond the pair's own wobble band),sideways/normal
2026-07-22 12:20:00,2026-07-22 12:21:00,BANKNIFTY,58000.0,2026-09-29,0.01289,1291.8,1291.8,1439.85,400.0,17.53,-382.47,-0.382,stopped (gap widened beyond the pair's own wobble band),sideways/normal
2026-07-22 12:35:00,2026-07-22 12:37:00,BANKNIFTY,58000.0,2026-09-29,0.01252,1274.0,1274.0,1467.0,400.0,-31.91,-431.91,-0.432,stopped (gap widened beyond the pair's own wobble band),sideways/normal
2026-07-22 12:40:00,2026-07-22 14:12:00,BANKNIFTY,58000.0,2026-09-29,0.01304,1270.75,1270.75,1450.15,400.0,16.82,-383.18,-0.383,stopped (gap widened beyond the pair's own wobble band),sideways/normal
2026-07-22 15:11:00,2026-07-22 15:12:00,BANKNIFTY,58000.0,2026-09-29,0.01198,1306.25,1306.25,1431.55,400.0,-56.56,-456.56,-0.457,stopped (gap widened beyond the pair's own wobble band),sideways/normal
2026-07-22 15:14:00,2026-07-22 15:19:00,BANKNIFTY,58000.0,2026-09-29,0.01267,1339.4,1339.4,1390.0,400.0,12.85,-387.15,-0.387,stopped (gap widened beyond the pair's own wobble band),sideways/normal
2026-07-22 15:28:00,2026-07-22 15:29:00,BANKNIFTY,58000.0,2026-09-29,0.01255,1298.95,1298.95,1396.4,400.0,-7.78,-407.78,-0.408,stopped (gap widened beyond the pair's own wobble band),sideways/normal
2026-07-23 09:19:00,2026-07-23 09:21:00,BANKNIFTY,58000.0,2026-09-29,0.01228,1150.0,1150.0,1517.75,400.0,-46.92,-446.92,-0.447,stopped (gap widened beyond the pair's own wobble band),bearish/normal
2026-07-23 09:22:00,2026-07-29 15:27:00,BANKNIFTY,58000.0,2026-09-29,0.01264,1200.0,1200.0,1476.05,400.0,637.02,237.02,0.237,ran out of bars,bearish/normal
2026-07-29 15:28:00,2026-08-04 14:19:00,BANKNIFTY,58000.0,2026-09-29,0.0062,1077.9,1077.9,1386.0,400.0,-21.1,-421.1,-0.421,ran out of bars,bullish/calm
2026-08-04 14:29:00,2026-08-07 12:13:00,BANKNIFTY,58000.0,2026-09-29,0.00643,1163.25,1163.25,1113.35,400.0,12.15,-387.85,-0.388,ran out of bars,bullish/wild
2026-08-07 12:14:00,2026-08-12 09:50:00,BANKNIFTY,58000.0,2026-09-29,0.00639,1251.75,1251.75,979.0,400.0,14.17,-385.83,-0.386,ran out of bars,bullish/calm
2026-08-12 09:51:00,2026-08-13 14:06:00,BANKNIFTY,58000.0,2026-09-29,0.00636,1104.45,1104.45,935.25,400.0,103.86,-296.14,-0.296,ran out of bars,bullish/normal
2026-08-13 14:08:00,2026-08-17 11:09:00,BANKNIFTY,58000.0,2026-09-29,0.00541,1050.1,1050.1,863.15,400.0,-59.61,-459.61,-0.46,ran out of bars,bullish/calm
2026-08-17 11:10:00,2026-08-18 14:30:00,BANKNIFTY,58000.0,2026-09-29,0.0062,738.65,738.65,1038.0,400.0,31.1,-368.9,-0.369,ran out of bars,sideways/calm
2026-08-18 14:31:00,2026-08-20 10:29:00,BANKNIFTY,58000.0,2026-09-29,0.00594,786.1,786.1,960.55,400.0,112.95,-287.05,-0.287,ran out of bars,sideways/calm
2026-08-20 10:30:00,2026-08-21 12:40:00,BANKNIFTY,58000.0,2026-09-29,0.00512,876.6,876.6,793.65,400.0,17.67,-382.33,-0.382,ran out of bars,sideways/calm
2026-08-21 12:41:00,2026-08-24 14:37:00,BANKNIFTY,58000.0,2026-09-29,0.00502,840.0,840.0,795.0,400.0,-19.63,-419.63,-0.42,ran out of bars,sideways/calm
2026-08-24 14:38:00,2026-08-25 15:02:00,BANKNIFTY,58000.0,2026-09-29,0.00512,683.6,683.6,933.4,400.0,123.77,-276.23,-0.276,banked (remaining gap < exit cost),sideways/normal
2026-08-25 15:04:00,2026-08-26 09:15:00,BANKNIFTY,58000.0,2026-09-29,0.00433,655.1,655.1,916.55,400.0,424.71,24.71,0.025,banked (remaining gap < exit cost),sideways/calm
2026-08-05 10:31:00,2026-08-18 14:38:00,BANKNIFTY,58100.0,2026-09-29,0.0065,1202.0,1202.0,1072.75,400.0,98.81,-301.19,-0.301,time exit (past the pair's own median time-to-close),bullish/normal
2026-08-18 14:40:00,2026-08-19 14:35:00,BANKNIFTY,58100.0,2026-09-29,0.0054,738.15,738.15,1090.45,400.0,161.15,-238.85,-0.239,banked (remaining gap < exit cost),sideways/calm
2026-08-20 09:17:00,2026-08-21 13:37:00,BANKNIFTY,58100.0,2026-09-29,0.00509,763.35,763.35,920.3,400.0,7.43,-392.57,-0.393,time exit (past the pair's own median time-to-close),sideways/calm
2026-08-21 14:32:00,2026-08-25 09:23:00,BANKNIFTY,58100.0,2026-09-29,0.00498,795.5,795.5,834.0,400.0,9.59,-390.41,-0.39,time exit (past the pair's own median time-to-close),sideways/calm
2026-08-25 09:26:00,2026-08-25 15:01:00,BANKNIFTY,58100.0,2026-09-29,0.00552,663.0,663.0,913.25,400.0,156.78,-243.22,-0.243,banked (remaining gap < exit cost),sideways/calm
2026-08-25 15:06:00,2026-08-26 09:15:00,BANKNIFTY,58100.0,2026-09-29,0.0051,611.95,611.95,965.0,400.0,509.32,109.32,0.109,banked (remaining gap < exit cost),sideways/calm
2026-07-29 10:10:00,2026-08-18 15:11:00,BANKNIFTY,58200.0,2026-09-29,0.00635,1010.0,1010.0,1491.55,400.0,45.93,-354.07,-0.354,time exit (past the pair's own median time-to-close),bullish/calm
2026-08-19 09:32:00,2026-08-19 14:35:00,BANKNIFTY,58200.0,2026-09-29,0.00614,587.55,587.55,1213.35,400.0,267.62,-132.38,-0.132,banked (remaining gap < exit cost),sideways/calm
2026-08-20 09:17:00,2026-08-24 09:31:00,BANKNIFTY,58200.0,2026-09-29,0.00519,722.1,722.1,972.55,400.0,-5.03,-405.03,-0.405,time exit (past the pair's own median time-to-close),sideways/calm
2026-08-24 09:32:00,2026-08-25 10:30:00,BANKNIFTY,58200.0,2026-09-29,0.00524,753.95,753.95,818.0,400.0,-23.22,-423.22,-0.423,time exit (past the pair's own median time-to-close),sideways/normal
2026-08-25 10:33:00,2026-08-25 14:52:00,BANKNIFTY,58200.0,2026-09-29,0.00477,590.1,590.1,1011.4,400.0,83.64,-316.36,-0.316,banked (remaining gap < exit cost),sideways/calm
2026-08-25 14:54:00,2026-08-25 15:02:00,BANKNIFTY,58200.0,2026-09-29,0.00429,570.3,570.3,1003.25,400.0,31.31,-368.69,-0.369,banked (remaining gap < exit cost),sideways/calm
2026-08-25 15:04:00,2026-08-26 09:15:00,BANKNIFTY,58200.0,2026-09-29,0.00432,560.45,560.45,1021.0,400.0,425.82,25.82,0.026,banked (remaining gap < exit cost),sideways/calm
2026-08-03 15:01:00,2026-08-21 15:39:00,BANKNIFTY,58300.0,2026-09-29,0.00585,1116.0,1116.0,1160.7,400.0,24.51,-375.49,-0.375,time exit (past the pair's own median time-to-close),bullish/wild
2026-08-24 09:16:00,2026-08-25 13:42:00,BANKNIFTY,58300.0,2026-09-29,0.00543,714.0,714.0,856.7,400.0,55.95,-344.05,-0.344,time exit (past the pair's own median time-to-close),sideways/normal
2026-08-25 14:00:00,2026-08-25 15:01:00,BANKNIFTY,58300.0,2026-09-29,0.00488,491.75,491.75,1108.0,400.0,93.2,-306.8,-0.307,banked (remaining gap < exit cost),sideways/calm
2026-08-25 15:12:00,2026-08-26 09:15:00,BANKNIFTY,58300.0,2026-09-29,0.00471,530.75,530.75,1053.7,400.0,464.53,64.53,0.065,banked (remaining gap < exit cost),sideways/calm
2026-07-29 09:27:00,2026-08-21 15:05:00,BANKNIFTY,58400.0,2026-09-29,0.00626,885.1,885.1,1684.25,400.0,79.8,-320.2,-0.32,time exit (past the pair's own median time-to-close),bullish/calm
2026-08-21 15:14:00,2026-08-26 09:15:00,BANKNIFTY,58400.0,2026-09-29,0.00512,632.0,632.0,1001.6,400.0,511.51,111.51,0.112,banked (remaining gap < exit cost),sideways/calm
2026-06-30 09:58:00,2026-06-30 10:22:00,BANKNIFTY,58500.0,2026-09-29,0.01859,1914.35,1914.35,1521.7,400.0,-36.93,-436.93,-0.437,stopped (gap widened beyond the pair's own wobble band),bullish/normal
2026-06-30 11:46:00,2026-06-30 11:49:00,BANKNIFTY,58500.0,2026-09-29,0.01922,1868.0,1868.0,1515.7,400.0,0.49,-399.51,-0.4,stopped (gap widened beyond the pair's own wobble band),bullish/normal
2026-06-30 13:23:00,2026-06-30 13:57:00,BANKNIFTY,58500.0,2026-09-29,0.01923,1800.0,1800.0,1560.1,400.0,-14.54,-414.54,-0.415,stopped (gap widened beyond the pair's own wobble band),bullish/normal
2026-06-30 14:03:00,2026-06-30 14:05:00,BANKNIFTY,58500.0,2026-09-29,0.01974,1781.0,1781.0,1600.0,400.0,-66.25,-466.25,-0.466,stopped (gap widened beyond the pair's own wobble band),bullish/normal
2026-06-30 15:09:00,2026-06-30 15:19:00,BANKNIFTY,58500.0,2026-09-29,0.01989,1760.0,1760.0,1570.0,400.0,60.11,-339.89,-0.34,stopped (gap widened beyond the pair's own wobble band),bullish/normal
2026-07-01 13:17:00,2026-07-01 13:36:00,BANKNIFTY,58500.0,2026-09-29,0.01143,1909.9,1909.9,1430.6,400.0,-127.42,-527.42,-0.527,stopped (gap widened beyond the pair's own wobble band),bullish/calm
2026-07-02 09:18:00,2026-07-02 14:15:00,BANKNIFTY,58500.0,2026-09-29,0.01216,2029.9,2029.9,1348.6,400.0,-150.8,-550.8,-0.551,stopped (gap widened beyond the pair's own wobble band),bullish/calm
2026-07-03 09:18:00,2026-07-03 09:20:00,BANKNIFTY,58500.0,2026-09-29,0.01337,1961.6,1961.6,1359.25,400.0,-25.82,-425.82,-0.426,stopped (gap widened beyond the pair's own wobble band),bullish/calm
2026-07-03 11:00:00,2026-07-03 11:18:00,BANKNIFTY,58500.0,2026-09-29,0.01156,1930.0,1930.0,1377.0,400.0,-167.46,-567.46,-0.567,stopped (gap widened beyond the pair's own wobble band),bullish/calm
2026-07-03 15:24:00,2026-07-03 15:27:00,BANKNIFTY,58500.0,2026-09-29,0.01293,1875.2,1875.2,1394.35,400.0,47.61,-352.39,-0.352,stopped (gap widened beyond the pair's own wobble band),bullish/calm
2026-07-06 09:16:00,2026-07-06 09:20:00,BANKNIFTY,58500.0,2026-09-29,0.01183,1972.0,1972.0,1260.0,400.0,-128.24,-528.24,-0.528,stopped (gap widened beyond the pair's own wobble band),bullish/normal
2026-07-06 09:25:00,2026-07-06 11:54:00,BANKNIFTY,58500.0,2026-09-29,0.01237,1944.95,1944.95,1268.7,400.0,-97.65,-497.65,-0.498,stopped (gap widened beyond the pair's own wobble band),bullish/normal
2026-07-06 12:20:00,2026-07-06 13:25:00,BANKNIFTY,58500.0,2026-09-29,0.01219,2050.0,2050.0,1197.55,400.0,-36.46,-436.46,-0.436,stopped (gap widened beyond the pair's own wobble band),bullish/normal
2026-07-07 10:24:00,2026-07-07 10:41:00,BANKNIFTY,58500.0,2026-09-29,0.01187,1961.0,1961.0,1177.0,400.0,-113.88,-513.88,-0.514,stopped (gap widened beyond the pair's own wobble band),bullish/normal
2026-07-07 10:48:00,2026-07-07 14:21:00,BANKNIFTY,58500.0,2026-09-29,0.01245,1981.85,1981.85,1165.0,400.0,-67.82,-467.82,-0.468,stopped (gap widened beyond the pair's own wobble band),bullish/normal
2026-07-08 09:21:00,2026-07-08 09:23:00,BANKNIFTY,58500.0,2026-09-29,0.01279,1699.6,1699.6,1377.0,400.0,-33.33,-433.33,-0.433,stopped (gap widened beyond the pair's own wobble band),bearish/wild
2026-07-08 09:24:00,2026-07-08 09:25:00,BANKNIFTY,58500.0,2026-09-29,0.01334,1659.85,1659.85,1419.0,400.0,71.29,-328.71,-0.329,stopped (gap widened beyond the pair's own wobble band),bearish/wild
2026-07-08 09:27:00,2026-07-08 09:30:00,BANKNIFTY,58500.0,2026-09-29,0.01291,1636.0,1636.0,1424.9,400.0,-92.38,-492.38,-0.492,stopped (gap widened beyond the pair's own wobble band),bearish/wild
2026-07-08 09:31:00,2026-07-08 10:31:00,BANKNIFTY,58500.0,2026-09-29,0.01295,1610.0,1610.0,1481.55,400.0,-0.89,-400.89,-0.401,stopped (gap widened beyond the pair's own wobble band),bearish/wild
2026-07-08 10:40:00,2026-07-08 11:03:00,BANKNIFTY,58500.0,2026-09-29,0.01285,1756.05,1756.05,1317.6,400.0,2.99,-397.01,-0.397,stopped (gap widened beyond the pair's own wobble band),bearish/wild
2026-07-08 12:08:00,2026-07-08 12:09:00,BANKNIFTY,58500.0,2026-09-29,0.01244,1640.55,1640.55,1404.9,400.0,-21.06,-421.06,-0.421,stopped (gap widened beyond the pair's own wobble band),bearish/wild
2026-07-08 12:25:00,2026-07-08 12:51:00,BANKNIFTY,58500.0,2026-09-29,0.01268,1615.2,1615.2,1421.5,400.0,4.92,-395.08,-0.395,stopped (gap widened beyond the pair's own wobble band),bearish/wild
2026-07-08 12:54:00,2026-07-08 12:55:00,BANKNIFTY,58500.0,2026-09-29,0.01295,1663.0,1663.0,1394.65,400.0,-52.31,-452.31,-0.452,stopped (gap widened beyond the pair's own wobble band),bearish/wild
2026-07-08 13:52:00,2026-07-08 13:53:00,BANKNIFTY,58500.0,2026-09-29,0.01347,1521.4,1521.4,1597.55,400.0,95.24,-304.76,-0.305,stopped (gap widened beyond the pair's own wobble band),bearish/wild
2026-07-08 13:57:00,2026-07-08 13:58:00,BANKNIFTY,58500.0,2026-09-29,0.01255,1466.4,1466.4,1725.4,400.0,-106.43,-506.43,-0.506,stopped (gap widened beyond the pair's own wobble band),bearish/wild
2026-07-08 13:59:00,2026-07-08 14:02:00,BANKNIFTY,58500.0,2026-09-29,0.01392,1446.4,1446.4,1777.35,400.0,134.57,-265.43,-0.265,stopped (gap widened beyond the pair's own wobble band),bearish/wild
2026-07-08 14:05:00,2026-07-08 14:06:00,BANKNIFTY,58500.0,2026-09-29,0.01389,1368.75,1368.75,1883.9,400.0,63.96,-336.04,-0.336,stopped (gap widened beyond the pair's own wobble band),bearish/wild
2026-07-08 14:09:00,2026-07-08 14:11:00,BANKNIFTY,58500.0,2026-09-29,0.01375,1351.6,1351.6,1944.1,400.0,41.39,-358.61,-0.359,stopped (gap widened beyond the pair's own wobble band),bearish/wild
2026-07-08 14:32:00,2026-07-08 14:33:00,BANKNIFTY,58500.0,2026-09-29,0.01301,1314.45,1314.45,2081.0,400.0,-35.43,-435.43,-0.435,stopped (gap widened beyond the pair's own wobble band),bearish/wild
2026-07-08 14:45:00,2026-07-08 14:57:00,BANKNIFTY,58500.0,2026-09-29,0.0133,1277.4,1277.4,2174.85,400.0,-190.8,-590.8,-0.591,stopped (gap widened beyond the pair's own wobble band),bearish/wild
2026-07-08 15:04:00,2026-07-08 15:05:00,BANKNIFTY,58500.0,2026-09-29,0.01322,1270.0,1270.0,2094.1,400.0,-55.7,-455.7,-0.456,stopped (gap widened beyond the pair's own wobble band),bearish/wild
2026-07-08 15:08:00,2026-07-08 15:10:00,BANKNIFTY,58500.0,2026-09-29,0.01361,1279.3,1279.3,2045.9,400.0,18.38,-381.62,-0.382,stopped (gap widened beyond the pair's own wobble band),bearish/wild
2026-07-08 15:13:00,2026-07-08 15:15:00,BANKNIFTY,58500.0,2026-09-29,0.01393,1262.1,1262.1,2019.75,400.0,82.56,-317.44,-0.317,stopped (gap widened beyond the pair's own wobble band),bearish/wild
2026-07-08 15:16:00,2026-07-08 15:17:00,BANKNIFTY,58500.0,2026-09-29,0.01358,1297.35,1297.35,2031.2,400.0,-6.95,-406.95,-0.407,stopped (gap widened beyond the pair's own wobble band),bearish/wild
2026-07-08 15:18:00,2026-07-08 15:28:00,BANKNIFTY,58500.0,2026-09-29,0.01267,1310.0,1310.0,2040.6,400.0,-100.68,-500.68,-0.501,stopped (gap widened beyond the pair's own wobble band),bearish/wild
2026-07-09 09:16:00,2026-07-09 09:17:00,BANKNIFTY,58500.0,2026-09-29,0.01458,1428.45,1428.45,1765.9,400.0,115.79,-284.21,-0.284,stopped (gap widened beyond the pair's own wobble band),sideways/normal
2026-07-09 09:18:00,2026-07-09 09:19:00,BANKNIFTY,58500.0,2026-09-29,0.01469,1444.9,1444.9,1711.35,400.0,105.12,-294.88,-0.295,stopped (gap widened beyond the pair's own wobble band),sideways/normal
2026-07-09 09:20:00,2026-07-09 09:21:00,BANKNIFTY,58500.0,2026-09-29,0.01371,1426.1,1426.1,1713.0,400.0,13.16,-386.84,-0.387,stopped (gap widened beyond the pair's own wobble band),sideways/normal
2026-07-09 09:22:00,2026-07-09 09:23:00,BANKNIFTY,58500.0,2026-09-29,0.01403,1403.95,1403.95,1758.65,400.0,20.6,-379.4,-0.379,stopped (gap widened beyond the pair's own wobble band),sideways/normal
2026-07-09 09:24:00,2026-07-09 09:25:00,BANKNIFTY,58500.0,2026-09-29,0.01382,1436.3,1436.3,1704.0,400.0,55.1,-344.9,-0.345,stopped (gap widened beyond the pair's own wobble band),sideways/normal
2026-07-09 09:28:00,2026-07-09 09:33:00,BANKNIFTY,58500.0,2026-09-29,0.0117,1383.95,1383.95,1771.45,400.0,-162.58,-562.58,-0.563,stopped (gap widened beyond the pair's own wobble band),sideways/normal
2026-07-09 09:40:00,2026-07-09 09:41:00,BANKNIFTY,58500.0,2026-09-29,0.01383,1429.45,1429.45,1706.0,400.0,84.78,-315.22,-0.315,stopped (gap widened beyond the pair's own wobble band),sideways/normal
2026-07-09 09:42:00,2026-07-09 09:43:00,BANKNIFTY,58500.0,2026-09-29,0.01304,1393.55,1393.55,1739.0,400.0,-32.76,-432.76,-0.433,stopped (gap widened beyond the pair's own wobble band),sideways/normal
2026-07-09 09:46:00,2026-07-09 09:52:00,BANKNIFTY,58500.0,2026-09-29,0.01279,1423.05,1423.05,1722.85,400.0,-37.3,-437.3,-0.437,stopped (gap widened beyond the pair's own wobble band),sideways/normal
2026-07-09 10:11:00,2026-07-09 10:20:00,BANKNIFTY,58500.0,2026-09-29,0.0132,1447.9,1447.9,1680.0,400.0,62.16,-337.84,-0.338,stopped (gap widened beyond the pair's own wobble band),sideways/normal
2026-07-09 10:30:00,2026-07-09 10:33:00,BANKNIFTY,58500.0,2026-09-29,0.01295,1387.7,1387.7,1752.4,400.0,2.22,-397.78,-0.398,stopped (gap widened beyond the pair's own wobble band),sideways/normal
2026-07-09 10:40:00,2026-07-09 10:41:00,BANKNIFTY,58500.0,2026-09-29,0.01498,1368.8,1368.8,1622.95,400.0,208.35,-191.65,-0.192,stopped (gap widened beyond the pair's own wobble band),sideways/normal
2026-07-09 10:42:00,2026-07-09 10:47:00,BANKNIFTY,58500.0,2026-09-29,0.01273,1502.55,1502.55,1619.4,400.0,-1.27,-401.27,-0.401,stopped (gap widened beyond the pair's own wobble band),sideways/normal
2026-07-09 10:48:00,2026-07-09 10:50:00,BANKNIFTY,58500.0,2026-09-29,0.01318,1392.0,1392.0,1796.65,400.0,41.5,-358.5,-0.359,stopped (gap widened beyond the pair's own wobble band),sideways/normal
2026-07-09 10:51:00,2026-07-09 10:59:00,BANKNIFTY,58500.0,2026-09-29,0.0125,1339.5,1339.5,1795.85,400.0,-137.76,-537.76,-0.538,stopped (gap widened beyond the pair's own wobble band),sideways/normal
2026-07-09 11:26:00,2026-07-09 11:28:00,BANKNIFTY,58500.0,2026-09-29,0.01356,1500.3,1500.3,1616.4,400.0,74.74,-325.26,-0.325,stopped (gap widened beyond the pair's own wobble band),sideways/normal
2026-07-09 11:29:00,2026-07-09 15:09:00,BANKNIFTY,58500.0,2026-09-29,0.01281,1515.7,1515.7,1609.95,400.0,-6.09,-406.09,-0.406,stopped (gap widened beyond the pair's own wobble band),sideways/normal
2026-07-09 15:19:00,2026-07-09 15:22:00,BANKNIFTY,58500.0,2026-09-29,0.01335,1434.55,1434.55,1657.1,400.0,6.49,-393.51,-0.394,stopped (gap widened beyond the pair's own wobble band),sideways/normal
2026-07-10 09:17:00,2026-07-10 09:18:00,BANKNIFTY,58500.0,2026-09-29,0.01246,1615.05,1615.05,1441.5,400.0,-49.83,-449.83,-0.45,stopped (gap widened beyond the pair's own wobble band),bullish/calm
2026-07-10 09:23:00,2026-07-10 09:24:00,BANKNIFTY,58500.0,2026-09-29,0.01285,1624.4,1624.4,1391.9,400.0,27.85,-372.15,-0.372,stopped (gap widened beyond the pair's own wobble band),bullish/calm
2026-07-10 09:25:00,2026-07-10 09:26:00,BANKNIFTY,58500.0,2026-09-29,0.01297,1619.45,1619.45,1408.7,400.0,-13.93,-413.93,-0.414,stopped (gap widened beyond the pair's own wobble band),bullish/calm
2026-07-10 09:27:00,2026-07-10 09:29:00,BANKNIFTY,58500.0,2026-09-29,0.0128,1625.15,1625.15,1395.45,400.0,38.14,-361.86,-0.362,stopped (gap widened beyond the pair's own wobble band),bullish/calm
2026-07-10 09:30:00,2026-07-10 09:31:00,BANKNIFTY,58500.0,2026-09-29,0.01258,1632.25,1632.25,1395.65,400.0,-13.51,-413.51,-0.414,stopped (gap widened beyond the pair's own wobble band),bullish/calm
2026-07-10 09:32:00,2026-07-10 09:35:00,BANKNIFTY,58500.0,2026-09-29,0.01287,1640.8,1640.8,1387.3,400.0,-39.57,-439.57,-0.44,stopped (gap widened beyond the pair's own wobble band),bullish/calm
2026-07-10 10:15:00,2026-07-10 12:44:00,BANKNIFTY,58500.0,2026-09-29,0.0124,1676.4,1676.4,1369.95,400.0,-0.83,-400.83,-0.401,stopped (gap widened beyond the pair's own wobble band),bullish/calm
2026-07-10 12:51:00,2026-07-10 12:54:00,BANKNIFTY,58500.0,2026-09-29,0.01173,1667.75,1667.75,1334.5,400.0,-90.31,-490.31,-0.49,stopped (gap widened beyond the pair's own wobble band),bullish/calm
2026-07-10 13:46:00,2026-07-10 14:05:00,BANKNIFTY,58500.0,2026-09-29,0.01233,1750.0,1750.0,1285.0,400.0,-6.79,-406.79,-0.407,stopped (gap widened beyond the pair's own wobble band),bullish/calm
2026-07-10 15:27:00,2026-07-13 09:16:00,BANKNIFTY,58500.0,2026-09-29,0.01275,1720.0,1720.0,1253.9,400.0,-56.6,-456.6,-0.457,stopped (gap widened beyond the pair's own wobble band),bullish/calm
2026-07-13 09:17:00,2026-07-13 09:19:00,BANKNIFTY,58500.0,2026-09-29,0.01299,1513.65,1513.65,1494.9,400.0,-51.03,-451.03,-0.451,stopped (gap widened beyond the pair's own wobble band),bullish/wild
2026-07-13 09:21:00,2026-07-13 09:28:00,BANKNIFTY,58500.0,2026-09-29,0.01372,1478.6,1478.6,1524.0,400.0,95.35,-304.65,-0.305,stopped (gap widened beyond the pair's own wobble band),bullish/wild
2026-07-13 09:51:00,2026-07-13 09:54:00,BANKNIFTY,58500.0,2026-09-29,0.01265,1598.15,1598.15,1395.35,400.0,-16.52,-416.52,-0.417,stopped (gap widened beyond the pair's own wobble band),bullish/wild
2026-07-13 09:59:00,2026-07-13 10:12:00,BANKNIFTY,58500.0,2026-09-29,0.0126,1614.55,1614.55,1374.6,400.0,-28.51,-428.51,-0.429,stopped (gap widened beyond the pair's own wobble band),bullish/wild
2026-07-13 14:15:00,2026-07-13 14:17:00,BANKNIFTY,58500.0,2026-09-29,0.01255,1775.0,1775.0,1269.5,400.0,-61.41,-461.41,-0.461,stopped (gap widened beyond the pair's own wobble band),bullish/wild
2026-07-13 14:19:00,2026-07-13 14:22:00,BANKNIFTY,58500.0,2026-09-29,0.01272,1800.0,1800.0,1226.0,400.0,-14.61,-414.61,-0.415,stopped (gap widened beyond the pair's own wobble band),bullish/wild
2026-07-13 14:51:00,2026-07-13 15:03:00,BANKNIFTY,58500.0,2026-09-29,0.01323,1819.95,1819.95,1223.6,400.0,60.36,-339.64,-0.34,stopped (gap widened beyond the pair's own wobble band),bullish/wild
2026-07-14 09:22:00,2026-07-14 09:25:00,BANKNIFTY,58500.0,2026-09-29,0.013,1582.4,1582.4,1436.55,400.0,-19.77,-419.77,-0.42,stopped (gap widened beyond the pair's own wobble band),sideways/calm
2026-07-14 09:53:00,2026-07-14 10:18:00,BANKNIFTY,58500.0,2026-09-29,0.0143,1451.2,1451.2,1580.0,400.0,95.08,-304.92,-0.305,stopped (gap widened beyond the pair's own wobble band),sideways/calm
2026-07-14 11:14:00,2026-07-14 11:15:00,BANKNIFTY,58500.0,2026-09-29,0.01318,1508.0,1508.0,1512.5,400.0,11.79,-388.21,-0.388,stopped (gap widened beyond the pair's own wobble band),sideways/calm
2026-07-14 11:16:00,2026-07-14 11:41:00,BANKNIFTY,58500.0,2026-09-29,0.0136,1492.25,1492.25,1518.35,400.0,-9.46,-409.46,-0.409,stopped (gap widened beyond the pair's own wobble band),sideways/calm
2026-07-14 14:12:00,2026-07-14 14:36:00,BANKNIFTY,58500.0,2026-09-29,0.01326,1415.0,1415.0,1611.2,400.0,1.39,-398.61,-0.399,stopped (gap widened beyond the pair's own wobble band),sideways/calm
2026-07-14 15:03:00,2026-07-14 15:04:00,BANKNIFTY,58500.0,2026-09-29,0.01366,1453.1,1453.1,1570.1,400.0,-0.61,-400.61,-0.401,stopped (gap widened beyond the pair's own wobble band),sideways/calm
2026-07-14 15:05:00,2026-07-14 15:06:00,BANKNIFTY,58500.0,2026-09-29,0.01368,1457.0,1457.0,1567.0,400.0,-23.71,-423.71,-0.424,stopped (gap widened beyond the pair's own wobble band),sideways/calm
2026-07-14 15:08:00,2026-07-15 09:16:00,BANKNIFTY,58500.0,2026-09-29,0.01237,1406.9,1406.9,1560.4,400.0,-84.44,-484.44,-0.484,stopped (gap widened beyond the pair's own wobble band),sideways/calm
2026-07-15 09:17:00,2026-07-15 09:18:00,BANKNIFTY,58500.0,2026-09-29,0.01327,1571.3,1571.3,1404.25,400.0,11.3,-388.7,-0.389,stopped (gap widened beyond the pair's own wobble band),sideways/normal
2026-07-15 09:19:00,2026-07-15 09:20:00,BANKNIFTY,58500.0,2026-09-29,0.01349,1596.7,1596.7,1348.3,400.0,8.54,-391.46,-0.391,stopped (gap widened beyond the pair's own wobble band),sideways/normal
2026-07-15 09:21:00,2026-07-15 09:22:00,BANKNIFTY,58500.0,2026-09-29,0.01311,1647.85,1647.85,1320.85,400.0,-3.27,-403.27,-0.403,stopped (gap widened beyond the pair's own wobble band),sideways/normal
2026-07-15 09:23:00,2026-07-15 09:24:00,BANKNIFTY,58500.0,2026-09-29,0.01327,1649.95,1649.95,1333.15,400.0,4.92,-395.08,-0.395,stopped (gap widened beyond the pair's own wobble band),sideways/normal
2026-07-15 09:25:00,2026-07-15 09:27:00,BANKNIFTY,58500.0,2026-09-29,0.01299,1650.3,1650.3,1320.2,400.0,-16.64,-416.64,-0.417,stopped (gap widened beyond the pair's own wobble band),sideways/normal
2026-07-15 09:28:00,2026-07-15 09:40:00,BANKNIFTY,58500.0,2026-09-29,0.01359,1692.0,1692.0,1298.05,400.0,69.64,-330.36,-0.33,stopped (gap widened beyond the pair's own wobble band),sideways/normal
2026-07-15 13:11:00,2026-07-15 13:17:00,BANKNIFTY,58500.0,2026-09-29,0.0143,1531.7,1531.7,1555.6,400.0,95.92,-304.08,-0.304,stopped (gap widened beyond the pair's own wobble band),sideways/normal
2026-07-15 13:23:00,2026-07-15 13:25:00,BANKNIFTY,58500.0,2026-09-29,0.01257,1505.9,1505.9,1461.75,400.0,6.76,-393.24,-0.393,stopped (gap widened beyond the pair's own wobble band),sideways/normal
2026-07-15 15:28:00,2026-07-16 09:19:00,BANKNIFTY,58500.0,2026-09-29,0.01294,1538.1,1538.1,1411.0,400.0,28.59,-371.41,-0.371,stopped (gap widened beyond the pair's own wobble band),sideways/normal
2026-07-16 09:20:00,2026-07-16 09:21:00,BANKNIFTY,58500.0,2026-09-29,0.01276,1564.15,1564.15,1376.8,400.0,-8.49,-408.49,-0.408,stopped (gap widened beyond the pair's own wobble band),sideways/calm
2026-07-16 09:37:00,2026-07-16 11:06:00,BANKNIFTY,58500.0,2026-09-29,0.01288,1547.9,1547.9,1415.0,400.0,18.78,-381.22,-0.381,stopped (gap widened beyond the pair's own wobble band),sideways/calm
2026-07-16 11:07:00,2026-07-16 11:08:00,BANKNIFTY,58500.0,2026-09-29,0.01275,1547.55,1547.55,1376.55,400.0,19.0,-381.0,-0.381,stopped (gap widened beyond the pair's own wobble band),sideways/calm
2026-07-16 11:09:00,2026-07-16 12:18:00,BANKNIFTY,58500.0,2026-09-29,0.01238,1545.4,1545.4,1380.85,400.0,-22.8,-422.8,-0.423,stopped (gap widened beyond the pair's own wobble band),sideways/calm
2026-07-16 12:20:00,2026-07-16 12:21:00,BANKNIFTY,58500.0,2026-09-29,0.01262,1489.65,1489.65,1420.85,400.0,10.2,-389.8,-0.39,stopped (gap widened beyond the pair's own wobble band),sideways/calm
2026-07-16 12:23:00,2026-07-16 12:24:00,BANKNIFTY,58500.0,2026-09-29,0.01259,1479.85,1479.85,1431.85,400.0,-63.4,-463.4,-0.463,stopped (gap widened beyond the pair's own wobble band),sideways/calm
2026-07-16 12:52:00,2026-07-16 12:58:00,BANKNIFTY,58500.0,2026-09-29,0.0128,1473.05,1473.05,1445.8,400.0,12.29,-387.71,-0.388,stopped (gap widened beyond the pair's own wobble band),sideways/calm
2026-07-16 12:59:00,2026-07-16 13:33:00,BANKNIFTY,58500.0,2026-09-29,0.0123,1462.1,1462.1,1461.0,400.0,-47.17,-447.17,-0.447,stopped (gap widened beyond the pair's own wobble band),sideways/calm
2026-07-16 13:39:00,2026-07-16 13:41:00,BANKNIFTY,58500.0,2026-09-29,0.01239,1409.95,1409.95,1546.95,400.0,-50.65,-450.65,-0.451,stopped (gap widened beyond the pair's own wobble band),sideways/calm
2026-07-16 13:44:00,2026-07-16 13:47:00,BANKNIFTY,58500.0,2026-09-29,0.01251,1394.0,1394.0,1549.75,400.0,-9.65,-409.65,-0.41,stopped (gap widened beyond the pair's own wobble band),sideways/calm
2026-07-16 13:48:00,2026-07-16 13:49:00,BANKNIFTY,58500.0,2026-09-29,0.01259,1400.95,1400.95,1539.5,400.0,1.03,-398.97,-0.399,stopped (gap widened beyond the pair's own wobble band),sideways/calm
2026-07-16 13:50:00,2026-07-16 13:53:00,BANKNIFTY,58500.0,2026-09-29,0.01232,1410.85,1410.85,1522.6,400.0,-19.78,-419.78,-0.42,stopped (gap widened beyond the pair's own wobble band),sideways/calm
2026-07-16 13:55:00,2026-07-16 13:59:00,BANKNIFTY,58500.0,2026-09-29,0.01252,1440.0,1440.0,1508.4,400.0,6.64,-393.36,-0.393,stopped (gap widened beyond the pair's own wobble band),sideways/calm
2026-07-16 14:28:00,2026-07-16 14:30:00,BANKNIFTY,58500.0,2026-09-29,0.01217,1421.45,1421.45,1513.35,400.0,-65.52,-465.52,-0.466,stopped (gap widened beyond the pair's own wobble band),sideways/calm
2026-07-16 14:32:00,2026-07-16 14:53:00,BANKNIFTY,58500.0,2026-09-29,0.01226,1430.7,1430.7,1486.45,400.0,-15.54,-415.54,-0.416,stopped (gap widened beyond the pair's own wobble band),sideways/calm
2026-07-16 14:54:00,2026-07-17 15:05:00,BANKNIFTY,58500.0,2026-09-29,0.01291,1459.05,1459.05,1461.0,400.0,21.81,-378.19,-0.378,stopped (gap widened beyond the pair's own wobble band),sideways/calm
2026-07-17 15:14:00,2026-07-20 09:15:00,BANKNIFTY,58500.0,2026-09-29,0.012,1830.0,1830.0,1150.7,400.0,-104.15,-504.15,-0.504,stopped (gap widened beyond the pair's own wobble band),bullish/wild
2026-07-20 09:16:00,2026-07-20 09:20:00,BANKNIFTY,58500.0,2026-09-29,0.01211,1451.5,1451.5,1365.0,400.0,-48.29,-448.29,-0.448,stopped (gap widened beyond the pair's own wobble band),bullish/calm
2026-07-20 09:49:00,2026-07-20 10:14:00,BANKNIFTY,58500.0,2026-09-29,0.01255,1382.0,1382.0,1450.0,400.0,-53.24,-453.24,-0.453,stopped (gap widened beyond the pair's own wobble band),bullish/calm
2026-07-20 10:15:00,2026-07-20 10:21:00,BANKNIFTY,58500.0,2026-09-29,0.01297,1433.65,1433.65,1391.25,400.0,33.41,-366.59,-0.367,stopped (gap widened beyond the pair's own wobble band),bullish/calm
2026-07-20 10:57:00,2026-07-20 11:31:00,BANKNIFTY,58500.0,2026-09-29,0.01235,1400.7,1400.7,1402.9,400.0,-7.96,-407.96,-0.408,stopped (gap widened beyond the pair's own wobble band),bullish/calm
2026-07-20 11:35:00,2026-07-20 11:45:00,BANKNIFTY,58500.0,2026-09-29,0.01284,1392.9,1392.9,1390.8,400.0,26.75,-373.25,-0.373,stopped (gap widened beyond the pair's own wobble band),bullish/calm
2026-07-20 11:47:00,2026-07-20 12:08:00,BANKNIFTY,58500.0,2026-09-29,0.01283,1391.15,1391.15,1400.0,400.0,43.21,-356.79,-0.357,stopped (gap widened beyond the pair's own wobble band),bullish/calm
2026-07-20 12:09:00,2026-07-20 12:24:00,BANKNIFTY,58500.0,2026-09-29,0.01287,1387.55,1387.55,1384.75,400.0,37.14,-362.86,-0.363,stopped (gap widened beyond the pair's own wobble band),bullish/calm
2026-07-20 12:40:00,2026-07-20 12:47:00,BANKNIFTY,58500.0,2026-09-29,0.01193,1377.7,1377.7,1431.6,400.0,-49.25,-449.25,-0.449,stopped (gap widened beyond the pair's own wobble band),bullish/calm
2026-07-20 12:49:00,2026-07-20 13:17:00,BANKNIFTY,58500.0,2026-09-29,0.01258,1389.6,1389.6,1458.75,400.0,-57.16,-457.16,-0.457,stopped (gap widened beyond the pair's own wobble band),bullish/calm
2026-07-20 13:23:00,2026-07-20 13:53:00,BANKNIFTY,58500.0,2026-09-29,0.01217,1503.6,1503.6,1280.0,400.0,-22.94,-422.94,-0.423,stopped (gap widened beyond the pair's own wobble band),bullish/calm
2026-07-20 13:54:00,2026-07-20 13:55:00,BANKNIFTY,58500.0,2026-09-29,0.01215,1520.0,1520.0,1260.15,400.0,-37.73,-437.73,-0.438,stopped (gap widened beyond the pair's own wobble band),bullish/calm
2026-07-20 14:01:00,2026-07-20 14:16:00,BANKNIFTY,58500.0,2026-09-29,0.01204,1550.0,1550.0,1225.5,400.0,-38.54,-438.54,-0.439,stopped (gap widened beyond the pair's own wobble band),bullish/calm
2026-07-20 14:17:00,2026-07-20 14:42:00,BANKNIFTY,58500.0,2026-09-29,0.01182,1554.1,1554.1,1215.3,400.0,-72.57,-472.57,-0.473,stopped (gap widened beyond the pair's own wobble band),bullish/calm
2026-07-20 14:43:00,2026-07-21 09:17:00,BANKNIFTY,58500.0,2026-09-29,0.01187,1536.95,1536.95,1231.3,400.0,-88.77,-488.77,-0.489,stopped (gap widened beyond the pair's own wobble band),bullish/calm
2026-07-21 09:19:00,2026-07-21 15:15:00,BANKNIFTY,58500.0,2026-09-29,0.01128,1567.0,1567.0,1141.7,400.0,-121.48,-521.48,-0.521,stopped (gap widened beyond the pair's own wobble band),bullish/calm
2026-07-21 15:29:00,2026-07-22 09:18:00,BANKNIFTY,58500.0,2026-09-29,0.0121,1453.25,1453.25,1280.05,400.0,-34.84,-434.84,-0.435,stopped (gap widened beyond the pair's own wobble band),bullish/calm
2026-07-22 09:19:00,2026-07-22 09:28:00,BANKNIFTY,58500.0,2026-09-29,0.01231,1250.05,1250.05,1460.55,400.0,-23.26,-423.26,-0.423,stopped (gap widened beyond the pair's own wobble band),sideways/normal
2026-07-22 09:31:00,2026-07-22 09:34:00,BANKNIFTY,58500.0,2026-09-29,0.01306,1198.75,1198.75,1560.45,400.0,3.49,-396.51,-0.397,stopped (gap widened beyond the pair's own wobble band),sideways/normal
2026-07-22 09:42:00,2026-07-22 09:58:00,BANKNIFTY,58500.0,2026-09-29,0.01232,1180.0,1180.0,1541.6,400.0,-29.91,-429.91,-0.43,stopped (gap widened beyond the pair's own wobble band),sideways/normal
2026-07-22 09:59:00,2026-07-22 10:26:00,BANKNIFTY,58500.0,2026-09-29,0.0118,1150.0,1150.0,1559.45,400.0,-116.39,-516.39,-0.516,stopped (gap widened beyond the pair's own wobble band),sideways/normal
2026-07-22 11:08:00,2026-07-22 11:17:00,BANKNIFTY,58500.0,2026-09-29,0.01256,1131.7,1131.7,1585.0,400.0,6.11,-393.89,-0.394,stopped (gap widened beyond the pair's own wobble band),sideways/normal
2026-07-22 11:54:00,2026-07-22 12:12:00,BANKNIFTY,58500.0,2026-09-29,0.0124,1110.0,1110.0,1610.0,400.0,1.11,-398.89,-0.399,stopped (gap widened beyond the pair's own wobble band),sideways/normal
2026-07-22 12:19:00,2026-07-22 12:36:00,BANKNIFTY,58500.0,2026-09-29,0.01235,1054.0,1054.0,1710.0,400.0,-7.63,-407.63,-0.408,stopped (gap widened beyond the pair's own wobble band),sideways/normal
2026-07-22 13:35:00,2026-07-22 13:41:00,BANKNIFTY,58500.0,2026-09-29,0.01237,1080.0,1080.0,1670.6,400.0,-62.99,-462.99,-0.463,stopped (gap widened beyond the pair's own wobble band),sideways/normal
2026-07-22 13:54:00,2026-07-22 14:42:00,BANKNIFTY,58500.0,2026-09-29,0.01198,1053.6,1053.6,1739.1,400.0,-105.23,-505.23,-0.505,stopped (gap widened beyond the pair's own wobble band),sideways/normal
2026-07-22 15:18:00,2026-07-22 15:29:00,BANKNIFTY,58500.0,2026-09-29,0.01233,1099.0,1099.0,1650.0,400.0,-30.62,-430.62,-0.431,stopped (gap widened beyond the pair's own wobble band),sideways/normal
2026-07-23 09:20:00,2026-07-23 13:01:00,BANKNIFTY,58500.0,2026-09-29,0.01079,975.55,975.55,1808.35,400.0,-161.13,-561.13,-0.561,stopped (gap widened beyond the pair's own wobble band),bearish/normal
2026-07-23 15:02:00,2026-07-24 12:03:00,BANKNIFTY,58500.0,2026-09-29,0.01111,844.0,844.0,1991.0,400.0,-138.72,-538.72,-0.539,stopped (gap widened beyond the pair's own wobble band),bearish/normal
2026-07-24 12:05:00,2026-07-27 09:27:00,BANKNIFTY,58500.0,2026-09-29,0.01122,780.5,780.5,2138.9,400.0,-125.88,-525.88,-0.526,stopped (gap widened beyond the pair's own wobble band),bearish/normal
2026-07-27 09:32:00,2026-07-28 09:52:00,BANKNIFTY,58500.0,2026-09-29,0.01084,1020.9,1020.9,1564.7,400.0,-172.71,-572.71,-0.573,stopped (gap widened beyond the pair's own wobble band),sideways/calm
2026-07-28 10:25:00,2026-08-07 12:37:00,BANKNIFTY,58500.0,2026-09-29,0.01109,869.0,869.0,1769.9,400.0,446.85,46.85,0.047,ran out of bars,sideways/calm
2026-08-07 13:31:00,2026-08-13 12:59:00,BANKNIFTY,58500.0,2026-09-29,0.00642,991.2,991.2,1204.85,400.0,69.16,-330.84,-0.331,ran out of bars,bullish/calm
2026-08-13 13:00:00,2026-08-18 09:59:00,BANKNIFTY,58500.0,2026-09-29,0.00553,797.45,797.45,1137.95,400.0,-100.24,-500.24,-0.5,ran out of bars,bullish/calm
2026-08-18 10:01:00,2026-08-20 11:32:00,BANKNIFTY,58500.0,2026-09-29,0.00639,554.8,554.8,1241.0,400.0,96.36,-303.64,-0.304,ran out of bars,sideways/calm
2026-08-20 11:34:00,2026-08-24 10:26:00,BANKNIFTY,58500.0,2026-09-29,0.00539,625.9,625.9,1030.15,400.0,22.12,-377.88,-0.378,ran out of bars,sideways/calm
2026-08-24 10:27:00,2026-08-25 13:18:00,BANKNIFTY,58500.0,2026-09-29,0.0054,570.0,570.0,1013.1,400.0,52.89,-347.11,-0.347,ran out of bars,sideways/normal
2026-08-25 13:19:00,2026-08-25 15:01:00,BANKNIFTY,58500.0,2026-09-29,0.0049,412.2,412.2,1253.4,400.0,92.01,-307.99,-0.308,banked (remaining gap < exit cost),sideways/calm
2026-08-25 15:05:00,2026-08-26 09:15:00,BANKNIFTY,58500.0,2026-09-29,0.00432,444.0,444.0,1192.25,400.0,415.84,15.84,0.016,banked (remaining gap < exit cost),sideways/calm
2026-08-06 10:19:00,2026-08-24 10:26:00,BANKNIFTY,58600.0,2026-09-29,0.00662,1017.7,1017.7,1236.75,400.0,150.23,-249.77,-0.25,time exit (past the pair's own median time-to-close),bullish/calm
2026-08-24 11:04:00,2026-08-26 09:16:00,BANKNIFTY,58600.0,2026-09-29,0.00567,472.5,472.5,1187.75,400.0,542.14,142.14,0.142,banked (remaining gap < exit cost),sideways/normal
2026-08-12 12:09:00,2026-08-24 11:15:00,BANKNIFTY,58700.0,2026-09-29,0.00568,716.95,716.95,1334.65,400.0,24.55,-375.45,-0.375,time exit (past the pair's own median time-to-close),bullish/normal
2026-08-24 11:20:00,2026-08-26 09:15:00,BANKNIFTY,58700.0,2026-09-29,0.00592,407.8,407.8,1298.3,400.0,516.96,116.96,0.117,banked (remaining gap < exit cost),sideways/normal
2026-08-24 11:07:00,2026-08-25 15:14:00,BANKNIFTY,58800.0,2026-09-29,0.00555,390.25,390.25,1348.0,400.0,25.12,-374.88,-0.375,time exit (past the pair's own median time-to-close),sideways/normal
2026-08-25 15:15:00,2026-08-26 09:16:00,BANKNIFTY,58800.0,2026-09-29,0.00573,354.3,354.3,1347.95,400.0,560.62,160.62,0.161,banked (remaining gap < exit cost),sideways/calm
2026-07-03 15:13:00,2026-07-03 15:14:00,BANKNIFTY,59000.0,2026-09-29,0.01277,1575.45,1575.45,1599.0,400.0,-19.51,-419.51,-0.42,stopped (gap widened beyond the pair's own wobble band),bullish/calm
2026-07-03 15:20:00,2026-07-06 09:51:00,BANKNIFTY,59000.0,2026-09-29,0.01302,1583.95,1583.95,1594.75,400.0,-18.1,-418.1,-0.418,stopped (gap widened beyond the pair's own wobble band),bullish/calm
2026-07-07 09:35:00,2026-07-07 09:52:00,BANKNIFTY,59000.0,2026-09-29,0.01216,1669.2,1669.2,1349.0,400.0,-70.86,-470.86,-0.471,stopped (gap widened beyond the pair's own wobble band),bullish/normal
2026-07-07 10:24:00,2026-07-07 10:42:00,BANKNIFTY,59000.0,2026-09-29,0.01221,1676.3,1676.3,1365.0,400.0,-34.93,-434.93,-0.435,stopped (gap widened beyond the pair's own wobble band),bullish/normal
2026-07-07 15:27:00,2026-07-08 09:21:00,BANKNIFTY,59000.0,2026-09-29,0.01266,1533.25,1533.25,1425.0,400.0,-103.21,-503.21,-0.503,stopped (gap widened beyond the pair's own wobble band),bullish/normal
2026-07-08 09:26:00,2026-07-08 09:32:00,BANKNIFTY,59000.0,2026-09-29,0.01269,1380.1,1380.1,1640.2,400.0,-140.37,-540.37,-0.54,stopped (gap widened beyond the pair's own wobble band),bearish/wild
2026-07-08 12:54:00,2026-07-08 13:47:00,BANKNIFTY,59000.0,2026-09-29,0.01287,1401.15,1401.15,1629.9,400.0,-52.54,-452.54,-0.453,stopped (gap widened beyond the pair's own wobble band),bearish/wild
2026-07-08 13:50:00,2026-07-08 14:25:00,BANKNIFTY,59000.0,2026-09-29,0.00946,1289.7,1289.7,2000.0,400.0,-256.8,-656.8,-0.657,stopped (gap widened beyond the pair's own wobble band),bearish/wild
2026-07-09 09:22:00,2026-07-09 09:23:00,BANKNIFTY,59000.0,2026-09-29,0.01433,1158.15,1158.15,1988.55,400.0,23.07,-376.93,-0.377,stopped (gap widened beyond the pair's own wobble band),sideways/normal
2026-07-09 09:24:00,2026-07-09 09:28:00,BANKNIFTY,59000.0,2026-09-29,0.01358,1185.9,1185.9,1960.45,400.0,3.65,-396.35,-0.396,stopped (gap widened beyond the pair's own wobble band),sideways/normal
2026-07-09 09:36:00,2026-07-09 09:41:00,BANKNIFTY,59000.0,2026-09-29,0.01348,1155.0,1155.0,1997.9,400.0,11.09,-388.91,-0.389,stopped (gap widened beyond the pair's own wobble band),sideways/normal
2026-07-09 10:42:00,2026-07-09 10:46:00,BANKNIFTY,59000.0,2026-09-29,0.01188,1264.7,1264.7,1923.45,400.0,-159.86,-559.86,-0.56,stopped (gap widened beyond the pair's own wobble band),sideways/normal
2026-07-09 11:28:00,2026-07-09 15:07:00,BANKNIFTY,59000.0,2026-09-29,0.01288,1262.65,1262.65,1845.4,400.0,-113.62,-513.62,-0.514,stopped (gap widened beyond the pair's own wobble band),sideways/normal
2026-07-10 09:22:00,2026-07-10 09:23:00,BANKNIFTY,59000.0,2026-09-29,0.01307,1345.4,1345.4,1638.15,400.0,-20.28,-420.28,-0.42,stopped (gap widened beyond the pair's own wobble band),bullish/calm
2026-07-10 09:24:00,2026-07-10 09:27:00,BANKNIFTY,59000.0,2026-09-29,0.01252,1332.35,1332.35,1610.6,400.0,-47.6,-447.6,-0.448,stopped (gap widened beyond the pair's own wobble band),bullish/calm
2026-07-10 10:01:00,2026-07-10 10:51:00,BANKNIFTY,59000.0,2026-09-29,0.01366,1414.5,1414.5,1575.0,400.0,161.32,-238.68,-0.239,stopped (gap widened beyond the pair's own wobble band),bullish/calm
2026-07-10 13:07:00,2026-07-10 13:08:00,BANKNIFTY,59000.0,2026-09-29,0.0125,1482.7,1482.7,1467.6,400.0,-5.02,-405.02,-0.405,stopped (gap widened beyond the pair's own wobble band),bullish/calm
2026-07-10 13:09:00,2026-07-10 13:10:00,BANKNIFTY,59000.0,2026-09-29,0.01209,1479.0,1479.0,1488.85,400.0,25.19,-374.81,-0.375,stopped (gap widened beyond the pair's own wobble band),bullish/calm
2026-07-10 14:32:00,2026-07-10 14:33:00,BANKNIFTY,59000.0,2026-09-29,0.01181,1400.65,1400.65,1503.65,400.0,-99.42,-499.42,-0.499,stopped (gap widened beyond the pair's own wobble band),bullish/calm
2026-07-10 14:49:00,2026-07-10 14:50:00,BANKNIFTY,59000.0,2026-09-29,0.01221,1444.25,1444.25,1480.35,400.0,-21.09,-421.09,-0.421,stopped (gap widened beyond the pair's own wobble band),bullish/calm
2026-07-10 14:53:00,2026-07-10 15:00:00,BANKNIFTY,59000.0,2026-09-29,0.01273,1438.0,1438.0,1505.5,400.0,42.57,-357.43,-0.357,stopped (gap widened beyond the pair's own wobble band),bullish/calm
2026-07-10 15:21:00,2026-07-13 09:17:00,BANKNIFTY,59000.0,2026-09-29,0.01309,1467.1,1467.1,1507.9,400.0,19.78,-380.22,-0.38,stopped (gap widened beyond the pair's own wobble band),bullish/calm
2026-07-13 09:18:00,2026-07-13 09:33:00,BANKNIFTY,59000.0,2026-09-29,0.01344,1229.95,1229.95,1729.0,400.0,86.46,-313.54,-0.314,stopped (gap widened beyond the pair's own wobble band),bullish/wild
2026-07-13 09:36:00,2026-07-13 09:38:00,BANKNIFTY,59000.0,2026-09-29,0.01228,1250.7,1250.7,1716.15,400.0,-26.65,-426.65,-0.427,stopped (gap widened beyond the pair's own wobble band),bullish/wild
2026-07-13 14:55:00,2026-07-13 15:01:00,BANKNIFTY,59000.0,2026-09-29,0.01229,1474.6,1474.6,1445.65,400.0,4.59,-395.41,-0.395,stopped (gap widened beyond the pair's own wobble band),bullish/wild
2026-07-14 09:21:00,2026-07-14 09:22:00,BANKNIFTY,59000.0,2026-09-29,0.01377,1339.05,1339.05,1686.65,400.0,67.73,-332.27,-0.332,stopped (gap widened beyond the pair's own wobble band),sideways/calm
2026-07-14 09:41:00,2026-07-14 09:43:00,BANKNIFTY,59000.0,2026-09-29,0.01207,1115.55,1115.55,1840.0,400.0,-204.89,-604.89,-0.605,stopped (gap widened beyond the pair's own wobble band),sideways/calm
2026-07-14 15:23:00,2026-07-14 15:24:00,BANKNIFTY,59000.0,2026-09-29,0.01351,1174.0,1174.0,1876.7,400.0,3.04,-396.96,-0.397,stopped (gap widened beyond the pair's own wobble band),sideways/calm
2026-07-15 09:18:00,2026-07-15 09:19:00,BANKNIFTY,59000.0,2026-09-29,0.01327,1325.25,1325.25,1622.3,400.0,7.49,-392.51,-0.393,stopped (gap widened beyond the pair's own wobble band),sideways/normal
2026-07-15 09:20:00,2026-07-15 09:21:00,BANKNIFTY,59000.0,2026-09-29,0.01346,1344.0,1344.0,1561.9,400.0,71.31,-328.69,-0.329,stopped (gap widened beyond the pair's own wobble band),sideways/normal
2026-07-15 09:23:00,2026-07-15 09:40:00,BANKNIFTY,59000.0,2026-09-29,0.01402,1358.5,1358.5,1491.6,400.0,110.84,-289.16,-0.289,stopped (gap widened beyond the pair's own wobble band),sideways/normal
2026-07-15 11:40:00,2026-07-15 11:51:00,BANKNIFTY,59000.0,2026-09-29,0.01213,1375.0,1375.0,1578.0,400.0,-143.36,-543.36,-0.543,stopped (gap widened beyond the pair's own wobble band),sideways/normal
2026-07-17 14:19:00,2026-07-17 14:53:00,BANKNIFTY,59000.0,2026-09-29,0.01287,1495.0,1495.0,1385.5,400.0,70.96,-329.04,-0.329,stopped (gap widened beyond the pair's own wobble band),bullish/wild
2026-07-17 15:21:00,2026-07-17 15:22:00,BANKNIFTY,59000.0,2026-09-29,0.01185,1559.4,1559.4,1299.7,400.0,-2.2,-402.2,-0.402,stopped (gap widened beyond the pair's own wobble band),bullish/wild
2026-07-17 15:23:00,2026-07-17 15:27:00,BANKNIFTY,59000.0,2026-09-29,0.01154,1555.35,1555.35,1294.05,400.0,-80.47,-480.47,-0.48,stopped (gap widened beyond the pair's own wobble band),bullish/wild
2026-07-17 15:29:00,2026-07-20 09:15:00,BANKNIFTY,59000.0,2026-09-29,0.01128,1561.85,1561.85,1296.0,400.0,-106.13,-506.13,-0.506,stopped (gap widened beyond the pair's own wobble band),bullish/wild
2026-07-20 09:17:00,2026-07-20 09:18:00,BANKNIFTY,59000.0,2026-09-29,0.01256,1214.7,1214.7,1574.9,400.0,13.98,-386.02,-0.386,stopped (gap widened beyond the pair's own wobble band),bullish/calm
2026-07-20 09:21:00,2026-07-20 09:28:00,BANKNIFTY,59000.0,2026-09-29,0.01167,1210.0,1210.0,1642.95,400.0,-83.44,-483.44,-0.483,stopped (gap widened beyond the pair's own wobble band),bullish/calm
2026-07-20 09:58:00,2026-07-20 10:06:00,BANKNIFTY,59000.0,2026-09-29,0.01248,1163.65,1163.65,1651.6,400.0,-82.06,-482.06,-0.482,stopped (gap widened beyond the pair's own wobble band),bullish/calm
2026-07-20 11:16:00,2026-07-20 11:52:00,BANKNIFTY,59000.0,2026-09-29,0.01233,1154.0,1154.0,1660.0,400.0,-75.67,-475.67,-0.476,stopped (gap widened beyond the pair's own wobble band),bullish/calm
2026-07-20 12:48:00,2026-07-20 13:31:00,BANKNIFTY,59000.0,2026-09-29,0.01416,1120.0,1120.0,1630.05,400.0,206.12,-193.88,-0.194,stopped (gap widened beyond the pair's own wobble band),bullish/calm
2026-07-20 14:25:00,2026-07-20 14:26:00,BANKNIFTY,59000.0,2026-09-29,0.01226,1299.0,1299.0,1418.1,400.0,5.67,-394.33,-0.394,stopped (gap widened beyond the pair's own wobble band),bullish/calm
2026-07-20 14:40:00,2026-07-20 14:44:00,BANKNIFTY,59000.0,2026-09-29,0.0121,1264.15,1264.15,1430.0,400.0,-10.91,-410.91,-0.411,stopped (gap widened beyond the pair's own wobble band),bullish/calm
2026-07-20 15:22:00,2026-07-20 15:24:00,BANKNIFTY,59000.0,2026-09-29,0.01199,1274.85,1274.85,1448.0,400.0,2.55,-397.45,-0.397,stopped (gap widened beyond the pair's own wobble band),bullish/calm
2026-07-21 09:30:00,2026-07-21 09:31:00,BANKNIFTY,59000.0,2026-09-29,0.01239,1271.0,1271.0,1400.0,400.0,39.29,-360.71,-0.361,stopped (gap widened beyond the pair's own wobble band),bullish/calm
2026-07-21 09:56:00,2026-07-21 10:48:00,BANKNIFTY,59000.0,2026-09-29,0.01186,1251.3,1251.3,1451.0,400.0,-68.53,-468.53,-0.469,stopped (gap widened beyond the pair's own wobble band),bullish/calm
2026-07-21 11:13:00,2026-07-21 11:14:00,BANKNIFTY,59000.0,2026-09-29,0.01245,1237.65,1237.65,1488.0,400.0,-10.43,-410.43,-0.41,stopped (gap widened beyond the pair's own wobble band),bullish/calm
2026-07-21 11:16:00,2026-07-21 11:40:00,BANKNIFTY,59000.0,2026-09-29,0.01254,1242.65,1242.65,1499.45,400.0,69.13,-330.87,-0.331,stopped (gap widened beyond the pair's own wobble band),bullish/calm
2026-07-21 11:47:00,2026-07-21 13:41:00,BANKNIFTY,59000.0,2026-09-29,0.01315,1204.6,1204.6,1479.4,400.0,78.08,-321.92,-0.322,stopped (gap widened beyond the pair's own wobble band),bullish/calm
2026-07-21 14:42:00,2026-07-21 15:26:00,BANKNIFTY,59000.0,2026-09-29,0.01183,1185.0,1185.0,1518.5,400.0,-37.61,-437.61,-0.438,stopped (gap widened beyond the pair's own wobble band),bullish/calm
2026-07-22 09:17:00,2026-07-22 09:18:00,BANKNIFTY,59000.0,2026-09-29,0.01213,1030.0,1030.0,1754.4,400.0,-18.85,-418.85,-0.419,stopped (gap widened beyond the pair's own wobble band),sideways/normal
2026-07-22 09:20:00,2026-07-22 09:28:00,BANKNIFTY,59000.0,2026-09-29,0.01216,1038.0,1038.0,1750.0,400.0,23.69,-376.31,-0.376,stopped (gap widened beyond the pair's own wobble band),sideways/normal
2026-07-22 09:31:00,2026-07-22 09:34:00,BANKNIFTY,59000.0,2026-09-29,0.01295,988.0,988.0,1850.0,400.0,39.74,-360.26,-0.36,stopped (gap widened beyond the pair's own wobble band),sideways/normal
2026-07-22 12:35:00,2026-07-22 12:37:00,BANKNIFTY,59000.0,2026-09-29,0.01264,845.85,845.85,2019.95,400.0,-144.26,-544.26,-0.544,stopped (gap widened beyond the pair's own wobble band),sideways/normal
2026-07-22 12:45:00,2026-07-22 14:40:00,BANKNIFTY,59000.0,2026-09-29,0.01354,866.0,866.0,1949.65,400.0,127.01,-272.99,-0.273,stopped (gap widened beyond the pair's own wobble band),sideways/normal
2026-07-22 14:51:00,2026-07-22 14:58:00,BANKNIFTY,59000.0,2026-09-29,0.01199,855.0,855.0,1990.0,400.0,-18.46,-418.46,-0.418,stopped (gap widened beyond the pair's own wobble band),sideways/normal
2026-07-22 15:20:00,2026-07-22 15:25:00,BANKNIFTY,59000.0,2026-09-29,0.01203,885.85,885.85,1940.0,400.0,12.77,-387.23,-0.387,stopped (gap widened beyond the pair's own wobble band),sideways/normal
2026-07-23 09:19:00,2026-07-23 09:23:00,BANKNIFTY,59000.0,2026-09-29,0.01257,760.45,760.45,2100.0,400.0,20.97,-379.03,-0.379,stopped (gap widened beyond the pair's own wobble band),bearish/normal
2026-07-23 09:27:00,2026-07-23 09:33:00,BANKNIFTY,59000.0,2026-09-29,0.01194,782.75,782.75,2110.0,400.0,-14.84,-414.84,-0.415,stopped (gap widened beyond the pair's own wobble band),bearish/normal
2026-07-23 09:34:00,2026-07-23 09:38:00,BANKNIFTY,59000.0,2026-09-29,0.012,735.0,735.0,2160.0,400.0,0.35,-399.65,-0.4,stopped (gap widened beyond the pair's own wobble band),bearish/normal
2026-07-23 11:11:00,2026-07-23 11:51:00,BANKNIFTY,59000.0,2026-09-29,0.01211,750.0,750.0,2105.85,400.0,-0.29,-400.29,-0.4,stopped (gap widened beyond the pair's own wobble band),bearish/normal
2026-07-23 11:53:00,2026-07-23 12:30:00,BANKNIFTY,59000.0,2026-09-29,0.01173,675.25,675.25,2267.6,400.0,-31.74,-431.74,-0.432,stopped (gap widened beyond the pair's own wobble band),bearish/normal
2026-07-23 12:38:00,2026-07-23 13:16:00,BANKNIFTY,59000.0,2026-09-29,0.01147,655.5,655.5,2391.55,400.0,-88.25,-488.25,-0.488,stopped (gap widened beyond the pair's own wobble band),bearish/normal
2026-07-23 15:26:00,2026-07-23 15:28:00,BANKNIFTY,59000.0,2026-09-29,0.012,659.55,659.55,2284.85,400.0,13.41,-386.59,-0.387,stopped (gap widened beyond the pair's own wobble band),bearish/normal
2026-07-24 09:20:00,2026-07-24 09:21:00,BANKNIFTY,59000.0,2026-09-29,0.01192,600.1,600.1,2490.0,400.0,-28.29,-428.29,-0.428,stopped (gap widened beyond the pair's own wobble band),bearish/normal
2026-07-24 09:22:00,2026-07-24 09:45:00,BANKNIFTY,59000.0,2026-09-29,0.01251,592.0,592.0,2498.0,400.0,7.32,-392.68,-0.393,stopped (gap widened beyond the pair's own wobble band),bearish/normal
2026-07-24 12:45:00,2026-07-24 15:10:00,BANKNIFTY,59000.0,2026-09-29,0.01086,687.25,687.25,2214.4,400.0,-133.49,-533.49,-0.533,stopped (gap widened beyond the pair's own wobble band),bearish/normal
2026-07-27 09:38:00,2026-07-27 13:55:00,BANKNIFTY,59000.0,2026-09-29,0.01102,794.2,794.2,1848.7,400.0,-83.29,-483.29,-0.483,stopped (gap widened beyond the pair's own wobble band),sideways/calm
2026-07-27 14:51:00,2026-07-28 09:51:00,BANKNIFTY,59000.0,2026-09-29,0.01097,760.0,760.0,1923.25,400.0,-100.17,-500.17,-0.5,stopped (gap widened beyond the pair's own wobble band),sideways/calm
2026-07-28 09:59:00,2026-07-28 10:00:00,BANKNIFTY,59000.0,2026-09-29,0.01188,661.55,661.55,2103.05,400.0,2.27,-397.73,-0.398,stopped (gap widened beyond the pair's own wobble band),sideways/calm
2026-07-28 10:24:00,2026-07-28 14:31:00,BANKNIFTY,59000.0,2026-09-29,0.01187,682.0,682.0,2065.0,400.0,-38.39,-438.39,-0.438,stopped (gap widened beyond the pair's own wobble band),sideways/calm
2026-07-28 14:54:00,2026-07-28 15:00:00,BANKNIFTY,59000.0,2026-09-29,0.01125,639.05,639.05,2161.0,400.0,-71.81,-471.81,-0.472,stopped (gap widened beyond the pair's own wobble band),sideways/calm
2026-07-28 15:06:00,2026-07-28 15:07:00,BANKNIFTY,59000.0,2026-09-29,0.01231,623.65,623.65,2179.85,400.0,5.88,-394.12,-0.394,stopped (gap widened beyond the pair's own wobble band),sideways/calm
2026-07-28 15:17:00,2026-07-28 15:25:00,BANKNIFTY,59000.0,2026-09-29,0.01231,619.0,619.0,2195.3,400.0,10.7,-389.3,-0.389,stopped (gap widened beyond the pair's own wobble band),sideways/calm
2026-07-28 15:28:00,2026-07-28 15:29:00,BANKNIFTY,59000.0,2026-09-29,0.01178,630.0,630.0,2150.05,400.0,-61.0,-461.0,-0.461,stopped (gap widened beyond the pair's own wobble band),sideways/calm
2026-07-29 10:04:00,2026-08-07 09:52:00,BANKNIFTY,59000.0,2026-09-29,0.00699,689.05,689.05,1979.85,400.0,73.19,-326.81,-0.327,ran out of bars,bullish/calm
2026-08-07 10:18:00,2026-08-14 14:29:00,BANKNIFTY,59000.0,2026-09-29,0.00642,820.0,820.0,1433.0,400.0,37.72,-362.28,-0.362,ran out of bars,bullish/calm
2026-08-14 14:30:00,2026-08-19 15:13:00,BANKNIFTY,59000.0,2026-09-29,0.00617,520.0,520.0,1412.25,400.0,61.64,-338.36,-0.338,ran out of bars,bullish/calm
2026-08-19 15:14:00,2026-08-21 14:30:00,BANKNIFTY,59000.0,2026-09-29,0.0058,335.6,335.6,1650.0,400.0,24.87,-375.13,-0.375,ran out of bars,sideways/calm
2026-08-21 14:31:00,2026-08-25 13:37:00,BANKNIFTY,59000.0,2026-09-29,0.00501,405.0,405.0,1332.0,400.0,-24.05,-424.05,-0.424,ran out of bars,sideways/calm
2026-08-25 13:39:00,2026-08-25 15:02:00,BANKNIFTY,59000.0,2026-09-29,0.00514,269.0,269.0,1594.0,400.0,117.79,-282.21,-0.282,banked (remaining gap < exit cost),sideways/calm
2026-08-25 15:04:00,2026-08-26 09:15:00,BANKNIFTY,59000.0,2026-09-29,0.00429,282.3,282.3,1539.65,400.0,424.75,24.75,0.025,banked (remaining gap < exit cost),sideways/calm
2026-08-11 09:44:00,2026-08-21 12:40:00,BANKNIFTY,59500.0,2026-09-29,0.00564,415.8,415.8,2125.0,400.0,31.9,-368.1,-0.368,time exit (past the pair's own median time-to-close),bullish/calm
2026-08-21 13:00:00,2026-08-25 13:58:00,BANKNIFTY,59500.0,2026-09-29,0.00527,266.05,266.05,1675.0,400.0,42.3,-357.7,-0.358,time exit (past the pair's own median time-to-close),sideways/calm
2026-08-25 14:00:00,2026-08-25 14:52:00,BANKNIFTY,59500.0,2026-09-29,0.00438,162.6,162.6,2000.25,400.0,50.36,-349.64,-0.35,banked (remaining gap < exit cost),sideways/calm
2026-08-25 14:57:00,2026-08-26 09:15:00,BANKNIFTY,59500.0,2026-09-29,0.00458,177.75,177.75,1891.0,400.0,438.57,38.57,0.039,banked (remaining gap < exit cost),sideways/calm
2026-07-01 09:19:00,2026-07-08 12:41:00,NIFTY,23000.0,2026-09-29,0.01059,1460.0,1460.0,206.55,400.0,-79.92,-479.92,-0.48,stopped (gap widened beyond the pair's own wobble band),bullish/calm
2026-07-08 13:03:00,2026-07-08 14:05:00,NIFTY,23000.0,2026-09-29,0.01027,1625.0,1625.0,124.5,400.0,-137.91,-537.91,-0.538,stopped (gap widened beyond the pair's own wobble band),bearish/wild
2026-07-08 14:06:00,2026-07-08 14:15:00,NIFTY,23000.0,2026-09-29,0.00977,1420.0,1420.0,215.0,400.0,-219.28,-619.28,-0.619,stopped (gap widened beyond the pair's own wobble band),bearish/wild
2026-07-08 14:17:00,2026-07-08 14:58:00,NIFTY,23000.0,2026-09-29,0.01031,1420.0,1420.0,214.15,400.0,-154.11,-554.11,-0.554,stopped (gap widened beyond the pair's own wobble band),bearish/wild
2026-07-08 15:02:00,2026-07-14 10:19:00,NIFTY,23000.0,2026-09-29,0.0105,1380.65,1380.65,233.0,400.0,-120.89,-520.89,-0.521,stopped (gap widened beyond the pair's own wobble band),bearish/wild
2026-07-14 10:46:00,2026-07-23 12:46:00,NIFTY,23000.0,2026-09-29,0.0096,1482.7,1482.7,162.8,400.0,119.78,-280.22,-0.28,time exit (past the pair's own median time-to-close),sideways/calm
2026-07-23 12:48:00,2026-07-28 15:03:00,NIFTY,23000.0,2026-09-29,0.00819,1210.05,1210.05,174.95,400.0,-199.86,-599.86,-0.6,time exit (past the pair's own median time-to-close),bearish/normal
2026-07-28 15:07:00,2026-07-30 12:33:00,NIFTY,23000.0,2026-09-29,0.01041,1325.05,1325.05,123.35,400.0,676.65,276.65,0.277,banked (remaining gap < exit cost),sideways/calm
2026-07-30 12:36:00,2026-07-30 13:54:00,NIFTY,23000.0,2026-09-29,0.00435,1552.0,1552.0,81.75,400.0,51.85,-348.15,-0.348,banked (remaining gap < exit cost),bullish/calm
2026-07-30 14:37:00,2026-08-03 09:18:00,NIFTY,23000.0,2026-09-29,0.00462,1512.0,1512.0,86.25,400.0,64.46,-335.54,-0.336,banked (remaining gap < exit cost),bullish/calm
2026-08-03 09:20:00,2026-08-03 15:00:00,NIFTY,23000.0,2026-09-29,0.00403,1762.3,1762.3,56.5,400.0,18.5,-381.5,-0.382,banked (remaining gap < exit cost),bullish/wild
2026-08-03 15:10:00,2026-08-13 09:18:00,NIFTY,23000.0,2026-09-29,0.00479,1790.0,1790.0,53.55,400.0,-67.24,-467.24,-0.467,time exit (past the pair's own median time-to-close),bullish/wild
2026-08-13 09:29:00,2026-08-19 10:07:00,NIFTY,23000.0,2026-09-29,0.00601,1583.75,1583.75,41.9,400.0,108.28,-291.72,-0.292,time exit (past the pair's own median time-to-close),bullish/calm
2026-08-19 10:08:00,2026-08-20 11:15:00,NIFTY,23000.0,2026-09-29,0.00483,1315.0,1315.0,48.0,400.0,106.84,-293.16,-0.293,banked (remaining gap < exit cost),sideways/calm
2026-08-20 11:21:00,2026-08-20 12:45:00,NIFTY,23000.0,2026-09-29,0.00398,1385.55,1385.55,33.05,400.0,-1.07,-401.07,-0.401,banked (remaining gap < exit cost),sideways/calm
2026-08-20 12:50:00,2026-08-20 13:02:00,NIFTY,23000.0,2026-09-29,0.00408,1460.0,1460.0,30.25,400.0,13.26,-386.74,-0.387,banked (remaining gap < exit cost),sideways/calm
2026-08-20 13:23:00,2026-08-20 14:34:00,NIFTY,23000.0,2026-09-29,0.00423,1451.0,1451.0,31.55,400.0,25.76,-374.24,-0.374,banked (remaining gap < exit cost),sideways/calm
2026-08-20 14:36:00,2026-08-20 14:43:00,NIFTY,23000.0,2026-09-29,0.00417,1439.65,1439.65,31.85,400.0,30.17,-369.83,-0.37,banked (remaining gap < exit cost),sideways/calm
2026-08-20 14:55:00,2026-08-21 09:17:00,NIFTY,23000.0,2026-09-29,0.00387,1435.6,1435.6,30.95,400.0,4.99,-395.01,-0.395,banked (remaining gap < exit cost),sideways/calm
2026-08-21 09:20:00,2026-08-21 09:22:00,NIFTY,23000.0,2026-09-29,0.00444,1412.0,1412.0,33.0,400.0,69.4,-330.6,-0.331,banked (remaining gap < exit cost),sideways/calm
2026-08-21 09:40:00,2026-08-21 09:41:00,NIFTY,23000.0,2026-09-29,0.00391,1388.0,1388.0,31.8,400.0,9.0,-391.0,-0.391,banked (remaining gap < exit cost),sideways/calm
2026-08-21 10:09:00,2026-08-21 10:11:00,NIFTY,23000.0,2026-09-29,0.00411,1397.15,1397.15,31.3,400.0,13.7,-386.3,-0.386,banked (remaining gap < exit cost),sideways/calm
2026-08-21 10:44:00,2026-08-21 10:45:00,NIFTY,23000.0,2026-09-29,0.00393,1422.9,1422.9,30.3,400.0,-3.93,-403.93,-0.404,banked (remaining gap < exit cost),sideways/calm
2026-08-21 11:57:00,2026-08-21 12:03:00,NIFTY,23000.0,2026-09-29,0.00398,1411.6,1411.6,30.95,400.0,8.22,-391.78,-0.392,banked (remaining gap < exit cost),sideways/calm
2026-08-21 12:09:00,2026-08-21 12:16:00,NIFTY,23000.0,2026-09-29,0.00442,1414.65,1414.65,31.2,400.0,42.61,-357.39,-0.357,banked (remaining gap < exit cost),sideways/calm
2026-08-21 12:39:00,2026-08-21 12:45:00,NIFTY,23000.0,2026-09-29,0.00418,1413.2,1413.2,30.55,400.0,22.44,-377.56,-0.378,banked (remaining gap < exit cost),sideways/calm
2026-08-21 12:56:00,2026-08-21 13:05:00,NIFTY,23000.0,2026-09-29,0.0042,1406.9,1406.9,30.65,400.0,30.89,-369.11,-0.369,banked (remaining gap < exit cost),sideways/calm
2026-08-21 13:11:00,2026-08-21 13:19:00,NIFTY,23000.0,2026-09-29,0.00413,1423.25,1423.25,29.9,400.0,17.91,-382.09,-0.382,banked (remaining gap < exit cost),sideways/calm
2026-08-21 14:34:00,2026-08-25 12:12:00,NIFTY,23000.0,2026-09-29,0.00427,1420.0,1420.0,30.25,400.0,-195.86,-595.86,-0.596,time exit (past the pair's own median time-to-close),sideways/calm
2026-08-25 12:16:00,2026-08-26 09:15:00,NIFTY,23000.0,2026-09-29,0.00667,1368.9,1368.9,27.9,400.0,609.52,209.52,0.21,banked (remaining gap < exit cost),sideways/calm
2026-07-24 09:30:00,2026-08-19 15:14:00,NIFTY,23100.0,2026-09-29,0.01035,1100.45,1100.45,239.35,400.0,507.66,107.66,0.108,time exit (past the pair's own median time-to-close),bearish/normal
2026-08-20 11:51:00,2026-08-27 09:56:00,NIFTY,23100.0,2026-09-29,0.00421,1309.65,1309.65,36.5,400.0,379.01,-20.99,-0.021,banked (remaining gap < exit cost),sideways/calm
2026-07-09 15:00:00,2026-07-09 15:24:00,NIFTY,23200.0,2026-09-29,0.01046,1286.15,1286.15,206.85,400.0,44.42,-355.58,-0.356,stopped (gap widened beyond the pair's own wobble band),sideways/normal
2026-07-09 15:25:00,2026-07-15 09:15:00,NIFTY,23200.0,2026-09-29,0.00966,1246.8,1246.8,217.3,400.0,34.69,-365.31,-0.365,stopped (gap widened beyond the pair's own wobble band),sideways/normal
2026-07-21 10:14:00,2026-07-22 15:28:00,NIFTY,23200.0,2026-09-29,0.00906,1370.0,1370.0,148.0,400.0,-32.93,-432.93,-0.433,stopped (gap widened beyond the pair's own wobble band),bullish/calm
2026-07-23 12:46:00,2026-07-24 11:44:00,NIFTY,23200.0,2026-09-29,0.00838,1057.15,1057.15,216.05,400.0,-77.79,-477.79,-0.478,stopped (gap widened beyond the pair's own wobble band),bearish/normal
2026-07-29 10:15:00,2026-08-03 10:10:00,NIFTY,23200.0,2026-09-29,0.00584,1335.3,1335.3,116.3,400.0,242.53,-157.47,-0.157,banked (remaining gap < exit cost),bullish/calm
2026-08-14 15:18:00,2026-08-19 12:12:00,NIFTY,23200.0,2026-09-29,0.00605,1440.0,1440.0,50.8,400.0,114.72,-285.28,-0.285,time exit (past the pair's own median time-to-close),bullish/calm
2026-08-19 12:15:00,2026-08-21 09:33:00,NIFTY,23200.0,2026-09-29,0.00565,1113.5,1113.5,66.45,400.0,188.37,-211.63,-0.212,banked (remaining gap < exit cost),sideways/calm
2026-08-21 14:28:00,2026-08-24 11:47:00,NIFTY,23200.0,2026-09-29,0.00424,1228.1,1228.1,40.7,400.0,-24.78,-424.78,-0.425,time exit (past the pair's own median time-to-close),sideways/calm
2026-08-24 11:48:00,2026-08-24 14:31:00,NIFTY,23200.0,2026-09-29,0.0047,1165.2,1165.2,41.8,400.0,-29.9,-429.9,-0.43,time exit (past the pair's own median time-to-close),sideways/normal
2026-08-24 14:34:00,2026-08-26 12:08:00,NIFTY,23200.0,2026-09-29,0.00496,1166.95,1166.95,41.4,400.0,460.4,60.4,0.06,banked (remaining gap < exit cost),sideways/normal
2026-07-15 10:02:00,2026-07-23 09:33:00,NIFTY,23300.0,2026-09-29,0.00975,1295.0,1295.0,186.0,400.0,-108.03,-508.03,-0.508,stopped (gap widened beyond the pair's own wobble band),sideways/normal
2026-07-24 09:24:00,2026-07-24 12:21:00,NIFTY,23300.0,2026-09-29,0.00821,920.3,920.3,287.65,400.0,-256.88,-656.88,-0.657,stopped (gap widened beyond the pair's own wobble band),bearish/normal
2026-07-24 12:29:00,2026-07-28 14:39:00,NIFTY,23300.0,2026-09-29,0.00784,964.0,964.0,267.0,400.0,-269.12,-669.12,-0.669,stopped (gap widened beyond the pair's own wobble band),bearish/normal
2026-08-12 10:10:00,2026-08-19 15:16:00,NIFTY,23300.0,2026-09-29,0.00614,1347.45,1347.45,61.6,400.0,75.67,-324.33,-0.324,time exit (past the pair's own median time-to-close),bullish/normal
2026-08-19 15:18:00,2026-08-20 14:23:00,NIFTY,23300.0,2026-09-29,0.00518,1009.95,1009.95,72.75,400.0,122.64,-277.36,-0.277,banked (remaining gap < exit cost),sideways/calm
2026-08-20 14:40:00,2026-08-24 12:34:00,NIFTY,23300.0,2026-09-29,0.00434,1169.05,1169.05,47.6,400.0,-25.56,-425.56,-0.426,time exit (past the pair's own median time-to-close),sideways/calm
2026-08-24 13:33:00,2026-08-25 15:13:00,NIFTY,23300.0,2026-09-29,0.00458,1049.55,1049.55,53.55,400.0,-337.01,-737.01,-0.737,time exit (past the pair's own median time-to-close),sideways/normal
2026-08-25 15:18:00,2026-08-26 09:30:00,NIFTY,23300.0,2026-09-29,0.00771,1186.65,1186.65,36.6,400.0,719.05,319.05,0.319,banked (remaining gap < exit cost),sideways/calm
2026-07-21 12:59:00,2026-07-21 13:00:00,NIFTY,23400.0,2026-09-29,0.01,1170.0,1170.0,191.8,400.0,-20.23,-420.23,-0.42,stopped (gap widened beyond the pair's own wobble band),bullish/calm
2026-07-22 10:28:00,2026-07-28 15:16:00,NIFTY,23400.0,2026-09-29,0.01005,1047.75,1047.75,224.85,400.0,-102.45,-502.45,-0.502,stopped (gap widened beyond the pair's own wobble band),sideways/normal
2026-07-29 09:32:00,2026-08-03 14:26:00,NIFTY,23400.0,2026-09-29,0.00575,1150.0,1150.0,152.3,400.0,221.43,-178.57,-0.179,banked (remaining gap < exit cost),bullish/calm
2026-08-04 13:57:00,2026-08-24 09:44:00,NIFTY,23400.0,2026-09-29,0.00562,1320.0,1320.0,93.3,400.0,78.27,-321.73,-0.322,time exit (past the pair's own median time-to-close),bullish/wild
2026-08-24 09:45:00,2026-08-24 14:07:00,NIFTY,23400.0,2026-09-29,0.00483,1072.0,1072.0,47.8,400.0,5.72,-394.28,-0.394,time exit (past the pair's own median time-to-close),sideways/normal
2026-08-24 14:21:00,2026-08-26 09:17:00,NIFTY,23400.0,2026-09-29,0.00471,971.0,971.0,62.05,400.0,404.62,4.62,0.005,banked (remaining gap < exit cost),sideways/normal
2026-07-01 10:23:00,2026-07-14 10:18:00,NIFTY,23500.0,2026-09-29,0.01069,1167.05,1167.05,289.2,400.0,116.41,-283.59,-0.284,ran out of bars,bullish/calm
2026-07-14 10:55:00,2026-07-23 10:13:00,NIFTY,23500.0,2026-09-29,0.00965,1097.5,1097.5,255.15,400.0,47.24,-352.76,-0.353,ran out of bars,sideways/calm
2026-07-23 10:15:00,2026-07-27 13:20:00,NIFTY,23500.0,2026-09-29,0.00933,941.95,941.95,259.0,400.0,123.34,-276.66,-0.277,ran out of bars,bearish/normal
2026-07-27 13:27:00,2026-07-31 15:03:00,NIFTY,23500.0,2026-09-29,0.00871,914.0,914.0,242.05,400.0,393.58,-6.42,-0.006,ran out of bars,sideways/calm
2026-07-31 15:05:00,2026-08-11 09:36:00,NIFTY,23500.0,2026-09-29,0.00469,1182.8,1182.8,120.6,400.0,-91.96,-491.96,-0.492,ran out of bars,bullish/calm
2026-08-11 09:37:00,2026-08-14 13:32:00,NIFTY,23500.0,2026-09-29,0.00581,1265.0,1265.0,81.4,400.0,3.51,-396.49,-0.396,ran out of bars,bullish/calm
2026-08-14 13:38:00,2026-08-19 11:37:00,NIFTY,23500.0,2026-09-29,0.00541,1108.0,1108.0,80.45,400.0,-2.9,-402.9,-0.403,ran out of bars,bullish/calm
2026-08-19 11:39:00,2026-08-21 09:19:00,NIFTY,23500.0,2026-09-29,0.00541,837.35,837.35,104.45,400.0,149.89,-250.11,-0.25,banked (remaining gap < exit cost),sideways/calm
2026-08-21 09:22:00,2026-08-21 09:23:00,NIFTY,23500.0,2026-09-29,0.00396,942.0,942.0,71.2,400.0,29.14,-370.86,-0.371,banked (remaining gap < exit cost),sideways/calm
2026-08-21 09:29:00,2026-08-21 09:30:00,NIFTY,23500.0,2026-09-29,0.00407,942.95,942.95,69.5,400.0,8.65,-391.35,-0.391,banked (remaining gap < exit cost),sideways/calm
2026-08-21 09:34:00,2026-08-21 09:35:00,NIFTY,23500.0,2026-09-29,0.00377,926.3,926.3,72.05,400.0,-11.11,-411.11,-0.411,banked (remaining gap < exit cost),sideways/calm
2026-08-21 09:41:00,2026-08-21 09:43:00,NIFTY,23500.0,2026-09-29,0.00419,940.0,940.0,68.95,400.0,41.97,-358.03,-0.358,banked (remaining gap < exit cost),sideways/calm
2026-08-21 10:00:00,2026-08-21 10:27:00,NIFTY,23500.0,2026-09-29,0.00395,956.2,956.2,66.8,400.0,4.16,-395.84,-0.396,banked (remaining gap < exit cost),sideways/calm
2026-08-21 10:39:00,2026-08-21 10:45:00,NIFTY,23500.0,2026-09-29,0.00406,959.0,959.0,66.0,400.0,6.28,-393.72,-0.394,banked (remaining gap < exit cost),sideways/calm
2026-08-21 10:48:00,2026-08-21 11:19:00,NIFTY,23500.0,2026-09-29,0.00393,960.0,960.0,65.3,400.0,-2.89,-402.89,-0.403,banked (remaining gap < exit cost),sideways/calm
2026-08-21 11:22:00,2026-08-21 13:30:00,NIFTY,23500.0,2026-09-29,0.00403,960.05,960.05,65.5,400.0,3.33,-396.67,-0.397,banked (remaining gap < exit cost),sideways/calm
2026-08-21 13:33:00,2026-08-21 13:35:00,NIFTY,23500.0,2026-09-29,0.00405,953.05,953.05,65.8,400.0,5.11,-394.89,-0.395,banked (remaining gap < exit cost),sideways/calm
2026-08-21 13:38:00,2026-08-25 10:59:00,NIFTY,23500.0,2026-09-29,0.00417,947.7,947.7,66.9,400.0,-175.24,-575.24,-0.575,ran out of bars,sideways/calm
2026-08-25 11:02:00,2026-08-26 09:15:00,NIFTY,23500.0,2026-09-29,0.00582,861.0,861.0,69.85,400.0,543.73,143.73,0.144,banked (remaining gap < exit cost),sideways/calm
2026-07-08 14:45:00,2026-07-17 09:23:00,NIFTY,23600.0,2026-09-29,0.01082,936.0,936.0,386.95,400.0,-133.07,-533.07,-0.533,stopped (gap widened beyond the pair's own wobble band),bearish/wild
2026-07-17 14:15:00,2026-07-24 11:53:00,NIFTY,23600.0,2026-09-29,0.00963,1184.8,1184.8,218.15,400.0,100.28,-299.72,-0.3,time exit (past the pair's own median time-to-close),bullish/wild
2026-07-24 11:55:00,2026-07-28 15:00:00,NIFTY,23600.0,2026-09-29,0.00878,712.0,712.0,394.0,400.0,-300.77,-700.77,-0.701,stopped (gap widened beyond the pair's own wobble band),bearish/normal
2026-07-28 15:28:00,2026-08-03 12:26:00,NIFTY,23600.0,2026-09-29,0.01179,891.95,891.95,229.3,400.0,909.67,509.67,0.51,banked (remaining gap < exit cost),sideways/calm
2026-08-03 14:02:00,2026-08-19 10:44:00,NIFTY,23600.0,2026-09-29,0.00414,1237.45,1237.45,101.0,400.0,-125.59,-525.59,-0.526,time exit (past the pair's own median time-to-close),bullish/wild
2026-08-19 10:45:00,2026-08-21 09:33:00,NIFTY,23600.0,2026-09-29,0.00515,758.5,758.5,123.15,400.0,145.83,-254.17,-0.254,banked (remaining gap < exit cost),sideways/calm
2026-08-21 10:29:00,2026-08-21 10:31:00,NIFTY,23600.0,2026-09-29,0.00415,878.0,878.0,77.0,400.0,17.23,-382.77,-0.383,banked (remaining gap < exit cost),sideways/calm
2026-08-21 14:03:00,2026-08-24 14:53:00,NIFTY,23600.0,2026-09-29,0.00412,865.0,865.0,78.6,400.0,-56.84,-456.84,-0.457,time exit (past the pair's own median time-to-close),sideways/calm
2026-08-24 14:54:00,2026-08-26 09:18:00,NIFTY,23600.0,2026-09-29,0.00507,815.85,815.85,83.75,400.0,495.88,95.88,0.096,banked (remaining gap < exit cost),sideways/normal
2026-07-08 14:00:00,2026-07-08 15:08:00,NIFTY,23700.0,2026-09-29,0.00778,860.0,860.0,342.95,400.0,-354.09,-754.09,-0.754,stopped (gap widened beyond the pair's own wobble band),bearish/wild
2026-07-09 09:39:00,2026-07-15 15:00:00,NIFTY,23700.0,2026-09-29,0.01013,955.3,955.3,331.9,400.0,-94.14,-494.14,-0.494,stopped (gap widened beyond the pair's own wobble band),sideways/normal
2026-07-16 09:54:00,2026-07-24 12:34:00,NIFTY,23700.0,2026-09-29,0.01134,995.0,995.0,280.0,400.0,274.19,-125.81,-0.126,time exit (past the pair's own median time-to-close),sideways/calm
2026-07-24 12:35:00,2026-07-28 15:22:00,NIFTY,23700.0,2026-09-29,0.00878,695.95,695.95,397.05,400.0,-229.51,-629.51,-0.63,stopped (gap widened beyond the pair's own wobble band),bearish/normal
2026-07-29 09:18:00,2026-08-03 09:24:00,NIFTY,23700.0,2026-09-29,0.00545,908.3,908.3,215.0,400.0,149.86,-250.14,-0.25,banked (remaining gap < exit cost),bullish/calm
2026-08-03 10:19:00,2026-08-03 12:17:00,NIFTY,23700.0,2026-09-29,0.00433,1172.4,1172.4,111.4,400.0,40.01,-359.99,-0.36,banked (remaining gap < exit cost),bullish/wild
2026-08-04 14:09:00,2026-08-18 14:23:00,NIFTY,23700.0,2026-09-29,0.00595,1087.4,1087.4,129.6,400.0,71.03,-328.97,-0.329,time exit (past the pair's own median time-to-close),bullish/wild
2026-08-18 14:24:00,2026-08-20 10:15:00,NIFTY,23700.0,2026-09-29,0.00504,785.9,785.9,126.65,400.0,39.34,-360.66,-0.361,time exit (past the pair's own median time-to-close),sideways/calm
2026-08-20 10:16:00,2026-08-21 09:33:00,NIFTY,23700.0,2026-09-29,0.00468,785.2,785.2,92.5,400.0,75.9,-324.1,-0.324,banked (remaining gap < exit cost),sideways/calm
2026-08-21 09:56:00,2026-08-21 10:28:00,NIFTY,23700.0,2026-09-29,0.00394,780.55,780.55,94.0,400.0,4.88,-395.12,-0.395,banked (remaining gap < exit cost),sideways/calm
2026-08-21 10:34:00,2026-08-21 13:51:00,NIFTY,23700.0,2026-09-29,0.00426,790.0,790.0,92.5,400.0,37.53,-362.47,-0.362,banked (remaining gap < exit cost),sideways/calm
2026-08-21 14:47:00,2026-08-25 09:52:00,NIFTY,23700.0,2026-09-29,0.00476,792.5,792.5,91.8,400.0,-110.07,-510.07,-0.51,time exit (past the pair's own median time-to-close),sideways/calm
2026-08-25 09:57:00,2026-08-26 09:20:00,NIFTY,23700.0,2026-09-29,0.00555,700.0,700.0,100.9,400.0,522.04,122.04,0.122,banked (remaining gap < exit cost),sideways/calm
2026-07-08 12:16:00,2026-07-08 14:09:00,NIFTY,23800.0,2026-09-29,0.01075,982.0,982.0,283.9,400.0,-136.74,-536.74,-0.537,stopped (gap widened beyond the pair's own wobble band),bearish/wild
2026-07-08 14:30:00,2026-07-08 14:59:00,NIFTY,23800.0,2026-09-29,0.01103,838.0,838.0,436.05,400.0,-23.81,-423.81,-0.424,stopped (gap widened beyond the pair's own wobble band),bearish/wild
2026-07-08 15:00:00,2026-07-24 10:34:00,NIFTY,23800.0,2026-09-29,0.01007,805.95,805.95,455.05,400.0,81.75,-318.25,-0.318,time exit (past the pair's own median time-to-close),bearish/wild
2026-07-24 11:27:00,2026-07-28 15:00:00,NIFTY,23800.0,2026-09-29,0.00866,588.6,588.6,492.2,400.0,-336.42,-736.42,-0.736,stopped (gap widened beyond the pair's own wobble band),bearish/normal
2026-07-28 15:20:00,2026-07-28 15:26:00,NIFTY,23800.0,2026-09-29,0.01131,753.0,753.0,293.9,400.0,-32.52,-432.52,-0.433,stopped (gap widened beyond the pair's own wobble band),sideways/calm
2026-07-28 15:28:00,2026-07-28 15:29:00,NIFTY,23800.0,2026-09-29,0.01175,754.9,754.9,291.0,400.0,8.34,-391.66,-0.392,stopped (gap widened beyond the pair's own wobble band),sideways/calm
2026-07-29 09:16:00,2026-08-03 12:26:00,NIFTY,23800.0,2026-09-29,0.00584,839.3,839.3,240.25,400.0,224.49,-175.51,-0.176,banked (remaining gap < exit cost),bullish/calm
2026-08-03 13:20:00,2026-08-05 15:16:00,NIFTY,23800.0,2026-09-29,0.00492,1085.0,1085.0,127.3,400.0,103.63,-296.37,-0.296,banked (remaining gap < exit cost),bullish/wild
2026-08-06 09:41:00,2026-08-18 10:54:00,NIFTY,23800.0,2026-09-29,0.0055,1162.2,1162.2,109.95,400.0,-1.18,-401.18,-0.401,time exit (past the pair's own median time-to-close),bullish/calm
2026-08-18 10:57:00,2026-08-19 14:47:00,NIFTY,23800.0,2026-09-29,0.00556,710.0,710.0,148.5,400.0,-7.28,-407.28,-0.407,time exit (past the pair's own median time-to-close),sideways/calm
2026-08-19 14:49:00,2026-08-20 12:47:00,NIFTY,23800.0,2026-09-29,0.00568,603.85,603.85,168.8,400.0,175.98,-224.02,-0.224,banked (remaining gap < exit cost),sideways/calm
2026-08-20 12:51:00,2026-08-20 12:55:00,NIFTY,23800.0,2026-09-29,0.00446,750.0,750.0,100.0,400.0,47.37,-352.63,-0.353,banked (remaining gap < exit cost),sideways/calm
2026-08-20 12:58:00,2026-08-21 09:23:00,NIFTY,23800.0,2026-09-29,0.00446,738.0,738.0,103.25,400.0,61.13,-338.87,-0.339,banked (remaining gap < exit cost),sideways/calm
2026-08-21 09:32:00,2026-08-21 09:34:00,NIFTY,23800.0,2026-09-29,0.00447,687.75,687.75,118.0,400.0,51.27,-348.73,-0.349,banked (remaining gap < exit cost),sideways/calm
2026-08-21 09:44:00,2026-08-21 10:32:00,NIFTY,23800.0,2026-09-29,0.00407,700.0,700.0,112.6,400.0,10.71,-389.29,-0.389,banked (remaining gap < exit cost),sideways/calm
2026-08-21 10:38:00,2026-08-21 11:18:00,NIFTY,23800.0,2026-09-29,0.00444,710.0,710.0,109.8,400.0,50.67,-349.33,-0.349,banked (remaining gap < exit cost),sideways/calm
2026-08-21 11:25:00,2026-08-25 09:23:00,NIFTY,23800.0,2026-09-29,0.00414,713.5,713.5,108.4,400.0,-148.0,-548.0,-0.548,time exit (past the pair's own median time-to-close),sideways/calm
2026-08-25 09:24:00,2026-08-26 09:15:00,NIFTY,23800.0,2026-09-29,0.00549,642.35,642.35,115.95,400.0,516.22,116.22,0.116,banked (remaining gap < exit cost),sideways/calm
2026-07-02 13:21:00,2026-07-08 14:13:00,NIFTY,23900.0,2026-09-29,0.01161,955.9,955.9,354.75,400.0,20.14,-379.86,-0.38,stopped (gap widened beyond the pair's own wobble band),bullish/calm
2026-07-08 14:15:00,2026-07-08 14:16:00,NIFTY,23900.0,2026-09-29,0.01115,772.0,772.0,478.0,400.0,-7.15,-407.15,-0.407,stopped (gap widened beyond the pair's own wobble band),bearish/wild
2026-07-08 14:17:00,2026-07-08 14:27:00,NIFTY,23900.0,2026-09-29,0.01094,783.95,783.95,449.8,400.0,-17.53,-417.53,-0.418,stopped (gap widened beyond the pair's own wobble band),bearish/wild
2026-07-08 14:29:00,2026-07-08 14:37:00,NIFTY,23900.0,2026-09-29,0.01202,772.05,772.05,474.95,400.0,39.58,-360.42,-0.36,stopped (gap widened beyond the pair's own wobble band),bearish/wild
2026-07-08 14:38:00,2026-07-08 14:58:00,NIFTY,23900.0,2026-09-29,0.01095,760.0,760.0,487.0,400.0,-66.73,-466.73,-0.467,stopped (gap widened beyond the pair's own wobble band),bearish/wild
2026-07-08 15:03:00,2026-07-08 15:10:00,NIFTY,23900.0,2026-09-29,0.01071,756.0,756.0,486.8,400.0,-80.57,-480.57,-0.481,stopped (gap widened beyond the pair's own wobble band),bearish/wild
2026-07-08 15:17:00,2026-07-09 09:59:00,NIFTY,23900.0,2026-09-29,0.01093,760.0,760.0,470.0,400.0,-47.51,-447.51,-0.448,stopped (gap widened beyond the pair's own wobble band),bearish/wild
2026-07-09 10:42:00,2026-07-17 09:32:00,NIFTY,23900.0,2026-09-29,0.01031,878.65,878.65,373.15,400.0,-140.82,-540.82,-0.541,stopped (gap widened beyond the pair's own wobble band),sideways/normal
2026-07-17 10:37:00,2026-07-17 12:41:00,NIFTY,23900.0,2026-09-29,0.00947,895.0,895.0,322.5,400.0,-274.44,-674.44,-0.674,stopped (gap widened beyond the pair's own wobble band),bullish/wild
2026-07-17 14:17:00,2026-07-28 13:45:00,NIFTY,23900.0,2026-09-29,0.00906,933.7,933.7,296.95,400.0,-195.23,-595.23,-0.595,stopped (gap widened beyond the pair's own wobble band),bullish/wild
2026-07-28 15:15:00,2026-08-18 14:31:00,NIFTY,23900.0,2026-09-29,0.0113,678.0,678.0,334.0,400.0,616.25,216.25,0.216,time exit (past the pair's own median time-to-close),sideways/calm
2026-08-18 14:48:00,2026-08-20 15:29:00,NIFTY,23900.0,2026-09-29,0.00507,632.0,632.0,166.75,400.0,53.18,-346.82,-0.347,time exit (past the pair's own median time-to-close),sideways/calm
2026-08-20 15:34:00,2026-08-21 09:30:00,NIFTY,23900.0,2026-09-29,0.00474,634.9,634.9,135.65,400.0,79.21,-320.79,-0.321,banked (remaining gap < exit cost),sideways/calm
2026-08-21 09:34:00,2026-08-21 09:39:00,NIFTY,23900.0,2026-09-29,0.00398,605.0,605.0,143.0,400.0,3.6,-396.4,-0.396,banked (remaining gap < exit cost),sideways/calm
2026-08-21 09:52:00,2026-08-21 10:30:00,NIFTY,23900.0,2026-09-29,0.0043,624.45,624.45,132.7,400.0,31.26,-368.74,-0.369,banked (remaining gap < exit cost),sideways/calm
2026-08-21 10:41:00,2026-08-21 13:51:00,NIFTY,23900.0,2026-09-29,0.00424,630.5,630.5,130.2,400.0,32.19,-367.81,-0.368,banked (remaining gap < exit cost),sideways/calm
2026-08-21 14:15:00,2026-08-25 14:57:00,NIFTY,23900.0,2026-09-29,0.00434,625.3,625.3,132.6,400.0,-350.65,-750.65,-0.751,time exit (past the pair's own median time-to-close),sideways/calm
2026-08-25 14:59:00,2026-08-26 09:16:00,NIFTY,23900.0,2026-09-29,0.00791,654.0,654.0,104.15,400.0,756.45,356.45,0.356,banked (remaining gap < exit cost),sideways/calm
2026-06-29 09:16:00,2026-06-29 09:17:00,NIFTY,24000.0,2026-09-29,0.01407,874.05,874.05,421.55,400.0,-55.44,-455.44,-0.455,stopped (gap widened beyond the pair's own wobble band),bullish/normal
2026-06-29 09:19:00,2026-06-29 09:20:00,NIFTY,24000.0,2026-09-29,0.01441,870.0,870.0,420.0,400.0,2.67,-397.33,-0.397,stopped (gap widened beyond the pair's own wobble band),bullish/normal
2026-06-29 09:22:00,2026-06-29 09:23:00,NIFTY,24000.0,2026-09-29,0.01418,874.85,874.85,415.85,400.0,-46.37,-446.37,-0.446,stopped (gap widened beyond the pair's own wobble band),bullish/normal
2026-06-29 09:25:00,2026-06-29 09:26:00,NIFTY,24000.0,2026-09-29,0.01457,864.0,864.0,429.6,400.0,-38.96,-438.96,-0.439,stopped (gap widened beyond the pair's own wobble band),bullish/normal
2026-06-29 09:28:00,2026-06-29 09:30:00,NIFTY,24000.0,2026-09-29,0.01441,860.0,860.0,425.65,400.0,-48.43,-448.43,-0.448,stopped (gap widened beyond the pair's own wobble band),bullish/normal
2026-06-29 09:35:00,2026-06-29 09:36:00,NIFTY,24000.0,2026-09-29,0.01451,831.85,831.85,452.75,400.0,26.56,-373.44,-0.373,stopped (gap widened beyond the pair's own wobble band),bullish/normal
2026-06-29 09:38:00,2026-06-29 09:39:00,NIFTY,24000.0,2026-09-29,0.0143,846.15,846.15,443.0,400.0,12.76,-387.24,-0.387,stopped (gap widened beyond the pair's own wobble band),bullish/normal
2026-06-29 09:41:00,2026-06-29 09:42:00,NIFTY,24000.0,2026-09-29,0.01408,854.35,854.35,432.25,400.0,-15.8,-415.8,-0.416,stopped (gap widened beyond the pair's own wobble band),bullish/normal
2026-06-29 09:43:00,2026-06-29 09:44:00,NIFTY,24000.0,2026-09-29,0.01428,863.1,863.1,427.5,400.0,-5.45,-405.45,-0.405,stopped (gap widened beyond the pair's own wobble band),bullish/normal
2026-06-29 09:45:00,2026-06-29 10:04:00,NIFTY,24000.0,2026-09-29,0.01398,862.25,862.25,428.95,400.0,-23.61,-423.61,-0.424,stopped (gap widened beyond the pair's own wobble band),bullish/normal
2026-06-29 10:07:00,2026-06-29 10:08:00,NIFTY,24000.0,2026-09-29,0.01388,860.0,860.0,428.0,400.0,-53.29,-453.29,-0.453,stopped (gap widened beyond the pair's own wobble band),bullish/normal
2026-06-29 10:23:00,2026-06-29 10:28:00,NIFTY,24000.0,2026-09-29,0.01401,867.1,867.1,426.0,400.0,-9.99,-409.99,-0.41,stopped (gap widened beyond the pair's own wobble band),bullish/normal
2026-06-29 10:36:00,2026-06-29 10:37:00,NIFTY,24000.0,2026-09-29,0.01427,882.5,882.5,415.0,400.0,-14.02,-414.02,-0.414,stopped (gap widened beyond the pair's own wobble band),bullish/normal
2026-06-29 10:38:00,2026-06-29 10:39:00,NIFTY,24000.0,2026-09-29,0.01437,874.85,874.85,418.3,400.0,-5.42,-405.42,-0.405,stopped (gap widened beyond the pair's own wobble band),bullish/normal
2026-06-29 10:41:00,2026-06-29 10:42:00,NIFTY,24000.0,2026-09-29,0.01428,881.6,881.6,417.05,400.0,-15.15,-415.15,-0.415,stopped (gap widened beyond the pair's own wobble band),bullish/normal
2026-06-29 10:43:00,2026-06-29 10:44:00,NIFTY,24000.0,2026-09-29,0.01422,883.6,883.6,414.5,400.0,6.16,-393.84,-0.394,stopped (gap widened beyond the pair's own wobble band),bullish/normal
2026-06-29 10:45:00,2026-06-29 10:46:00,NIFTY,24000.0,2026-09-29,0.01392,878.55,878.55,414.55,400.0,-46.72,-446.72,-0.447,stopped (gap widened beyond the pair's own wobble band),bullish/normal
2026-06-29 10:47:00,2026-06-29 10:48:00,NIFTY,24000.0,2026-09-29,0.01409,870.3,870.3,419.1,400.0,-7.6,-407.6,-0.408,stopped (gap widened beyond the pair's own wobble band),bullish/normal
2026-06-29 10:51:00,2026-06-29 10:52:00,NIFTY,24000.0,2026-09-29,0.01435,856.1,856.1,427.95,400.0,10.44,-389.56,-0.39,stopped (gap widened beyond the pair's own wobble band),bullish/normal
2026-06-29 10:53:00,2026-06-29 10:56:00,NIFTY,24000.0,2026-09-29,0.01469,847.2,847.2,431.6,400.0,42.64,-357.36,-0.357,stopped (gap widened beyond the pair's own wobble band),bullish/normal
2026-06-29 10:57:00,2026-06-29 10:58:00,NIFTY,24000.0,2026-09-29,0.01415,853.2,853.2,430.85,400.0,2.66,-397.34,-0.397,stopped (gap widened beyond the pair's own wobble band),bullish/normal
2026-06-29 10:59:00,2026-06-29 11:01:00,NIFTY,24000.0,2026-09-29,0.01429,855.2,855.2,427.6,400.0,20.07,-379.93,-0.38,stopped (gap widened beyond the pair's own wobble band),bullish/normal
2026-06-29 11:02:00,2026-06-29 11:03:00,NIFTY,24000.0,2026-09-29,0.01418,862.1,862.1,423.0,400.0,-12.25,-412.25,-0.412,stopped (gap widened beyond the pair's own wobble band),bullish/normal
2026-06-29 11:04:00,2026-06-29 11:07:00,NIFTY,24000.0,2026-09-29,0.01408,863.45,863.45,419.8,400.0,-7.87,-407.87,-0.408,stopped (gap widened beyond the pair's own wobble band),bullish/normal
2026-06-29 11:08:00,2026-06-29 11:09:00,NIFTY,24000.0,2026-09-29,0.01426,863.25,863.25,420.0,400.0,3.3,-396.7,-0.397,stopped (gap widened beyond the pair's own wobble band),bullish/normal
2026-06-29 11:10:00,2026-06-29 11:11:00,NIFTY,24000.0,2026-09-29,0.01407,865.5,865.5,419.0,400.0,-3.28,-403.28,-0.403,stopped (gap widened beyond the pair's own wobble band),bullish/normal
2026-06-29 11:18:00,2026-06-29 11:22:00,NIFTY,24000.0,2026-09-29,0.01416,862.65,862.65,422.3,400.0,0.66,-399.34,-0.399,stopped (gap widened beyond the pair's own wobble band),bullish/normal
2026-06-29 11:23:00,2026-06-29 11:24:00,NIFTY,24000.0,2026-09-29,0.01418,861.0,861.0,422.95,400.0,-20.23,-420.23,-0.42,stopped (gap widened beyond the pair's own wobble band),bullish/normal
2026-06-29 11:25:00,2026-06-29 11:27:00,NIFTY,24000.0,2026-09-29,0.01433,856.85,856.85,424.4,400.0,3.34,-396.66,-0.397,stopped (gap widened beyond the pair's own wobble band),bullish/normal
2026-06-29 11:30:00,2026-06-29 11:31:00,NIFTY,24000.0,2026-09-29,0.01454,856.1,856.1,429.35,400.0,4.35,-395.65,-0.396,stopped (gap widened beyond the pair's own wobble band),bullish/normal
2026-06-29 11:32:00,2026-06-29 11:33:00,NIFTY,24000.0,2026-09-29,0.01446,850.55,850.55,435.95,400.0,-10.16,-410.16,-0.41,stopped (gap widened beyond the pair's own wobble band),bullish/normal
2026-06-29 11:34:00,2026-06-29 11:35:00,NIFTY,24000.0,2026-09-29,0.01406,827.0,827.0,444.65,400.0,-44.54,-444.54,-0.445,stopped (gap widened beyond the pair's own wobble band),bullish/normal
2026-06-29 11:36:00,2026-06-29 11:37:00,NIFTY,24000.0,2026-09-29,0.01433,840.0,840.0,441.1,400.0,3.04,-396.96,-0.397,stopped (gap widened beyond the pair's own wobble band),bullish/normal
2026-06-29 11:39:00,2026-06-29 11:40:00,NIFTY,24000.0,2026-09-29,0.0143,843.95,843.95,439.95,400.0,20.57,-379.43,-0.379,stopped (gap widened beyond the pair's own wobble band),bullish/normal
2026-06-29 11:41:00,2026-06-29 11:42:00,NIFTY,24000.0,2026-09-29,0.01429,842.85,842.85,440.0,400.0,-26.35,-426.35,-0.426,stopped (gap widened beyond the pair's own wobble band),bullish/normal
2026-06-29 11:44:00,2026-06-29 11:46:00,NIFTY,24000.0,2026-09-29,0.0146,838.65,838.65,443.3,400.0,26.84,-373.16,-0.373,stopped (gap widened beyond the pair's own wobble band),bullish/normal
2026-06-29 11:47:00,2026-06-29 11:48:00,NIFTY,24000.0,2026-09-29,0.01425,836.95,836.95,445.15,400.0,-34.28,-434.28,-0.434,stopped (gap widened beyond the pair's own wobble band),bullish/normal
2026-06-29 11:51:00,2026-06-29 11:52:00,NIFTY,24000.0,2026-09-29,0.01418,828.05,828.05,452.1,400.0,-36.37,-436.37,-0.436,stopped (gap widened beyond the pair's own wobble band),bullish/normal
2026-06-29 11:53:00,2026-06-29 11:54:00,NIFTY,24000.0,2026-09-29,0.01429,826.0,826.0,453.0,400.0,-17.83,-417.83,-0.418,stopped (gap widened beyond the pair's own wobble band),bullish/normal
2026-06-29 11:55:00,2026-06-29 11:56:00,NIFTY,24000.0,2026-09-29,0.01438,827.7,827.7,454.65,400.0,2.74,-397.26,-0.397,stopped (gap widened beyond the pair's own wobble band),bullish/normal
2026-06-29 11:57:00,2026-06-29 11:58:00,NIFTY,24000.0,2026-09-29,0.01452,828.55,828.55,453.1,400.0,9.72,-390.28,-0.39,stopped (gap widened beyond the pair's own wobble band),bullish/normal
2026-06-29 11:59:00,2026-06-29 12:00:00,NIFTY,24000.0,2026-09-29,0.01446,827.0,827.0,451.7,400.0,24.33,-375.67,-0.376,stopped (gap widened beyond the pair's own wobble band),bullish/normal
2026-06-29 12:03:00,2026-06-29 12:05:00,NIFTY,24000.0,2026-09-29,0.01446,827.5,827.5,452.95,400.0,-12.48,-412.48,-0.412,stopped (gap widened beyond the pair's own wobble band),bullish/normal
2026-06-29 12:06:00,2026-06-29 12:07:00,NIFTY,24000.0,2026-09-29,0.01445,826.45,826.45,454.5,400.0,-2.3,-402.3,-0.402,stopped (gap widened beyond the pair's own wobble band),bullish/normal
2026-06-29 12:10:00,2026-06-29 12:11:00,NIFTY,24000.0,2026-09-29,0.01444,830.25,830.25,450.95,400.0,1.27,-398.73,-0.399,stopped (gap widened beyond the pair's own wobble band),bullish/normal
2026-06-29 12:12:00,2026-06-29 12:13:00,NIFTY,24000.0,2026-09-29,0.01436,817.6,817.6,460.5,400.0,12.24,-387.76,-0.388,stopped (gap widened beyond the pair's own wobble band),bullish/normal
2026-06-29 12:14:00,2026-06-29 12:15:00,NIFTY,24000.0,2026-09-29,0.01479,823.4,823.4,458.9,400.0,36.19,-363.81,-0.364,stopped (gap widened beyond the pair's own wobble band),bullish/normal
2026-06-29 12:23:00,2026-06-29 12:24:00,NIFTY,24000.0,2026-09-29,0.01454,815.0,815.0,463.0,400.0,-6.46,-406.46,-0.406,stopped (gap widened beyond the pair's own wobble band),bullish/normal
2026-06-29 12:27:00,2026-06-29 12:28:00,NIFTY,24000.0,2026-09-29,0.01453,817.8,817.8,463.75,400.0,-13.72,-413.72,-0.414,stopped (gap widened beyond the pair's own wobble band),bullish/normal
2026-06-29 12:29:00,2026-06-29 12:30:00,NIFTY,24000.0,2026-09-29,0.0147,810.65,810.65,467.75,400.0,40.2,-359.8,-0.36,stopped (gap widened beyond the pair's own wobble band),bullish/normal
2026-06-29 12:31:00,2026-06-29 12:32:00,NIFTY,24000.0,2026-09-29,0.01479,805.0,805.0,473.05,400.0,27.44,-372.56,-0.373,stopped (gap widened beyond the pair's own wobble band),bullish/normal
2026-06-29 12:33:00,2026-06-29 12:34:00,NIFTY,24000.0,2026-09-29,0.01447,789.15,789.15,483.75,400.0,-15.89,-415.89,-0.416,stopped (gap widened beyond the pair's own wobble band),bullish/normal
2026-06-29 12:35:00,2026-06-29 12:36:00,NIFTY,24000.0,2026-09-29,0.01456,797.95,797.95,479.85,400.0,-21.87,-421.87,-0.422,stopped (gap widened beyond the pair's own wobble band),bullish/normal
2026-06-29 12:37:00,2026-06-29 12:39:00,NIFTY,24000.0,2026-09-29,0.01468,794.95,794.95,481.5,400.0,18.62,-381.38,-0.381,stopped (gap widened beyond the pair's own wobble band),bullish/normal
2026-06-29 12:40:00,2026-06-29 12:41:00,NIFTY,24000.0,2026-09-29,0.01474,790.0,790.0,486.1,400.0,17.76,-382.24,-0.382,stopped (gap widened beyond the pair's own wobble band),bullish/normal
2026-06-29 12:42:00,2026-06-29 12:43:00,NIFTY,24000.0,2026-09-29,0.01461,793.3,793.3,485.5,400.0,5.41,-394.59,-0.395,stopped (gap widened beyond the pair's own wobble band),bullish/normal
2026-06-29 12:47:00,2026-06-29 12:48:00,NIFTY,24000.0,2026-09-29,0.01465,796.9,796.9,480.35,400.0,22.05,-377.95,-0.378,stopped (gap widened beyond the pair's own wobble band),bullish/normal
2026-06-29 12:49:00,2026-06-29 12:50:00,NIFTY,24000.0,2026-09-29,0.0142,791.35,791.35,480.6,400.0,-38.52,-438.52,-0.439,stopped (gap widened beyond the pair's own wobble band),bullish/normal
2026-06-29 12:51:00,2026-06-29 12:52:00,NIFTY,24000.0,2026-09-29,0.01463,799.35,799.35,477.65,400.0,-0.6,-400.6,-0.401,stopped (gap widened beyond the pair's own wobble band),bullish/normal
2026-06-29 12:57:00,2026-06-29 12:58:00,NIFTY,24000.0,2026-09-29,0.01448,802.4,802.4,472.45,400.0,5.39,-394.61,-0.395,stopped (gap widened beyond the pair's own wobble band),bullish/normal
2026-06-29 13:00:00,2026-06-29 13:01:00,NIFTY,24000.0,2026-09-29,0.01439,798.35,798.35,468.65,400.0,-24.34,-424.34,-0.424,stopped (gap widened beyond the pair's own wobble band),bullish/normal
2026-06-29 13:05:00,2026-06-29 13:08:00,NIFTY,24000.0,2026-09-29,0.01461,801.35,801.35,476.65,400.0,24.55,-375.45,-0.375,stopped (gap widened beyond the pair's own wobble band),bullish/normal
2026-06-29 13:11:00,2026-06-29 13:12:00,NIFTY,24000.0,2026-09-29,0.01452,805.45,805.45,467.15,400.0,23.16,-376.84,-0.377,stopped (gap widened beyond the pair's own wobble band),bullish/normal
2026-06-29 13:17:00,2026-06-29 13:19:00,NIFTY,24000.0,2026-09-29,0.01458,802.9,802.9,475.0,400.0,16.31,-383.69,-0.384,stopped (gap widened beyond the pair's own wobble band),bullish/normal
2026-06-29 13:20:00,2026-06-29 13:21:00,NIFTY,24000.0,2026-09-29,0.01444,795.0,795.0,478.4,400.0,12.68,-387.32,-0.387,stopped (gap widened beyond the pair's own wobble band),bullish/normal
2026-06-29 13:22:00,2026-06-29 13:23:00,NIFTY,24000.0,2026-09-29,0.01441,796.5,796.5,479.6,400.0,-10.81,-410.81,-0.411,stopped (gap widened beyond the pair's own wobble band),bullish/normal
2026-06-29 13:27:00,2026-06-29 13:28:00,NIFTY,24000.0,2026-09-29,0.01464,803.5,803.5,472.1,400.0,18.72,-381.28,-0.381,stopped (gap widened beyond the pair's own wobble band),bullish/normal
2026-06-29 13:31:00,2026-06-29 13:33:00,NIFTY,24000.0,2026-09-29,0.01417,801.0,801.0,471.5,400.0,-101.68,-501.68,-0.502,stopped (gap widened beyond the pair's own wobble band),bullish/normal
2026-06-29 13:45:00,2026-06-29 13:46:00,NIFTY,24000.0,2026-09-29,0.01465,791.9,791.9,476.95,400.0,-8.37,-408.37,-0.408,stopped (gap widened beyond the pair's own wobble band),bullish/normal
2026-06-29 13:51:00,2026-06-29 13:52:00,NIFTY,24000.0,2026-09-29,0.01421,789.0,789.0,481.15,400.0,-16.86,-416.86,-0.417,stopped (gap widened beyond the pair's own wobble band),bullish/normal
2026-06-29 13:54:00,2026-06-29 13:56:00,NIFTY,24000.0,2026-09-29,0.01461,796.0,796.0,477.65,400.0,-2.52,-402.52,-0.403,stopped (gap widened beyond the pair's own wobble band),bullish/normal
2026-06-29 13:57:00,2026-06-29 13:58:00,NIFTY,24000.0,2026-09-29,0.01459,798.05,798.05,473.9,400.0,15.22,-384.78,-0.385,stopped (gap widened beyond the pair's own wobble band),bullish/normal
2026-06-29 14:01:00,2026-06-29 14:02:00,NIFTY,24000.0,2026-09-29,0.01443,798.75,798.75,471.2,400.0,-11.23,-411.23,-0.411,stopped (gap widened beyond the pair's own wobble band),bullish/normal
2026-06-29 14:03:00,2026-06-29 14:05:00,NIFTY,24000.0,2026-09-29,0.01447,800.9,800.9,470.1,400.0,-7.92,-407.92,-0.408,stopped (gap widened beyond the pair's own wobble band),bullish/normal
2026-06-29 14:06:00,2026-06-29 14:07:00,NIFTY,24000.0,2026-09-29,0.01456,804.15,804.15,469.65,400.0,3.73,-396.27,-0.396,stopped (gap widened beyond the pair's own wobble band),bullish/normal
2026-06-29 14:08:00,2026-06-29 14:09:00,NIFTY,24000.0,2026-09-29,0.01488,804.9,804.9,467.8,400.0,10.24,-389.76,-0.39,stopped (gap widened beyond the pair's own wobble band),bullish/normal
2026-06-29 14:10:00,2026-06-29 14:11:00,NIFTY,24000.0,2026-09-29,0.01474,799.8,799.8,473.25,400.0,19.53,-380.47,-0.38,stopped (gap widened beyond the pair's own wobble band),bullish/normal
2026-06-29 14:12:00,2026-06-29 14:13:00,NIFTY,24000.0,2026-09-29,0.01439,799.25,799.25,471.5,400.0,-25.67,-425.67,-0.426,stopped (gap widened beyond the pair's own wobble band),bullish/normal
2026-06-29 14:14:00,2026-06-29 14:15:00,NIFTY,24000.0,2026-09-29,0.01473,804.4,804.4,468.35,400.0,14.84,-385.16,-0.385,stopped (gap widened beyond the pair's own wobble band),bullish/normal
2026-06-29 14:16:00,2026-06-29 14:17:00,NIFTY,24000.0,2026-09-29,0.0146,796.5,796.5,474.05,400.0,12.49,-387.51,-0.388,stopped (gap widened beyond the pair's own wobble band),bullish/normal
2026-06-29 14:21:00,2026-06-29 14:23:00,NIFTY,24000.0,2026-09-29,0.01471,804.45,804.45,465.0,400.0,22.98,-377.02,-0.377,stopped (gap widened beyond the pair's own wobble band),bullish/normal
2026-06-29 14:24:00,2026-06-29 14:26:00,NIFTY,24000.0,2026-09-29,0.01457,793.4,793.4,475.0,400.0,-48.77,-448.77,-0.449,stopped (gap widened beyond the pair's own wobble band),bullish/normal
2026-06-29 14:32:00,2026-06-29 14:33:00,NIFTY,24000.0,2026-09-29,0.01426,798.0,798.0,468.7,400.0,-8.98,-408.98,-0.409,stopped (gap widened beyond the pair's own wobble band),bullish/normal
2026-06-29 14:41:00,2026-06-29 14:42:00,NIFTY,24000.0,2026-09-29,0.01441,796.95,796.95,472.8,400.0,-5.02,-405.02,-0.405,stopped (gap widened beyond the pair's own wobble band),bullish/normal
2026-06-29 14:58:00,2026-06-29 14:59:00,NIFTY,24000.0,2026-09-29,0.01458,783.05,783.05,483.15,400.0,2.48,-397.52,-0.398,stopped (gap widened beyond the pair's own wobble band),bullish/normal
2026-06-29 15:00:00,2026-06-29 15:01:00,NIFTY,24000.0,2026-09-29,0.01435,804.0,804.0,456.7,400.0,-17.72,-417.72,-0.418,stopped (gap widened beyond the pair's own wobble band),bullish/normal
2026-06-29 15:04:00,2026-06-29 15:05:00,NIFTY,24000.0,2026-09-29,0.01495,792.85,792.85,468.9,400.0,40.89,-359.11,-0.359,stopped (gap widened beyond the pair's own wobble band),bullish/normal
2026-06-29 15:07:00,2026-06-29 15:08:00,NIFTY,24000.0,2026-09-29,0.01443,794.0,794.0,467.55,400.0,-15.67,-415.67,-0.416,stopped (gap widened beyond the pair's own wobble band),bullish/normal
2026-06-29 15:09:00,2026-06-29 15:10:00,NIFTY,24000.0,2026-09-29,0.01486,798.75,798.75,468.65,400.0,25.52,-374.48,-0.374,stopped (gap widened beyond the pair's own wobble band),bullish/normal
2026-06-29 15:11:00,2026-06-29 15:12:00,NIFTY,24000.0,2026-09-29,0.01524,797.65,797.65,473.75,400.0,59.85,-340.15,-0.34,stopped (gap widened beyond the pair's own wobble band),bullish/normal
2026-06-29 15:13:00,2026-06-29 15:15:00,NIFTY,24000.0,2026-09-29,0.01467,788.95,788.95,470.05,400.0,-3.32,-403.32,-0.403,stopped (gap widened beyond the pair's own wobble band),bullish/normal
2026-06-29 15:18:00,2026-06-29 15:19:00,NIFTY,24000.0,2026-09-29,0.01502,795.85,795.85,465.35,400.0,11.24,-388.76,-0.389,stopped (gap widened beyond the pair's own wobble band),bullish/normal
2026-06-29 15:22:00,2026-06-29 15:23:00,NIFTY,24000.0,2026-09-29,0.0146,789.0,789.0,469.5,400.0,-26.09,-426.09,-0.426,stopped (gap widened beyond the pair's own wobble band),bullish/normal
2026-06-29 15:24:00,2026-06-29 15:25:00,NIFTY,24000.0,2026-09-29,0.01486,792.0,792.0,464.0,400.0,-3.14,-403.14,-0.403,stopped (gap widened beyond the pair's own wobble band),bullish/normal
2026-06-29 15:27:00,2026-06-29 15:28:00,NIFTY,24000.0,2026-09-29,0.01519,801.65,801.65,457.95,400.0,2.09,-397.91,-0.398,stopped (gap widened beyond the pair's own wobble band),bullish/normal
2026-06-29 15:29:00,2026-06-30 09:15:00,NIFTY,24000.0,2026-09-29,0.01557,804.8,804.8,460.0,400.0,89.25,-310.75,-0.311,stopped (gap widened beyond the pair's own wobble band),bullish/normal
2026-06-30 09:16:00,2026-06-30 09:17:00,NIFTY,24000.0,2026-09-29,0.0149,785.65,785.65,465.95,400.0,-24.22,-424.22,-0.424,stopped (gap widened beyond the pair's own wobble band),bullish/normal
2026-06-30 09:20:00,2026-06-30 09:21:00,NIFTY,24000.0,2026-09-29,0.01519,785.0,785.0,470.45,400.0,-16.46,-416.46,-0.416,stopped (gap widened beyond the pair's own wobble band),bullish/normal
2026-06-30 09:22:00,2026-06-30 09:23:00,NIFTY,24000.0,2026-09-29,0.01485,770.0,770.0,483.55,400.0,-44.69,-444.69,-0.445,stopped (gap widened beyond the pair's own wobble band),bullish/normal
2026-06-30 09:24:00,2026-06-30 09:25:00,NIFTY,24000.0,2026-09-29,0.01495,766.6,766.6,487.6,400.0,-28.83,-428.83,-0.429,stopped (gap widened beyond the pair's own wobble band),bullish/normal
2026-06-30 09:26:00,2026-06-30 09:27:00,NIFTY,24000.0,2026-09-29,0.01494,767.85,767.85,489.1,400.0,-9.82,-409.82,-0.41,stopped (gap widened beyond the pair's own wobble band),bullish/normal
2026-06-30 09:29:00,2026-06-30 09:30:00,NIFTY,24000.0,2026-09-29,0.01521,772.3,772.3,492.2,400.0,-31.97,-431.97,-0.432,stopped (gap widened beyond the pair's own wobble band),bullish/normal
2026-06-30 09:31:00,2026-06-30 09:32:00,NIFTY,24000.0,2026-09-29,0.01524,769.2,769.2,496.3,400.0,-17.1,-417.1,-0.417,stopped (gap widened beyond the pair's own wobble band),bullish/normal
2026-06-30 09:33:00,2026-06-30 09:34:00,NIFTY,24000.0,2026-09-29,0.01563,758.35,758.35,503.75,400.0,21.96,-378.04,-0.378,stopped (gap widened beyond the pair's own wobble band),bullish/normal
2026-06-30 09:38:00,2026-06-30 09:39:00,NIFTY,24000.0,2026-09-29,0.01498,760.55,760.55,501.4,400.0,-35.12,-435.12,-0.435,stopped (gap widened beyond the pair's own wobble band),bullish/normal
2026-06-30 09:40:00,2026-06-30 09:41:00,NIFTY,24000.0,2026-09-29,0.01506,760.05,760.05,498.45,400.0,4.44,-395.56,-0.396,stopped (gap widened beyond the pair's own wobble band),bullish/normal
2026-06-30 09:42:00,2026-06-30 09:43:00,NIFTY,24000.0,2026-09-29,0.01542,760.0,760.0,501.95,400.0,-11.07,-411.07,-0.411,stopped (gap widened beyond the pair's own wobble band),bullish/normal
2026-06-30 09:44:00,2026-06-30 09:45:00,NIFTY,24000.0,2026-09-29,0.01529,752.15,752.15,504.45,400.0,-26.16,-426.16,-0.426,stopped (gap widened beyond the pair's own wobble band),bullish/normal
2026-06-30 09:46:00,2026-06-30 09:47:00,NIFTY,24000.0,2026-09-29,0.01565,753.05,753.05,504.5,400.0,16.96,-383.04,-0.383,stopped (gap widened beyond the pair's own wobble band),bullish/normal
2026-06-30 09:48:00,2026-06-30 09:49:00,NIFTY,24000.0,2026-09-29,0.01567,749.2,749.2,504.95,400.0,-14.45,-414.45,-0.414,stopped (gap widened beyond the pair's own wobble band),bullish/normal
2026-06-30 09:50:00,2026-06-30 09:51:00,NIFTY,24000.0,2026-09-29,0.0155,751.45,751.45,506.35,400.0,-5.25,-405.25,-0.405,stopped (gap widened beyond the pair's own wobble band),bullish/normal
2026-06-30 09:52:00,2026-06-30 09:53:00,NIFTY,24000.0,2026-09-29,0.01557,756.8,756.8,500.0,400.0,-20.09,-420.09,-0.42,stopped (gap widened beyond the pair's own wobble band),bullish/normal
2026-06-30 09:54:00,2026-06-30 09:55:00,NIFTY,24000.0,2026-09-29,0.01558,759.0,759.0,500.0,400.0,-3.99,-403.99,-0.404,stopped (gap widened beyond the pair's own wobble band),bullish/normal
2026-06-30 09:56:00,2026-06-30 09:57:00,NIFTY,24000.0,2026-09-29,0.01589,771.9,771.9,490.5,400.0,0.63,-399.37,-0.399,stopped (gap widened beyond the pair's own wobble band),bullish/normal
2026-06-30 09:58:00,2026-06-30 09:59:00,NIFTY,24000.0,2026-09-29,0.01558,772.15,772.15,492.2,400.0,-3.76,-403.76,-0.404,stopped (gap widened beyond the pair's own wobble band),bullish/normal
2026-06-30 10:00:00,2026-06-30 10:01:00,NIFTY,24000.0,2026-09-29,0.01564,766.7,766.7,492.25,400.0,2.5,-397.5,-0.397,stopped (gap widened beyond the pair's own wobble band),bullish/normal
2026-06-30 10:03:00,2026-06-30 10:04:00,NIFTY,24000.0,2026-09-29,0.01574,775.45,775.45,482.75,400.0,4.37,-395.63,-0.396,stopped (gap widened beyond the pair's own wobble band),bullish/normal
2026-06-30 10:05:00,2026-06-30 10:06:00,NIFTY,24000.0,2026-09-29,0.01575,781.9,781.9,478.8,400.0,-8.98,-408.98,-0.409,stopped (gap widened beyond the pair's own wobble band),bullish/normal
2026-06-30 10:07:00,2026-06-30 10:08:00,NIFTY,24000.0,2026-09-29,0.01576,765.9,765.9,487.65,400.0,-15.48,-415.48,-0.415,stopped (gap widened beyond the pair's own wobble band),bullish/normal
2026-06-30 10:09:00,2026-06-30 10:10:00,NIFTY,24000.0,2026-09-29,0.01594,762.35,762.35,490.75,400.0,32.0,-368.0,-0.368,stopped (gap widened beyond the pair's own wobble band),bullish/normal
2026-06-30 10:11:00,2026-06-30 10:12:00,NIFTY,24000.0,2026-09-29,0.01595,769.7,769.7,487.0,400.0,16.31,-383.69,-0.384,stopped (gap widened beyond the pair's own wobble band),bullish/normal
2026-06-30 10:14:00,2026-06-30 10:15:00,NIFTY,24000.0,2026-09-29,0.01589,770.05,770.05,488.65,400.0,6.7,-393.3,-0.393,stopped (gap widened beyond the pair's own wobble band),bullish/normal
2026-06-30 10:16:00,2026-06-30 10:18:00,NIFTY,24000.0,2026-09-29,0.016,771.6,771.6,488.1,400.0,12.13,-387.87,-0.388,stopped (gap widened beyond the pair's own wobble band),bullish/normal
2026-06-30 10:20:00,2026-06-30 10:21:00,NIFTY,24000.0,2026-09-29,0.01582,763.0,763.0,490.3,400.0,-8.58,-408.58,-0.409,stopped (gap widened beyond the pair's own wobble band),bullish/normal
2026-06-30 10:23:00,2026-06-30 10:24:00,NIFTY,24000.0,2026-09-29,0.01581,762.5,762.5,493.9,400.0,33.88,-366.12,-0.366,stopped (gap widened beyond the pair's own wobble band),bullish/normal
2026-06-30 10:25:00,2026-06-30 10:26:00,NIFTY,24000.0,2026-09-29,0.01572,772.1,772.1,485.0,400.0,6.48,-393.52,-0.394,stopped (gap widened beyond the pair's own wobble band),bullish/normal
2026-06-30 10:27:00,2026-06-30 10:30:00,NIFTY,24000.0,2026-09-29,0.0158,774.45,774.45,487.2,400.0,-0.2,-400.2,-0.4,stopped (gap widened beyond the pair's own wobble band),bullish/normal
2026-06-30 10:31:00,2026-06-30 10:32:00,NIFTY,24000.0,2026-09-29,0.01577,764.3,764.3,490.7,400.0,-7.95,-407.95,-0.408,stopped (gap widened beyond the pair's own wobble band),bullish/normal
2026-06-30 10:33:00,2026-06-30 10:34:00,NIFTY,24000.0,2026-09-29,0.01544,771.5,771.5,485.8,400.0,21.31,-378.69,-0.379,stopped (gap widened beyond the pair's own wobble band),bullish/normal
2026-06-30 10:35:00,2026-06-30 10:36:00,NIFTY,24000.0,2026-09-29,0.01511,768.65,768.65,488.05,400.0,-57.69,-457.69,-0.458,stopped (gap widened beyond the pair's own wobble band),bullish/normal
2026-06-30 10:37:00,2026-06-30 10:38:00,NIFTY,24000.0,2026-09-29,0.0155,769.05,769.05,484.1,400.0,16.93,-383.07,-0.383,stopped (gap widened beyond the pair's own wobble band),bullish/normal
2026-06-30 10:40:00,2026-06-30 10:41:00,NIFTY,24000.0,2026-09-29,0.01541,761.0,761.0,492.0,400.0,-9.21,-409.21,-0.409,stopped (gap widened beyond the pair's own wobble band),bullish/normal
2026-06-30 10:44:00,2026-06-30 10:45:00,NIFTY,24000.0,2026-09-29,0.01544,760.05,760.05,491.6,400.0,-23.22,-423.22,-0.423,stopped (gap widened beyond the pair's own wobble band),bullish/normal
2026-06-30 10:46:00,2026-06-30 10:47:00,NIFTY,24000.0,2026-09-29,0.0155,765.05,765.05,488.9,400.0,10.65,-389.35,-0.389,stopped (gap widened beyond the pair's own wobble band),bullish/normal
2026-06-30 10:48:00,2026-06-30 10:49:00,NIFTY,24000.0,2026-09-29,0.01551,772.4,772.4,484.0,400.0,-4.41,-404.41,-0.404,stopped (gap widened beyond the pair's own wobble band),bullish/normal
2026-06-30 10:50:00,2026-06-30 10:51:00,NIFTY,24000.0,2026-09-29,0.01547,778.8,778.8,473.0,400.0,15.25,-384.75,-0.385,stopped (gap widened beyond the pair's own wobble band),bullish/normal
2026-06-30 10:53:00,2026-06-30 10:54:00,NIFTY,24000.0,2026-09-29,0.01551,782.05,782.05,476.25,400.0,-17.74,-417.74,-0.418,stopped (gap widened beyond the pair's own wobble band),bullish/normal
2026-06-30 10:56:00,2026-06-30 10:57:00,NIFTY,24000.0,2026-09-29,0.01597,774.05,774.05,478.5,400.0,17.58,-382.42,-0.382,stopped (gap widened beyond the pair's own wobble band),bullish/normal
2026-06-30 10:58:00,2026-06-30 10:59:00,NIFTY,24000.0,2026-09-29,0.01596,765.35,765.35,487.3,400.0,10.26,-389.74,-0.39,stopped (gap widened beyond the pair's own wobble band),bullish/normal
2026-06-30 11:04:00,2026-06-30 11:05:00,NIFTY,24000.0,2026-09-29,0.01592,759.95,759.95,492.05,400.0,2.3,-397.7,-0.398,stopped (gap widened beyond the pair's own wobble band),bullish/normal
2026-06-30 11:07:00,2026-06-30 11:08:00,NIFTY,24000.0,2026-09-29,0.01591,761.6,761.6,490.65,400.0,-2.3,-402.3,-0.402,stopped (gap widened beyond the pair's own wobble band),bullish/normal
2026-06-30 11:09:00,2026-06-30 11:10:00,NIFTY,24000.0,2026-09-29,0.01562,763.5,763.5,488.1,400.0,-24.91,-424.91,-0.425,stopped (gap widened beyond the pair's own wobble band),bullish/normal
2026-06-30 11:11:00,2026-06-30 11:12:00,NIFTY,24000.0,2026-09-29,0.01539,778.5,778.5,473.2,400.0,2.25,-397.75,-0.398,stopped (gap widened beyond the pair's own wobble band),bullish/normal
2026-06-30 11:13:00,2026-06-30 11:14:00,NIFTY,24000.0,2026-09-29,0.01568,789.95,789.95,463.1,400.0,5.23,-394.77,-0.395,stopped (gap widened beyond the pair's own wobble band),bullish/normal
2026-06-30 11:15:00,2026-06-30 11:16:00,NIFTY,24000.0,2026-09-29,0.01538,785.35,785.35,466.15,400.0,-18.57,-418.57,-0.419,stopped (gap widened beyond the pair's own wobble band),bullish/normal
2026-06-30 11:19:00,2026-06-30 11:20:00,NIFTY,24000.0,2026-09-29,0.01544,785.35,785.35,464.05,400.0,-34.43,-434.43,-0.434,stopped (gap widened beyond the pair's own wobble band),bullish/normal
2026-06-30 11:22:00,2026-06-30 11:23:00,NIFTY,24000.0,2026-09-29,0.0157,788.9,788.9,460.7,400.0,49.1,-350.9,-0.351,stopped (gap widened beyond the pair's own wobble band),bullish/normal
2026-06-30 11:24:00,2026-06-30 11:25:00,NIFTY,24000.0,2026-09-29,0.015,814.7,814.7,440.0,400.0,-12.89,-412.89,-0.413,stopped (gap widened beyond the pair's own wobble band),bullish/normal
2026-06-30 11:26:00,2026-06-30 11:27:00,NIFTY,24000.0,2026-09-29,0.01509,810.15,810.15,443.25,400.0,-35.2,-435.2,-0.435,stopped (gap widened beyond the pair's own wobble band),bullish/normal
2026-06-30 11:29:00,2026-06-30 11:30:00,NIFTY,24000.0,2026-09-29,0.01535,804.05,804.05,444.75,400.0,-41.03,-441.03,-0.441,stopped (gap widened beyond the pair's own wobble band),bullish/normal
2026-06-30 11:40:00,2026-06-30 11:41:00,NIFTY,24000.0,2026-09-29,0.01549,796.65,796.65,452.7,400.0,-75.31,-475.31,-0.475,stopped (gap widened beyond the pair's own wobble band),bullish/normal
2026-06-30 11:44:00,2026-06-30 11:45:00,NIFTY,24000.0,2026-09-29,0.01597,783.8,783.8,464.05,400.0,13.57,-386.43,-0.386,stopped (gap widened beyond the pair's own wobble band),bullish/normal
2026-06-30 11:48:00,2026-06-30 11:49:00,NIFTY,24000.0,2026-09-29,0.01609,789.3,789.3,461.75,400.0,40.1,-359.9,-0.36,stopped (gap widened beyond the pair's own wobble band),bullish/normal
2026-06-30 11:56:00,2026-06-30 11:57:00,NIFTY,24000.0,2026-09-29,0.0158,790.65,790.65,461.5,400.0,21.71,-378.29,-0.378,stopped (gap widened beyond the pair's own wobble band),bullish/normal
2026-06-30 11:58:00,2026-06-30 11:59:00,NIFTY,24000.0,2026-09-29,0.01567,790.0,790.0,459.45,400.0,-5.22,-405.22,-0.405,stopped (gap widened beyond the pair's own wobble band),bullish/normal
2026-06-30 12:18:00,2026-06-30 12:19:00,NIFTY,24000.0,2026-09-29,0.01606,778.9,778.9,467.35,400.0,46.79,-353.21,-0.353,stopped (gap widened beyond the pair's own wobble band),bullish/normal
2026-06-30 12:34:00,2026-06-30 12:35:00,NIFTY,24000.0,2026-09-29,0.01592,778.0,778.0,469.0,400.0,41.56,-358.44,-0.358,stopped (gap widened beyond the pair's own wobble band),bullish/normal
2026-06-30 12:38:00,2026-06-30 12:39:00,NIFTY,24000.0,2026-09-29,0.01559,788.0,788.0,457.95,400.0,-14.19,-414.19,-0.414,stopped (gap widened beyond the pair's own wobble band),bullish/normal
2026-06-30 12:42:00,2026-06-30 12:43:00,NIFTY,24000.0,2026-09-29,0.01554,796.5,796.5,454.55,400.0,-0.63,-400.63,-0.401,stopped (gap widened beyond the pair's own wobble band),bullish/normal
2026-06-30 12:45:00,2026-06-30 12:46:00,NIFTY,24000.0,2026-09-29,0.01551,796.0,796.0,453.2,400.0,-32.12,-432.12,-0.432,stopped (gap widened beyond the pair's own wobble band),bullish/normal
2026-06-30 12:50:00,2026-06-30 12:51:00,NIFTY,24000.0,2026-09-29,0.01541,791.65,791.65,456.8,400.0,-15.2,-415.2,-0.415,stopped (gap widened beyond the pair's own wobble band),bullish/normal
2026-06-30 12:52:00,2026-06-30 12:53:00,NIFTY,24000.0,2026-09-29,0.0154,788.85,788.85,463.5,400.0,8.53,-391.47,-0.391,stopped (gap widened beyond the pair's own wobble band),bullish/normal
2026-06-30 13:38:00,2026-06-30 13:39:00,NIFTY,24000.0,2026-09-29,0.01583,785.2,785.2,457.95,400.0,3.97,-396.03,-0.396,stopped (gap widened beyond the pair's own wobble band),bullish/normal
2026-06-30 13:40:00,2026-06-30 13:41:00,NIFTY,24000.0,2026-09-29,0.01563,783.0,783.0,459.75,400.0,-5.45,-405.45,-0.405,stopped (gap widened beyond the pair's own wobble band),bullish/normal
2026-06-30 13:43:00,2026-06-30 13:44:00,NIFTY,24000.0,2026-09-29,0.01563,790.85,790.85,457.25,400.0,-30.89,-430.89,-0.431,stopped (gap widened beyond the pair's own wobble band),bullish/normal
2026-06-30 13:56:00,2026-06-30 13:57:00,NIFTY,24000.0,2026-09-29,0.01562,781.0,781.0,467.0,400.0,6.7,-393.3,-0.393,stopped (gap widened beyond the pair's own wobble band),bullish/normal
2026-06-30 13:59:00,2026-06-30 14:00:00,NIFTY,24000.0,2026-09-29,0.01582,779.55,779.55,467.05,400.0,-13.37,-413.37,-0.413,stopped (gap widened beyond the pair's own wobble band),bullish/normal
2026-06-30 14:02:00,2026-06-30 14:03:00,NIFTY,24000.0,2026-09-29,0.01573,775.45,775.45,470.0,400.0,-17.11,-417.11,-0.417,stopped (gap widened beyond the pair's own wobble band),bullish/normal
2026-06-30 14:04:00,2026-06-30 14:05:00,NIFTY,24000.0,2026-09-29,0.01553,756.1,756.1,485.35,400.0,-11.08,-411.08,-0.411,stopped (gap widened beyond the pair's own wobble band),bullish/normal
2026-06-30 14:06:00,2026-06-30 14:07:00,NIFTY,24000.0,2026-09-29,0.01579,757.35,757.35,487.2,400.0,-6.5,-406.5,-0.406,stopped (gap widened beyond the pair's own wobble band),bullish/normal
2026-06-30 14:08:00,2026-06-30 14:09:00,NIFTY,24000.0,2026-09-29,0.01587,762.95,762.95,484.15,400.0,-13.39,-413.39,-0.413,stopped (gap widened beyond the pair's own wobble band),bullish/normal
2026-06-30 14:10:00,2026-06-30 14:11:00,NIFTY,24000.0,2026-09-29,0.01587,758.35,758.35,480.55,400.0,-14.65,-414.65,-0.415,stopped (gap widened beyond the pair's own wobble band),bullish/normal
2026-06-30 14:18:00,2026-06-30 14:19:00,NIFTY,24000.0,2026-09-29,0.0162,748.65,748.65,490.05,400.0,24.71,-375.29,-0.375,stopped (gap widened beyond the pair's own wobble band),bullish/normal
2026-06-30 14:20:00,2026-06-30 14:21:00,NIFTY,24000.0,2026-09-29,0.01621,752.55,752.55,490.35,400.0,-8.79,-408.79,-0.409,stopped (gap widened beyond the pair's own wobble band),bullish/normal
2026-06-30 14:23:00,2026-06-30 14:24:00,NIFTY,24000.0,2026-09-29,0.01578,771.55,771.55,477.7,400.0,12.46,-387.54,-0.388,stopped (gap widened beyond the pair's own wobble band),bullish/normal
2026-06-30 14:25:00,2026-06-30 14:26:00,NIFTY,24000.0,2026-09-29,0.01557,800.15,800.15,448.45,400.0,-10.84,-410.84,-0.411,stopped (gap widened beyond the pair's own wobble band),bullish/normal
2026-06-30 14:28:00,2026-06-30 14:29:00,NIFTY,24000.0,2026-09-29,0.01619,793.2,793.2,454.2,400.0,-2.71,-402.71,-0.403,stopped (gap widened beyond the pair's own wobble band),bullish/normal
2026-06-30 14:37:00,2026-06-30 14:38:00,NIFTY,24000.0,2026-09-29,0.01637,792.95,792.95,455.5,400.0,-5.22,-405.22,-0.405,stopped (gap widened beyond the pair's own wobble band),bullish/normal
2026-06-30 14:42:00,2026-06-30 14:43:00,NIFTY,24000.0,2026-09-29,0.01597,792.35,792.35,450.0,400.0,4.17,-395.83,-0.396,stopped (gap widened beyond the pair's own wobble band),bullish/normal
2026-06-30 14:45:00,2026-06-30 14:46:00,NIFTY,24000.0,2026-09-29,0.01615,791.25,791.25,456.45,400.0,-26.32,-426.32,-0.426,stopped (gap widened beyond the pair's own wobble band),bullish/normal
2026-06-30 14:47:00,2026-06-30 14:48:00,NIFTY,24000.0,2026-09-29,0.01609,787.05,787.05,455.0,400.0,-27.57,-427.57,-0.428,stopped (gap widened beyond the pair's own wobble band),bullish/normal
2026-06-30 14:49:00,2026-06-30 14:50:00,NIFTY,24000.0,2026-09-29,0.01643,788.8,788.8,453.75,400.0,27.56,-372.44,-0.372,stopped (gap widened beyond the pair's own wobble band),bullish/normal
2026-06-30 14:52:00,2026-06-30 14:53:00,NIFTY,24000.0,2026-09-29,0.01624,787.65,787.65,455.0,400.0,1.05,-398.95,-0.399,stopped (gap widened beyond the pair's own wobble band),bullish/normal
2026-06-30 14:55:00,2026-06-30 14:56:00,NIFTY,24000.0,2026-09-29,0.01612,787.65,787.65,456.05,400.0,7.93,-392.07,-0.392,stopped (gap widened beyond the pair's own wobble band),bullish/normal
2026-06-30 14:57:00,2026-06-30 14:58:00,NIFTY,24000.0,2026-09-29,0.01564,780.55,780.55,460.0,400.0,-68.94,-468.94,-0.469,stopped (gap widened beyond the pair's own wobble band),bullish/normal
2026-06-30 14:59:00,2026-06-30 15:00:00,NIFTY,24000.0,2026-09-29,0.01648,772.15,772.15,466.9,400.0,-113.07,-513.07,-0.513,stopped (gap widened beyond the pair's own wobble band),bullish/normal
2026-06-30 15:01:00,2026-06-30 15:02:00,NIFTY,24000.0,2026-09-29,0.01742,752.1,752.1,492.25,400.0,-14.82,-414.82,-0.415,stopped (gap widened beyond the pair's own wobble band),bullish/normal
2026-06-30 15:03:00,2026-06-30 15:04:00,NIFTY,24000.0,2026-09-29,0.01777,759.9,759.9,491.8,400.0,51.44,-348.56,-0.349,stopped (gap widened beyond the pair's own wobble band),bullish/normal
2026-06-30 15:06:00,2026-06-30 15:07:00,NIFTY,24000.0,2026-09-29,0.01762,766.45,766.45,488.7,400.0,-0.56,-400.56,-0.401,stopped (gap widened beyond the pair's own wobble band),bullish/normal
2026-06-30 15:08:00,2026-06-30 15:09:00,NIFTY,24000.0,2026-09-29,0.0177,766.0,766.0,483.5,400.0,-30.81,-430.81,-0.431,stopped (gap widened beyond the pair's own wobble band),bullish/normal
2026-06-30 15:10:00,2026-06-30 15:11:00,NIFTY,24000.0,2026-09-29,0.01791,776.75,776.75,476.45,400.0,-24.56,-424.56,-0.425,stopped (gap widened beyond the pair's own wobble band),bullish/normal
2026-06-30 15:12:00,2026-06-30 15:13:00,NIFTY,24000.0,2026-09-29,0.01847,780.7,780.7,471.65,400.0,27.42,-372.58,-0.373,stopped (gap widened beyond the pair's own wobble band),bullish/normal
2026-06-30 15:14:00,2026-06-30 15:15:00,NIFTY,24000.0,2026-09-29,0.01852,780.0,780.0,471.95,400.0,-19.45,-419.45,-0.419,stopped (gap widened beyond the pair's own wobble band),bullish/normal
2026-06-30 15:16:00,2026-06-30 15:17:00,NIFTY,24000.0,2026-09-29,0.0189,789.8,789.8,472.5,400.0,-17.62,-417.62,-0.418,stopped (gap widened beyond the pair's own wobble band),bullish/normal
2026-06-30 15:18:00,2026-06-30 15:19:00,NIFTY,24000.0,2026-09-29,0.01908,790.0,790.0,470.0,400.0,7.17,-392.83,-0.393,stopped (gap widened beyond the pair's own wobble band),bullish/normal
2026-06-30 15:20:00,2026-06-30 15:21:00,NIFTY,24000.0,2026-09-29,0.01894,786.05,786.05,467.0,400.0,-0.63,-400.63,-0.401,stopped (gap widened beyond the pair's own wobble band),bullish/normal
2026-06-30 15:22:00,2026-06-30 15:23:00,NIFTY,24000.0,2026-09-29,0.01906,788.0,788.0,467.0,400.0,12.36,-387.64,-0.388,stopped (gap widened beyond the pair's own wobble band),bullish/normal
2026-06-30 15:24:00,2026-06-30 15:25:00,NIFTY,24000.0,2026-09-29,0.01894,783.0,783.0,465.55,400.0,11.73,-388.27,-0.388,stopped (gap widened beyond the pair's own wobble band),bullish/normal
2026-06-30 15:26:00,2026-06-30 15:27:00,NIFTY,24000.0,2026-09-29,0.01898,786.9,786.9,468.0,400.0,-16.34,-416.34,-0.416,stopped (gap widened beyond the pair's own wobble band),bullish/normal
2026-06-30 15:28:00,2026-06-30 15:29:00,NIFTY,24000.0,2026-09-29,0.01931,789.95,789.95,461.25,400.0,-11.33,-411.33,-0.411,stopped (gap widened beyond the pair's own wobble band),bullish/normal
2026-07-01 09:15:00,2026-07-02 15:18:00,NIFTY,24000.0,2026-09-29,0.01186,772.6,772.6,484.0,400.0,135.57,-264.43,-0.264,ran out of bars,bullish/calm
2026-07-02 15:20:00,2026-07-06 14:59:00,NIFTY,24000.0,2026-09-29,0.01079,884.5,884.5,367.85,400.0,-13.3,-413.3,-0.413,ran out of bars,bullish/calm
2026-07-06 15:00:00,2026-07-08 15:18:00,NIFTY,24000.0,2026-09-29,0.01044,1000.0,1000.0,278.05,400.0,-44.19,-444.19,-0.444,ran out of bars,bullish/normal
2026-07-08 15:19:00,2026-07-10 13:19:00,NIFTY,24000.0,2026-09-29,0.01057,695.05,695.05,506.2,400.0,94.5,-305.5,-0.306,ran out of bars,bearish/wild
2026-07-10 13:21:00,2026-07-14 12:26:00,NIFTY,24000.0,2026-09-29,0.00981,794.25,794.25,359.8,400.0,-14.68,-414.68,-0.415,ran out of bars,bullish/calm
2026-07-14 12:27:00,2026-07-16 12:48:00,NIFTY,24000.0,2026-09-29,0.00997,727.95,727.95,429.0,400.0,48.44,-351.56,-0.352,ran out of bars,sideways/calm
2026-07-16 13:20:00,2026-07-20 13:14:00,NIFTY,24000.0,2026-09-29,0.01005,752.5,752.5,376.85,400.0,9.94,-390.06,-0.39,ran out of bars,sideways/calm
2026-07-20 13:15:00,2026-07-22 11:33:00,NIFTY,24000.0,2026-09-29,0.0101,804.9,804.9,347.35,400.0,-22.81,-422.81,-0.423,ran out of bars,bullish/calm
2026-07-22 11:34:00,2026-07-23 14:39:00,NIFTY,24000.0,2026-09-29,0.00996,670.0,670.0,393.0,400.0,119.25,-280.75,-0.281,ran out of bars,sideways/normal
2026-07-23 14:40:00,2026-07-27 10:39:00,NIFTY,24000.0,2026-09-29,0.00886,555.75,555.75,491.05,400.0,0.24,-399.76,-0.4,ran out of bars,bearish/normal
2026-07-27 10:40:00,2026-07-28 13:59:00,NIFTY,24000.0,2026-09-29,0.00841,564.15,564.15,440.0,400.0,-209.68,-609.68,-0.61,ran out of bars,sideways/calm
2026-07-28 14:00:00,2026-07-30 10:44:00,NIFTY,24000.0,2026-09-29,0.01051,615.15,615.15,371.2,400.0,550.22,150.22,0.15,ran out of bars,sideways/calm
2026-07-30 10:49:00,2026-07-31 15:02:00,NIFTY,24000.0,2026-09-29,0.00529,717.0,717.0,287.0,400.0,42.43,-357.57,-0.358,ran out of bars,bullish/calm
2026-07-31 15:03:00,2026-08-04 12:45:00,NIFTY,24000.0,2026-09-29,0.00492,801.0,801.0,222.35,400.0,-25.09,-425.09,-0.425,ran out of bars,bullish/calm
2026-08-04 12:54:00,2026-08-06 10:27:00,NIFTY,24000.0,2026-09-29,0.00568,863.5,863.5,185.6,400.0,51.59,-348.41,-0.348,ran out of bars,bullish/wild
2026-08-06 10:28:00,2026-08-10 13:27:00,NIFTY,24000.0,2026-09-29,0.00491,986.55,986.55,148.15,400.0,-61.93,-461.93,-0.462,ran out of bars,bullish/calm
2026-08-10 13:32:00,2026-08-12 12:23:00,NIFTY,24000.0,2026-09-29,0.00542,942.3,942.3,141.5,400.0,-56.38,-456.38,-0.456,ran out of bars,bullish/calm
2026-08-12 12:24:00,2026-08-14 09:25:00,NIFTY,24000.0,2026-09-29,0.00591,711.65,711.65,193.5,400.0,0.15,-399.85,-0.4,ran out of bars,bullish/normal
2026-08-14 09:26:00,2026-08-17 12:41:00,NIFTY,24000.0,2026-09-29,0.00567,709.2,709.2,172.0,400.0,-5.52,-405.52,-0.406,ran out of bars,bullish/calm
2026-08-17 12:42:00,2026-08-18 15:10:00,NIFTY,24000.0,2026-09-29,0.00565,661.95,661.95,166.95,400.0,29.99,-370.01,-0.37,ran out of bars,sideways/calm
2026-08-18 15:11:00,2026-08-20 10:41:00,NIFTY,24000.0,2026-09-29,0.00523,563.85,563.85,190.0,400.0,59.92,-340.08,-0.34,ran out of bars,sideways/calm
2026-08-20 10:42:00,2026-08-21 09:23:00,NIFTY,24000.0,2026-09-29,0.00481,539.5,539.5,160.0,400.0,81.31,-318.69,-0.319,banked (remaining gap < exit cost),sideways/calm
2026-08-21 09:26:00,2026-08-21 09:30:00,NIFTY,24000.0,2026-09-29,0.00432,540.0,540.0,167.0,400.0,36.34,-363.66,-0.364,banked (remaining gap < exit cost),sideways/calm
2026-08-21 09:32:00,2026-08-21 09:33:00,NIFTY,24000.0,2026-09-29,0.00449,540.0,540.0,168.25,400.0,51.4,-348.6,-0.349,banked (remaining gap < exit cost),sideways/calm
2026-08-21 09:36:00,2026-08-21 09:39:00,NIFTY,24000.0,2026-09-29,0.00442,537.4,537.4,169.0,400.0,47.23,-352.77,-0.353,banked (remaining gap < exit cost),sideways/calm
2026-08-21 09:41:00,2026-08-21 09:43:00,NIFTY,24000.0,2026-09-29,0.00446,545.0,545.0,163.85,400.0,54.35,-345.65,-0.346,banked (remaining gap < exit cost),sideways/calm
2026-08-21 09:49:00,2026-08-21 09:54:00,NIFTY,24000.0,2026-09-29,0.00431,553.0,553.0,160.3,400.0,32.38,-367.62,-0.368,banked (remaining gap < exit cost),sideways/calm
2026-08-21 09:56:00,2026-08-24 12:01:00,NIFTY,24000.0,2026-09-29,0.00404,551.2,551.2,160.0,400.0,-89.18,-489.18,-0.489,ran out of bars,sideways/calm
2026-08-24 12:02:00,2026-08-25 13:56:00,NIFTY,24000.0,2026-09-29,0.00484,499.4,499.4,175.8,400.0,-132.24,-532.24,-0.532,ran out of bars,sideways/normal
2026-08-25 13:57:00,2026-08-26 09:15:00,NIFTY,24000.0,2026-09-29,0.00637,487.65,487.65,164.85,400.0,589.23,189.23,0.189,banked (remaining gap < exit cost),sideways/calm
2026-07-08 10:06:00,2026-07-08 13:48:00,NIFTY,24100.0,2026-09-29,0.01107,795.0,795.0,366.0,400.0,31.83,-368.17,-0.368,stopped (gap widened beyond the pair's own wobble band),bearish/wild
2026-07-08 13:49:00,2026-07-08 13:50:00,NIFTY,24100.0,2026-09-29,0.01123,741.95,741.95,422.0,400.0,-43.33,-443.33,-0.443,stopped (gap widened beyond the pair's own wobble band),bearish/wild
2026-07-08 13:57:00,2026-07-08 14:04:00,NIFTY,24100.0,2026-09-29,0.01171,708.0,708.0,455.5,400.0,31.07,-368.93,-0.369,stopped (gap widened beyond the pair's own wobble band),bearish/wild
2026-07-08 14:08:00,2026-07-08 14:36:00,NIFTY,24100.0,2026-09-29,0.01046,684.0,684.0,549.95,400.0,-82.75,-482.75,-0.483,stopped (gap widened beyond the pair's own wobble band),bearish/wild
2026-07-08 14:47:00,2026-07-08 14:52:00,NIFTY,24100.0,2026-09-29,0.01084,631.95,631.95,585.0,400.0,-7.56,-407.56,-0.408,stopped (gap widened beyond the pair's own wobble band),bearish/wild
2026-07-09 10:09:00,2026-07-09 10:41:00,NIFTY,24100.0,2026-09-29,0.00991,693.2,693.2,451.0,400.0,-57.41,-457.41,-0.457,stopped (gap widened beyond the pair's own wobble band),sideways/normal
2026-07-09 10:42:00,2026-07-09 12:48:00,NIFTY,24100.0,2026-09-29,0.00723,680.0,680.0,446.0,400.0,-328.44,-728.44,-0.728,stopped (gap widened beyond the pair's own wobble band),sideways/normal
2026-07-09 13:33:00,2026-07-09 15:00:00,NIFTY,24100.0,2026-09-29,0.01025,702.0,702.0,449.0,400.0,-27.33,-427.33,-0.427,stopped (gap widened beyond the pair's own wobble band),sideways/normal
2026-07-10 15:23:00,2026-07-13 09:34:00,NIFTY,24100.0,2026-09-29,0.00994,762.0,762.0,377.0,400.0,-91.25,-491.25,-0.491,stopped (gap widened beyond the pair's own wobble band),bullish/calm
2026-07-13 10:12:00,2026-07-14 09:21:00,NIFTY,24100.0,2026-09-29,0.01057,701.0,701.0,429.3,400.0,0.37,-399.63,-0.4,stopped (gap widened beyond the pair's own wobble band),bullish/wild
2026-07-14 13:38:00,2026-07-14 14:52:00,NIFTY,24100.0,2026-09-29,0.00986,650.0,650.0,482.05,400.0,-115.9,-515.9,-0.516,stopped (gap widened beyond the pair's own wobble band),sideways/calm
2026-07-15 09:19:00,2026-07-15 12:40:00,NIFTY,24100.0,2026-09-29,0.00983,710.6,710.6,418.8,400.0,-61.24,-461.24,-0.461,stopped (gap widened beyond the pair's own wobble band),sideways/normal
2026-07-15 12:54:00,2026-07-15 12:56:00,NIFTY,24100.0,2026-09-29,0.01024,702.0,702.0,427.3,400.0,-22.16,-422.16,-0.422,stopped (gap widened beyond the pair's own wobble band),sideways/normal
2026-07-15 12:57:00,2026-07-15 13:37:00,NIFTY,24100.0,2026-09-29,0.01075,651.75,651.75,480.0,400.0,21.79,-378.21,-0.378,stopped (gap widened beyond the pair's own wobble band),sideways/normal
2026-07-15 15:17:00,2026-07-15 15:22:00,NIFTY,24100.0,2026-09-29,0.01037,671.75,671.75,454.55,400.0,-4.56,-404.56,-0.405,stopped (gap widened beyond the pair's own wobble band),sideways/normal
2026-07-16 09:19:00,2026-07-16 13:40:00,NIFTY,24100.0,2026-09-29,0.00975,713.75,713.75,400.0,400.0,-84.67,-484.67,-0.485,stopped (gap widened beyond the pair's own wobble band),sideways/calm
2026-07-17 09:20:00,2026-07-17 09:32:00,NIFTY,24100.0,2026-09-29,0.00946,710.8,710.8,399.9,400.0,-125.13,-525.13,-0.525,stopped (gap widened beyond the pair's own wobble band),bullish/wild
2026-07-17 14:17:00,2026-07-20 11:24:00,NIFTY,24100.0,2026-09-29,0.00932,806.05,806.05,360.25,400.0,-111.84,-511.84,-0.512,stopped (gap widened beyond the pair's own wobble band),bullish/wild
2026-07-21 11:08:00,2026-07-22 09:48:00,NIFTY,24100.0,2026-09-29,0.00981,710.05,710.05,379.0,400.0,-59.95,-459.95,-0.46,stopped (gap widened beyond the pair's own wobble band),bullish/calm
2026-07-22 10:26:00,2026-07-22 10:40:00,NIFTY,24100.0,2026-09-29,0.01075,590.0,590.0,464.0,400.0,13.47,-386.53,-0.387,stopped (gap widened beyond the pair's own wobble band),sideways/normal
2026-07-22 12:19:00,2026-07-22 12:47:00,NIFTY,24100.0,2026-09-29,0.0103,580.35,580.35,469.95,400.0,-45.65,-445.65,-0.446,stopped (gap widened beyond the pair's own wobble band),sideways/normal
2026-07-22 12:53:00,2026-07-22 13:11:00,NIFTY,24100.0,2026-09-29,0.01002,592.0,592.0,450.4,400.0,-79.35,-479.35,-0.479,stopped (gap widened beyond the pair's own wobble band),sideways/normal
2026-07-22 14:03:00,2026-07-22 14:12:00,NIFTY,24100.0,2026-09-29,0.01014,585.95,585.95,468.05,400.0,-47.08,-447.08,-0.447,stopped (gap widened beyond the pair's own wobble band),sideways/normal
2026-07-23 09:33:00,2026-07-28 10:36:00,NIFTY,24100.0,2026-09-29,0.00949,540.4,540.4,496.2,400.0,-147.31,-547.31,-0.547,stopped (gap widened beyond the pair's own wobble band),bearish/normal
2026-07-28 11:06:00,2026-07-28 12:26:00,NIFTY,24100.0,2026-09-29,0.00999,563.75,563.75,408.4,400.0,-61.63,-461.63,-0.462,stopped (gap widened beyond the pair's own wobble band),sideways/calm
2026-07-29 09:17:00,2026-08-17 13:22:00,NIFTY,24100.0,2026-09-29,0.00588,645.4,645.4,332.7,400.0,3.77,-396.23,-0.396,ran out of bars,bullish/calm
2026-08-17 13:24:00,2026-08-19 13:57:00,NIFTY,24100.0,2026-09-29,0.00592,630.0,630.0,174.0,400.0,61.65,-338.35,-0.338,ran out of bars,sideways/calm
2026-08-19 13:58:00,2026-08-21 09:23:00,NIFTY,24100.0,2026-09-29,0.00541,409.75,409.75,266.4,400.0,155.8,-244.2,-0.244,banked (remaining gap < exit cost),sideways/calm
2026-08-21 09:26:00,2026-08-21 09:30:00,NIFTY,24100.0,2026-09-29,0.00437,470.7,470.7,195.9,400.0,40.05,-359.95,-0.36,banked (remaining gap < exit cost),sideways/calm
2026-08-21 09:32:00,2026-08-21 09:43:00,NIFTY,24100.0,2026-09-29,0.00451,470.0,470.0,197.2,400.0,56.1,-343.9,-0.344,banked (remaining gap < exit cost),sideways/calm
2026-08-21 09:52:00,2026-08-25 10:15:00,NIFTY,24100.0,2026-09-29,0.00429,481.0,481.0,188.2,400.0,-145.75,-545.75,-0.546,ran out of bars,sideways/calm
2026-08-25 10:16:00,2026-08-26 09:15:00,NIFTY,24100.0,2026-09-29,0.00579,405.0,405.0,213.4,400.0,527.54,127.54,0.128,banked (remaining gap < exit cost),sideways/calm
2026-07-06 14:07:00,2026-07-08 09:16:00,NIFTY,24200.0,2026-09-29,0.0107,869.9,869.9,344.05,400.0,-31.81,-431.81,-0.432,stopped (gap widened beyond the pair's own wobble band),bullish/normal
2026-07-08 09:17:00,2026-07-08 09:57:00,NIFTY,24200.0,2026-09-29,0.01109,770.95,770.95,392.95,400.0,-6.88,-406.88,-0.407,stopped (gap widened beyond the pair's own wobble band),bearish/wild
2026-07-08 13:46:00,2026-07-08 13:48:00,NIFTY,24200.0,2026-09-29,0.01161,711.85,711.85,423.0,400.0,61.94,-338.06,-0.338,stopped (gap widened beyond the pair's own wobble band),bearish/wild
2026-07-08 13:49:00,2026-07-08 13:55:00,NIFTY,24200.0,2026-09-29,0.01117,682.0,682.0,462.0,400.0,-48.57,-448.57,-0.449,stopped (gap widened beyond the pair's own wobble band),bearish/wild
2026-07-08 14:04:00,2026-07-08 14:05:00,NIFTY,24200.0,2026-09-29,0.0112,635.65,635.65,564.0,400.0,-56.43,-456.43,-0.456,stopped (gap widened beyond the pair's own wobble band),bearish/wild
2026-07-08 14:09:00,2026-07-08 14:10:00,NIFTY,24200.0,2026-09-29,0.01237,627.95,627.95,577.0,400.0,121.88,-278.12,-0.278,stopped (gap widened beyond the pair's own wobble band),bearish/wild
2026-07-08 14:16:00,2026-07-08 14:17:00,NIFTY,24200.0,2026-09-29,0.01162,629.85,629.85,587.9,400.0,12.35,-387.65,-0.388,stopped (gap widened beyond the pair's own wobble band),bearish/wild
2026-07-08 14:24:00,2026-07-08 14:27:00,NIFTY,24200.0,2026-09-29,0.01084,602.2,602.2,592.85,400.0,-73.3,-473.3,-0.473,stopped (gap widened beyond the pair's own wobble band),bearish/wild
2026-07-08 14:41:00,2026-07-08 14:44:00,NIFTY,24200.0,2026-09-29,0.01122,592.5,592.5,616.0,400.0,2.06,-397.94,-0.398,stopped (gap widened beyond the pair's own wobble band),bearish/wild
2026-07-09 09:23:00,2026-07-09 12:53:00,NIFTY,24200.0,2026-09-29,0.01023,623.2,623.2,530.0,400.0,-79.8,-479.8,-0.48,stopped (gap widened beyond the pair's own wobble band),sideways/normal
2026-07-09 12:54:00,2026-07-09 15:06:00,NIFTY,24200.0,2026-09-29,0.01049,644.2,644.2,492.05,400.0,-60.48,-460.48,-0.46,stopped (gap widened beyond the pair's own wobble band),sideways/normal
2026-07-09 15:29:00,2026-07-10 12:23:00,NIFTY,24200.0,2026-09-29,0.01012,590.3,590.3,536.9,400.0,-75.31,-475.31,-0.475,stopped (gap widened beyond the pair's own wobble band),sideways/normal
2026-07-10 14:59:00,2026-07-13 09:15:00,NIFTY,24200.0,2026-09-29,0.01097,685.5,685.5,410.0,400.0,-4.3,-404.3,-0.404,stopped (gap widened beyond the pair's own wobble band),bullish/calm
2026-07-13 09:17:00,2026-07-14 13:38:00,NIFTY,24200.0,2026-09-29,0.01027,608.0,608.0,500.0,400.0,-77.73,-477.73,-0.478,stopped (gap widened beyond the pair's own wobble band),bullish/wild
2026-07-15 09:16:00,2026-07-20 10:08:00,NIFTY,24200.0,2026-09-29,0.01057,641.0,641.0,473.0,400.0,-36.01,-436.01,-0.436,stopped (gap widened beyond the pair's own wobble band),sideways/normal
2026-07-20 10:11:00,2026-07-20 12:51:00,NIFTY,24200.0,2026-09-29,0.01013,675.0,675.0,434.25,400.0,-88.71,-488.71,-0.489,stopped (gap widened beyond the pair's own wobble band),bullish/calm
2026-07-20 13:14:00,2026-07-22 11:15:00,NIFTY,24200.0,2026-09-29,0.00996,690.0,690.0,419.95,400.0,-99.46,-499.46,-0.499,stopped (gap widened beyond the pair's own wobble band),bullish/calm
2026-07-22 12:02:00,2026-07-22 12:40:00,NIFTY,24200.0,2026-09-29,0.01055,537.0,537.0,497.85,400.0,-80.14,-480.14,-0.48,stopped (gap widened beyond the pair's own wobble band),sideways/normal
2026-07-22 12:48:00,2026-07-28 14:50:00,NIFTY,24200.0,2026-09-29,0.01037,538.05,538.05,496.6,400.0,-60.52,-460.52,-0.461,stopped (gap widened beyond the pair's own wobble band),sideways/normal
2026-07-28 15:01:00,2026-07-28 15:02:00,NIFTY,24200.0,2026-09-29,0.01152,492.9,492.9,458.2,400.0,41.53,-358.47,-0.358,stopped (gap widened beyond the pair's own wobble band),sideways/calm
2026-07-28 15:03:00,2026-07-28 15:11:00,NIFTY,24200.0,2026-09-29,0.0108,490.65,490.65,460.0,400.0,-34.0,-434.0,-0.434,stopped (gap widened beyond the pair's own wobble band),sideways/calm
2026-07-28 15:12:00,2026-07-28 15:13:00,NIFTY,24200.0,2026-09-29,0.01115,490.0,490.0,458.2,400.0,12.93,-387.07,-0.387,stopped (gap widened beyond the pair's own wobble band),sideways/calm
2026-07-28 15:15:00,2026-07-28 15:20:00,NIFTY,24200.0,2026-09-29,0.01148,495.8,495.8,443.95,400.0,2.11,-397.89,-0.398,stopped (gap widened beyond the pair's own wobble band),sideways/calm
2026-07-28 15:23:00,2026-07-28 15:24:00,NIFTY,24200.0,2026-09-29,0.01118,505.25,505.25,440.0,400.0,-33.56,-433.56,-0.434,stopped (gap widened beyond the pair's own wobble band),sideways/calm
2026-07-28 15:25:00,2026-07-28 15:26:00,NIFTY,24200.0,2026-09-29,0.01152,504.85,504.85,440.7,400.0,-9.38,-409.38,-0.409,stopped (gap widened beyond the pair's own wobble band),sideways/calm
2026-07-29 09:16:00,2026-08-03 09:27:00,NIFTY,24200.0,2026-09-29,0.00599,577.15,577.15,370.1,400.0,110.65,-289.35,-0.289,ran out of bars,bullish/calm
2026-08-03 09:28:00,2026-08-05 15:16:00,NIFTY,24200.0,2026-09-29,0.0047,755.75,755.75,224.55,400.0,82.22,-317.78,-0.318,banked (remaining gap < exit cost),bullish/wild
2026-08-05 15:34:00,2026-08-14 10:02:00,NIFTY,24200.0,2026-09-29,0.0056,780.75,780.75,199.0,400.0,-41.92,-441.92,-0.442,ran out of bars,bullish/normal
2026-08-14 10:27:00,2026-08-18 10:48:00,NIFTY,24200.0,2026-09-29,0.00618,571.8,571.8,222.7,400.0,46.62,-353.38,-0.353,ran out of bars,bullish/calm
2026-08-18 10:49:00,2026-08-19 13:11:00,NIFTY,24200.0,2026-09-29,0.00545,440.15,440.15,264.0,400.0,32.65,-367.35,-0.367,ran out of bars,sideways/calm
2026-08-19 13:13:00,2026-08-20 15:21:00,NIFTY,24200.0,2026-09-29,0.00534,350.95,350.95,310.55,400.0,76.41,-323.59,-0.324,ran out of bars,sideways/calm
2026-08-20 15:22:00,2026-08-21 09:23:00,NIFTY,24200.0,2026-09-29,0.00447,422.9,422.9,220.0,400.0,49.76,-350.24,-0.35,banked (remaining gap < exit cost),sideways/calm
2026-08-21 09:26:00,2026-08-21 09:30:00,NIFTY,24200.0,2026-09-29,0.00437,407.0,407.0,231.35,400.0,41.29,-358.71,-0.359,banked (remaining gap < exit cost),sideways/calm
2026-08-21 09:32:00,2026-08-21 09:33:00,NIFTY,24200.0,2026-09-29,0.00438,404.0,404.0,233.5,400.0,44.19,-355.81,-0.356,banked (remaining gap < exit cost),sideways/calm
2026-08-21 09:36:00,2026-08-21 09:39:00,NIFTY,24200.0,2026-09-29,0.00439,402.5,402.5,233.5,400.0,40.22,-359.78,-0.36,banked (remaining gap < exit cost),sideways/calm
2026-08-21 09:41:00,2026-08-21 09:43:00,NIFTY,24200.0,2026-09-29,0.00445,410.0,410.0,227.85,400.0,56.2,-343.8,-0.344,banked (remaining gap < exit cost),sideways/calm
2026-08-21 09:49:00,2026-08-21 10:30:00,NIFTY,24200.0,2026-09-29,0.00424,415.8,415.8,223.4,400.0,27.96,-372.04,-0.372,banked (remaining gap < exit cost),sideways/calm
2026-08-21 10:35:00,2026-08-24 13:05:00,NIFTY,24200.0,2026-09-29,0.00433,421.6,421.6,217.95,400.0,-38.72,-438.72,-0.439,ran out of bars,sideways/calm
2026-08-24 13:06:00,2026-08-25 15:01:00,NIFTY,24200.0,2026-09-29,0.00506,359.15,359.15,258.3,400.0,-262.98,-662.98,-0.663,ran out of bars,sideways/normal
2026-08-25 15:02:00,2026-08-26 09:15:00,NIFTY,24200.0,2026-09-29,0.00799,434.65,434.65,184.3,400.0,741.26,341.26,0.341,banked (remaining gap < exit cost),sideways/calm
2026-07-01 12:14:00,2026-07-01 12:44:00,NIFTY,24400.0,2026-09-29,0.01112,595.35,595.35,600.55,400.0,-27.15,-427.15,-0.427,stopped (gap widened beyond the pair's own wobble band),bullish/calm
2026-07-02 10:28:00,2026-07-02 10:29:00,NIFTY,24400.0,2026-09-29,0.011,609.5,609.5,552.0,400.0,-2.73,-402.73,-0.403,stopped (gap widened beyond the pair's own wobble band),bullish/calm
2026-07-02 11:28:00,2026-07-02 14:26:00,NIFTY,24400.0,2026-09-29,0.01093,602.0,602.0,569.0,400.0,18.55,-381.45,-0.381,stopped (gap widened beyond the pair's own wobble band),bullish/calm
2026-07-03 12:08:00,2026-07-03 12:09:00,NIFTY,24400.0,2026-09-29,0.01035,736.0,736.0,437.0,400.0,-10.38,-410.38,-0.41,stopped (gap widened beyond the pair's own wobble band),bullish/calm
2026-07-03 12:47:00,2026-07-03 14:29:00,NIFTY,24400.0,2026-09-29,0.01076,728.05,728.05,440.7,400.0,-38.01,-438.01,-0.438,stopped (gap widened beyond the pair's own wobble band),bullish/calm
2026-07-03 14:38:00,2026-07-06 09:20:00,NIFTY,24400.0,2026-09-29,0.01106,685.0,685.0,470.0,400.0,22.5,-377.5,-0.377,stopped (gap widened beyond the pair's own wobble band),bullish/calm
2026-07-06 10:23:00,2026-07-06 10:24:00,NIFTY,24400.0,2026-09-29,0.01048,737.25,737.25,416.8,400.0,-19.74,-419.74,-0.42,stopped (gap widened beyond the pair's own wobble band),bullish/normal
2026-07-06 10:29:00,2026-07-06 10:35:00,NIFTY,24400.0,2026-09-29,0.01045,739.3,739.3,411.0,400.0,2.99,-397.01,-0.397,stopped (gap widened beyond the pair's own wobble band),bullish/normal
2026-07-06 10:37:00,2026-07-06 10:41:00,NIFTY,24400.0,2026-09-29,0.01099,736.0,736.0,412.0,400.0,46.41,-353.59,-0.354,stopped (gap widened beyond the pair's own wobble band),bullish/normal
2026-07-06 10:45:00,2026-07-06 10:46:00,NIFTY,24400.0,2026-09-29,0.01071,734.05,734.05,412.9,400.0,4.52,-395.48,-0.395,stopped (gap widened beyond the pair's own wobble band),bullish/normal
2026-07-06 10:57:00,2026-07-06 10:59:00,NIFTY,24400.0,2026-09-29,0.01043,734.0,734.0,408.9,400.0,11.7,-388.3,-0.388,stopped (gap widened beyond the pair's own wobble band),bullish/normal
2026-07-06 11:00:00,2026-07-06 11:01:00,NIFTY,24400.0,2026-09-29,0.01006,734.0,734.0,409.0,400.0,-8.13,-408.13,-0.408,stopped (gap widened beyond the pair's own wobble band),bullish/normal
2026-07-06 11:02:00,2026-07-06 11:03:00,NIFTY,24400.0,2026-09-29,0.01053,734.0,734.0,405.15,400.0,-1.13,-401.13,-0.401,stopped (gap widened beyond the pair's own wobble band),bullish/normal
2026-07-06 11:04:00,2026-07-06 11:08:00,NIFTY,24400.0,2026-09-29,0.01051,734.0,734.0,407.95,400.0,12.41,-387.59,-0.388,stopped (gap widened beyond the pair's own wobble band),bullish/normal
2026-07-06 15:23:00,2026-07-06 15:27:00,NIFTY,24400.0,2026-09-29,0.0107,741.0,741.0,400.05,400.0,14.1,-385.9,-0.386,stopped (gap widened beyond the pair's own wobble band),bullish/normal
2026-07-07 14:03:00,2026-07-07 15:05:00,NIFTY,24400.0,2026-09-29,0.01051,742.0,742.0,386.0,400.0,57.64,-342.36,-0.342,stopped (gap widened beyond the pair's own wobble band),bullish/normal
2026-07-07 15:28:00,2026-07-08 09:21:00,NIFTY,24400.0,2026-09-29,0.01042,690.0,690.0,422.0,400.0,6.65,-393.35,-0.393,stopped (gap widened beyond the pair's own wobble band),bullish/normal
2026-07-08 09:30:00,2026-07-08 09:31:00,NIFTY,24400.0,2026-09-29,0.01106,612.0,612.0,495.0,400.0,13.13,-386.87,-0.387,stopped (gap widened beyond the pair's own wobble band),bearish/wild
2026-07-08 10:23:00,2026-07-08 10:24:00,NIFTY,24400.0,2026-09-29,0.01047,613.0,613.0,491.9,400.0,-50.12,-450.12,-0.45,stopped (gap widened beyond the pair's own wobble band),bearish/wild
2026-07-08 13:46:00,2026-07-08 13:47:00,NIFTY,24400.0,2026-09-29,0.01108,587.0,587.0,508.0,400.0,-72.01,-472.01,-0.472,stopped (gap widened beyond the pair's own wobble band),bearish/wild
2026-07-08 13:52:00,2026-07-08 13:55:00,NIFTY,24400.0,2026-09-29,0.01036,560.0,560.0,582.0,400.0,-129.98,-529.98,-0.53,stopped (gap widened beyond the pair's own wobble band),bearish/wild
2026-07-08 13:58:00,2026-07-08 14:02:00,NIFTY,24400.0,2026-09-29,0.01077,538.0,538.0,623.95,400.0,-18.24,-418.24,-0.418,stopped (gap widened beyond the pair's own wobble band),bearish/wild
2026-07-08 14:06:00,2026-07-08 14:10:00,NIFTY,24400.0,2026-09-29,0.01117,519.0,519.0,660.0,400.0,-31.91,-431.91,-0.432,stopped (gap widened beyond the pair's own wobble band),bearish/wild
2026-07-08 14:29:00,2026-07-08 14:32:00,NIFTY,24400.0,2026-09-29,0.01162,494.9,494.9,700.0,400.0,24.3,-375.7,-0.376,stopped (gap widened beyond the pair's own wobble band),bearish/wild
2026-07-08 14:48:00,2026-07-08 14:49:00,NIFTY,24400.0,2026-09-29,0.01095,486.0,486.0,728.0,400.0,16.95,-383.05,-0.383,stopped (gap widened beyond the pair's own wobble band),bearish/wild
2026-07-08 15:01:00,2026-07-08 15:10:00,NIFTY,24400.0,2026-09-29,0.01185,487.0,487.0,712.0,400.0,56.26,-343.74,-0.344,stopped (gap widened beyond the pair's own wobble band),bearish/wild
2026-07-09 10:42:00,2026-07-09 10:44:00,NIFTY,24400.0,2026-09-29,0.00951,550.1,550.1,556.65,400.0,-50.45,-450.45,-0.45,stopped (gap widened beyond the pair's own wobble band),sideways/normal
2026-07-09 10:45:00,2026-07-09 10:46:00,NIFTY,24400.0,2026-09-29,0.01015,544.0,544.0,580.0,400.0,-13.03,-413.03,-0.413,stopped (gap widened beyond the pair's own wobble band),sideways/normal
2026-07-09 14:03:00,2026-07-09 14:48:00,NIFTY,24400.0,2026-09-29,0.00998,522.75,522.75,591.8,400.0,-33.84,-433.84,-0.434,stopped (gap widened beyond the pair's own wobble band),sideways/normal
2026-07-10 11:48:00,2026-07-10 15:06:00,NIFTY,24400.0,2026-09-29,0.00996,564.8,564.8,503.0,400.0,-25.72,-425.72,-0.426,stopped (gap widened beyond the pair's own wobble band),bullish/calm
2026-07-13 09:17:00,2026-07-13 09:21:00,NIFTY,24400.0,2026-09-29,0.01023,497.65,497.65,588.0,400.0,-5.27,-405.27,-0.405,stopped (gap widened beyond the pair's own wobble band),bullish/wild
2026-07-13 09:43:00,2026-07-13 09:50:00,NIFTY,24400.0,2026-09-29,0.00999,516.0,516.0,571.0,400.0,-19.31,-419.31,-0.419,stopped (gap widened beyond the pair's own wobble band),bullish/wild
2026-07-13 10:59:00,2026-07-13 11:40:00,NIFTY,24400.0,2026-09-29,0.01071,558.0,558.0,546.0,400.0,39.78,-360.22,-0.36,stopped (gap widened beyond the pair's own wobble band),bullish/wild
2026-07-13 12:13:00,2026-07-13 12:14:00,NIFTY,24400.0,2026-09-29,0.00939,576.0,576.0,527.0,400.0,-57.1,-457.1,-0.457,stopped (gap widened beyond the pair's own wobble band),bullish/wild
2026-07-13 14:55:00,2026-07-14 09:25:00,NIFTY,24400.0,2026-09-29,0.00918,589.6,589.6,505.95,400.0,-120.23,-520.23,-0.52,stopped (gap widened beyond the pair's own wobble band),bullish/wild
2026-07-14 10:00:00,2026-07-14 10:18:00,NIFTY,24400.0,2026-09-29,0.01016,521.95,521.95,598.0,400.0,-35.48,-435.48,-0.435,stopped (gap widened beyond the pair's own wobble band),sideways/calm
2026-07-14 12:22:00,2026-07-14 12:58:00,NIFTY,24400.0,2026-09-29,0.01041,516.05,516.05,590.0,400.0,-19.6,-419.6,-0.42,stopped (gap widened beyond the pair's own wobble band),sideways/calm
2026-07-14 13:38:00,2026-07-14 14:47:00,NIFTY,24400.0,2026-09-29,0.01103,508.0,508.0,608.0,400.0,38.41,-361.59,-0.362,stopped (gap widened beyond the pair's own wobble band),sideways/calm
2026-07-14 15:14:00,2026-07-14 15:21:00,NIFTY,24400.0,2026-09-29,0.00974,492.95,492.95,621.95,400.0,-43.74,-443.74,-0.444,stopped (gap widened beyond the pair's own wobble band),sideways/calm
2026-07-15 11:01:00,2026-07-15 11:53:00,NIFTY,24400.0,2026-09-29,0.00964,561.0,561.0,525.9,400.0,-65.72,-465.72,-0.466,stopped (gap widened beyond the pair's own wobble band),sideways/normal
2026-07-15 12:31:00,2026-07-15 12:41:00,NIFTY,24400.0,2026-09-29,0.00991,552.1,552.1,530.0,400.0,-33.68,-433.68,-0.434,stopped (gap widened beyond the pair's own wobble band),sideways/normal
2026-07-15 12:58:00,2026-07-15 13:05:00,NIFTY,24400.0,2026-09-29,0.0104,505.95,505.95,592.0,400.0,-13.93,-413.93,-0.414,stopped (gap widened beyond the pair's own wobble band),sideways/normal
2026-07-16 09:43:00,2026-07-16 09:54:00,NIFTY,24400.0,2026-09-29,0.00993,535.9,535.9,537.85,400.0,-7.76,-407.76,-0.408,stopped (gap widened beyond the pair's own wobble band),sideways/calm
2026-07-16 11:56:00,2026-07-16 13:30:00,NIFTY,24400.0,2026-09-29,0.00954,534.0,534.0,520.5,400.0,-47.49,-447.49,-0.447,stopped (gap widened beyond the pair's own wobble band),sideways/calm
2026-07-16 13:44:00,2026-07-16 15:00:00,NIFTY,24400.0,2026-09-29,0.01042,490.0,490.0,575.05,400.0,26.18,-373.82,-0.374,stopped (gap widened beyond the pair's own wobble band),sideways/calm
2026-07-16 15:24:00,2026-07-17 09:25:00,NIFTY,24400.0,2026-09-29,0.01027,503.5,503.5,554.0,400.0,30.11,-369.89,-0.37,stopped (gap widened beyond the pair's own wobble band),sideways/calm
2026-07-17 10:32:00,2026-07-17 12:40:00,NIFTY,24400.0,2026-09-29,0.00946,591.6,591.6,490.7,400.0,-84.36,-484.36,-0.484,stopped (gap widened beyond the pair's own wobble band),bullish/wild
2026-07-17 14:12:00,2026-07-17 14:40:00,NIFTY,24400.0,2026-09-29,0.01035,590.0,590.0,496.95,400.0,12.05,-387.95,-0.388,stopped (gap widened beyond the pair's own wobble band),bullish/wild
2026-07-17 14:44:00,2026-07-20 09:16:00,NIFTY,24400.0,2026-09-29,0.00944,610.0,610.0,473.8,400.0,-61.86,-461.86,-0.462,stopped (gap widened beyond the pair's own wobble band),bullish/wild
2026-07-20 09:27:00,2026-07-20 09:33:00,NIFTY,24400.0,2026-09-29,0.0101,548.4,548.4,520.5,400.0,3.77,-396.23,-0.396,stopped (gap widened beyond the pair's own wobble band),bullish/calm
2026-07-20 09:59:00,2026-07-20 10:48:00,NIFTY,24400.0,2026-09-29,0.01056,554.0,554.0,518.1,400.0,42.96,-357.04,-0.357,stopped (gap widened beyond the pair's own wobble band),bullish/calm
2026-07-20 13:01:00,2026-07-20 13:32:00,NIFTY,24400.0,2026-09-29,0.01034,548.05,548.05,520.05,400.0,-15.05,-415.05,-0.415,stopped (gap widened beyond the pair's own wobble band),bullish/calm
2026-07-21 09:39:00,2026-07-21 10:35:00,NIFTY,24400.0,2026-09-29,0.00997,554.2,554.2,483.0,400.0,-5.8,-405.8,-0.406,stopped (gap widened beyond the pair's own wobble band),bullish/calm
2026-07-21 10:40:00,2026-07-21 10:42:00,NIFTY,24400.0,2026-09-29,0.01017,533.6,533.6,508.4,400.0,24.29,-375.71,-0.376,stopped (gap widened beyond the pair's own wobble band),bullish/calm
2026-07-21 10:49:00,2026-07-21 11:45:00,NIFTY,24400.0,2026-09-29,0.0101,534.0,534.0,511.55,400.0,-3.83,-403.83,-0.404,stopped (gap widened beyond the pair's own wobble band),bullish/calm
2026-07-21 11:47:00,2026-07-21 11:51:00,NIFTY,24400.0,2026-09-29,0.00997,525.1,525.1,507.35,400.0,-9.71,-409.71,-0.41,stopped (gap widened beyond the pair's own wobble band),bullish/calm
2026-07-21 11:53:00,2026-07-21 11:54:00,NIFTY,24400.0,2026-09-29,0.00998,524.0,524.0,508.0,400.0,-19.66,-419.66,-0.42,stopped (gap widened beyond the pair's own wobble band),bullish/calm
2026-07-21 12:20:00,2026-07-21 12:55:00,NIFTY,24400.0,2026-09-29,0.01035,535.1,535.1,502.0,400.0,42.3,-357.7,-0.358,stopped (gap widened beyond the pair's own wobble band),bullish/calm
2026-07-21 14:33:00,2026-07-21 14:47:00,NIFTY,24400.0,2026-09-29,0.00988,516.55,516.55,508.4,400.0,-28.93,-428.93,-0.429,stopped (gap widened beyond the pair's own wobble band),bullish/calm
2026-07-21 14:55:00,2026-07-21 15:13:00,NIFTY,24400.0,2026-09-29,0.01002,518.7,518.7,506.2,400.0,7.58,-392.42,-0.392,stopped (gap widened beyond the pair's own wobble band),bullish/calm
2026-07-21 15:28:00,2026-07-21 15:29:00,NIFTY,24400.0,2026-09-29,0.01032,517.4,517.4,486.9,400.0,27.64,-372.36,-0.372,stopped (gap widened beyond the pair's own wobble band),bullish/calm
2026-07-22 09:25:00,2026-07-22 09:46:00,NIFTY,24400.0,2026-09-29,0.0096,470.0,470.0,555.0,400.0,-52.88,-452.88,-0.453,stopped (gap widened beyond the pair's own wobble band),sideways/normal
2026-07-22 11:04:00,2026-07-22 11:12:00,NIFTY,24400.0,2026-09-29,0.01015,444.95,444.95,590.05,400.0,-14.97,-414.97,-0.415,stopped (gap widened beyond the pair's own wobble band),sideways/normal
2026-07-22 12:09:00,2026-07-22 12:39:00,NIFTY,24400.0,2026-09-29,0.01052,432.0,432.0,594.0,400.0,13.92,-386.08,-0.386,stopped (gap widened beyond the pair's own wobble band),sideways/normal
2026-07-22 13:35:00,2026-07-22 13:41:00,NIFTY,24400.0,2026-09-29,0.01055,448.0,448.0,594.95,400.0,6.57,-393.43,-0.393,stopped (gap widened beyond the pair's own wobble band),sideways/normal
2026-07-22 15:12:00,2026-07-22 15:24:00,NIFTY,24400.0,2026-09-29,0.01029,439.95,439.95,597.95,400.0,31.3,-368.7,-0.369,stopped (gap widened beyond the pair's own wobble band),sideways/normal
2026-07-22 15:25:00,2026-07-22 15:26:00,NIFTY,24400.0,2026-09-29,0.00981,434.7,434.7,606.15,400.0,-15.37,-415.37,-0.415,stopped (gap widened beyond the pair's own wobble band),sideways/normal
2026-07-23 09:17:00,2026-07-23 09:19:00,NIFTY,24400.0,2026-09-29,0.01014,398.35,398.35,650.0,400.0,-12.77,-412.77,-0.413,stopped (gap widened beyond the pair's own wobble band),bearish/normal
2026-07-23 10:52:00,2026-07-23 14:52:00,NIFTY,24400.0,2026-09-29,0.0093,413.6,413.6,604.0,400.0,-63.06,-463.06,-0.463,stopped (gap widened beyond the pair's own wobble band),bearish/normal
2026-07-23 15:28:00,2026-07-24 11:56:00,NIFTY,24400.0,2026-09-29,0.00903,374.15,374.15,667.2,400.0,-196.37,-596.37,-0.596,stopped (gap widened beyond the pair's own wobble band),bearish/normal
2026-07-24 12:34:00,2026-07-28 10:22:00,NIFTY,24400.0,2026-09-29,0.00848,338.0,338.0,728.95,400.0,-159.96,-559.96,-0.56,stopped (gap widened beyond the pair's own wobble band),bearish/normal
2026-07-28 10:26:00,2026-07-28 10:29:00,NIFTY,24400.0,2026-09-29,0.0098,390.0,390.0,560.1,400.0,-69.18,-469.18,-0.469,stopped (gap widened beyond the pair's own wobble band),sideways/calm
2026-07-28 10:33:00,2026-07-28 10:35:00,NIFTY,24400.0,2026-09-29,0.0098,395.0,395.0,553.45,400.0,-57.48,-457.48,-0.457,stopped (gap widened beyond the pair's own wobble band),sideways/calm
2026-07-28 10:40:00,2026-07-28 10:59:00,NIFTY,24400.0,2026-09-29,0.00997,403.0,403.0,549.65,400.0,-3.83,-403.83,-0.404,stopped (gap widened beyond the pair's own wobble band),sideways/calm
2026-07-29 09:18:00,2026-08-03 14:41:00,NIFTY,24400.0,2026-09-29,0.00587,466.0,466.0,454.95,400.0,85.75,-314.25,-0.314,ran out of bars,bullish/calm
2026-08-03 14:53:00,2026-08-11 10:47:00,NIFTY,24400.0,2026-09-29,0.00493,643.15,643.15,271.0,400.0,-44.35,-444.35,-0.444,ran out of bars,bullish/wild
2026-08-11 11:00:00,2026-08-13 12:40:00,NIFTY,24400.0,2026-09-29,0.0054,552.0,552.0,278.8,400.0,-40.56,-440.56,-0.441,ran out of bars,bullish/calm
2026-08-13 12:44:00,2026-08-17 10:53:00,NIFTY,24400.0,2026-09-29,0.00564,494.75,494.75,272.7,400.0,-11.67,-411.67,-0.412,ran out of bars,bullish/calm
2026-08-17 10:54:00,2026-08-18 14:04:00,NIFTY,24400.0,2026-09-29,0.0057,372.2,372.2,324.3,400.0,72.74,-327.26,-0.327,ran out of bars,sideways/calm
2026-08-18 14:05:00,2026-08-20 10:57:00,NIFTY,24400.0,2026-09-29,0.00518,323.25,323.25,351.65,400.0,49.01,-350.99,-0.351,ran out of bars,sideways/calm
2026-08-20 10:58:00,2026-08-21 09:23:00,NIFTY,24400.0,2026-09-29,0.0046,294.15,294.15,306.65,400.0,70.4,-329.6,-0.33,banked (remaining gap < exit cost),sideways/calm
2026-08-21 09:26:00,2026-08-21 09:30:00,NIFTY,24400.0,2026-09-29,0.00429,291.2,291.2,316.1,400.0,42.93,-357.07,-0.357,banked (remaining gap < exit cost),sideways/calm
2026-08-21 09:32:00,2026-08-21 09:33:00,NIFTY,24400.0,2026-09-29,0.00432,288.75,288.75,318.5,400.0,38.0,-362.0,-0.362,banked (remaining gap < exit cost),sideways/calm
2026-08-21 09:36:00,2026-08-21 09:39:00,NIFTY,24400.0,2026-09-29,0.00432,288.15,288.15,319.4,400.0,43.31,-356.69,-0.357,banked (remaining gap < exit cost),sideways/calm
2026-08-21 09:41:00,2026-08-21 09:43:00,NIFTY,24400.0,2026-09-29,0.00437,293.65,293.65,312.1,400.0,44.05,-355.95,-0.356,banked (remaining gap < exit cost),sideways/calm
2026-08-21 09:49:00,2026-08-21 09:54:00,NIFTY,24400.0,2026-09-29,0.00426,299.35,299.35,305.0,400.0,26.62,-373.38,-0.373,banked (remaining gap < exit cost),sideways/calm
2026-08-21 09:56:00,2026-08-24 12:31:00,NIFTY,24400.0,2026-09-29,0.0041,298.55,298.55,303.3,400.0,-73.97,-473.97,-0.474,ran out of bars,sideways/calm
2026-08-24 12:32:00,2026-08-25 14:57:00,NIFTY,24400.0,2026-09-29,0.00492,261.15,261.15,332.8,400.0,-302.56,-702.56,-0.703,ran out of bars,sideways/normal
2026-08-25 14:58:00,2026-08-26 09:15:00,NIFTY,24400.0,2026-09-29,0.00796,308.7,308.7,254.7,400.0,745.75,345.75,0.346,banked (remaining gap < exit cost),sideways/calm
2026-07-01 09:44:00,2026-07-06 11:24:00,NIFTY,24500.0,2026-09-29,0.01133,512.55,512.55,692.2,400.0,73.57,-326.43,-0.326,ran out of bars,bullish/calm
2026-07-06 11:27:00,2026-07-08 13:25:00,NIFTY,24500.0,2026-09-29,0.0104,672.0,672.0,442.2,400.0,-51.36,-451.36,-0.451,ran out of bars,bullish/normal
2026-07-08 13:26:00,2026-07-10 12:12:00,NIFTY,24500.0,2026-09-29,0.01078,548.2,548.2,530.75,400.0,70.19,-329.81,-0.33,ran out of bars,bearish/wild
2026-07-10 12:17:00,2026-07-14 12:21:00,NIFTY,24500.0,2026-09-29,0.01017,499.35,499.35,559.0,400.0,-4.29,-404.29,-0.404,ran out of bars,bullish/calm
2026-07-14 12:25:00,2026-07-17 09:40:00,NIFTY,24500.0,2026-09-29,0.0098,458.1,458.1,646.45,400.0,9.56,-390.44,-0.39,ran out of bars,sideways/calm
2026-07-17 09:41:00,2026-07-20 15:29:00,NIFTY,24500.0,2026-09-29,0.00996,497.1,497.1,550.2,400.0,9.76,-390.24,-0.39,ran out of bars,bullish/wild
2026-07-21 09:16:00,2026-07-23 09:15:00,NIFTY,24500.0,2026-09-29,0.00947,510.25,510.25,534.0,400.0,-23.7,-423.7,-0.424,ran out of bars,bullish/calm
2026-07-23 09:16:00,2026-07-24 14:18:00,NIFTY,24500.0,2026-09-29,0.00964,353.05,353.05,710.55,400.0,93.2,-306.8,-0.307,ran out of bars,bearish/normal
2026-07-24 14:19:00,2026-07-28 13:40:00,NIFTY,24500.0,2026-09-29,0.00868,304.6,304.6,768.7,400.0,-168.55,-568.55,-0.569,ran out of bars,bearish/normal
2026-07-28 13:42:00,2026-07-30 11:04:00,NIFTY,24500.0,2026-09-29,0.01049,342.05,342.05,609.65,400.0,528.47,128.47,0.128,ran out of bars,sideways/calm
2026-07-30 11:08:00,2026-07-31 14:37:00,NIFTY,24500.0,2026-09-29,0.0053,418.0,418.0,485.85,400.0,28.13,-371.87,-0.372,ran out of bars,bullish/calm
2026-07-31 14:38:00,2026-08-04 10:51:00,NIFTY,24500.0,2026-09-29,0.00508,477.0,477.0,395.15,400.0,13.53,-386.47,-0.386,ran out of bars,bullish/calm
2026-08-04 10:52:00,2026-08-05 13:04:00,NIFTY,24500.0,2026-09-29,0.00503,568.95,568.95,298.45,400.0,-55.88,-455.88,-0.456,ran out of bars,bullish/wild
2026-08-05 13:05:00,2026-08-07 09:27:00,NIFTY,24500.0,2026-09-29,0.0054,549.55,549.55,329.55,400.0,37.53,-362.47,-0.362,ran out of bars,bullish/normal
2026-08-07 09:28:00,2026-08-10 12:37:00,NIFTY,24500.0,2026-09-29,0.0056,600.05,600.05,288.6,400.0,34.43,-365.57,-0.366,ran out of bars,bullish/calm
2026-08-10 12:40:00,2026-08-11 15:17:00,NIFTY,24500.0,2026-09-29,0.00538,590.75,590.75,272.6,400.0,-0.62,-400.62,-0.401,ran out of bars,bullish/calm
2026-08-11 15:18:00,2026-08-13 10:51:00,NIFTY,24500.0,2026-09-29,0.00573,489.2,489.2,308.05,400.0,-22.86,-422.86,-0.423,ran out of bars,bullish/calm
2026-08-13 10:54:00,2026-08-14 13:12:00,NIFTY,24500.0,2026-09-29,0.00651,410.2,410.2,334.1,400.0,87.4,-312.6,-0.313,ran out of bars,bullish/calm
2026-08-14 13:13:00,2026-08-17 15:15:00,NIFTY,24500.0,2026-09-29,0.00558,383.25,383.25,328.25,400.0,21.75,-378.25,-0.378,ran out of bars,bullish/calm
2026-08-17 15:16:00,2026-08-19 10:47:00,NIFTY,24500.0,2026-09-29,0.00585,365.5,365.5,314.0,400.0,49.5,-350.5,-0.351,ran out of bars,sideways/calm
2026-08-19 10:48:00,2026-08-20 12:44:00,NIFTY,24500.0,2026-09-29,0.00533,212.6,212.6,467.2,400.0,90.37,-309.63,-0.31,ran out of bars,sideways/calm
2026-08-20 12:45:00,2026-08-21 09:23:00,NIFTY,24500.0,2026-09-29,0.00443,251.5,251.5,342.45,400.0,45.06,-354.94,-0.355,banked (remaining gap < exit cost),sideways/calm
2026-08-21 09:26:00,2026-08-21 09:30:00,NIFTY,24500.0,2026-09-29,0.00435,243.0,243.0,365.85,400.0,41.7,-358.3,-0.358,banked (remaining gap < exit cost),sideways/calm
2026-08-21 09:32:00,2026-08-21 09:43:00,NIFTY,24500.0,2026-09-29,0.00439,241.0,241.0,368.3,400.0,46.41,-353.59,-0.354,banked (remaining gap < exit cost),sideways/calm
2026-08-21 09:49:00,2026-08-21 09:54:00,NIFTY,24500.0,2026-09-29,0.00423,249.0,249.0,354.75,400.0,29.7,-370.3,-0.37,banked (remaining gap < exit cost),sideways/calm
2026-08-21 09:56:00,2026-08-24 11:51:00,NIFTY,24500.0,2026-09-29,0.00413,249.2,249.2,352.5,400.0,-68.04,-468.04,-0.468,ran out of bars,sideways/calm
2026-08-24 11:52:00,2026-08-25 13:48:00,NIFTY,24500.0,2026-09-29,0.00474,212.55,212.55,380.95,400.0,-177.04,-577.04,-0.577,ran out of bars,sideways/normal
2026-08-25 13:49:00,2026-08-26 09:15:00,NIFTY,24500.0,2026-09-29,0.00654,194.75,194.75,390.5,400.0,611.17,211.17,0.211,banked (remaining gap < exit cost),sideways/calm
2026-07-03 15:05:00,2026-07-06 13:12:00,NIFTY,24600.0,2026-09-29,0.01074,570.0,570.0,546.1,400.0,49.35,-350.65,-0.351,stopped (gap widened beyond the pair's own wobble band),bullish/calm
2026-07-06 15:00:00,2026-07-06 15:28:00,NIFTY,24600.0,2026-09-29,0.01076,617.9,617.9,479.0,400.0,19.48,-380.52,-0.381,stopped (gap widened beyond the pair's own wobble band),bullish/normal
2026-07-08 09:23:00,2026-07-08 09:25:00,NIFTY,24600.0,2026-09-29,0.01027,510.15,510.15,576.0,400.0,-60.62,-460.62,-0.461,stopped (gap widened beyond the pair's own wobble band),bearish/wild
2026-07-08 09:26:00,2026-07-08 09:27:00,NIFTY,24600.0,2026-09-29,0.01098,514.5,514.5,577.0,400.0,41.2,-358.8,-0.359,stopped (gap widened beyond the pair's own wobble band),bearish/wild
2026-07-08 10:00:00,2026-07-08 11:03:00,NIFTY,24600.0,2026-09-29,0.01137,516.0,516.0,565.0,400.0,134.85,-265.15,-0.265,stopped (gap widened beyond the pair's own wobble band),bearish/wild
2026-07-08 12:15:00,2026-07-08 12:37:00,NIFTY,24600.0,2026-09-29,0.01114,506.0,506.0,580.75,400.0,-8.08,-408.08,-0.408,stopped (gap widened beyond the pair's own wobble band),bearish/wild
2026-07-08 13:34:00,2026-07-08 13:47:00,NIFTY,24600.0,2026-09-29,0.0111,498.6,498.6,583.25,400.0,-47.51,-447.51,-0.448,stopped (gap widened beyond the pair's own wobble band),bearish/wild
2026-07-08 13:56:00,2026-07-08 14:01:00,NIFTY,24600.0,2026-09-29,0.00953,456.2,456.2,723.95,400.0,-144.81,-544.81,-0.545,stopped (gap widened beyond the pair's own wobble band),bearish/wild
2026-07-08 14:04:00,2026-07-08 14:10:00,NIFTY,24600.0,2026-09-29,0.01142,441.0,441.0,758.1,400.0,12.1,-387.9,-0.388,stopped (gap widened beyond the pair's own wobble band),bearish/wild
2026-07-08 14:18:00,2026-07-08 14:49:00,NIFTY,24600.0,2026-09-29,0.01023,416.55,416.55,801.95,400.0,-76.33,-476.33,-0.476,stopped (gap widened beyond the pair's own wobble band),bearish/wild
2026-07-08 14:51:00,2026-07-08 15:00:00,NIFTY,24600.0,2026-09-29,0.01263,389.0,389.0,825.95,400.0,245.38,-154.62,-0.155,stopped (gap widened beyond the pair's own wobble band),bearish/wild
2026-07-08 15:16:00,2026-07-08 15:17:00,NIFTY,24600.0,2026-09-29,0.01139,402.3,402.3,796.0,400.0,36.7,-363.3,-0.363,stopped (gap widened beyond the pair's own wobble band),bearish/wild
2026-07-08 15:18:00,2026-07-08 15:27:00,NIFTY,24600.0,2026-09-29,0.01095,405.0,405.0,792.0,400.0,5.34,-394.66,-0.395,stopped (gap widened beyond the pair's own wobble band),bearish/wild
2026-07-09 10:42:00,2026-07-09 10:46:00,NIFTY,24600.0,2026-09-29,0.01074,473.95,473.95,648.0,400.0,-33.39,-433.39,-0.433,stopped (gap widened beyond the pair's own wobble band),sideways/normal
2026-07-09 12:40:00,2026-07-09 12:41:00,NIFTY,24600.0,2026-09-29,0.01007,425.0,425.0,695.0,400.0,-23.52,-423.52,-0.424,stopped (gap widened beyond the pair's own wobble band),sideways/normal
2026-07-09 12:54:00,2026-07-09 14:41:00,NIFTY,24600.0,2026-09-29,0.01057,437.55,437.55,677.5,400.0,24.49,-375.51,-0.376,stopped (gap widened beyond the pair's own wobble band),sideways/normal
2026-07-10 09:50:00,2026-07-10 14:57:00,NIFTY,24600.0,2026-09-29,0.01063,474.95,474.95,580.1,400.0,110.26,-289.74,-0.29,stopped (gap widened beyond the pair's own wobble band),bullish/calm
2026-07-13 09:18:00,2026-07-13 09:21:00,NIFTY,24600.0,2026-09-29,0.01049,402.0,402.0,688.05,400.0,3.18,-396.82,-0.397,stopped (gap widened beyond the pair's own wobble band),bullish/wild
2026-07-13 10:06:00,2026-07-13 10:29:00,NIFTY,24600.0,2026-09-29,0.01006,425.0,425.0,654.0,400.0,-28.77,-428.77,-0.429,stopped (gap widened beyond the pair's own wobble band),bullish/wild
2026-07-13 12:54:00,2026-07-13 13:35:00,NIFTY,24600.0,2026-09-29,0.00977,501.05,501.05,593.1,400.0,-13.29,-413.29,-0.413,stopped (gap widened beyond the pair's own wobble band),bullish/wild
2026-07-14 10:05:00,2026-07-14 10:23:00,NIFTY,24600.0,2026-09-29,0.01004,428.4,428.4,688.0,400.0,-139.0,-539.0,-0.539,stopped (gap widened beyond the pair's own wobble band),sideways/calm
2026-07-14 12:27:00,2026-07-14 12:51:00,NIFTY,24600.0,2026-09-29,0.01042,414.05,414.05,696.0,400.0,-0.95,-400.95,-0.401,stopped (gap widened beyond the pair's own wobble band),sideways/calm
2026-07-14 14:48:00,2026-07-14 15:13:00,NIFTY,24600.0,2026-09-29,0.01052,396.2,396.2,712.0,400.0,48.4,-351.6,-0.352,stopped (gap widened beyond the pair's own wobble band),sideways/calm
2026-07-14 15:25:00,2026-07-15 09:19:00,NIFTY,24600.0,2026-09-29,0.01058,400.55,400.55,722.4,400.0,18.63,-381.37,-0.381,stopped (gap widened beyond the pair's own wobble band),sideways/calm
2026-07-15 09:33:00,2026-07-15 10:01:00,NIFTY,24600.0,2026-09-29,0.01002,464.05,464.05,613.0,400.0,-49.53,-449.53,-0.45,stopped (gap widened beyond the pair's own wobble band),sideways/normal
2026-07-15 13:19:00,2026-07-16 09:18:00,NIFTY,24600.0,2026-09-29,0.01026,419.0,419.0,685.0,400.0,2.23,-397.77,-0.398,stopped (gap widened beyond the pair's own wobble band),sideways/normal
2026-07-16 09:23:00,2026-07-16 09:40:00,NIFTY,24600.0,2026-09-29,0.00939,434.9,434.9,640.05,400.0,-135.19,-535.19,-0.535,stopped (gap widened beyond the pair's own wobble band),sideways/calm
2026-07-16 09:54:00,2026-07-16 12:40:00,NIFTY,24600.0,2026-09-29,0.01014,429.95,429.95,632.0,400.0,36.32,-363.68,-0.364,stopped (gap widened beyond the pair's own wobble band),sideways/calm
2026-07-17 09:18:00,2026-07-17 10:00:00,NIFTY,24600.0,2026-09-29,0.01009,440.0,440.0,614.45,400.0,75.26,-324.74,-0.325,stopped (gap widened beyond the pair's own wobble band),bullish/wild
2026-07-17 14:16:00,2026-07-17 14:21:00,NIFTY,24600.0,2026-09-29,0.00917,519.7,519.7,532.5,400.0,-20.27,-420.27,-0.42,stopped (gap widened beyond the pair's own wobble band),bullish/wild
2026-07-20 10:27:00,2026-07-20 10:32:00,NIFTY,24600.0,2026-09-29,0.0104,464.95,464.95,599.35,400.0,-17.98,-417.98,-0.418,stopped (gap widened beyond the pair's own wobble band),bullish/calm
2026-07-21 09:19:00,2026-07-21 09:20:00,NIFTY,24600.0,2026-09-29,0.00992,469.85,469.85,557.4,400.0,-41.73,-441.73,-0.442,stopped (gap widened beyond the pair's own wobble band),bullish/calm
2026-07-21 09:21:00,2026-07-21 09:23:00,NIFTY,24600.0,2026-09-29,0.00981,467.05,467.05,559.95,400.0,-14.29,-414.29,-0.414,stopped (gap widened beyond the pair's own wobble band),bullish/calm
2026-07-21 09:24:00,2026-07-21 09:37:00,NIFTY,24600.0,2026-09-29,0.00972,456.7,456.7,572.05,400.0,20.88,-379.12,-0.379,stopped (gap widened beyond the pair's own wobble band),bullish/calm
2026-07-21 10:07:00,2026-07-21 10:35:00,NIFTY,24600.0,2026-09-29,0.00974,444.0,444.0,572.25,400.0,-10.26,-410.26,-0.41,stopped (gap widened beyond the pair's own wobble band),bullish/calm
2026-07-21 13:55:00,2026-07-21 14:21:00,NIFTY,24600.0,2026-09-29,0.00966,421.0,421.0,608.8,400.0,-22.56,-422.56,-0.423,stopped (gap widened beyond the pair's own wobble band),bullish/calm
2026-07-21 15:13:00,2026-07-21 15:14:00,NIFTY,24600.0,2026-09-29,0.00979,419.0,419.0,602.0,400.0,15.48,-384.52,-0.385,stopped (gap widened beyond the pair's own wobble band),bullish/calm
2026-07-21 15:15:00,2026-07-21 15:17:00,NIFTY,24600.0,2026-09-29,0.00976,422.0,422.0,601.9,400.0,2.47,-397.53,-0.398,stopped (gap widened beyond the pair's own wobble band),bullish/calm
2026-07-21 15:18:00,2026-07-21 15:20:00,NIFTY,24600.0,2026-09-29,0.00977,419.45,419.45,600.0,400.0,17.53,-382.47,-0.382,stopped (gap widened beyond the pair's own wobble band),bullish/calm
2026-07-21 15:21:00,2026-07-21 15:22:00,NIFTY,24600.0,2026-09-29,0.00982,420.7,420.7,600.0,400.0,15.05,-384.95,-0.385,stopped (gap widened beyond the pair's own wobble band),bullish/calm
2026-07-21 15:23:00,2026-07-21 15:24:00,NIFTY,24600.0,2026-09-29,0.00946,419.75,419.75,599.4,400.0,-1.64,-401.64,-0.402,stopped (gap widened beyond the pair's own wobble band),bullish/calm
2026-07-21 15:25:00,2026-07-21 15:27:00,NIFTY,24600.0,2026-09-29,0.0099,419.4,419.4,594.8,400.0,19.22,-380.78,-0.381,stopped (gap widened beyond the pair's own wobble band),bullish/calm
2026-07-21 15:28:00,2026-07-21 15:29:00,NIFTY,24600.0,2026-09-29,0.00985,419.55,419.55,597.85,400.0,32.18,-367.82,-0.368,stopped (gap widened beyond the pair's own wobble band),bullish/calm
2026-07-22 09:19:00,2026-07-22 09:21:00,NIFTY,24600.0,2026-09-29,0.00976,380.95,380.95,659.0,400.0,-7.03,-407.03,-0.407,stopped (gap widened beyond the pair's own wobble band),sideways/normal
2026-07-22 09:23:00,2026-07-22 09:24:00,NIFTY,24600.0,2026-09-29,0.00947,376.35,376.35,662.0,400.0,1.6,-398.4,-0.398,stopped (gap widened beyond the pair's own wobble band),sideways/normal
2026-07-22 09:29:00,2026-07-22 09:33:00,NIFTY,24600.0,2026-09-29,0.00983,366.05,366.05,672.0,400.0,-18.33,-418.33,-0.418,stopped (gap widened beyond the pair's own wobble band),sideways/normal
2026-07-22 09:50:00,2026-07-22 09:56:00,NIFTY,24600.0,2026-09-29,0.00971,358.0,358.0,690.0,400.0,-18.17,-418.17,-0.418,stopped (gap widened beyond the pair's own wobble band),sideways/normal
2026-07-22 10:22:00,2026-07-22 10:23:00,NIFTY,24600.0,2026-09-29,0.0101,356.75,356.75,693.0,400.0,3.44,-396.56,-0.397,stopped (gap widened beyond the pair's own wobble band),sideways/normal
2026-07-22 12:19:00,2026-07-22 12:47:00,NIFTY,24600.0,2026-09-29,0.01114,337.0,337.0,700.2,400.0,56.78,-343.22,-0.343,stopped (gap widened beyond the pair's own wobble band),sideways/normal
2026-07-22 12:49:00,2026-07-22 12:54:00,NIFTY,24600.0,2026-09-29,0.01032,348.0,348.0,700.0,400.0,7.24,-392.76,-0.393,stopped (gap widened beyond the pair's own wobble band),sideways/normal
2026-07-22 13:35:00,2026-07-22 14:47:00,NIFTY,24600.0,2026-09-29,0.01011,351.0,351.0,706.0,400.0,7.12,-392.88,-0.393,stopped (gap widened beyond the pair's own wobble band),sideways/normal
2026-07-23 09:55:00,2026-07-23 10:03:00,NIFTY,24600.0,2026-09-29,0.01044,319.95,319.95,720.0,400.0,99.73,-300.27,-0.3,stopped (gap widened beyond the pair's own wobble band),bearish/normal
2026-07-23 10:04:00,2026-07-23 13:32:00,NIFTY,24600.0,2026-09-29,0.00947,325.9,325.9,722.0,400.0,13.48,-386.52,-0.387,stopped (gap widened beyond the pair's own wobble band),bearish/normal
2026-07-23 15:00:00,2026-07-24 10:59:00,NIFTY,24600.0,2026-09-29,0.00897,288.0,288.0,822.1,400.0,-226.34,-626.34,-0.626,stopped (gap widened beyond the pair's own wobble band),bearish/normal
2026-07-24 13:35:00,2026-07-24 13:40:00,NIFTY,24600.0,2026-09-29,0.00911,263.15,263.15,858.2,400.0,-126.22,-526.22,-0.526,stopped (gap widened beyond the pair's own wobble band),bearish/normal
2026-07-24 15:00:00,2026-07-27 14:05:00,NIFTY,24600.0,2026-09-29,0.00944,258.0,258.0,837.85,400.0,-54.91,-454.91,-0.455,stopped (gap widened beyond the pair's own wobble band),bearish/normal
2026-07-27 14:39:00,2026-07-27 15:02:00,NIFTY,24600.0,2026-09-29,0.00933,306.45,306.45,657.0,400.0,-2.52,-402.52,-0.403,stopped (gap widened beyond the pair's own wobble band),sideways/calm
2026-07-27 15:27:00,2026-07-28 09:25:00,NIFTY,24600.0,2026-09-29,0.00914,316.15,316.15,650.0,400.0,-57.85,-457.85,-0.458,stopped (gap widened beyond the pair's own wobble band),sideways/calm
2026-07-28 09:42:00,2026-07-28 09:44:00,NIFTY,24600.0,2026-09-29,0.0092,311.0,311.0,656.0,400.0,-39.07,-439.07,-0.439,stopped (gap widened beyond the pair's own wobble band),sideways/calm
2026-07-28 09:45:00,2026-07-28 09:51:00,NIFTY,24600.0,2026-09-29,0.00962,309.0,309.0,656.4,400.0,-5.52,-405.52,-0.406,stopped (gap widened beyond the pair's own wobble band),sideways/calm
2026-07-28 09:56:00,2026-07-28 10:05:00,NIFTY,24600.0,2026-09-29,0.00978,312.95,312.95,657.75,400.0,-22.71,-422.71,-0.423,stopped (gap widened beyond the pair's own wobble band),sideways/calm
2026-07-28 10:28:00,2026-07-28 10:45:00,NIFTY,24600.0,2026-09-29,0.01024,305.0,305.0,665.95,400.0,29.63,-370.37,-0.37,stopped (gap widened beyond the pair's own wobble band),sideways/calm
2026-07-28 11:33:00,2026-07-28 11:49:00,NIFTY,24600.0,2026-09-29,0.01026,319.0,319.0,656.05,400.0,91.82,-308.18,-0.308,stopped (gap widened beyond the pair's own wobble band),sideways/calm
2026-07-28 13:52:00,2026-07-28 14:08:00,NIFTY,24600.0,2026-09-29,0.01039,308.05,308.05,656.0,400.0,4.38,-395.62,-0.396,stopped (gap widened beyond the pair's own wobble band),sideways/calm
2026-07-28 14:54:00,2026-08-04 10:38:00,NIFTY,24600.0,2026-09-29,0.01068,304.0,304.0,652.2,400.0,543.87,143.87,0.144,ran out of bars,sideways/calm
2026-08-04 10:39:00,2026-08-06 10:28:00,NIFTY,24600.0,2026-09-29,0.00537,512.0,512.0,334.0,400.0,28.27,-371.73,-0.372,ran out of bars,bullish/wild
2026-08-06 10:29:00,2026-08-10 12:37:00,NIFTY,24600.0,2026-09-29,0.00509,561.0,561.0,309.15,400.0,-33.47,-433.47,-0.433,ran out of bars,bullish/calm
2026-08-10 12:49:00,2026-08-12 12:21:00,NIFTY,24600.0,2026-09-29,0.00567,525.85,525.85,312.85,400.0,-30.92,-430.92,-0.431,ran out of bars,bullish/calm
2026-08-12 12:28:00,2026-08-14 12:13:00,NIFTY,24600.0,2026-09-29,0.00597,346.3,346.3,415.15,400.0,-6.6,-406.6,-0.407,ran out of bars,bullish/normal
2026-08-14 12:14:00,2026-08-18 10:07:00,NIFTY,24600.0,2026-09-29,0.00575,326.0,326.0,380.25,400.0,30.96,-369.04,-0.369,ran out of bars,bullish/calm
2026-08-18 10:08:00,2026-08-19 15:02:00,NIFTY,24600.0,2026-09-29,0.00541,238.5,238.5,444.8,400.0,-9.19,-409.19,-0.409,ran out of bars,sideways/calm
2026-08-19 15:03:00,2026-08-21 09:23:00,NIFTY,24600.0,2026-09-29,0.00562,172.7,172.7,508.6,400.0,163.75,-236.25,-0.236,banked (remaining gap < exit cost),sideways/calm
2026-08-21 09:26:00,2026-08-21 09:33:00,NIFTY,24600.0,2026-09-29,0.00444,199.0,199.0,419.0,400.0,45.89,-354.11,-0.354,banked (remaining gap < exit cost),sideways/calm
2026-08-21 09:37:00,2026-08-21 09:43:00,NIFTY,24600.0,2026-09-29,0.00417,197.25,197.25,420.85,400.0,20.13,-379.87,-0.38,banked (remaining gap < exit cost),sideways/calm
2026-08-21 09:49:00,2026-08-25 09:52:00,NIFTY,24600.0,2026-09-29,0.00438,204.0,204.0,405.55,400.0,-167.14,-567.14,-0.567,ran out of bars,sideways/calm
2026-08-25 09:53:00,2026-08-26 09:15:00,NIFTY,24600.0,2026-09-29,0.00596,158.05,158.05,458.55,400.0,551.5,151.5,0.152,banked (remaining gap < exit cost),sideways/calm
2026-07-03 11:37:00,2026-07-03 12:40:00,NIFTY,24700.0,2026-09-29,0.01047,546.0,546.0,572.9,400.0,-15.19,-415.19,-0.415,stopped (gap widened beyond the pair's own wobble band),bullish/calm
2026-07-06 09:33:00,2026-07-06 09:41:00,NIFTY,24700.0,2026-09-29,0.0106,534.0,534.0,548.0,400.0,-24.2,-424.2,-0.424,stopped (gap widened beyond the pair's own wobble band),bullish/normal
2026-07-06 12:15:00,2026-07-06 14:02:00,NIFTY,24700.0,2026-09-29,0.0106,578.0,578.0,514.0,400.0,-30.5,-430.5,-0.43,stopped (gap widened beyond the pair's own wobble band),bullish/normal
2026-07-06 14:34:00,2026-07-06 15:00:00,NIFTY,24700.0,2026-09-29,0.01086,560.75,560.75,525.1,400.0,29.71,-370.29,-0.37,stopped (gap widened beyond the pair's own wobble band),bullish/normal
2026-07-06 15:19:00,2026-07-06 15:27:00,NIFTY,24700.0,2026-09-29,0.01039,562.3,562.3,519.95,400.0,-26.25,-426.25,-0.426,stopped (gap widened beyond the pair's own wobble band),bullish/normal
2026-07-07 10:42:00,2026-07-07 11:28:00,NIFTY,24700.0,2026-09-29,0.01058,578.0,578.0,496.0,400.0,37.61,-362.39,-0.362,stopped (gap widened beyond the pair's own wobble band),bullish/normal
2026-07-07 14:16:00,2026-07-07 14:26:00,NIFTY,24700.0,2026-09-29,0.0108,563.0,563.0,504.35,400.0,-24.89,-424.89,-0.425,stopped (gap widened beyond the pair's own wobble band),bullish/normal
2026-07-07 15:20:00,2026-07-08 09:23:00,NIFTY,24700.0,2026-09-29,0.01045,524.0,524.0,534.1,400.0,-59.36,-459.36,-0.459,stopped (gap widened beyond the pair's own wobble band),bullish/normal
2026-07-08 13:48:00,2026-07-08 13:57:00,NIFTY,24700.0,2026-09-29,0.00944,421.0,421.0,729.95,400.0,-288.56,-688.56,-0.689,stopped (gap widened beyond the pair's own wobble band),bearish/wild
2026-07-08 13:58:00,2026-07-08 14:01:00,NIFTY,24700.0,2026-09-29,0.01088,401.0,401.0,780.0,400.0,-28.33,-428.33,-0.428,stopped (gap widened beyond the pair's own wobble band),bearish/wild
2026-07-08 14:21:00,2026-07-08 15:03:00,NIFTY,24700.0,2026-09-29,0.01094,371.0,371.0,858.0,400.0,-84.05,-484.05,-0.484,stopped (gap widened beyond the pair's own wobble band),bearish/wild
2026-07-09 10:41:00,2026-07-09 10:42:00,NIFTY,24700.0,2026-09-29,0.01072,414.75,414.75,698.0,400.0,19.71,-380.29,-0.38,stopped (gap widened beyond the pair's own wobble band),sideways/normal
2026-07-09 10:46:00,2026-07-09 10:47:00,NIFTY,24700.0,2026-09-29,0.0111,392.0,392.0,738.0,400.0,100.28,-299.72,-0.3,stopped (gap widened beyond the pair's own wobble band),sideways/normal
2026-07-09 12:54:00,2026-07-10 09:51:00,NIFTY,24700.0,2026-09-29,0.01039,393.15,393.15,736.0,400.0,30.18,-369.82,-0.37,stopped (gap widened beyond the pair's own wobble band),sideways/normal
2026-07-10 15:07:00,2026-07-10 15:26:00,NIFTY,24700.0,2026-09-29,0.01021,419.0,419.0,629.95,400.0,16.28,-383.72,-0.384,stopped (gap widened beyond the pair's own wobble band),bullish/calm
2026-07-13 09:34:00,2026-07-13 12:53:00,NIFTY,24700.0,2026-09-29,0.01011,357.5,357.5,762.0,400.0,28.09,-371.91,-0.372,stopped (gap widened beyond the pair's own wobble band),bullish/wild
2026-07-13 12:55:00,2026-07-14 10:09:00,NIFTY,24700.0,2026-09-29,0.00919,449.95,449.95,666.0,400.0,-84.24,-484.24,-0.484,stopped (gap widened beyond the pair's own wobble band),bullish/wild
2026-07-14 10:49:00,2026-07-14 13:38:00,NIFTY,24700.0,2026-09-29,0.00862,386.75,386.75,754.0,400.0,-161.73,-561.73,-0.562,stopped (gap widened beyond the pair's own wobble band),sideways/calm
2026-07-14 15:22:00,2026-07-14 15:27:00,NIFTY,24700.0,2026-09-29,0.01008,356.25,356.25,788.7,400.0,19.93,-380.07,-0.38,stopped (gap widened beyond the pair's own wobble band),sideways/calm
2026-07-15 09:22:00,2026-07-15 09:26:00,NIFTY,24700.0,2026-09-29,0.01022,405.0,405.0,673.0,400.0,24.22,-375.78,-0.376,stopped (gap widened beyond the pair's own wobble band),sideways/normal
2026-07-15 09:30:00,2026-07-15 09:55:00,NIFTY,24700.0,2026-09-29,0.01024,418.95,418.95,658.5,400.0,-31.83,-431.83,-0.432,stopped (gap widened beyond the pair's own wobble band),sideways/normal
2026-07-15 12:57:00,2026-07-15 13:53:00,NIFTY,24700.0,2026-09-29,0.01138,353.0,353.0,757.95,400.0,116.34,-283.66,-0.284,stopped (gap widened beyond the pair's own wobble band),sideways/normal
2026-07-15 15:00:00,2026-07-15 15:22:00,NIFTY,24700.0,2026-09-29,0.01131,370.0,370.0,734.05,400.0,67.83,-332.17,-0.332,stopped (gap widened beyond the pair's own wobble band),sideways/normal
2026-07-15 15:29:00,2026-07-16 09:20:00,NIFTY,24700.0,2026-09-29,0.01035,367.25,367.25,737.6,400.0,11.39,-388.61,-0.389,stopped (gap widened beyond the pair's own wobble band),sideways/normal
2026-07-16 09:24:00,2026-07-16 09:25:00,NIFTY,24700.0,2026-09-29,0.01015,386.95,386.95,670.25,400.0,-45.6,-445.6,-0.446,stopped (gap widened beyond the pair's own wobble band),sideways/calm
2026-07-16 09:27:00,2026-07-16 09:30:00,NIFTY,24700.0,2026-09-29,0.01031,387.65,387.65,676.2,400.0,19.71,-380.29,-0.38,stopped (gap widened beyond the pair's own wobble band),sideways/calm
2026-07-16 10:38:00,2026-07-16 13:31:00,NIFTY,24700.0,2026-09-29,0.01001,382.0,382.0,688.05,400.0,-24.37,-424.37,-0.424,stopped (gap widened beyond the pair's own wobble band),sideways/calm
2026-07-16 13:33:00,2026-07-16 14:25:00,NIFTY,24700.0,2026-09-29,0.00972,367.35,367.35,734.0,400.0,-56.38,-456.38,-0.456,stopped (gap widened beyond the pair's own wobble band),sideways/calm
2026-07-17 09:25:00,2026-07-17 10:17:00,NIFTY,24700.0,2026-09-29,0.0102,397.55,397.55,652.9,400.0,-8.09,-408.09,-0.408,stopped (gap widened beyond the pair's own wobble band),bullish/wild
2026-07-17 13:59:00,2026-07-17 14:12:00,NIFTY,24700.0,2026-09-29,0.01023,409.0,409.0,639.45,400.0,-0.08,-400.08,-0.4,stopped (gap widened beyond the pair's own wobble band),bullish/wild
2026-07-17 14:16:00,2026-07-17 14:22:00,NIFTY,24700.0,2026-09-29,0.00862,471.3,471.3,595.95,400.0,-134.32,-534.32,-0.534,stopped (gap widened beyond the pair's own wobble band),bullish/wild
2026-07-17 14:56:00,2026-07-20 12:29:00,NIFTY,24700.0,2026-09-29,0.0099,450.0,450.0,600.0,400.0,-84.28,-484.28,-0.484,stopped (gap widened beyond the pair's own wobble band),bullish/wild
2026-07-20 13:14:00,2026-07-20 13:15:00,NIFTY,24700.0,2026-09-29,0.00996,422.05,422.05,645.9,400.0,-63.86,-463.86,-0.464,stopped (gap widened beyond the pair's own wobble band),bullish/calm
2026-07-20 13:32:00,2026-07-20 14:49:00,NIFTY,24700.0,2026-09-29,0.01035,425.55,425.55,627.35,400.0,10.23,-389.77,-0.39,stopped (gap widened beyond the pair's own wobble band),bullish/calm
2026-07-20 15:28:00,2026-07-21 09:27:00,NIFTY,24700.0,2026-09-29,0.01039,425.95,425.95,604.0,400.0,-9.03,-409.03,-0.409,stopped (gap widened beyond the pair's own wobble band),bullish/calm
2026-07-21 09:29:00,2026-07-21 09:30:00,NIFTY,24700.0,2026-09-29,0.01012,415.7,415.7,607.0,400.0,-73.26,-473.26,-0.473,stopped (gap widened beyond the pair's own wobble band),bullish/calm
2026-07-21 09:35:00,2026-07-21 09:44:00,NIFTY,24700.0,2026-09-29,0.00983,401.8,401.8,628.2,400.0,-24.2,-424.2,-0.424,stopped (gap widened beyond the pair's own wobble band),bullish/calm
2026-07-21 10:01:00,2026-07-21 10:10:00,NIFTY,24700.0,2026-09-29,0.01019,400.45,400.45,625.9,400.0,50.91,-349.09,-0.349,stopped (gap widened beyond the pair's own wobble band),bullish/calm
2026-07-21 10:14:00,2026-07-21 10:22:00,NIFTY,24700.0,2026-09-29,0.00995,394.25,394.25,631.95,400.0,-15.31,-415.31,-0.415,stopped (gap widened beyond the pair's own wobble band),bullish/calm
2026-07-21 10:27:00,2026-07-21 10:35:00,NIFTY,24700.0,2026-09-29,0.01033,394.0,394.0,647.9,400.0,33.52,-366.48,-0.366,stopped (gap widened beyond the pair's own wobble band),bullish/calm
2026-07-21 11:14:00,2026-07-21 13:00:00,NIFTY,24700.0,2026-09-29,0.01018,390.7,390.7,646.0,400.0,-19.4,-419.4,-0.419,stopped (gap widened beyond the pair's own wobble band),bullish/calm
2026-07-21 13:01:00,2026-07-21 13:02:00,NIFTY,24700.0,2026-09-29,0.01006,372.0,372.0,672.2,400.0,-60.01,-460.01,-0.46,stopped (gap widened beyond the pair's own wobble band),bullish/calm
2026-07-21 14:04:00,2026-07-21 15:24:00,NIFTY,24700.0,2026-09-29,0.01008,375.1,375.1,650.0,400.0,19.95,-380.05,-0.38,stopped (gap widened beyond the pair's own wobble band),bullish/calm
2026-07-22 10:27:00,2026-07-22 12:02:00,NIFTY,24700.0,2026-09-29,0.01214,308.95,308.95,732.0,400.0,224.53,-175.47,-0.175,stopped (gap widened beyond the pair's own wobble band),sideways/normal
2026-07-22 12:41:00,2026-07-22 12:48:00,NIFTY,24700.0,2026-09-29,0.01044,301.1,301.1,780.15,400.0,-3.34,-403.34,-0.403,stopped (gap widened beyond the pair's own wobble band),sideways/normal
2026-07-22 12:54:00,2026-07-22 12:55:00,NIFTY,24700.0,2026-09-29,0.01,310.0,310.0,761.45,400.0,-43.13,-443.13,-0.443,stopped (gap widened beyond the pair's own wobble band),sideways/normal
2026-07-22 12:58:00,2026-07-22 13:35:00,NIFTY,24700.0,2026-09-29,0.01026,308.05,308.05,753.25,400.0,-35.18,-435.18,-0.435,stopped (gap widened beyond the pair's own wobble band),sideways/normal
2026-07-22 13:40:00,2026-07-22 14:03:00,NIFTY,24700.0,2026-09-29,0.01062,309.0,309.0,759.0,400.0,28.66,-371.34,-0.371,stopped (gap widened beyond the pair's own wobble band),sideways/normal
2026-07-22 14:04:00,2026-07-22 14:40:00,NIFTY,24700.0,2026-09-29,0.01094,302.0,302.0,768.05,400.0,17.48,-382.52,-0.383,stopped (gap widened beyond the pair's own wobble band),sideways/normal
2026-07-23 10:07:00,2026-07-23 10:13:00,NIFTY,24700.0,2026-09-29,0.00979,284.95,284.95,782.0,400.0,16.98,-383.02,-0.383,stopped (gap widened beyond the pair's own wobble band),bearish/normal
2026-07-23 10:17:00,2026-07-23 13:16:00,NIFTY,24700.0,2026-09-29,0.00941,289.2,289.2,775.0,400.0,-47.1,-447.1,-0.447,stopped (gap widened beyond the pair's own wobble band),bearish/normal
2026-07-23 13:25:00,2026-07-24 15:26:00,NIFTY,24700.0,2026-09-29,0.00897,249.2,249.2,880.0,400.0,-78.15,-478.15,-0.478,stopped (gap widened beyond the pair's own wobble band),bearish/normal
2026-07-27 09:17:00,2026-07-27 13:50:00,NIFTY,24700.0,2026-09-29,0.00859,258.0,258.0,802.0,400.0,-203.06,-603.06,-0.603,stopped (gap widened beyond the pair's own wobble band),sideways/calm
2026-07-27 15:05:00,2026-07-28 09:16:00,NIFTY,24700.0,2026-09-29,0.00938,270.0,270.0,715.0,400.0,-74.15,-474.15,-0.474,stopped (gap widened beyond the pair's own wobble band),sideways/calm
2026-07-28 09:35:00,2026-07-28 09:46:00,NIFTY,24700.0,2026-09-29,0.00976,269.0,269.0,717.0,400.0,-77.91,-477.91,-0.478,stopped (gap widened beyond the pair's own wobble band),sideways/calm
2026-07-28 10:05:00,2026-07-28 10:18:00,NIFTY,24700.0,2026-09-29,0.01003,258.35,258.35,735.0,400.0,8.01,-391.99,-0.392,stopped (gap widened beyond the pair's own wobble band),sideways/calm
2026-07-28 10:19:00,2026-07-28 11:01:00,NIFTY,24700.0,2026-09-29,0.00997,264.0,264.0,723.0,400.0,7.6,-392.4,-0.392,stopped (gap widened beyond the pair's own wobble band),sideways/calm
2026-07-28 11:18:00,2026-07-28 11:54:00,NIFTY,24700.0,2026-09-29,0.00983,276.25,276.25,702.65,400.0,-15.57,-415.57,-0.416,stopped (gap widened beyond the pair's own wobble band),sideways/calm
2026-07-28 12:23:00,2026-07-28 15:20:00,NIFTY,24700.0,2026-09-29,0.01022,275.0,275.0,701.95,400.0,-104.3,-504.3,-0.504,stopped (gap widened beyond the pair's own wobble band),sideways/calm
2026-07-29 09:18:00,2026-08-05 10:55:00,NIFTY,24700.0,2026-09-29,0.00602,317.7,317.7,599.6,400.0,32.26,-367.74,-0.368,ran out of bars,bullish/calm
2026-08-05 10:56:00,2026-08-10 10:38:00,NIFTY,24700.0,2026-09-29,0.00546,489.2,489.2,340.35,400.0,28.92,-371.08,-0.371,ran out of bars,bullish/normal
2026-08-10 10:40:00,2026-08-12 15:03:00,NIFTY,24700.0,2026-09-29,0.00554,459.7,459.7,358.75,400.0,-44.79,-444.79,-0.445,ran out of bars,bullish/calm
2026-08-12 15:05:00,2026-08-17 13:31:00,NIFTY,24700.0,2026-09-29,0.00582,323.65,323.65,419.15,400.0,19.62,-380.38,-0.38,ran out of bars,bullish/normal
2026-08-17 13:36:00,2026-08-20 12:09:00,NIFTY,24700.0,2026-09-29,0.00587,268.95,268.95,408.0,400.0,113.15,-286.85,-0.287,ran out of bars,sideways/calm
2026-08-20 12:11:00,2026-08-21 09:39:00,NIFTY,24700.0,2026-09-29,0.00476,162.2,162.2,464.05,400.0,85.81,-314.19,-0.314,banked (remaining gap < exit cost),sideways/calm
2026-08-21 09:41:00,2026-08-25 13:39:00,NIFTY,24700.0,2026-09-29,0.00452,161.3,161.3,474.0,400.0,-200.36,-600.36,-0.6,ran out of bars,sideways/calm
2026-08-25 13:40:00,2026-08-26 09:15:00,NIFTY,24700.0,2026-09-29,0.0066,121.6,121.6,510.5,400.0,584.61,184.61,0.185,banked (remaining gap < exit cost),sideways/calm
2026-07-03 12:14:00,2026-07-03 15:24:00,NIFTY,24800.0,2026-09-29,0.01047,512.0,512.0,604.05,400.0,-70.21,-470.21,-0.47,stopped (gap widened beyond the pair's own wobble band),bullish/calm
2026-07-06 10:31:00,2026-07-06 10:33:00,NIFTY,24800.0,2026-09-29,0.01084,508.55,508.55,573.25,400.0,9.37,-390.63,-0.391,stopped (gap widened beyond the pair's own wobble band),bullish/normal
2026-07-06 11:08:00,2026-07-06 11:09:00,NIFTY,24800.0,2026-09-29,0.01065,506.0,506.0,567.5,400.0,-6.09,-406.09,-0.406,stopped (gap widened beyond the pair's own wobble band),bullish/normal
2026-07-07 09:31:00,2026-07-07 09:56:00,NIFTY,24800.0,2026-09-29,0.01136,523.3,523.3,557.65,400.0,70.62,-329.38,-0.329,stopped (gap widened beyond the pair's own wobble band),bullish/normal
2026-07-07 10:30:00,2026-07-07 10:37:00,NIFTY,24800.0,2026-09-29,0.01041,525.0,525.0,535.45,400.0,5.51,-394.49,-0.394,stopped (gap widened beyond the pair's own wobble band),bullish/normal
2026-07-07 10:44:00,2026-07-07 11:12:00,NIFTY,24800.0,2026-09-29,0.0107,522.0,522.0,540.35,400.0,3.5,-396.5,-0.397,stopped (gap widened beyond the pair's own wobble band),bullish/normal
2026-07-08 09:42:00,2026-07-08 10:06:00,NIFTY,24800.0,2026-09-29,0.01121,415.0,415.0,680.0,400.0,23.38,-376.62,-0.377,stopped (gap widened beyond the pair's own wobble band),bearish/wild
2026-07-08 13:51:00,2026-07-08 13:54:00,NIFTY,24800.0,2026-09-29,0.01022,372.4,372.4,786.0,400.0,-113.86,-513.86,-0.514,stopped (gap widened beyond the pair's own wobble band),bearish/wild
2026-07-08 14:18:00,2026-07-08 14:51:00,NIFTY,24800.0,2026-09-29,0.01117,334.0,334.0,893.95,400.0,-57.1,-457.1,-0.457,stopped (gap widened beyond the pair's own wobble band),bearish/wild
2026-07-08 14:56:00,2026-07-08 14:59:00,NIFTY,24800.0,2026-09-29,0.01051,315.4,315.4,972.0,400.0,-106.61,-506.61,-0.507,stopped (gap widened beyond the pair's own wobble band),bearish/wild
2026-07-08 15:04:00,2026-07-08 15:23:00,NIFTY,24800.0,2026-09-29,0.01097,318.0,318.0,944.0,400.0,-5.05,-405.05,-0.405,stopped (gap widened beyond the pair's own wobble band),bearish/wild
2026-07-09 10:42:00,2026-07-09 12:08:00,NIFTY,24800.0,2026-09-29,0.00936,382.15,382.15,786.6,400.0,-92.55,-492.55,-0.493,stopped (gap widened beyond the pair's own wobble band),sideways/normal
2026-07-09 15:14:00,2026-07-10 09:45:00,NIFTY,24800.0,2026-09-29,0.0109,314.0,314.0,870.8,400.0,58.46,-341.54,-0.342,stopped (gap widened beyond the pair's own wobble band),sideways/normal
2026-07-13 09:21:00,2026-07-13 10:00:00,NIFTY,24800.0,2026-09-29,0.013,332.05,332.05,758.95,400.0,286.23,-113.77,-0.114,stopped (gap widened beyond the pair's own wobble band),bullish/wild
2026-07-13 10:28:00,2026-07-13 10:29:00,NIFTY,24800.0,2026-09-29,0.01016,360.25,360.25,746.0,400.0,5.14,-394.86,-0.395,stopped (gap widened beyond the pair's own wobble band),bullish/wild
2026-07-13 12:13:00,2026-07-13 15:27:00,NIFTY,24800.0,2026-09-29,0.0109,387.7,387.7,696.8,400.0,101.39,-298.61,-0.299,stopped (gap widened beyond the pair's own wobble band),bullish/wild
2026-07-15 09:25:00,2026-07-15 10:36:00,NIFTY,24800.0,2026-09-29,0.01042,371.15,371.15,712.0,400.0,17.11,-382.89,-0.383,stopped (gap widened beyond the pair's own wobble band),sideways/normal
2026-07-16 09:22:00,2026-07-16 09:25:00,NIFTY,24800.0,2026-09-29,0.01015,346.0,346.0,731.7,400.0,39.85,-360.15,-0.36,stopped (gap widened beyond the pair's own wobble band),sideways/calm
2026-07-16 11:02:00,2026-07-17 09:17:00,NIFTY,24800.0,2026-09-29,0.00926,366.0,366.0,719.15,400.0,-137.19,-537.19,-0.537,stopped (gap widened beyond the pair's own wobble band),sideways/calm
2026-07-17 09:18:00,2026-07-17 09:26:00,NIFTY,24800.0,2026-09-29,0.01044,348.5,348.5,711.95,400.0,10.67,-389.33,-0.389,stopped (gap widened beyond the pair's own wobble band),bullish/wild
2026-07-17 09:27:00,2026-07-17 09:29:00,NIFTY,24800.0,2026-09-29,0.01028,349.55,349.55,705.0,400.0,18.89,-381.11,-0.381,stopped (gap widened beyond the pair's own wobble band),bullish/wild
2026-07-17 09:47:00,2026-07-17 09:53:00,NIFTY,24800.0,2026-09-29,0.00982,367.05,367.05,702.05,400.0,-22.41,-422.41,-0.422,stopped (gap widened beyond the pair's own wobble band),bullish/wild
2026-07-17 10:25:00,2026-07-17 12:49:00,NIFTY,24800.0,2026-09-29,0.00997,389.0,389.0,694.0,400.0,11.67,-388.33,-0.388,stopped (gap widened beyond the pair's own wobble band),bullish/wild
2026-07-17 12:50:00,2026-07-17 14:16:00,NIFTY,24800.0,2026-09-29,0.00976,388.0,388.0,689.6,400.0,19.9,-380.1,-0.38,stopped (gap widened beyond the pair's own wobble band),bullish/wild
2026-07-17 14:29:00,2026-07-17 14:30:00,NIFTY,24800.0,2026-09-29,0.01069,396.25,396.25,663.95,400.0,111.7,-288.3,-0.288,stopped (gap widened beyond the pair's own wobble band),bullish/wild
2026-07-17 15:09:00,2026-07-17 15:26:00,NIFTY,24800.0,2026-09-29,0.00963,408.5,408.5,650.2,400.0,-29.57,-429.57,-0.43,stopped (gap widened beyond the pair's own wobble band),bullish/wild
2026-07-20 10:01:00,2026-07-20 13:14:00,NIFTY,24800.0,2026-09-29,0.01048,358.95,358.95,719.8,400.0,1.62,-398.38,-0.398,stopped (gap widened beyond the pair's own wobble band),bullish/calm
2026-07-20 13:15:00,2026-07-21 09:21:00,NIFTY,24800.0,2026-09-29,0.01086,379.0,379.0,692.95,400.0,67.06,-332.94,-0.333,stopped (gap widened beyond the pair's own wobble band),bullish/calm
2026-07-21 09:22:00,2026-07-21 09:34:00,NIFTY,24800.0,2026-09-29,0.00989,374.4,374.4,674.8,400.0,-31.34,-431.34,-0.431,stopped (gap widened beyond the pair's own wobble band),bullish/calm
2026-07-22 12:03:00,2026-07-22 12:20:00,NIFTY,24800.0,2026-09-29,0.01061,270.95,270.95,823.95,400.0,27.26,-372.74,-0.373,stopped (gap widened beyond the pair's own wobble band),sideways/normal
2026-07-22 12:49:00,2026-07-22 13:35:00,NIFTY,24800.0,2026-09-29,0.01051,272.95,272.95,818.0,400.0,-26.69,-426.69,-0.427,stopped (gap widened beyond the pair's own wobble band),sideways/normal
2026-07-22 13:42:00,2026-07-22 14:03:00,NIFTY,24800.0,2026-09-29,0.0104,268.0,268.0,838.65,400.0,19.58,-380.42,-0.38,stopped (gap widened beyond the pair's own wobble band),sideways/normal
2026-07-22 15:29:00,2026-07-23 09:58:00,NIFTY,24800.0,2026-09-29,0.0107,270.0,270.0,821.5,400.0,67.47,-332.53,-0.333,stopped (gap widened beyond the pair's own wobble band),sideways/normal
2026-07-23 10:26:00,2026-07-23 12:30:00,NIFTY,24800.0,2026-09-29,0.0094,250.0,250.0,851.65,400.0,-44.36,-444.36,-0.444,stopped (gap widened beyond the pair's own wobble band),bearish/normal
2026-07-23 12:43:00,2026-07-23 13:17:00,NIFTY,24800.0,2026-09-29,0.0093,216.85,216.85,942.0,400.0,-104.27,-504.27,-0.504,stopped (gap widened beyond the pair's own wobble band),bearish/normal
2026-07-23 13:36:00,2026-07-23 14:37:00,NIFTY,24800.0,2026-09-29,0.00981,218.4,218.4,945.85,400.0,34.44,-365.56,-0.366,stopped (gap widened beyond the pair's own wobble band),bearish/normal
2026-07-23 14:58:00,2026-07-23 15:15:00,NIFTY,24800.0,2026-09-29,0.00945,218.8,218.8,948.0,400.0,-43.38,-443.38,-0.443,stopped (gap widened beyond the pair's own wobble band),bearish/normal
2026-07-24 09:25:00,2026-07-27 10:41:00,NIFTY,24800.0,2026-09-29,0.00921,196.25,196.25,1040.0,400.0,-195.37,-595.37,-0.595,stopped (gap widened beyond the pair's own wobble band),bearish/normal
2026-07-27 13:07:00,2026-07-27 15:00:00,NIFTY,24800.0,2026-09-29,0.00867,223.2,223.2,821.0,400.0,-103.15,-503.15,-0.503,stopped (gap widened beyond the pair's own wobble band),sideways/calm
2026-07-27 15:19:00,2026-07-28 10:05:00,NIFTY,24800.0,2026-09-29,0.00954,239.0,239.0,773.2,400.0,-87.59,-487.59,-0.488,stopped (gap widened beyond the pair's own wobble band),sideways/calm
2026-07-28 13:52:00,2026-07-28 14:13:00,NIFTY,24800.0,2026-09-29,0.01035,232.45,232.45,779.0,400.0,-46.87,-446.87,-0.447,stopped (gap widened beyond the pair's own wobble band),sideways/calm
2026-07-28 14:38:00,2026-07-28 15:21:00,NIFTY,24800.0,2026-09-29,0.01138,229.95,229.95,760.0,400.0,-1.46,-401.46,-0.401,stopped (gap widened beyond the pair's own wobble band),sideways/calm
2026-07-29 09:48:00,2026-08-04 11:59:00,NIFTY,24800.0,2026-09-29,0.0058,283.2,283.2,652.6,400.0,61.13,-338.87,-0.339,ran out of bars,bullish/calm
2026-08-04 12:00:00,2026-08-06 13:22:00,NIFTY,24800.0,2026-09-29,0.00552,363.25,363.25,465.4,400.0,50.76,-349.24,-0.349,ran out of bars,bullish/wild
2026-08-06 13:37:00,2026-08-11 10:22:00,NIFTY,24800.0,2026-09-29,0.00512,443.5,443.5,384.25,400.0,-44.53,-444.53,-0.445,ran out of bars,bullish/calm
2026-08-11 10:24:00,2026-08-14 11:00:00,NIFTY,24800.0,2026-09-29,0.0058,333.6,333.6,454.1,400.0,-17.7,-417.7,-0.418,ran out of bars,bullish/calm
2026-08-14 11:20:00,2026-08-19 11:05:00,NIFTY,24800.0,2026-09-29,0.00599,231.3,231.3,489.65,400.0,34.25,-365.75,-0.366,ran out of bars,bullish/calm
2026-08-19 11:06:00,2026-08-21 09:43:00,NIFTY,24800.0,2026-09-29,0.00564,113.05,113.05,665.95,400.0,165.12,-234.88,-0.235,banked (remaining gap < exit cost),sideways/calm
2026-08-21 09:46:00,2026-08-25 10:27:00,NIFTY,24800.0,2026-09-29,0.00421,128.45,128.45,528.4,400.0,-158.66,-558.66,-0.559,ran out of bars,sideways/calm
2026-08-25 10:28:00,2026-08-26 09:15:00,NIFTY,24800.0,2026-09-29,0.00578,94.15,94.15,608.0,400.0,517.82,117.82,0.118,banked (remaining gap < exit cost),sideways/calm
2026-07-08 14:03:00,2026-07-08 14:54:00,NIFTY,24900.0,2026-09-29,0.01124,319.95,319.95,917.3,400.0,-22.35,-422.35,-0.422,stopped (gap widened beyond the pair's own wobble band),bearish/wild
2026-07-09 12:54:00,2026-07-10 15:00:00,NIFTY,24900.0,2026-09-29,0.01034,305.0,305.0,846.3,400.0,-16.53,-416.53,-0.417,stopped (gap widened beyond the pair's own wobble band),sideways/normal
2026-07-13 09:20:00,2026-07-13 09:21:00,NIFTY,24900.0,2026-09-29,0.01046,295.0,295.0,876.0,400.0,-15.31,-415.31,-0.415,stopped (gap widened beyond the pair's own wobble band),bullish/wild
2026-07-13 10:46:00,2026-07-13 14:55:00,NIFTY,24900.0,2026-09-29,0.00991,316.0,316.0,806.45,400.0,44.99,-355.01,-0.355,stopped (gap widened beyond the pair's own wobble band),bullish/wild
2026-07-13 15:22:00,2026-07-17 09:27:00,NIFTY,24900.0,2026-09-29,0.0101,354.0,354.0,760.0,400.0,-112.49,-512.49,-0.512,stopped (gap widened beyond the pair's own wobble band),bullish/wild
2026-07-17 12:49:00,2026-07-17 14:18:00,NIFTY,24900.0,2026-09-29,0.01065,338.1,338.1,704.0,400.0,77.08,-322.92,-0.323,stopped (gap widened beyond the pair's own wobble band),bullish/wild
2026-07-17 14:19:00,2026-07-17 14:23:00,NIFTY,24900.0,2026-09-29,0.00894,353.1,353.1,728.0,400.0,-99.31,-499.31,-0.499,stopped (gap widened beyond the pair's own wobble band),bullish/wild
2026-07-17 14:24:00,2026-07-17 14:25:00,NIFTY,24900.0,2026-09-29,0.00992,347.05,347.05,725.0,400.0,-45.4,-445.4,-0.445,stopped (gap widened beyond the pair's own wobble band),bullish/wild
2026-07-17 14:28:00,2026-07-17 14:30:00,NIFTY,24900.0,2026-09-29,0.01002,348.35,348.35,712.0,400.0,-19.45,-419.45,-0.419,stopped (gap widened beyond the pair's own wobble band),bullish/wild
2026-07-17 15:02:00,2026-07-17 15:05:00,NIFTY,24900.0,2026-09-29,0.00954,359.55,359.55,706.0,400.0,-18.9,-418.9,-0.419,stopped (gap widened beyond the pair's own wobble band),bullish/wild
2026-07-17 15:06:00,2026-07-17 15:17:00,NIFTY,24900.0,2026-09-29,0.00964,363.0,363.0,706.0,400.0,15.5,-384.5,-0.385,stopped (gap widened beyond the pair's own wobble band),bullish/wild
2026-07-17 15:20:00,2026-07-17 15:23:00,NIFTY,24900.0,2026-09-29,0.00994,361.0,361.0,702.0,400.0,26.08,-373.92,-0.374,stopped (gap widened beyond the pair's own wobble band),bullish/wild
2026-07-17 15:29:00,2026-07-23 15:00:00,NIFTY,24900.0,2026-09-29,0.00955,375.55,375.55,690.9,400.0,-89.69,-489.69,-0.49,stopped (gap widened beyond the pair's own wobble band),bullish/wild
2026-07-27 15:22:00,2026-08-12 10:09:00,NIFTY,24900.0,2026-09-29,0.00958,209.65,209.65,836.0,400.0,335.46,-64.54,-0.065,time exit (past the pair's own median time-to-close),sideways/calm
2026-08-12 10:14:00,2026-08-26 09:16:00,NIFTY,24900.0,2026-09-29,0.00621,237.95,237.95,545.15,400.0,578.5,178.5,0.178,banked (remaining gap < exit cost),bullish/normal
2026-07-01 09:41:00,2026-07-06 09:37:00,NIFTY,25000.0,2026-09-29,0.01174,303.7,303.7,971.2,400.0,103.79,-296.21,-0.296,ran out of bars,bullish/calm
2026-07-06 09:38:00,2026-07-08 11:42:00,NIFTY,25000.0,2026-09-29,0.01065,399.9,399.9,695.0,400.0,-18.33,-418.33,-0.418,ran out of bars,bullish/normal
2026-07-08 11:59:00,2026-07-10 14:32:00,NIFTY,25000.0,2026-09-29,0.01054,327.45,327.45,774.0,400.0,37.36,-362.64,-0.363,ran out of bars,bearish/wild
2026-07-10 14:48:00,2026-07-15 11:59:00,NIFTY,25000.0,2026-09-29,0.00962,303.0,303.0,793.95,400.0,-53.88,-453.88,-0.454,ran out of bars,bullish/calm
2026-07-15 12:25:00,2026-07-20 09:46:00,NIFTY,25000.0,2026-09-29,0.0104,286.9,286.9,842.15,400.0,-5.0,-405.0,-0.405,ran out of bars,sideways/normal
2026-07-20 09:48:00,2026-07-22 13:04:00,NIFTY,25000.0,2026-09-29,0.0107,274.0,274.0,858.85,400.0,7.96,-392.04,-0.392,ran out of bars,bullish/calm
2026-07-22 13:13:00,2026-07-24 15:01:00,NIFTY,25000.0,2026-09-29,0.01073,204.7,204.7,971.9,400.0,219.41,-180.59,-0.181,ran out of bars,sideways/normal
2026-07-24 15:02:00,2026-07-29 10:56:00,NIFTY,25000.0,2026-09-29,0.00835,149.95,149.95,1141.95,400.0,277.86,-122.14,-0.122,ran out of bars,bearish/normal
2026-07-29 10:57:00,2026-07-31 09:18:00,NIFTY,25000.0,2026-09-29,0.00561,210.2,210.2,778.15,400.0,41.34,-358.66,-0.359,ran out of bars,bullish/calm
2026-07-31 09:19:00,2026-08-03 12:27:00,NIFTY,25000.0,2026-09-29,0.00534,240.7,240.7,679.6,400.0,36.93,-363.07,-0.363,ran out of bars,bullish/calm
2026-08-03 12:33:00,2026-08-04 15:19:00,NIFTY,25000.0,2026-09-29,0.00521,311.0,311.0,515.8,400.0,-36.45,-436.45,-0.436,ran out of bars,bullish/wild
2026-08-04 15:20:00,2026-08-06 11:16:00,NIFTY,25000.0,2026-09-29,0.00555,272.65,272.65,574.7,400.0,11.01,-388.99,-0.389,ran out of bars,bullish/wild
2026-08-06 11:18:00,2026-08-07 15:20:00,NIFTY,25000.0,2026-09-29,0.00528,350.0,350.0,473.45,400.0,-54.66,-454.66,-0.455,ran out of bars,bullish/calm
2026-08-07 15:21:00,2026-08-11 11:57:00,NIFTY,25000.0,2026-09-29,0.00578,308.1,308.1,510.95,400.0,-2.92,-402.92,-0.403,ran out of bars,bullish/calm
2026-08-11 12:00:00,2026-08-12 14:57:00,NIFTY,25000.0,2026-09-29,0.00594,240.5,240.5,570.65,400.0,-14.29,-414.29,-0.414,ran out of bars,bullish/calm
2026-08-12 14:59:00,2026-08-14 11:50:00,NIFTY,25000.0,2026-09-29,0.00592,206.0,206.0,586.65,400.0,5.91,-394.09,-0.394,ran out of bars,bullish/normal
2026-08-14 11:54:00,2026-08-18 09:25:00,NIFTY,25000.0,2026-09-29,0.00627,160.95,160.95,617.9,400.0,53.89,-346.11,-0.346,ran out of bars,bullish/calm
2026-08-18 09:26:00,2026-08-19 12:12:00,NIFTY,25000.0,2026-09-29,0.00572,121.3,121.3,677.0,400.0,41.1,-358.9,-0.359,ran out of bars,sideways/calm
2026-08-19 12:13:00,2026-08-20 14:33:00,NIFTY,25000.0,2026-09-29,0.00546,72.0,72.0,825.8,400.0,98.21,-301.79,-0.302,ran out of bars,sideways/calm
2026-08-20 14:34:00,2026-08-24 10:25:00,NIFTY,25000.0,2026-09-29,0.00457,85.85,85.85,649.0,400.0,-48.99,-448.99,-0.449,ran out of bars,sideways/calm
2026-08-24 10:26:00,2026-08-25 12:25:00,NIFTY,25000.0,2026-09-29,0.00507,77.15,77.15,639.5,400.0,-147.93,-547.93,-0.548,ran out of bars,sideways/normal
2026-08-25 12:26:00,2026-08-26 09:15:00,NIFTY,25000.0,2026-09-29,0.00666,60.0,60.0,710.0,400.0,610.71,210.71,0.211,banked (remaining gap < exit cost),sideways/calm
2026-07-29 12:49:00,2026-08-14 13:49:00,NIFTY,25100.0,2026-09-29,0.00657,175.1,175.1,832.05,400.0,79.21,-320.79,-0.321,time exit (past the pair's own median time-to-close),bullish/calm
2026-08-14 15:35:00,2026-08-26 09:18:00,NIFTY,25100.0,2026-09-29,0.00615,144.25,144.25,644.45,400.0,569.67,169.67,0.17,banked (remaining gap < exit cost),bullish/calm
2026-07-31 09:48:00,2026-08-06 11:50:00,NIFTY,25200.0,2026-09-29,0.00558,171.65,171.65,808.0,400.0,14.46,-385.54,-0.386,time exit (past the pair's own median time-to-close),bullish/calm
2026-08-06 13:18:00,2026-08-14 10:03:00,NIFTY,25200.0,2026-09-29,0.00526,248.7,248.7,595.95,400.0,-54.69,-454.69,-0.455,time exit (past the pair's own median time-to-close),bullish/calm
2026-08-14 10:17:00,2026-08-21 09:30:00,NIFTY,25200.0,2026-09-29,0.00564,112.6,112.6,762.05,400.0,170.23,-229.77,-0.23,banked (remaining gap < exit cost),bullish/calm
2026-08-21 10:19:00,2026-08-25 13:55:00,NIFTY,25200.0,2026-09-29,0.00455,44.95,44.95,842.15,400.0,-231.06,-631.06,-0.631,time exit (past the pair's own median time-to-close),sideways/calm
2026-08-25 14:02:00,2026-08-26 09:16:00,NIFTY,25200.0,2026-09-29,0.00655,32.35,32.35,899.55,400.0,601.46,201.46,0.201,banked (remaining gap < exit cost),sideways/calm
2026-07-20 15:00:00,2026-07-21 09:18:00,NIFTY,25300.0,2026-09-29,0.01058,197.35,197.35,983.5,400.0,47.91,-352.09,-0.352,stopped (gap widened beyond the pair's own wobble band),bullish/calm
2026-07-28 13:15:00,2026-08-13 14:56:00,NIFTY,25300.0,2026-09-29,0.01119,103.0,103.0,1145.0,400.0,512.59,112.59,0.113,time exit (past the pair's own median time-to-close),sideways/calm
2026-08-14 10:27:00,2026-08-26 09:16:00,NIFTY,25300.0,2026-09-29,0.00622,90.0,90.0,830.95,400.0,569.49,169.49,0.169,banked (remaining gap < exit cost),bullish/calm
2026-07-31 11:38:00,2026-08-12 10:05:00,NIFTY,25400.0,2026-09-29,0.00581,118.7,118.7,944.95,400.0,-62.49,-462.49,-0.462,time exit (past the pair's own median time-to-close),bullish/calm
2026-08-12 10:06:00,2026-08-26 09:15:00,NIFTY,25400.0,2026-09-29,0.00637,95.7,95.7,889.05,400.0,587.44,187.44,0.187,banked (remaining gap < exit cost),bullish/normal
2026-06-29 09:27:00,2026-06-29 09:32:00,NIFTY,25500.0,2026-09-29,0.01503,195.0,195.0,1232.0,400.0,-25.01,-425.01,-0.425,stopped (gap widened beyond the pair's own wobble band),bullish/normal
2026-06-29 09:33:00,2026-06-29 09:37:00,NIFTY,25500.0,2026-09-29,0.01559,194.55,194.55,1242.1,400.0,94.81,-305.19,-0.305,stopped (gap widened beyond the pair's own wobble band),bullish/normal
2026-06-29 09:38:00,2026-06-29 09:43:00,NIFTY,25500.0,2026-09-29,0.01475,193.25,193.25,1255.0,400.0,-12.45,-412.45,-0.412,stopped (gap widened beyond the pair's own wobble band),bullish/normal
2026-06-29 09:46:00,2026-06-29 09:47:00,NIFTY,25500.0,2026-09-29,0.01474,193.1,193.1,1220.2,400.0,-0.01,-400.01,-0.4,stopped (gap widened beyond the pair's own wobble band),bullish/normal
2026-06-29 10:22:00,2026-06-29 10:30:00,NIFTY,25500.0,2026-09-29,0.01471,195.0,195.0,1226.1,400.0,-30.06,-430.06,-0.43,stopped (gap widened beyond the pair's own wobble band),bullish/normal
2026-06-29 10:34:00,2026-06-29 10:35:00,NIFTY,25500.0,2026-09-29,0.01511,203.15,203.15,1190.0,400.0,12.88,-387.12,-0.387,stopped (gap widened beyond the pair's own wobble band),bullish/normal
2026-06-29 10:55:00,2026-06-29 10:57:00,NIFTY,25500.0,2026-09-29,0.01462,189.0,189.0,1232.0,400.0,11.2,-388.8,-0.389,stopped (gap widened beyond the pair's own wobble band),bullish/normal
2026-06-29 11:03:00,2026-06-29 11:04:00,NIFTY,25500.0,2026-09-29,0.0146,192.55,192.55,1218.0,400.0,-26.8,-426.8,-0.427,stopped (gap widened beyond the pair's own wobble band),bullish/normal
2026-06-29 11:05:00,2026-06-29 11:06:00,NIFTY,25500.0,2026-09-29,0.01493,194.2,194.2,1210.0,400.0,34.45,-365.55,-0.366,stopped (gap widened beyond the pair's own wobble band),bullish/normal
2026-06-29 11:07:00,2026-06-29 11:08:00,NIFTY,25500.0,2026-09-29,0.01468,193.05,193.05,1211.6,400.0,-14.71,-414.71,-0.415,stopped (gap widened beyond the pair's own wobble band),bullish/normal
2026-06-29 11:09:00,2026-06-29 11:10:00,NIFTY,25500.0,2026-09-29,0.01466,192.4,192.4,1212.75,400.0,17.38,-382.62,-0.383,stopped (gap widened beyond the pair's own wobble band),bullish/normal
2026-06-29 11:11:00,2026-06-29 11:12:00,NIFTY,25500.0,2026-09-29,0.01483,193.0,193.0,1208.0,400.0,15.59,-384.41,-0.384,stopped (gap widened beyond the pair's own wobble band),bullish/normal
2026-06-29 11:14:00,2026-06-29 11:15:00,NIFTY,25500.0,2026-09-29,0.01467,191.5,191.5,1219.75,400.0,-17.62,-417.62,-0.418,stopped (gap widened beyond the pair's own wobble band),bullish/normal
2026-06-29 11:17:00,2026-06-29 11:18:00,NIFTY,25500.0,2026-09-29,0.01438,191.2,191.2,1218.0,400.0,-20.72,-420.72,-0.421,stopped (gap widened beyond the pair's own wobble band),bullish/normal
2026-06-29 11:19:00,2026-06-29 11:20:00,NIFTY,25500.0,2026-09-29,0.01466,191.0,191.0,1216.0,400.0,-7.88,-407.88,-0.408,stopped (gap widened beyond the pair's own wobble band),bullish/normal
2026-06-29 11:22:00,2026-06-29 11:23:00,NIFTY,25500.0,2026-09-29,0.01461,190.15,190.15,1220.0,400.0,11.6,-388.4,-0.388,stopped (gap widened beyond the pair's own wobble band),bullish/normal
2026-06-29 11:25:00,2026-06-29 11:26:00,NIFTY,25500.0,2026-09-29,0.01472,189.2,189.2,1223.0,400.0,0.42,-399.58,-0.4,stopped (gap widened beyond the pair's own wobble band),bullish/normal
2026-06-29 11:28:00,2026-06-29 11:29:00,NIFTY,25500.0,2026-09-29,0.01454,188.25,188.25,1231.25,400.0,31.12,-368.88,-0.369,stopped (gap widened beyond the pair's own wobble band),bullish/normal
2026-06-29 11:30:00,2026-06-29 11:31:00,NIFTY,25500.0,2026-09-29,0.01469,192.0,192.0,1237.3,400.0,7.25,-392.75,-0.393,stopped (gap widened beyond the pair's own wobble band),bullish/normal
2026-06-29 11:32:00,2026-06-29 11:33:00,NIFTY,25500.0,2026-09-29,0.01492,189.05,189.05,1239.0,400.0,28.47,-371.53,-0.372,stopped (gap widened beyond the pair's own wobble band),bullish/normal
2026-06-29 11:34:00,2026-06-29 11:35:00,NIFTY,25500.0,2026-09-29,0.01433,185.0,185.0,1271.7,400.0,-35.8,-435.8,-0.436,stopped (gap widened beyond the pair's own wobble band),bullish/normal
2026-06-29 11:38:00,2026-06-29 11:39:00,NIFTY,25500.0,2026-09-29,0.01466,188.65,188.65,1254.0,400.0,6.01,-393.99,-0.394,stopped (gap widened beyond the pair's own wobble band),bullish/normal
2026-06-29 11:47:00,2026-06-29 11:50:00,NIFTY,25500.0,2026-09-29,0.01488,188.0,188.0,1256.5,400.0,7.78,-392.22,-0.392,stopped (gap widened beyond the pair's own wobble band),bullish/normal
2026-06-29 11:55:00,2026-06-29 11:57:00,NIFTY,25500.0,2026-09-29,0.01437,183.95,183.95,1286.95,400.0,-38.91,-438.91,-0.439,stopped (gap widened beyond the pair's own wobble band),bullish/normal
2026-06-29 11:58:00,2026-06-29 11:59:00,NIFTY,25500.0,2026-09-29,0.01479,186.95,186.95,1272.5,400.0,-9.11,-409.11,-0.409,stopped (gap widened beyond the pair's own wobble band),bullish/normal
2026-06-29 12:00:00,2026-06-29 12:01:00,NIFTY,25500.0,2026-09-29,0.01468,185.85,185.85,1279.25,400.0,-32.04,-432.04,-0.432,stopped (gap widened beyond the pair's own wobble band),bullish/normal
2026-06-29 12:02:00,2026-06-29 12:03:00,NIFTY,25500.0,2026-09-29,0.01466,185.9,185.9,1275.0,400.0,-19.31,-419.31,-0.419,stopped (gap widened beyond the pair's own wobble band),bullish/normal
2026-06-29 12:09:00,2026-06-29 12:10:00,NIFTY,25500.0,2026-09-29,0.01485,187.0,187.0,1271.3,400.0,-6.23,-406.23,-0.406,stopped (gap widened beyond the pair's own wobble band),bullish/normal
2026-06-29 12:11:00,2026-06-29 12:12:00,NIFTY,25500.0,2026-09-29,0.01461,185.6,185.6,1280.95,400.0,-21.54,-421.54,-0.422,stopped (gap widened beyond the pair's own wobble band),bullish/normal
2026-06-29 12:13:00,2026-06-29 12:14:00,NIFTY,25500.0,2026-09-29,0.01477,185.0,185.0,1288.15,400.0,-35.98,-435.98,-0.436,stopped (gap widened beyond the pair's own wobble band),bullish/normal
2026-06-29 12:18:00,2026-06-29 12:19:00,NIFTY,25500.0,2026-09-29,0.01547,183.75,183.75,1293.0,400.0,31.05,-368.95,-0.369,stopped (gap widened beyond the pair's own wobble band),bullish/normal
2026-06-29 12:20:00,2026-06-29 12:21:00,NIFTY,25500.0,2026-09-29,0.01487,183.65,183.65,1300.45,400.0,-45.81,-445.81,-0.446,stopped (gap widened beyond the pair's own wobble band),bullish/normal
2026-06-29 12:22:00,2026-06-29 12:23:00,NIFTY,25500.0,2026-09-29,0.01526,182.6,182.6,1296.9,400.0,3.72,-396.28,-0.396,stopped (gap widened beyond the pair's own wobble band),bullish/normal
2026-06-29 12:27:00,2026-06-29 12:28:00,NIFTY,25500.0,2026-09-29,0.01497,184.0,184.0,1294.95,400.0,-36.23,-436.23,-0.436,stopped (gap widened beyond the pair's own wobble band),bullish/normal
2026-06-29 12:29:00,2026-06-29 12:30:00,NIFTY,25500.0,2026-09-29,0.01525,181.55,181.55,1301.2,400.0,43.12,-356.88,-0.357,stopped (gap widened beyond the pair's own wobble band),bullish/normal
2026-06-29 12:32:00,2026-06-29 12:33:00,NIFTY,25500.0,2026-09-29,0.01527,176.05,176.05,1325.35,400.0,38.82,-361.18,-0.361,stopped (gap widened beyond the pair's own wobble band),bullish/normal
2026-06-29 12:38:00,2026-06-29 12:39:00,NIFTY,25500.0,2026-09-29,0.01521,176.05,176.05,1333.0,400.0,-9.4,-409.4,-0.409,stopped (gap widened beyond the pair's own wobble band),bullish/normal
2026-06-29 12:41:00,2026-06-29 12:45:00,NIFTY,25500.0,2026-09-29,0.01538,175.7,175.7,1333.9,400.0,58.48,-341.52,-0.342,stopped (gap widened beyond the pair's own wobble band),bullish/normal
2026-06-29 12:46:00,2026-06-29 12:47:00,NIFTY,25500.0,2026-09-29,0.01494,179.15,179.15,1321.5,400.0,-2.04,-402.04,-0.402,stopped (gap widened beyond the pair's own wobble band),bullish/normal
2026-06-29 12:49:00,2026-06-29 12:50:00,NIFTY,25500.0,2026-09-29,0.01501,178.0,178.0,1323.35,400.0,1.72,-398.28,-0.398,stopped (gap widened beyond the pair's own wobble band),bullish/normal
2026-06-29 12:51:00,2026-06-29 12:52:00,NIFTY,25500.0,2026-09-29,0.01465,176.5,176.5,1330.0,400.0,-54.01,-454.01,-0.454,stopped (gap widened beyond the pair's own wobble band),bullish/normal
2026-06-29 12:54:00,2026-06-29 12:55:00,NIFTY,25500.0,2026-09-29,0.01493,176.7,176.7,1324.0,400.0,-35.27,-435.27,-0.435,stopped (gap widened beyond the pair's own wobble band),bullish/normal
2026-06-29 12:57:00,2026-06-29 12:58:00,NIFTY,25500.0,2026-09-29,0.01501,178.55,178.55,1311.7,400.0,6.23,-393.77,-0.394,stopped (gap widened beyond the pair's own wobble band),bullish/normal
2026-06-29 13:18:00,2026-06-29 13:19:00,NIFTY,25500.0,2026-09-29,0.01498,176.05,176.05,1322.0,400.0,5.0,-395.0,-0.395,stopped (gap widened beyond the pair's own wobble band),bullish/normal
2026-06-29 13:25:00,2026-06-29 13:30:00,NIFTY,25500.0,2026-09-29,0.01517,177.5,177.5,1320.0,400.0,20.57,-379.43,-0.379,stopped (gap widened beyond the pair's own wobble band),bullish/normal
2026-06-29 13:44:00,2026-06-29 13:45:00,NIFTY,25500.0,2026-09-29,0.01524,178.45,178.45,1320.0,400.0,-17.29,-417.29,-0.417,stopped (gap widened beyond the pair's own wobble band),bullish/normal
2026-06-29 13:48:00,2026-06-29 13:49:00,NIFTY,25500.0,2026-09-29,0.01529,179.45,179.45,1310.2,400.0,7.56,-392.44,-0.392,stopped (gap widened beyond the pair's own wobble band),bullish/normal
2026-06-29 13:51:00,2026-06-29 13:53:00,NIFTY,25500.0,2026-09-29,0.01492,177.4,177.4,1328.25,400.0,-1.47,-401.47,-0.401,stopped (gap widened beyond the pair's own wobble band),bullish/normal
2026-06-29 13:57:00,2026-06-29 13:58:00,NIFTY,25500.0,2026-09-29,0.01493,179.55,179.55,1322.9,400.0,-16.27,-416.27,-0.416,stopped (gap widened beyond the pair's own wobble band),bullish/normal
2026-06-29 14:01:00,2026-06-29 14:02:00,NIFTY,25500.0,2026-09-29,0.01519,180.2,180.2,1310.0,400.0,0.02,-399.98,-0.4,stopped (gap widened beyond the pair's own wobble band),bullish/normal
2026-06-29 14:21:00,2026-06-29 14:23:00,NIFTY,25500.0,2026-09-29,0.01541,180.55,180.55,1300.0,400.0,13.16,-386.84,-0.387,stopped (gap widened beyond the pair's own wobble band),bullish/normal
2026-06-29 14:31:00,2026-06-29 14:33:00,NIFTY,25500.0,2026-09-29,0.01521,179.3,179.3,1325.0,400.0,-7.82,-407.82,-0.408,stopped (gap widened beyond the pair's own wobble band),bullish/normal
2026-06-29 14:37:00,2026-06-29 14:42:00,NIFTY,25500.0,2026-09-29,0.01547,179.0,179.0,1303.8,400.0,31.07,-368.93,-0.369,stopped (gap widened beyond the pair's own wobble band),bullish/normal
2026-06-29 14:59:00,2026-06-29 15:01:00,NIFTY,25500.0,2026-09-29,0.01569,176.7,176.7,1322.25,400.0,17.26,-382.74,-0.383,stopped (gap widened beyond the pair's own wobble band),bullish/normal
2026-06-29 15:06:00,2026-06-29 15:08:00,NIFTY,25500.0,2026-09-29,0.01526,178.0,178.0,1315.15,400.0,-4.22,-404.22,-0.404,stopped (gap widened beyond the pair's own wobble band),bullish/normal
2026-06-29 15:14:00,2026-06-29 15:15:00,NIFTY,25500.0,2026-09-29,0.01541,175.95,175.95,1322.0,400.0,27.94,-372.06,-0.372,stopped (gap widened beyond the pair's own wobble band),bullish/normal
2026-06-29 15:19:00,2026-06-29 15:20:00,NIFTY,25500.0,2026-09-29,0.01522,176.7,176.7,1312.1,400.0,-33.15,-433.15,-0.433,stopped (gap widened beyond the pair's own wobble band),bullish/normal
2026-06-29 15:22:00,2026-06-29 15:23:00,NIFTY,25500.0,2026-09-29,0.01515,177.1,177.1,1320.05,400.0,-51.95,-451.95,-0.452,stopped (gap widened beyond the pair's own wobble band),bullish/normal
2026-06-29 15:27:00,2026-06-29 15:28:00,NIFTY,25500.0,2026-09-29,0.01576,177.65,177.65,1296.0,400.0,3.76,-396.24,-0.396,stopped (gap widened beyond the pair's own wobble band),bullish/normal
2026-06-30 09:16:00,2026-06-30 09:17:00,NIFTY,25500.0,2026-09-29,0.0164,176.7,176.7,1296.95,400.0,13.36,-386.64,-0.387,stopped (gap widened beyond the pair's own wobble band),bullish/normal
2026-06-30 09:18:00,2026-06-30 09:23:00,NIFTY,25500.0,2026-09-29,0.01612,174.0,174.0,1308.1,400.0,-29.06,-429.06,-0.429,stopped (gap widened beyond the pair's own wobble band),bullish/normal
2026-06-30 09:37:00,2026-06-30 09:38:00,NIFTY,25500.0,2026-09-29,0.01613,171.6,171.6,1363.35,400.0,13.18,-386.82,-0.387,stopped (gap widened beyond the pair's own wobble band),bullish/normal
2026-06-30 09:46:00,2026-06-30 09:47:00,NIFTY,25500.0,2026-09-29,0.01663,171.7,171.7,1375.65,400.0,17.39,-382.61,-0.383,stopped (gap widened beyond the pair's own wobble band),bullish/normal
2026-06-30 09:48:00,2026-06-30 09:49:00,NIFTY,25500.0,2026-09-29,0.01673,170.35,170.35,1376.6,400.0,5.24,-394.76,-0.395,stopped (gap widened beyond the pair's own wobble band),bullish/normal
2026-06-30 09:50:00,2026-06-30 09:51:00,NIFTY,25500.0,2026-09-29,0.01649,169.4,169.4,1376.6,400.0,6.92,-393.08,-0.393,stopped (gap widened beyond the pair's own wobble band),bullish/normal
2026-06-30 09:57:00,2026-06-30 09:58:00,NIFTY,25500.0,2026-09-29,0.01688,175.0,175.0,1348.85,400.0,56.5,-343.5,-0.343,stopped (gap widened beyond the pair's own wobble band),bullish/normal
2026-06-30 10:22:00,2026-06-30 10:48:00,NIFTY,25500.0,2026-09-29,0.01686,168.5,168.5,1349.45,400.0,76.6,-323.4,-0.323,stopped (gap widened beyond the pair's own wobble band),bullish/normal
2026-06-30 11:20:00,2026-06-30 11:21:00,NIFTY,25500.0,2026-09-29,0.01638,172.2,172.2,1313.9,400.0,-18.16,-418.16,-0.418,stopped (gap widened beyond the pair's own wobble band),bullish/normal
2026-06-30 11:24:00,2026-06-30 11:29:00,NIFTY,25500.0,2026-09-29,0.01586,181.95,181.95,1262.4,400.0,122.98,-277.02,-0.277,stopped (gap widened beyond the pair's own wobble band),bullish/normal
2026-06-30 12:05:00,2026-06-30 12:07:00,NIFTY,25500.0,2026-09-29,0.01696,170.0,170.0,1307.3,400.0,19.25,-380.75,-0.381,stopped (gap widened beyond the pair's own wobble band),bullish/normal
2026-06-30 12:25:00,2026-06-30 12:26:00,NIFTY,25500.0,2026-09-29,0.01654,171.45,171.45,1310.35,400.0,12.96,-387.04,-0.387,stopped (gap widened beyond the pair's own wobble band),bullish/normal
2026-06-30 12:32:00,2026-06-30 12:33:00,NIFTY,25500.0,2026-09-29,0.01595,170.4,170.4,1326.45,400.0,-54.53,-454.53,-0.455,stopped (gap widened beyond the pair's own wobble band),bullish/normal
2026-06-30 12:34:00,2026-06-30 12:35:00,NIFTY,25500.0,2026-09-29,0.01642,171.0,171.0,1325.9,400.0,32.39,-367.61,-0.368,stopped (gap widened beyond the pair's own wobble band),bullish/normal
2026-06-30 12:44:00,2026-06-30 12:45:00,NIFTY,25500.0,2026-09-29,0.01616,175.6,175.6,1298.9,400.0,19.4,-380.6,-0.381,stopped (gap widened beyond the pair's own wobble band),bullish/normal
2026-06-30 13:11:00,2026-06-30 13:14:00,NIFTY,25500.0,2026-09-29,0.01681,173.05,173.05,1307.0,400.0,3.34,-396.66,-0.397,stopped (gap widened beyond the pair's own wobble band),bullish/normal
2026-06-30 14:18:00,2026-06-30 14:19:00,NIFTY,25500.0,2026-09-29,0.01734,167.0,167.0,1357.15,400.0,37.97,-362.03,-0.362,stopped (gap widened beyond the pair's own wobble band),bullish/normal
2026-06-30 14:47:00,2026-06-30 14:48:00,NIFTY,25500.0,2026-09-29,0.01693,176.15,176.15,1299.95,400.0,-15.06,-415.06,-0.415,stopped (gap widened beyond the pair's own wobble band),bullish/normal
2026-06-30 15:11:00,2026-06-30 15:15:00,NIFTY,25500.0,2026-09-29,0.01901,174.1,174.1,1328.7,400.0,-2.7,-402.7,-0.403,stopped (gap widened beyond the pair's own wobble band),bullish/normal
2026-06-30 15:19:00,2026-06-30 15:20:00,NIFTY,25500.0,2026-09-29,0.01972,177.95,177.95,1315.15,400.0,-6.3,-406.3,-0.406,stopped (gap widened beyond the pair's own wobble band),bullish/normal
2026-06-30 15:24:00,2026-06-30 15:25:00,NIFTY,25500.0,2026-09-29,0.01958,175.7,175.7,1318.85,400.0,41.27,-358.73,-0.359,stopped (gap widened beyond the pair's own wobble band),bullish/normal
2026-06-30 15:26:00,2026-06-30 15:28:00,NIFTY,25500.0,2026-09-29,0.0192,175.7,175.7,1327.4,400.0,-79.8,-479.8,-0.48,stopped (gap widened beyond the pair's own wobble band),bullish/normal
2026-07-01 09:52:00,2026-07-10 09:30:00,NIFTY,25500.0,2026-09-29,0.01141,173.0,173.0,1337.7,400.0,85.46,-314.54,-0.315,ran out of bars,bullish/calm
2026-07-10 09:32:00,2026-07-13 09:35:00,NIFTY,25500.0,2026-09-29,0.0107,149.55,149.55,1166.35,400.0,-286.27,-686.27,-0.686,stopped (gap widened beyond the pair's own wobble band),bullish/calm
2026-07-13 09:50:00,2026-07-22 12:19:00,NIFTY,25500.0,2026-09-29,0.01027,141.85,141.85,1260.0,400.0,-92.0,-492.0,-0.492,ran out of bars,bullish/wild
2026-07-22 12:20:00,2026-07-29 10:17:00,NIFTY,25500.0,2026-09-29,0.01132,98.45,98.45,1345.3,400.0,541.82,141.82,0.142,ran out of bars,sideways/normal
2026-07-29 10:19:00,2026-08-03 09:35:00,NIFTY,25500.0,2026-09-29,0.00613,93.85,93.85,1140.7,400.0,77.92,-322.08,-0.322,ran out of bars,bullish/calm
2026-08-03 09:36:00,2026-08-05 10:10:00,NIFTY,25500.0,2026-09-29,0.00534,128.25,128.25,856.45,400.0,-45.47,-445.47,-0.445,ran out of bars,bullish/wild
2026-08-05 10:11:00,2026-08-10 09:16:00,NIFTY,25500.0,2026-09-29,0.00597,146.2,146.2,795.0,400.0,25.91,-374.09,-0.374,ran out of bars,bullish/normal
2026-08-10 09:20:00,2026-08-12 15:38:00,NIFTY,25500.0,2026-09-29,0.00531,142.45,142.45,830.0,400.0,-51.76,-451.76,-0.452,ran out of bars,bullish/calm
2026-08-12 15:39:00,2026-08-17 14:35:00,NIFTY,25500.0,2026-09-29,0.00579,79.0,79.0,947.6,400.0,-36.91,-436.91,-0.437,ran out of bars,bullish/normal
2026-08-17 14:42:00,2026-08-19 13:49:00,NIFTY,25500.0,2026-09-29,0.00591,50.6,50.6,980.35,400.0,29.25,-370.75,-0.371,ran out of bars,sideways/calm
2026-08-19 13:50:00,2026-08-21 10:48:00,NIFTY,25500.0,2026-09-29,0.00542,24.05,24.05,1276.25,400.0,99.2,-300.8,-0.301,ran out of bars,sideways/calm
2026-08-21 10:49:00,2026-08-24 13:55:00,NIFTY,25500.0,2026-09-29,0.00467,20.85,20.85,1098.0,400.0,-42.33,-442.33,-0.442,ran out of bars,sideways/calm
2026-08-24 13:57:00,2026-08-26 09:15:00,NIFTY,25500.0,2026-09-29,0.00519,18.65,18.65,1195.0,400.0,446.52,46.52,0.047,banked (remaining gap < exit cost),sideways/normal
